,type,file_start_end
0,method length,"('/home/toffer/Repos/flask-tags/flask-0.12.1/tests/test_helpers.py', 240, 268)"
1,method length,"('/home/toffer/Repos/flask-tags/flask-0.12.1/tests/test_helpers.py', 289, 358)"
2,method length,"('/home/toffer/Repos/flask-tags/flask-0.12.1/tests/test_helpers.py', 411, 467)"
3,method length,"('/home/toffer/Repos/flask-tags/flask-0.12.1/tests/test_helpers.py', 473, 530)"
4,method length,"('/home/toffer/Repos/flask-tags/flask-0.12.1/tests/test_helpers.py', 532, 559)"
5,method length,"('/home/toffer/Repos/flask-tags/flask-0.12.1/tests/test_helpers.py', 561, 601)"
6,method length,"('/home/toffer/Repos/flask-tags/flask-0.12.1/tests/conftest.py', 38, 65)"
7,method length,"('/home/toffer/Repos/flask-tags/flask-0.12.1/tests/conftest.py', 94, 120)"
8,method length,"('/home/toffer/Repos/flask-tags/flask-0.12.1/tests/test_cli.py', 147, 174)"
9,method length,"('/home/toffer/Repos/flask-tags/flask-0.12.1/tests/test_basic.py', 107, 143)"
10,method length,"('/home/toffer/Repos/flask-tags/flask-0.12.1/tests/test_basic.py', 318, 350)"
11,method length,"('/home/toffer/Repos/flask-tags/flask-0.12.1/tests/test_basic.py', 372, 401)"
12,method length,"('/home/toffer/Repos/flask-tags/flask-0.12.1/tests/test_basic.py', 404, 445)"
13,method length,"('/home/toffer/Repos/flask-tags/flask-0.12.1/tests/test_basic.py', 467, 546)"
14,method length,"('/home/toffer/Repos/flask-tags/flask-0.12.1/tests/test_basic.py', 656, 691)"
15,method length,"('/home/toffer/Repos/flask-tags/flask-0.12.1/tests/test_basic.py', 694, 729)"
16,method length,"('/home/toffer/Repos/flask-tags/flask-0.12.1/tests/test_basic.py', 732, 768)"
17,method length,"('/home/toffer/Repos/flask-tags/flask-0.12.1/tests/test_basic.py', 845, 877)"
18,method length,"('/home/toffer/Repos/flask-tags/flask-0.12.1/tests/test_basic.py', 930, 987)"
19,method length,"('/home/toffer/Repos/flask-tags/flask-0.12.1/tests/test_basic.py', 1212, 1266)"
20,method length,"('/home/toffer/Repos/flask-tags/flask-0.12.1/tests/test_basic.py', 1336, 1365)"
21,method length,"('/home/toffer/Repos/flask-tags/flask-0.12.1/tests/test_basic.py', 1539, 1571)"
22,method length,"('/home/toffer/Repos/flask-tags/flask-0.12.1/tests/test_signals.py', 73, 110)"
23,method length,"('/home/toffer/Repos/flask-tags/flask-0.12.1/tests/test_ext.py', 40, 66)"
24,method length,"('/home/toffer/Repos/flask-tags/flask-0.12.1/tests/test_reqctx.py', 66, 104)"
25,method length,"('/home/toffer/Repos/flask-tags/flask-0.12.1/tests/test_config.py', 50, 76)"
26,method length,"('/home/toffer/Repos/flask-tags/flask-0.12.1/tests/test_testing.py', 81, 111)"
27,method length,"('/home/toffer/Repos/flask-tags/flask-0.12.1/tests/test_testing.py', 164, 193)"
28,method length,"('/home/toffer/Repos/flask-tags/flask-0.12.1/tests/test_blueprints.py', 21, 59)"
29,method length,"('/home/toffer/Repos/flask-tags/flask-0.12.1/tests/test_blueprints.py', 61, 92)"
30,method length,"('/home/toffer/Repos/flask-tags/flask-0.12.1/tests/test_blueprints.py', 142, 182)"
31,method length,"('/home/toffer/Repos/flask-tags/flask-0.12.1/tests/test_blueprints.py', 273, 304)"
32,method length,"('/home/toffer/Repos/flask-tags/flask-0.12.1/tests/test_blueprints.py', 306, 356)"
33,method length,"('/home/toffer/Repos/flask-tags/flask-0.12.1/tests/test_templating.py', 318, 347)"
34,method length,"('/home/toffer/Repos/flask-tags/flask-0.12.1/tests/test_templating.py', 349, 382)"
35,method length,"('/home/toffer/Repos/flask-tags/flask-0.12.1/tests/test_user_error_handler.py', 6, 32)"
36,method length,"('/home/toffer/Repos/flask-tags/flask-0.12.1/tests/test_user_error_handler.py', 35, 73)"
37,method length,"('/home/toffer/Repos/flask-tags/flask-0.12.1/tests/test_user_error_handler.py', 76, 111)"
38,method length,"('/home/toffer/Repos/flask-tags/flask-0.12.1/tests/test_user_error_handler.py', 114, 140)"
39,method length,"('/home/toffer/Repos/flask-tags/flask-0.12.1/flask/blueprints.py', 25, 60)"
40,method length,"('/home/toffer/Repos/flask-tags/flask-0.12.1/flask/sessions.py', 337, 366)"
41,method length,"('/home/toffer/Repos/flask-tags/flask-0.12.1/flask/ctx.py', 79, 111)"
42,method length,"('/home/toffer/Repos/flask-tags/flask-0.12.1/flask/ctx.py', 114, 143)"
43,method length,"('/home/toffer/Repos/flask-tags/flask-0.12.1/flask/ctx.py', 237, 265)"
44,method length,"('/home/toffer/Repos/flask-tags/flask-0.12.1/flask/ctx.py', 299, 334)"
45,method length,"('/home/toffer/Repos/flask-tags/flask-0.12.1/flask/ctx.py', 336, 379)"
46,method length,"('/home/toffer/Repos/flask-tags/flask-0.12.1/flask/helpers.py', 73, 142)"
47,method length,"('/home/toffer/Repos/flask-tags/flask-0.12.1/flask/helpers.py', 145, 191)"
48,method length,"('/home/toffer/Repos/flask-tags/flask-0.12.1/flask/helpers.py', 194, 337)"
49,method length,"('/home/toffer/Repos/flask-tags/flask-0.12.1/flask/helpers.py', 363, 389)"
50,method length,"('/home/toffer/Repos/flask-tags/flask-0.12.1/flask/helpers.py', 392, 428)"
51,method length,"('/home/toffer/Repos/flask-tags/flask-0.12.1/flask/helpers.py', 433, 602)"
52,method length,"('/home/toffer/Repos/flask-tags/flask-0.12.1/flask/helpers.py', 605, 633)"
53,method length,"('/home/toffer/Repos/flask-tags/flask-0.12.1/flask/helpers.py', 636, 672)"
54,method length,"('/home/toffer/Repos/flask-tags/flask-0.12.1/flask/helpers.py', 675, 718)"
55,method length,"('/home/toffer/Repos/flask-tags/flask-0.12.1/flask/helpers.py', 744, 796)"
56,method length,"('/home/toffer/Repos/flask-tags/flask-0.12.1/flask/app.py', 342, 549)"
57,method length,"('/home/toffer/Repos/flask-tags/flask-0.12.1/flask/app.py', 679, 711)"
58,method length,"('/home/toffer/Repos/flask-tags/flask-0.12.1/flask/app.py', 782, 846)"
59,method length,"('/home/toffer/Repos/flask-tags/flask-0.12.1/flask/app.py', 848, 902)"
60,method length,"('/home/toffer/Repos/flask-tags/flask-0.12.1/flask/app.py', 961, 1052)"
61,method length,"('/home/toffer/Repos/flask-tags/flask-0.12.1/flask/app.py', 1054, 1082)"
62,method length,"('/home/toffer/Repos/flask-tags/flask-0.12.1/flask/app.py', 1116, 1161)"
63,method length,"('/home/toffer/Repos/flask-tags/flask-0.12.1/flask/app.py', 1327, 1363)"
64,method length,"('/home/toffer/Repos/flask-tags/flask-0.12.1/flask/app.py', 1366, 1394)"
65,method length,"('/home/toffer/Repos/flask-tags/flask-0.12.1/flask/app.py', 1520, 1547)"
66,method length,"('/home/toffer/Repos/flask-tags/flask-0.12.1/flask/app.py', 1690, 1750)"
67,method length,"('/home/toffer/Repos/flask-tags/flask-0.12.1/flask/app.py', 1910, 1938)"
68,method length,"('/home/toffer/Repos/flask-tags/flask-0.12.1/flask/app.py', 1952, 1993)"
69,method length,"('/home/toffer/Repos/flask-tags/flask-0.12.1/flask/cli.py', 51, 77)"
70,method length,"('/home/toffer/Repos/flask-tags/flask-0.12.1/flask/cli.py', 80, 111)"
71,method length,"('/home/toffer/Repos/flask-tags/flask-0.12.1/flask/cli.py', 401, 438)"
72,method length,"('/home/toffer/Repos/flask-tags/flask-0.12.1/flask/cli.py', 443, 472)"
73,method length,"('/home/toffer/Repos/flask-tags/flask-0.12.1/flask/wrappers.py', 125, 165)"
74,method length,"('/home/toffer/Repos/flask-tags/flask-0.12.1/flask/testing.py', 65, 112)"
75,method length,"('/home/toffer/Repos/flask-tags/flask-0.12.1/flask/debughelpers.py', 110, 155)"
76,method length,"('/home/toffer/Repos/flask-tags/flask-0.12.1/flask/exthook.py', 63, 110)"
77,method length,"('/home/toffer/Repos/flask-tags/flask-0.12.1/flask/logging.py', 50, 94)"
78,method length,"('/home/toffer/Repos/flask-tags/flask-0.12.1/flask/json.py', 158, 190)"
79,method length,"('/home/toffer/Repos/flask-tags/flask-0.12.1/flask/json.py', 198, 265)"
80,method length,"('/home/toffer/Repos/flask-tags/flask-0.12.1/flask/config.py', 111, 137)"
81,method length,"('/home/toffer/Repos/flask-tags/flask-0.12.1/flask/config.py', 139, 171)"
82,method length,"('/home/toffer/Repos/flask-tags/flask-0.12.1/flask/config.py', 221, 260)"
83,method length,"('/home/toffer/Repos/flask-tags/flask-0.12.1/flask/views.py', 73, 102)"
84,method length,"('/home/toffer/Repos/flask-tags/flask-0.12.1/scripts/make-release.py', 115, 142)"
85,method length,"('/home/toffer/Repos/flask-tags/flask-0.12.1/scripts/flaskext_tester.py', 120, 147)"
86,method length,"('/home/toffer/Repos/flask-tags/flask-0.12.1/scripts/flask-07-upgrade.py', 86, 125)"
87,method length,"('/home/toffer/Repos/flask-tags/flask-0.12.1/scripts/flask-07-upgrade.py', 129, 170)"
88,method length,"('/home/toffer/Repos/flask-tags/flask-0.12.1/scripts/flaskext_compat.py', 51, 83)"
89,method length,"('/home/toffer/Repos/flask-tags/flask-0.12.1/examples/minitwit/tests/test_minitwit.py', 113, 151)"
90,method length,"('/home/toffer/Repos/flask-tags/flask-0.12.1/examples/minitwit/minitwit/minitwit.py', 217, 243)"
91,file length,"('/home/toffer/Repos/flask-tags/flask-0.12.1/tests/test_helpers.py', -1, -1)"
92,file length,"('/home/toffer/Repos/flask-tags/flask-0.12.1/tests/test_basic.py', -1, -1)"
93,file length,"('/home/toffer/Repos/flask-tags/flask-0.12.1/tests/test_blueprints.py', -1, -1)"
94,file length,"('/home/toffer/Repos/flask-tags/flask-0.12.1/tests/test_templating.py', -1, -1)"
95,file length,"('/home/toffer/Repos/flask-tags/flask-0.12.1/flask/blueprints.py', -1, -1)"
96,file length,"('/home/toffer/Repos/flask-tags/flask-0.12.1/flask/sessions.py', -1, -1)"
97,file length,"('/home/toffer/Repos/flask-tags/flask-0.12.1/flask/ctx.py', -1, -1)"
98,file length,"('/home/toffer/Repos/flask-tags/flask-0.12.1/flask/helpers.py', -1, -1)"
99,file length,"('/home/toffer/Repos/flask-tags/flask-0.12.1/flask/app.py', -1, -1)"
100,file length,"('/home/toffer/Repos/flask-tags/flask-0.12.1/flask/cli.py', -1, -1)"
101,argument count,"('/home/toffer/Repos/flask-tags/flask-0.12.1/docs/flaskdocext.py', 8, 8)"
102,argument count,"('/home/toffer/Repos/flask-tags/flask-0.12.1/tests/test_basic.py', 1299, 1300)"
103,argument count,"('/home/toffer/Repos/flask-tags/flask-0.12.1/tests/test_basic.py', 1693, 1693)"
104,argument count,"('/home/toffer/Repos/flask-tags/flask-0.12.1/tests/test_instance_config.py', 64, 65)"
105,argument count,"('/home/toffer/Repos/flask-tags/flask-0.12.1/tests/test_instance_config.py', 77, 79)"
106,argument count,"('/home/toffer/Repos/flask-tags/flask-0.12.1/tests/test_instance_config.py', 93, 95)"
107,argument count,"('/home/toffer/Repos/flask-tags/flask-0.12.1/flask/blueprints.py', 24, 24)"
108,argument count,"('/home/toffer/Repos/flask-tags/flask-0.12.1/flask/blueprints.py', 62, 62)"
109,argument count,"('/home/toffer/Repos/flask-tags/flask-0.12.1/flask/blueprints.py', 92, 95)"
110,argument count,"('/home/toffer/Repos/flask-tags/flask-0.12.1/flask/blueprints.py', 166, 166)"
111,argument count,"('/home/toffer/Repos/flask-tags/flask-0.12.1/flask/helpers.py', 431, 433)"
112,argument count,"('/home/toffer/Repos/flask-tags/flask-0.12.1/flask/app.py', 339, 342)"
113,argument count,"('/home/toffer/Repos/flask-tags/flask-0.12.1/flask/app.py', 782, 782)"
114,argument count,"('/home/toffer/Repos/flask-tags/flask-0.12.1/flask/app.py', 961, 961)"
115,argument count,"('/home/toffer/Repos/flask-tags/flask-0.12.1/flask/cli.py', 306, 307)"
116,argument count,"('/home/toffer/Repos/flask-tags/flask-0.12.1/flask/cli.py', 400, 401)"
117,argument count,"('/home/toffer/Repos/flask-tags/flask-0.12.1/flask/testing.py', 24, 24)"
118,argument count,"('/home/toffer/Repos/flask-tags/flask-0.12.1/scripts/flaskext_tester.py', 120, 120)"
119,argument count,"('/home/toffer/Repos/flask-tags/flask-0.12.1/examples/minitwit/tests/test_minitwit.py', 32, 32)"
120,method count,"('/home/toffer/Repos/flask-tags/flask-0.12.1/tests/test_appctx.py', 17, 160)"
121,method count,"('/home/toffer/Repos/flask-tags/flask-0.12.1/tests/test_helpers.py', 27, 886)"
122,method count,"('/home/toffer/Repos/flask-tags/flask-0.12.1/tests/test_basic.py', 28, 1693)"
123,method count,"('/home/toffer/Repos/flask-tags/flask-0.12.1/tests/test_signals.py', 27, 191)"
124,method count,"('/home/toffer/Repos/flask-tags/flask-0.12.1/tests/test_views.py', 19, 153)"
125,method count,"('/home/toffer/Repos/flask-tags/flask-0.12.1/tests/test_ext.py', 24, 198)"
126,method count,"('/home/toffer/Repos/flask-tags/flask-0.12.1/tests/test_reqctx.py', 22, 186)"
127,method count,"('/home/toffer/Repos/flask-tags/flask-0.12.1/tests/test_testing.py', 19, 261)"
128,method count,"('/home/toffer/Repos/flask-tags/flask-0.12.1/tests/test_blueprints.py', 21, 571)"
129,method count,"('/home/toffer/Repos/flask-tags/flask-0.12.1/tests/test_templating.py', 19, 391)"
130,method count,"('/home/toffer/Repos/flask-tags/flask-0.12.1/tests/test_user_error_handler.py', 6, 132)"
131,method count,"('/home/toffer/Repos/flask-tags/flask-0.12.1/flask/blueprints.py', 24, 412)"
132,method count,"('/home/toffer/Repos/flask-tags/flask-0.12.1/flask/sessions.py', 30, 365)"
133,method count,"('/home/toffer/Repos/flask-tags/flask-0.12.1/flask/ctx.py', 29, 409)"
134,method count,"('/home/toffer/Repos/flask-tags/flask-0.12.1/flask/helpers.py', 57, 959)"
135,method count,"('/home/toffer/Repos/flask-tags/flask-0.12.1/flask/app.py', 45, 2002)"
136,method count,"('/home/toffer/Repos/flask-tags/flask-0.12.1/flask/cli.py', 27, 512)"
137,Return Statements,"('/home/toffer/Repos/flask-tags/flask-0.12.1/tests/test_helpers.py', 240, 268)"
138,Return Statements,"('/home/toffer/Repos/flask-tags/flask-0.12.1/tests/test_basic.py', 461, 546)"
139,Return Statements,"('/home/toffer/Repos/flask-tags/flask-0.12.1/tests/test_basic.py', 930, 987)"
140,Return Statements,"('/home/toffer/Repos/flask-tags/flask-0.12.1/tests/test_blueprints.py', 272, 304)"
141,Return Statements,"('/home/toffer/Repos/flask-tags/flask-0.12.1/flask/sessions.py', 52, 76)"
142,Return Statements,"('/home/toffer/Repos/flask-tags/flask-0.12.1/scripts/flask-07-upgrade.py', 86, 125)"
143,Return Statements,"('/home/toffer/Repos/flask-tags/flask-0.12.1/scripts/flask-07-upgrade.py', 128, 170)"
144,nested controlflow,"('/home/toffer/Repos/flask-tags/flask-0.12.1/flask/helpers.py', 276, 284)"
145,nested controlflow,"('/home/toffer/Repos/flask-tags/flask-0.12.1/scripts/flask-07-upgrade.py', 76, 81)"
146,nested controlflow,"('/home/toffer/Repos/flask-tags/flask-0.12.1/scripts/flask-07-upgrade.py', 103, 109)"
147,nested controlflow,"('/home/toffer/Repos/flask-tags/flask-0.12.1/scripts/flask-07-upgrade.py', 249, 263)"
148,breaks in linear flow,"('/home/toffer/Repos/flask-tags/flask-0.12.1/docs/flaskdocext.py', 10, 10)"
149,breaks in linear flow,"('/home/toffer/Repos/flask-tags/flask-0.12.1/docs/conf.py', 59, 59)"
150,breaks in linear flow,"('/home/toffer/Repos/flask-tags/flask-0.12.1/docs/conf.py', 64, 64)"
151,breaks in linear flow,"('/home/toffer/Repos/flask-tags/flask-0.12.1/docs/conf.py', 272, 272)"
152,breaks in linear flow,"('/home/toffer/Repos/flask-tags/flask-0.12.1/tests/test_appctx.py', 73, 73)"
153,breaks in linear flow,"('/home/toffer/Repos/flask-tags/flask-0.12.1/tests/test_appctx.py', 91, 91)"
154,breaks in linear flow,"('/home/toffer/Repos/flask-tags/flask-0.12.1/tests/test_appctx.py', 166, 166)"
155,breaks in linear flow,"('/home/toffer/Repos/flask-tags/flask-0.12.1/tests/test_helpers.py', 32, 32)"
156,breaks in linear flow,"('/home/toffer/Repos/flask-tags/flask-0.12.1/tests/test_helpers.py', 151, 151)"
157,breaks in linear flow,"('/home/toffer/Repos/flask-tags/flask-0.12.1/tests/test_helpers.py', 171, 171)"
158,breaks in linear flow,"('/home/toffer/Repos/flask-tags/flask-0.12.1/tests/test_helpers.py', 185, 185)"
159,breaks in linear flow,"('/home/toffer/Repos/flask-tags/flask-0.12.1/tests/test_helpers.py', 246, 246)"
160,breaks in linear flow,"('/home/toffer/Repos/flask-tags/flask-0.12.1/tests/test_helpers.py', 254, 254)"
161,breaks in linear flow,"('/home/toffer/Repos/flask-tags/flask-0.12.1/tests/test_helpers.py', 286, 286)"
162,breaks in linear flow,"('/home/toffer/Repos/flask-tags/flask-0.12.1/tests/test_helpers.py', 357, 357)"
163,breaks in linear flow,"('/home/toffer/Repos/flask-tags/flask-0.12.1/tests/test_helpers.py', 691, 691)"
164,breaks in linear flow,"('/home/toffer/Repos/flask-tags/flask-0.12.1/tests/test_helpers.py', 695, 695)"
165,breaks in linear flow,"('/home/toffer/Repos/flask-tags/flask-0.12.1/tests/test_helpers.py', 704, 704)"
166,breaks in linear flow,"('/home/toffer/Repos/flask-tags/flask-0.12.1/tests/test_helpers.py', 751, 751)"
167,breaks in linear flow,"('/home/toffer/Repos/flask-tags/flask-0.12.1/tests/test_helpers.py', 785, 785)"
168,breaks in linear flow,"('/home/toffer/Repos/flask-tags/flask-0.12.1/tests/test_helpers.py', 869, 869)"
169,breaks in linear flow,"('/home/toffer/Repos/flask-tags/flask-0.12.1/tests/test_helpers.py', 885, 885)"
170,breaks in linear flow,"('/home/toffer/Repos/flask-tags/flask-0.12.1/tests/conftest.py', 31, 31)"
171,breaks in linear flow,"('/home/toffer/Repos/flask-tags/flask-0.12.1/tests/conftest.py', 48, 48)"
172,breaks in linear flow,"('/home/toffer/Repos/flask-tags/flask-0.12.1/tests/conftest.py', 56, 56)"
173,breaks in linear flow,"('/home/toffer/Repos/flask-tags/flask-0.12.1/tests/conftest.py', 98, 98)"
174,breaks in linear flow,"('/home/toffer/Repos/flask-tags/flask-0.12.1/tests/test_regression.py', 44, 44)"
175,breaks in linear flow,"('/home/toffer/Repos/flask-tags/flask-0.12.1/tests/test_regression.py', 67, 67)"
176,breaks in linear flow,"('/home/toffer/Repos/flask-tags/flask-0.12.1/tests/test_regression.py', 70, 70)"
177,breaks in linear flow,"('/home/toffer/Repos/flask-tags/flask-0.12.1/tests/test_basic.py', 670, 670)"
178,breaks in linear flow,"('/home/toffer/Repos/flask-tags/flask-0.12.1/tests/test_basic.py', 682, 682)"
179,breaks in linear flow,"('/home/toffer/Repos/flask-tags/flask-0.12.1/tests/test_basic.py', 1105, 1105)"
180,breaks in linear flow,"('/home/toffer/Repos/flask-tags/flask-0.12.1/tests/test_basic.py', 1109, 1109)"
181,breaks in linear flow,"('/home/toffer/Repos/flask-tags/flask-0.12.1/tests/test_basic.py', 1200, 1200)"
182,breaks in linear flow,"('/home/toffer/Repos/flask-tags/flask-0.12.1/tests/test_basic.py', 1244, 1244)"
183,breaks in linear flow,"('/home/toffer/Repos/flask-tags/flask-0.12.1/tests/test_basic.py', 1257, 1257)"
184,breaks in linear flow,"('/home/toffer/Repos/flask-tags/flask-0.12.1/tests/test_basic.py', 1278, 1278)"
185,breaks in linear flow,"('/home/toffer/Repos/flask-tags/flask-0.12.1/tests/test_basic.py', 1289, 1289)"
186,breaks in linear flow,"('/home/toffer/Repos/flask-tags/flask-0.12.1/tests/test_basic.py', 1341, 1341)"
187,breaks in linear flow,"('/home/toffer/Repos/flask-tags/flask-0.12.1/tests/test_basic.py', 1527, 1527)"
188,breaks in linear flow,"('/home/toffer/Repos/flask-tags/flask-0.12.1/tests/test_signals.py', 16, 16)"
189,breaks in linear flow,"('/home/toffer/Repos/flask-tags/flask-0.12.1/tests/test_ext.py', 17, 17)"
190,breaks in linear flow,"('/home/toffer/Repos/flask-tags/flask-0.12.1/tests/test_ext.py', 41, 41)"
191,breaks in linear flow,"('/home/toffer/Repos/flask-tags/flask-0.12.1/tests/test_ext.py', 42, 42)"
192,breaks in linear flow,"('/home/toffer/Repos/flask-tags/flask-0.12.1/tests/test_ext.py', 54, 54)"
193,breaks in linear flow,"('/home/toffer/Repos/flask-tags/flask-0.12.1/tests/test_ext.py', 56, 56)"
194,breaks in linear flow,"('/home/toffer/Repos/flask-tags/flask-0.12.1/tests/test_ext.py', 63, 63)"
195,breaks in linear flow,"('/home/toffer/Repos/flask-tags/flask-0.12.1/tests/test_ext.py', 174, 174)"
196,breaks in linear flow,"('/home/toffer/Repos/flask-tags/flask-0.12.1/tests/test_ext.py', 184, 184)"
197,breaks in linear flow,"('/home/toffer/Repos/flask-tags/flask-0.12.1/tests/test_ext.py', 194, 194)"
198,breaks in linear flow,"('/home/toffer/Repos/flask-tags/flask-0.12.1/tests/test_reqctx.py', 18, 18)"
199,breaks in linear flow,"('/home/toffer/Repos/flask-tags/flask-0.12.1/tests/test_reqctx.py', 44, 44)"
200,breaks in linear flow,"('/home/toffer/Repos/flask-tags/flask-0.12.1/tests/test_reqctx.py', 62, 62)"
201,breaks in linear flow,"('/home/toffer/Repos/flask-tags/flask-0.12.1/tests/test_reqctx.py', 91, 91)"
202,breaks in linear flow,"('/home/toffer/Repos/flask-tags/flask-0.12.1/tests/test_config.py', 205, 205)"
203,breaks in linear flow,"('/home/toffer/Repos/flask-tags/flask-0.12.1/tests/test_instance_config.py', 117, 117)"
204,breaks in linear flow,"('/home/toffer/Repos/flask-tags/flask-0.12.1/tests/test_testing.py', 87, 87)"
205,breaks in linear flow,"('/home/toffer/Repos/flask-tags/flask-0.12.1/tests/test_testing.py', 107, 107)"
206,breaks in linear flow,"('/home/toffer/Repos/flask-tags/flask-0.12.1/tests/test_testing.py', 190, 190)"
207,breaks in linear flow,"('/home/toffer/Repos/flask-tags/flask-0.12.1/tests/test_blueprints.py', 163, 163)"
208,breaks in linear flow,"('/home/toffer/Repos/flask-tags/flask-0.12.1/tests/test_blueprints.py', 198, 198)"
209,breaks in linear flow,"('/home/toffer/Repos/flask-tags/flask-0.12.1/tests/test_blueprints.py', 317, 317)"
210,breaks in linear flow,"('/home/toffer/Repos/flask-tags/flask-0.12.1/tests/test_blueprints.py', 326, 326)"
211,breaks in linear flow,"('/home/toffer/Repos/flask-tags/flask-0.12.1/flask/blueprints.py', 42, 42)"
212,breaks in linear flow,"('/home/toffer/Repos/flask-tags/flask-0.12.1/flask/blueprints.py', 50, 50)"
213,breaks in linear flow,"('/home/toffer/Repos/flask-tags/flask-0.12.1/flask/blueprints.py', 67, 67)"
214,breaks in linear flow,"('/home/toffer/Repos/flask-tags/flask-0.12.1/flask/blueprints.py', 70, 70)"
215,breaks in linear flow,"('/home/toffer/Repos/flask-tags/flask-0.12.1/flask/blueprints.py', 73, 73)"
216,breaks in linear flow,"('/home/toffer/Repos/flask-tags/flask-0.12.1/flask/blueprints.py', 104, 104)"
217,breaks in linear flow,"('/home/toffer/Repos/flask-tags/flask-0.12.1/flask/blueprints.py', 114, 114)"
218,breaks in linear flow,"('/home/toffer/Repos/flask-tags/flask-0.12.1/flask/blueprints.py', 128, 128)"
219,breaks in linear flow,"('/home/toffer/Repos/flask-tags/flask-0.12.1/flask/blueprints.py', 148, 148)"
220,breaks in linear flow,"('/home/toffer/Repos/flask-tags/flask-0.12.1/flask/blueprints.py', 153, 153)"
221,breaks in linear flow,"('/home/toffer/Repos/flask-tags/flask-0.12.1/flask/blueprints.py', 170, 170)"
222,breaks in linear flow,"('/home/toffer/Repos/flask-tags/flask-0.12.1/flask/globals.py', 36, 36)"
223,breaks in linear flow,"('/home/toffer/Repos/flask-tags/flask-0.12.1/flask/globals.py', 43, 43)"
224,breaks in linear flow,"('/home/toffer/Repos/flask-tags/flask-0.12.1/flask/globals.py', 50, 50)"
225,breaks in linear flow,"('/home/toffer/Repos/flask-tags/flask-0.12.1/flask/__main__.py', 13, 13)"
226,breaks in linear flow,"('/home/toffer/Repos/flask-tags/flask-0.12.1/flask/sessions.py', 53, 53)"
227,breaks in linear flow,"('/home/toffer/Repos/flask-tags/flask-0.12.1/flask/sessions.py', 70, 70)"
228,breaks in linear flow,"('/home/toffer/Repos/flask-tags/flask-0.12.1/flask/sessions.py', 97, 97)"
229,breaks in linear flow,"('/home/toffer/Repos/flask-tags/flask-0.12.1/flask/sessions.py', 102, 102)"
230,breaks in linear flow,"('/home/toffer/Repos/flask-tags/flask-0.12.1/flask/sessions.py', 206, 206)"
231,breaks in linear flow,"('/home/toffer/Repos/flask-tags/flask-0.12.1/flask/sessions.py', 208, 208)"
232,breaks in linear flow,"('/home/toffer/Repos/flask-tags/flask-0.12.1/flask/sessions.py', 215, 215)"
233,breaks in linear flow,"('/home/toffer/Repos/flask-tags/flask-0.12.1/flask/sessions.py', 221, 221)"
234,breaks in linear flow,"('/home/toffer/Repos/flask-tags/flask-0.12.1/flask/sessions.py', 223, 223)"
235,breaks in linear flow,"('/home/toffer/Repos/flask-tags/flask-0.12.1/flask/sessions.py', 256, 256)"
236,breaks in linear flow,"('/home/toffer/Repos/flask-tags/flask-0.12.1/flask/sessions.py', 272, 272)"
237,breaks in linear flow,"('/home/toffer/Repos/flask-tags/flask-0.12.1/flask/sessions.py', 313, 313)"
238,breaks in linear flow,"('/home/toffer/Repos/flask-tags/flask-0.12.1/flask/sessions.py', 325, 325)"
239,breaks in linear flow,"('/home/toffer/Repos/flask-tags/flask-0.12.1/flask/sessions.py', 328, 328)"
240,breaks in linear flow,"('/home/toffer/Repos/flask-tags/flask-0.12.1/flask/sessions.py', 334, 334)"
241,breaks in linear flow,"('/home/toffer/Repos/flask-tags/flask-0.12.1/flask/sessions.py', 344, 344)"
242,breaks in linear flow,"('/home/toffer/Repos/flask-tags/flask-0.12.1/flask/sessions.py', 345, 345)"
243,breaks in linear flow,"('/home/toffer/Repos/flask-tags/flask-0.12.1/flask/sessions.py', 357, 357)"
244,breaks in linear flow,"('/home/toffer/Repos/flask-tags/flask-0.12.1/flask/templating.py', 25, 25)"
245,breaks in linear flow,"('/home/toffer/Repos/flask-tags/flask-0.12.1/flask/templating.py', 27, 27)"
246,breaks in linear flow,"('/home/toffer/Repos/flask-tags/flask-0.12.1/flask/templating.py', 40, 40)"
247,breaks in linear flow,"('/home/toffer/Repos/flask-tags/flask-0.12.1/flask/templating.py', 55, 55)"
248,breaks in linear flow,"('/home/toffer/Repos/flask-tags/flask-0.12.1/flask/templating.py', 63, 63)"
249,breaks in linear flow,"('/home/toffer/Repos/flask-tags/flask-0.12.1/flask/templating.py', 66, 66)"
250,breaks in linear flow,"('/home/toffer/Repos/flask-tags/flask-0.12.1/flask/templating.py', 68, 68)"
251,breaks in linear flow,"('/home/toffer/Repos/flask-tags/flask-0.12.1/flask/templating.py', 75, 75)"
252,breaks in linear flow,"('/home/toffer/Repos/flask-tags/flask-0.12.1/flask/templating.py', 80, 80)"
253,breaks in linear flow,"('/home/toffer/Repos/flask-tags/flask-0.12.1/flask/templating.py', 83, 83)"
254,breaks in linear flow,"('/home/toffer/Repos/flask-tags/flask-0.12.1/flask/templating.py', 84, 84)"
255,breaks in linear flow,"('/home/toffer/Repos/flask-tags/flask-0.12.1/flask/templating.py', 89, 89)"
256,breaks in linear flow,"('/home/toffer/Repos/flask-tags/flask-0.12.1/flask/templating.py', 92, 92)"
257,breaks in linear flow,"('/home/toffer/Repos/flask-tags/flask-0.12.1/flask/templating.py', 94, 94)"
258,breaks in linear flow,"('/home/toffer/Repos/flask-tags/flask-0.12.1/flask/templating.py', 100, 100)"
259,breaks in linear flow,"('/home/toffer/Repos/flask-tags/flask-0.12.1/flask/templating.py', 103, 103)"
260,breaks in linear flow,"('/home/toffer/Repos/flask-tags/flask-0.12.1/flask/templating.py', 105, 105)"
261,breaks in linear flow,"('/home/toffer/Repos/flask-tags/flask-0.12.1/flask/templating.py', 106, 106)"
262,breaks in linear flow,"('/home/toffer/Repos/flask-tags/flask-0.12.1/flask/ctx.py', 33, 33)"
263,breaks in linear flow,"('/home/toffer/Repos/flask-tags/flask-0.12.1/flask/ctx.py', 49, 49)"
264,breaks in linear flow,"('/home/toffer/Repos/flask-tags/flask-0.12.1/flask/ctx.py', 103, 103)"
265,breaks in linear flow,"('/home/toffer/Repos/flask-tags/flask-0.12.1/flask/ctx.py', 177, 177)"
266,breaks in linear flow,"('/home/toffer/Repos/flask-tags/flask-0.12.1/flask/ctx.py', 186, 186)"
267,breaks in linear flow,"('/home/toffer/Repos/flask-tags/flask-0.12.1/flask/ctx.py', 187, 187)"
268,breaks in linear flow,"('/home/toffer/Repos/flask-tags/flask-0.12.1/flask/ctx.py', 203, 203)"
269,breaks in linear flow,"('/home/toffer/Repos/flask-tags/flask-0.12.1/flask/ctx.py', 239, 239)"
270,breaks in linear flow,"('/home/toffer/Repos/flask-tags/flask-0.12.1/flask/ctx.py', 296, 296)"
271,breaks in linear flow,"('/home/toffer/Repos/flask-tags/flask-0.12.1/flask/ctx.py', 310, 310)"
272,breaks in linear flow,"('/home/toffer/Repos/flask-tags/flask-0.12.1/flask/ctx.py', 316, 316)"
273,breaks in linear flow,"('/home/toffer/Repos/flask-tags/flask-0.12.1/flask/ctx.py', 323, 323)"
274,breaks in linear flow,"('/home/toffer/Repos/flask-tags/flask-0.12.1/flask/ctx.py', 333, 333)"
275,breaks in linear flow,"('/home/toffer/Repos/flask-tags/flask-0.12.1/flask/ctx.py', 348, 348)"
276,breaks in linear flow,"('/home/toffer/Repos/flask-tags/flask-0.12.1/flask/ctx.py', 351, 351)"
277,breaks in linear flow,"('/home/toffer/Repos/flask-tags/flask-0.12.1/flask/ctx.py', 359, 359)"
278,breaks in linear flow,"('/home/toffer/Repos/flask-tags/flask-0.12.1/flask/ctx.py', 363, 363)"
279,breaks in linear flow,"('/home/toffer/Repos/flask-tags/flask-0.12.1/flask/ctx.py', 371, 371)"
280,breaks in linear flow,"('/home/toffer/Repos/flask-tags/flask-0.12.1/flask/ctx.py', 375, 375)"
281,breaks in linear flow,"('/home/toffer/Repos/flask-tags/flask-0.12.1/flask/ctx.py', 382, 382)"
282,breaks in linear flow,"('/home/toffer/Repos/flask-tags/flask-0.12.1/flask/ctx.py', 401, 401)"
283,breaks in linear flow,"('/home/toffer/Repos/flask-tags/flask-0.12.1/flask/helpers.py', 25, 25)"
284,breaks in linear flow,"('/home/toffer/Repos/flask-tags/flask-0.12.1/flask/helpers.py', 35, 35)"
285,breaks in linear flow,"('/home/toffer/Repos/flask-tags/flask-0.12.1/flask/helpers.py', 59, 59)"
286,breaks in linear flow,"('/home/toffer/Repos/flask-tags/flask-0.12.1/flask/helpers.py', 109, 109)"
287,breaks in linear flow,"('/home/toffer/Repos/flask-tags/flask-0.12.1/flask/helpers.py', 117, 117)"
288,breaks in linear flow,"('/home/toffer/Repos/flask-tags/flask-0.12.1/flask/helpers.py', 130, 130)"
289,breaks in linear flow,"('/home/toffer/Repos/flask-tags/flask-0.12.1/flask/helpers.py', 133, 133)"
290,breaks in linear flow,"('/home/toffer/Repos/flask-tags/flask-0.12.1/flask/helpers.py', 187, 187)"
291,breaks in linear flow,"('/home/toffer/Repos/flask-tags/flask-0.12.1/flask/helpers.py', 189, 189)"
292,breaks in linear flow,"('/home/toffer/Repos/flask-tags/flask-0.12.1/flask/helpers.py', 269, 269)"
293,breaks in linear flow,"('/home/toffer/Repos/flask-tags/flask-0.12.1/flask/helpers.py', 276, 276)"
294,breaks in linear flow,"('/home/toffer/Repos/flask-tags/flask-0.12.1/flask/helpers.py', 279, 279)"
295,breaks in linear flow,"('/home/toffer/Repos/flask-tags/flask-0.12.1/flask/helpers.py', 280, 280)"
296,breaks in linear flow,"('/home/toffer/Repos/flask-tags/flask-0.12.1/flask/helpers.py', 281, 281)"
297,breaks in linear flow,"('/home/toffer/Repos/flask-tags/flask-0.12.1/flask/helpers.py', 287, 287)"
298,breaks in linear flow,"('/home/toffer/Repos/flask-tags/flask-0.12.1/flask/helpers.py', 288, 288)"
299,breaks in linear flow,"('/home/toffer/Repos/flask-tags/flask-0.12.1/flask/helpers.py', 298, 298)"
300,breaks in linear flow,"('/home/toffer/Repos/flask-tags/flask-0.12.1/flask/helpers.py', 314, 314)"
301,breaks in linear flow,"('/home/toffer/Repos/flask-tags/flask-0.12.1/flask/helpers.py', 315, 315)"
302,breaks in linear flow,"('/home/toffer/Repos/flask-tags/flask-0.12.1/flask/helpers.py', 325, 325)"
303,breaks in linear flow,"('/home/toffer/Repos/flask-tags/flask-0.12.1/flask/helpers.py', 327, 327)"
304,breaks in linear flow,"('/home/toffer/Repos/flask-tags/flask-0.12.1/flask/helpers.py', 335, 335)"
305,breaks in linear flow,"('/home/toffer/Repos/flask-tags/flask-0.12.1/flask/helpers.py', 421, 421)"
306,breaks in linear flow,"('/home/toffer/Repos/flask-tags/flask-0.12.1/flask/helpers.py', 424, 424)"
307,breaks in linear flow,"('/home/toffer/Repos/flask-tags/flask-0.12.1/flask/helpers.py', 426, 426)"
308,breaks in linear flow,"('/home/toffer/Repos/flask-tags/flask-0.12.1/flask/helpers.py', 509, 509)"
309,breaks in linear flow,"('/home/toffer/Repos/flask-tags/flask-0.12.1/flask/helpers.py', 511, 511)"
310,breaks in linear flow,"('/home/toffer/Repos/flask-tags/flask-0.12.1/flask/helpers.py', 514, 514)"
311,breaks in linear flow,"('/home/toffer/Repos/flask-tags/flask-0.12.1/flask/helpers.py', 520, 520)"
312,breaks in linear flow,"('/home/toffer/Repos/flask-tags/flask-0.12.1/flask/helpers.py', 521, 521)"
313,breaks in linear flow,"('/home/toffer/Repos/flask-tags/flask-0.12.1/flask/helpers.py', 525, 525)"
314,breaks in linear flow,"('/home/toffer/Repos/flask-tags/flask-0.12.1/flask/helpers.py', 533, 533)"
315,breaks in linear flow,"('/home/toffer/Repos/flask-tags/flask-0.12.1/flask/helpers.py', 534, 534)"
316,breaks in linear flow,"('/home/toffer/Repos/flask-tags/flask-0.12.1/flask/helpers.py', 540, 540)"
317,breaks in linear flow,"('/home/toffer/Repos/flask-tags/flask-0.12.1/flask/helpers.py', 541, 541)"
318,breaks in linear flow,"('/home/toffer/Repos/flask-tags/flask-0.12.1/flask/helpers.py', 548, 548)"
319,breaks in linear flow,"('/home/toffer/Repos/flask-tags/flask-0.12.1/flask/helpers.py', 558, 558)"
320,breaks in linear flow,"('/home/toffer/Repos/flask-tags/flask-0.12.1/flask/helpers.py', 564, 564)"
321,breaks in linear flow,"('/home/toffer/Repos/flask-tags/flask-0.12.1/flask/helpers.py', 566, 566)"
322,breaks in linear flow,"('/home/toffer/Repos/flask-tags/flask-0.12.1/flask/helpers.py', 570, 570)"
323,breaks in linear flow,"('/home/toffer/Repos/flask-tags/flask-0.12.1/flask/helpers.py', 582, 582)"
324,breaks in linear flow,"('/home/toffer/Repos/flask-tags/flask-0.12.1/flask/helpers.py', 586, 586)"
325,breaks in linear flow,"('/home/toffer/Repos/flask-tags/flask-0.12.1/flask/helpers.py', 587, 587)"
326,breaks in linear flow,"('/home/toffer/Repos/flask-tags/flask-0.12.1/flask/helpers.py', 593, 593)"
327,breaks in linear flow,"('/home/toffer/Repos/flask-tags/flask-0.12.1/flask/helpers.py', 600, 600)"
328,breaks in linear flow,"('/home/toffer/Repos/flask-tags/flask-0.12.1/flask/helpers.py', 622, 622)"
329,breaks in linear flow,"('/home/toffer/Repos/flask-tags/flask-0.12.1/flask/helpers.py', 623, 623)"
330,breaks in linear flow,"('/home/toffer/Repos/flask-tags/flask-0.12.1/flask/helpers.py', 625, 625)"
331,breaks in linear flow,"('/home/toffer/Repos/flask-tags/flask-0.12.1/flask/helpers.py', 626, 626)"
332,breaks in linear flow,"('/home/toffer/Repos/flask-tags/flask-0.12.1/flask/helpers.py', 628, 628)"
333,breaks in linear flow,"('/home/toffer/Repos/flask-tags/flask-0.12.1/flask/helpers.py', 664, 664)"
334,breaks in linear flow,"('/home/toffer/Repos/flask-tags/flask-0.12.1/flask/helpers.py', 667, 667)"
335,breaks in linear flow,"('/home/toffer/Repos/flask-tags/flask-0.12.1/flask/helpers.py', 669, 669)"
336,breaks in linear flow,"('/home/toffer/Repos/flask-tags/flask-0.12.1/flask/helpers.py', 683, 683)"
337,breaks in linear flow,"('/home/toffer/Repos/flask-tags/flask-0.12.1/flask/helpers.py', 692, 692)"
338,breaks in linear flow,"('/home/toffer/Repos/flask-tags/flask-0.12.1/flask/helpers.py', 697, 697)"
339,breaks in linear flow,"('/home/toffer/Repos/flask-tags/flask-0.12.1/flask/helpers.py', 708, 708)"
340,breaks in linear flow,"('/home/toffer/Repos/flask-tags/flask-0.12.1/flask/helpers.py', 727, 727)"
341,breaks in linear flow,"('/home/toffer/Repos/flask-tags/flask-0.12.1/flask/helpers.py', 754, 754)"
342,breaks in linear flow,"('/home/toffer/Repos/flask-tags/flask-0.12.1/flask/helpers.py', 759, 759)"
343,breaks in linear flow,"('/home/toffer/Repos/flask-tags/flask-0.12.1/flask/helpers.py', 777, 777)"
344,breaks in linear flow,"('/home/toffer/Repos/flask-tags/flask-0.12.1/flask/helpers.py', 783, 783)"
345,breaks in linear flow,"('/home/toffer/Repos/flask-tags/flask-0.12.1/flask/helpers.py', 788, 788)"
346,breaks in linear flow,"('/home/toffer/Repos/flask-tags/flask-0.12.1/flask/helpers.py', 815, 815)"
347,breaks in linear flow,"('/home/toffer/Repos/flask-tags/flask-0.12.1/flask/helpers.py', 819, 819)"
348,breaks in linear flow,"('/home/toffer/Repos/flask-tags/flask-0.12.1/flask/helpers.py', 836, 836)"
349,breaks in linear flow,"('/home/toffer/Repos/flask-tags/flask-0.12.1/flask/helpers.py', 846, 846)"
350,breaks in linear flow,"('/home/toffer/Repos/flask-tags/flask-0.12.1/flask/helpers.py', 856, 856)"
351,breaks in linear flow,"('/home/toffer/Repos/flask-tags/flask-0.12.1/flask/helpers.py', 858, 858)"
352,breaks in linear flow,"('/home/toffer/Repos/flask-tags/flask-0.12.1/flask/helpers.py', 880, 880)"
353,breaks in linear flow,"('/home/toffer/Repos/flask-tags/flask-0.12.1/flask/helpers.py', 916, 916)"
354,breaks in linear flow,"('/home/toffer/Repos/flask-tags/flask-0.12.1/flask/helpers.py', 947, 947)"
355,breaks in linear flow,"('/home/toffer/Repos/flask-tags/flask-0.12.1/flask/app.py', 46, 46)"
356,breaks in linear flow,"('/home/toffer/Repos/flask-tags/flask-0.12.1/flask/app.py', 56, 56)"
357,breaks in linear flow,"('/home/toffer/Repos/flask-tags/flask-0.12.1/flask/app.py', 346, 346)"
358,breaks in linear flow,"('/home/toffer/Repos/flask-tags/flask-0.12.1/flask/app.py', 352, 352)"
359,breaks in linear flow,"('/home/toffer/Repos/flask-tags/flask-0.12.1/flask/app.py', 354, 354)"
360,breaks in linear flow,"('/home/toffer/Repos/flask-tags/flask-0.12.1/flask/app.py', 356, 356)"
361,breaks in linear flow,"('/home/toffer/Repos/flask-tags/flask-0.12.1/flask/app.py', 538, 538)"
362,breaks in linear flow,"('/home/toffer/Repos/flask-tags/flask-0.12.1/flask/app.py', 572, 572)"
363,breaks in linear flow,"('/home/toffer/Repos/flask-tags/flask-0.12.1/flask/app.py', 574, 574)"
364,breaks in linear flow,"('/home/toffer/Repos/flask-tags/flask-0.12.1/flask/app.py', 587, 587)"
365,breaks in linear flow,"('/home/toffer/Repos/flask-tags/flask-0.12.1/flask/app.py', 600, 600)"
366,breaks in linear flow,"('/home/toffer/Repos/flask-tags/flask-0.12.1/flask/app.py', 617, 617)"
367,breaks in linear flow,"('/home/toffer/Repos/flask-tags/flask-0.12.1/flask/app.py', 620, 620)"
368,breaks in linear flow,"('/home/toffer/Repos/flask-tags/flask-0.12.1/flask/app.py', 650, 650)"
369,breaks in linear flow,"('/home/toffer/Repos/flask-tags/flask-0.12.1/flask/app.py', 663, 663)"
370,breaks in linear flow,"('/home/toffer/Repos/flask-tags/flask-0.12.1/flask/app.py', 691, 691)"
371,breaks in linear flow,"('/home/toffer/Repos/flask-tags/flask-0.12.1/flask/app.py', 693, 693)"
372,breaks in linear flow,"('/home/toffer/Repos/flask-tags/flask-0.12.1/flask/app.py', 694, 694)"
373,breaks in linear flow,"('/home/toffer/Repos/flask-tags/flask-0.12.1/flask/app.py', 741, 741)"
374,breaks in linear flow,"('/home/toffer/Repos/flask-tags/flask-0.12.1/flask/app.py', 758, 758)"
375,breaks in linear flow,"('/home/toffer/Repos/flask-tags/flask-0.12.1/flask/app.py', 760, 760)"
376,breaks in linear flow,"('/home/toffer/Repos/flask-tags/flask-0.12.1/flask/app.py', 763, 763)"
377,breaks in linear flow,"('/home/toffer/Repos/flask-tags/flask-0.12.1/flask/app.py', 778, 778)"
378,breaks in linear flow,"('/home/toffer/Repos/flask-tags/flask-0.12.1/flask/app.py', 828, 828)"
379,breaks in linear flow,"('/home/toffer/Repos/flask-tags/flask-0.12.1/flask/app.py', 830, 830)"
380,breaks in linear flow,"('/home/toffer/Repos/flask-tags/flask-0.12.1/flask/app.py', 832, 832)"
381,breaks in linear flow,"('/home/toffer/Repos/flask-tags/flask-0.12.1/flask/app.py', 836, 836)"
382,breaks in linear flow,"('/home/toffer/Repos/flask-tags/flask-0.12.1/flask/app.py', 900, 900)"
383,breaks in linear flow,"('/home/toffer/Repos/flask-tags/flask-0.12.1/flask/app.py', 941, 941)"
384,breaks in linear flow,"('/home/toffer/Repos/flask-tags/flask-0.12.1/flask/app.py', 1010, 1010)"
385,breaks in linear flow,"('/home/toffer/Repos/flask-tags/flask-0.12.1/flask/app.py', 1018, 1018)"
386,breaks in linear flow,"('/home/toffer/Repos/flask-tags/flask-0.12.1/flask/app.py', 1020, 1020)"
387,breaks in linear flow,"('/home/toffer/Repos/flask-tags/flask-0.12.1/flask/app.py', 1033, 1033)"
388,breaks in linear flow,"('/home/toffer/Repos/flask-tags/flask-0.12.1/flask/app.py', 1034, 1034)"
389,breaks in linear flow,"('/home/toffer/Repos/flask-tags/flask-0.12.1/flask/app.py', 1047, 1047)"
390,breaks in linear flow,"('/home/toffer/Repos/flask-tags/flask-0.12.1/flask/app.py', 1049, 1049)"
391,breaks in linear flow,"('/home/toffer/Repos/flask-tags/flask-0.12.1/flask/app.py', 1103, 1103)"
392,breaks in linear flow,"('/home/toffer/Repos/flask-tags/flask-0.12.1/flask/app.py', 1110, 1110)"
393,breaks in linear flow,"('/home/toffer/Repos/flask-tags/flask-0.12.1/flask/app.py', 1179, 1179)"
394,breaks in linear flow,"('/home/toffer/Repos/flask-tags/flask-0.12.1/flask/app.py', 1437, 1437)"
395,breaks in linear flow,"('/home/toffer/Repos/flask-tags/flask-0.12.1/flask/app.py', 1439, 1439)"
396,breaks in linear flow,"('/home/toffer/Repos/flask-tags/flask-0.12.1/flask/app.py', 1441, 1441)"
397,breaks in linear flow,"('/home/toffer/Repos/flask-tags/flask-0.12.1/flask/app.py', 1450, 1450)"
398,breaks in linear flow,"('/home/toffer/Repos/flask-tags/flask-0.12.1/flask/app.py', 1465, 1465)"
399,breaks in linear flow,"('/home/toffer/Repos/flask-tags/flask-0.12.1/flask/app.py', 1469, 1469)"
400,breaks in linear flow,"('/home/toffer/Repos/flask-tags/flask-0.12.1/flask/app.py', 1487, 1487)"
401,breaks in linear flow,"('/home/toffer/Repos/flask-tags/flask-0.12.1/flask/app.py', 1489, 1489)"
402,breaks in linear flow,"('/home/toffer/Repos/flask-tags/flask-0.12.1/flask/app.py', 1511, 1511)"
403,breaks in linear flow,"('/home/toffer/Repos/flask-tags/flask-0.12.1/flask/app.py', 1516, 1516)"
404,breaks in linear flow,"('/home/toffer/Repos/flask-tags/flask-0.12.1/flask/app.py', 1534, 1534)"
405,breaks in linear flow,"('/home/toffer/Repos/flask-tags/flask-0.12.1/flask/app.py', 1539, 1539)"
406,breaks in linear flow,"('/home/toffer/Repos/flask-tags/flask-0.12.1/flask/app.py', 1545, 1545)"
407,breaks in linear flow,"('/home/toffer/Repos/flask-tags/flask-0.12.1/flask/app.py', 1570, 1570)"
408,breaks in linear flow,"('/home/toffer/Repos/flask-tags/flask-0.12.1/flask/app.py', 1589, 1589)"
409,breaks in linear flow,"('/home/toffer/Repos/flask-tags/flask-0.12.1/flask/app.py', 1594, 1594)"
410,breaks in linear flow,"('/home/toffer/Repos/flask-tags/flask-0.12.1/flask/app.py', 1611, 1611)"
411,breaks in linear flow,"('/home/toffer/Repos/flask-tags/flask-0.12.1/flask/app.py', 1613, 1613)"
412,breaks in linear flow,"('/home/toffer/Repos/flask-tags/flask-0.12.1/flask/app.py', 1634, 1634)"
413,breaks in linear flow,"('/home/toffer/Repos/flask-tags/flask-0.12.1/flask/app.py', 1635, 1635)"
414,breaks in linear flow,"('/home/toffer/Repos/flask-tags/flask-0.12.1/flask/app.py', 1648, 1648)"
415,breaks in linear flow,"('/home/toffer/Repos/flask-tags/flask-0.12.1/flask/app.py', 1651, 1651)"
416,breaks in linear flow,"('/home/toffer/Repos/flask-tags/flask-0.12.1/flask/app.py', 1653, 1653)"
417,breaks in linear flow,"('/home/toffer/Repos/flask-tags/flask-0.12.1/flask/app.py', 1665, 1665)"
418,breaks in linear flow,"('/home/toffer/Repos/flask-tags/flask-0.12.1/flask/app.py', 1672, 1672)"
419,breaks in linear flow,"('/home/toffer/Repos/flask-tags/flask-0.12.1/flask/app.py', 1674, 1674)"
420,breaks in linear flow,"('/home/toffer/Repos/flask-tags/flask-0.12.1/flask/app.py', 1721, 1721)"
421,breaks in linear flow,"('/home/toffer/Repos/flask-tags/flask-0.12.1/flask/app.py', 1724, 1724)"
422,breaks in linear flow,"('/home/toffer/Repos/flask-tags/flask-0.12.1/flask/app.py', 1727, 1727)"
423,breaks in linear flow,"('/home/toffer/Repos/flask-tags/flask-0.12.1/flask/app.py', 1730, 1730)"
424,breaks in linear flow,"('/home/toffer/Repos/flask-tags/flask-0.12.1/flask/app.py', 1735, 1735)"
425,breaks in linear flow,"('/home/toffer/Repos/flask-tags/flask-0.12.1/flask/app.py', 1742, 1742)"
426,breaks in linear flow,"('/home/toffer/Repos/flask-tags/flask-0.12.1/flask/app.py', 1743, 1743)"
427,breaks in linear flow,"('/home/toffer/Repos/flask-tags/flask-0.12.1/flask/app.py', 1747, 1747)"
428,breaks in linear flow,"('/home/toffer/Repos/flask-tags/flask-0.12.1/flask/app.py', 1763, 1763)"
429,breaks in linear flow,"('/home/toffer/Repos/flask-tags/flask-0.12.1/flask/app.py', 1768, 1768)"
430,breaks in linear flow,"('/home/toffer/Repos/flask-tags/flask-0.12.1/flask/app.py', 1782, 1782)"
431,breaks in linear flow,"('/home/toffer/Repos/flask-tags/flask-0.12.1/flask/app.py', 1785, 1785)"
432,breaks in linear flow,"('/home/toffer/Repos/flask-tags/flask-0.12.1/flask/app.py', 1792, 1792)"
433,breaks in linear flow,"('/home/toffer/Repos/flask-tags/flask-0.12.1/flask/app.py', 1795, 1795)"
434,breaks in linear flow,"('/home/toffer/Repos/flask-tags/flask-0.12.1/flask/app.py', 1797, 1797)"
435,breaks in linear flow,"('/home/toffer/Repos/flask-tags/flask-0.12.1/flask/app.py', 1804, 1804)"
436,breaks in linear flow,"('/home/toffer/Repos/flask-tags/flask-0.12.1/flask/app.py', 1822, 1822)"
437,breaks in linear flow,"('/home/toffer/Repos/flask-tags/flask-0.12.1/flask/app.py', 1824, 1824)"
438,breaks in linear flow,"('/home/toffer/Repos/flask-tags/flask-0.12.1/flask/app.py', 1828, 1828)"
439,breaks in linear flow,"('/home/toffer/Repos/flask-tags/flask-0.12.1/flask/app.py', 1830, 1830)"
440,breaks in linear flow,"('/home/toffer/Repos/flask-tags/flask-0.12.1/flask/app.py', 1832, 1832)"
441,breaks in linear flow,"('/home/toffer/Repos/flask-tags/flask-0.12.1/flask/app.py', 1851, 1851)"
442,breaks in linear flow,"('/home/toffer/Repos/flask-tags/flask-0.12.1/flask/app.py', 1853, 1853)"
443,breaks in linear flow,"('/home/toffer/Repos/flask-tags/flask-0.12.1/flask/app.py', 1855, 1855)"
444,breaks in linear flow,"('/home/toffer/Repos/flask-tags/flask-0.12.1/flask/app.py', 1857, 1857)"
445,breaks in linear flow,"('/home/toffer/Repos/flask-tags/flask-0.12.1/flask/app.py', 1872, 1872)"
446,breaks in linear flow,"('/home/toffer/Repos/flask-tags/flask-0.12.1/flask/app.py', 1876, 1876)"
447,breaks in linear flow,"('/home/toffer/Repos/flask-tags/flask-0.12.1/flask/app.py', 1878, 1878)"
448,breaks in linear flow,"('/home/toffer/Repos/flask-tags/flask-0.12.1/flask/app.py', 1889, 1889)"
449,breaks in linear flow,"('/home/toffer/Repos/flask-tags/flask-0.12.1/flask/app.py', 1891, 1891)"
450,breaks in linear flow,"('/home/toffer/Repos/flask-tags/flask-0.12.1/flask/app.py', 1983, 1983)"
451,breaks in linear flow,"('/home/toffer/Repos/flask-tags/flask-0.12.1/flask/app.py', 1986, 1986)"
452,breaks in linear flow,"('/home/toffer/Repos/flask-tags/flask-0.12.1/flask/app.py', 1991, 1991)"
453,breaks in linear flow,"('/home/toffer/Repos/flask-tags/flask-0.12.1/flask/cli.py', 34, 34)"
454,breaks in linear flow,"('/home/toffer/Repos/flask-tags/flask-0.12.1/flask/cli.py', 36, 36)"
455,breaks in linear flow,"('/home/toffer/Repos/flask-tags/flask-0.12.1/flask/cli.py', 43, 43)"
456,breaks in linear flow,"('/home/toffer/Repos/flask-tags/flask-0.12.1/flask/cli.py', 58, 58)"
457,breaks in linear flow,"('/home/toffer/Repos/flask-tags/flask-0.12.1/flask/cli.py', 70, 70)"
458,breaks in linear flow,"('/home/toffer/Repos/flask-tags/flask-0.12.1/flask/cli.py', 73, 73)"
459,breaks in linear flow,"('/home/toffer/Repos/flask-tags/flask-0.12.1/flask/cli.py', 74, 74)"
460,breaks in linear flow,"('/home/toffer/Repos/flask-tags/flask-0.12.1/flask/cli.py', 83, 83)"
461,breaks in linear flow,"('/home/toffer/Repos/flask-tags/flask-0.12.1/flask/cli.py', 91, 91)"
462,breaks in linear flow,"('/home/toffer/Repos/flask-tags/flask-0.12.1/flask/cli.py', 94, 94)"
463,breaks in linear flow,"('/home/toffer/Repos/flask-tags/flask-0.12.1/flask/cli.py', 103, 103)"
464,breaks in linear flow,"('/home/toffer/Repos/flask-tags/flask-0.12.1/flask/cli.py', 107, 107)"
465,breaks in linear flow,"('/home/toffer/Repos/flask-tags/flask-0.12.1/flask/cli.py', 116, 116)"
466,breaks in linear flow,"('/home/toffer/Repos/flask-tags/flask-0.12.1/flask/cli.py', 118, 118)"
467,breaks in linear flow,"('/home/toffer/Repos/flask-tags/flask-0.12.1/flask/cli.py', 124, 124)"
468,breaks in linear flow,"('/home/toffer/Repos/flask-tags/flask-0.12.1/flask/cli.py', 151, 151)"
469,breaks in linear flow,"('/home/toffer/Repos/flask-tags/flask-0.12.1/flask/cli.py', 162, 162)"
470,breaks in linear flow,"('/home/toffer/Repos/flask-tags/flask-0.12.1/flask/cli.py', 170, 170)"
471,breaks in linear flow,"('/home/toffer/Repos/flask-tags/flask-0.12.1/flask/cli.py', 182, 182)"
472,breaks in linear flow,"('/home/toffer/Repos/flask-tags/flask-0.12.1/flask/cli.py', 186, 186)"
473,breaks in linear flow,"('/home/toffer/Repos/flask-tags/flask-0.12.1/flask/cli.py', 203, 203)"
474,breaks in linear flow,"('/home/toffer/Repos/flask-tags/flask-0.12.1/flask/cli.py', 204, 204)"
475,breaks in linear flow,"('/home/toffer/Repos/flask-tags/flask-0.12.1/flask/cli.py', 226, 226)"
476,breaks in linear flow,"('/home/toffer/Repos/flask-tags/flask-0.12.1/flask/cli.py', 228, 228)"
477,breaks in linear flow,"('/home/toffer/Repos/flask-tags/flask-0.12.1/flask/cli.py', 231, 231)"
478,breaks in linear flow,"('/home/toffer/Repos/flask-tags/flask-0.12.1/flask/cli.py', 239, 239)"
479,breaks in linear flow,"('/home/toffer/Repos/flask-tags/flask-0.12.1/flask/cli.py', 276, 276)"
480,breaks in linear flow,"('/home/toffer/Repos/flask-tags/flask-0.12.1/flask/cli.py', 310, 310)"
481,breaks in linear flow,"('/home/toffer/Repos/flask-tags/flask-0.12.1/flask/cli.py', 316, 316)"
482,breaks in linear flow,"('/home/toffer/Repos/flask-tags/flask-0.12.1/flask/cli.py', 323, 323)"
483,breaks in linear flow,"('/home/toffer/Repos/flask-tags/flask-0.12.1/flask/cli.py', 327, 327)"
484,breaks in linear flow,"('/home/toffer/Repos/flask-tags/flask-0.12.1/flask/cli.py', 331, 331)"
485,breaks in linear flow,"('/home/toffer/Repos/flask-tags/flask-0.12.1/flask/cli.py', 346, 346)"
486,breaks in linear flow,"('/home/toffer/Repos/flask-tags/flask-0.12.1/flask/cli.py', 352, 352)"
487,breaks in linear flow,"('/home/toffer/Repos/flask-tags/flask-0.12.1/flask/cli.py', 354, 354)"
488,breaks in linear flow,"('/home/toffer/Repos/flask-tags/flask-0.12.1/flask/cli.py', 366, 366)"
489,breaks in linear flow,"('/home/toffer/Repos/flask-tags/flask-0.12.1/flask/cli.py', 376, 376)"
490,breaks in linear flow,"('/home/toffer/Repos/flask-tags/flask-0.12.1/flask/cli.py', 416, 416)"
491,breaks in linear flow,"('/home/toffer/Repos/flask-tags/flask-0.12.1/flask/cli.py', 418, 418)"
492,breaks in linear flow,"('/home/toffer/Repos/flask-tags/flask-0.12.1/flask/cli.py', 420, 420)"
493,breaks in linear flow,"('/home/toffer/Repos/flask-tags/flask-0.12.1/flask/cli.py', 427, 427)"
494,breaks in linear flow,"('/home/toffer/Repos/flask-tags/flask-0.12.1/flask/cli.py', 432, 432)"
495,breaks in linear flow,"('/home/toffer/Repos/flask-tags/flask-0.12.1/flask/cli.py', 434, 434)"
496,breaks in linear flow,"('/home/toffer/Repos/flask-tags/flask-0.12.1/flask/cli.py', 466, 466)"
497,breaks in linear flow,"('/home/toffer/Repos/flask-tags/flask-0.12.1/flask/cli.py', 500, 500)"
498,breaks in linear flow,"('/home/toffer/Repos/flask-tags/flask-0.12.1/flask/cli.py', 501, 501)"
499,breaks in linear flow,"('/home/toffer/Repos/flask-tags/flask-0.12.1/flask/cli.py', 516, 516)"
500,breaks in linear flow,"('/home/toffer/Repos/flask-tags/flask-0.12.1/flask/wrappers.py', 23, 23)"
501,breaks in linear flow,"('/home/toffer/Repos/flask-tags/flask-0.12.1/flask/wrappers.py', 66, 66)"
502,breaks in linear flow,"('/home/toffer/Repos/flask-tags/flask-0.12.1/flask/wrappers.py', 76, 76)"
503,breaks in linear flow,"('/home/toffer/Repos/flask-tags/flask-0.12.1/flask/wrappers.py', 89, 89)"
504,breaks in linear flow,"('/home/toffer/Repos/flask-tags/flask-0.12.1/flask/wrappers.py', 95, 95)"
505,breaks in linear flow,"('/home/toffer/Repos/flask-tags/flask-0.12.1/flask/wrappers.py', 119, 119)"
506,breaks in linear flow,"('/home/toffer/Repos/flask-tags/flask-0.12.1/flask/wrappers.py', 121, 121)"
507,breaks in linear flow,"('/home/toffer/Repos/flask-tags/flask-0.12.1/flask/wrappers.py', 141, 141)"
508,breaks in linear flow,"('/home/toffer/Repos/flask-tags/flask-0.12.1/flask/wrappers.py', 144, 144)"
509,breaks in linear flow,"('/home/toffer/Repos/flask-tags/flask-0.12.1/flask/wrappers.py', 154, 154)"
510,breaks in linear flow,"('/home/toffer/Repos/flask-tags/flask-0.12.1/flask/wrappers.py', 158, 158)"
511,breaks in linear flow,"('/home/toffer/Repos/flask-tags/flask-0.12.1/flask/wrappers.py', 159, 159)"
512,breaks in linear flow,"('/home/toffer/Repos/flask-tags/flask-0.12.1/flask/wrappers.py', 163, 163)"
513,breaks in linear flow,"('/home/toffer/Repos/flask-tags/flask-0.12.1/flask/wrappers.py', 180, 180)"
514,breaks in linear flow,"('/home/toffer/Repos/flask-tags/flask-0.12.1/flask/wrappers.py', 190, 190)"
515,breaks in linear flow,"('/home/toffer/Repos/flask-tags/flask-0.12.1/flask/testing.py', 20, 20)"
516,breaks in linear flow,"('/home/toffer/Repos/flask-tags/flask-0.12.1/flask/testing.py', 28, 28)"
517,breaks in linear flow,"('/home/toffer/Repos/flask-tags/flask-0.12.1/flask/testing.py', 31, 31)"
518,breaks in linear flow,"('/home/toffer/Repos/flask-tags/flask-0.12.1/flask/testing.py', 33, 33)"
519,breaks in linear flow,"('/home/toffer/Repos/flask-tags/flask-0.12.1/flask/testing.py', 35, 35)"
520,breaks in linear flow,"('/home/toffer/Repos/flask-tags/flask-0.12.1/flask/testing.py', 82, 82)"
521,breaks in linear flow,"('/home/toffer/Repos/flask-tags/flask-0.12.1/flask/testing.py', 91, 91)"
522,breaks in linear flow,"('/home/toffer/Repos/flask-tags/flask-0.12.1/flask/testing.py', 109, 109)"
523,breaks in linear flow,"('/home/toffer/Repos/flask-tags/flask-0.12.1/flask/testing.py', 130, 130)"
524,breaks in linear flow,"('/home/toffer/Repos/flask-tags/flask-0.12.1/flask/testing.py', 142, 142)"
525,breaks in linear flow,"('/home/toffer/Repos/flask-tags/flask-0.12.1/flask/debughelpers.py', 37, 37)"
526,breaks in linear flow,"('/home/toffer/Repos/flask-tags/flask-0.12.1/flask/debughelpers.py', 60, 60)"
527,breaks in linear flow,"('/home/toffer/Repos/flask-tags/flask-0.12.1/flask/debughelpers.py', 84, 84)"
528,breaks in linear flow,"('/home/toffer/Repos/flask-tags/flask-0.12.1/flask/debughelpers.py', 85, 85)"
529,breaks in linear flow,"('/home/toffer/Repos/flask-tags/flask-0.12.1/flask/debughelpers.py', 95, 95)"
530,breaks in linear flow,"('/home/toffer/Repos/flask-tags/flask-0.12.1/flask/debughelpers.py', 96, 96)"
531,breaks in linear flow,"('/home/toffer/Repos/flask-tags/flask-0.12.1/flask/debughelpers.py', 97, 97)"
532,breaks in linear flow,"('/home/toffer/Repos/flask-tags/flask-0.12.1/flask/debughelpers.py', 98, 98)"
533,breaks in linear flow,"('/home/toffer/Repos/flask-tags/flask-0.12.1/flask/debughelpers.py', 99, 99)"
534,breaks in linear flow,"('/home/toffer/Repos/flask-tags/flask-0.12.1/flask/debughelpers.py', 100, 100)"
535,breaks in linear flow,"('/home/toffer/Repos/flask-tags/flask-0.12.1/flask/debughelpers.py', 102, 102)"
536,breaks in linear flow,"('/home/toffer/Repos/flask-tags/flask-0.12.1/flask/debughelpers.py', 104, 104)"
537,breaks in linear flow,"('/home/toffer/Repos/flask-tags/flask-0.12.1/flask/debughelpers.py', 106, 106)"
538,breaks in linear flow,"('/home/toffer/Repos/flask-tags/flask-0.12.1/flask/debughelpers.py', 116, 116)"
539,breaks in linear flow,"('/home/toffer/Repos/flask-tags/flask-0.12.1/flask/debughelpers.py', 119, 119)"
540,breaks in linear flow,"('/home/toffer/Repos/flask-tags/flask-0.12.1/flask/debughelpers.py', 120, 120)"
541,breaks in linear flow,"('/home/toffer/Repos/flask-tags/flask-0.12.1/flask/debughelpers.py', 131, 131)"
542,breaks in linear flow,"('/home/toffer/Repos/flask-tags/flask-0.12.1/flask/debughelpers.py', 134, 134)"
543,breaks in linear flow,"('/home/toffer/Repos/flask-tags/flask-0.12.1/flask/debughelpers.py', 142, 142)"
544,breaks in linear flow,"('/home/toffer/Repos/flask-tags/flask-0.12.1/flask/debughelpers.py', 149, 149)"
545,breaks in linear flow,"('/home/toffer/Repos/flask-tags/flask-0.12.1/flask/exthook.py', 59, 59)"
546,breaks in linear flow,"('/home/toffer/Repos/flask-tags/flask-0.12.1/flask/exthook.py', 64, 64)"
547,breaks in linear flow,"('/home/toffer/Repos/flask-tags/flask-0.12.1/flask/exthook.py', 74, 74)"
548,breaks in linear flow,"('/home/toffer/Repos/flask-tags/flask-0.12.1/flask/exthook.py', 78, 78)"
549,breaks in linear flow,"('/home/toffer/Repos/flask-tags/flask-0.12.1/flask/exthook.py', 95, 95)"
550,breaks in linear flow,"('/home/toffer/Repos/flask-tags/flask-0.12.1/flask/exthook.py', 97, 97)"
551,breaks in linear flow,"('/home/toffer/Repos/flask-tags/flask-0.12.1/flask/exthook.py', 99, 99)"
552,breaks in linear flow,"('/home/toffer/Repos/flask-tags/flask-0.12.1/flask/exthook.py', 102, 102)"
553,breaks in linear flow,"('/home/toffer/Repos/flask-tags/flask-0.12.1/flask/exthook.py', 118, 118)"
554,breaks in linear flow,"('/home/toffer/Repos/flask-tags/flask-0.12.1/flask/exthook.py', 119, 119)"
555,breaks in linear flow,"('/home/toffer/Repos/flask-tags/flask-0.12.1/flask/exthook.py', 127, 127)"
556,breaks in linear flow,"('/home/toffer/Repos/flask-tags/flask-0.12.1/flask/exthook.py', 134, 134)"
557,breaks in linear flow,"('/home/toffer/Repos/flask-tags/flask-0.12.1/flask/logging.py', 38, 38)"
558,breaks in linear flow,"('/home/toffer/Repos/flask-tags/flask-0.12.1/flask/logging.py', 45, 45)"
559,breaks in linear flow,"('/home/toffer/Repos/flask-tags/flask-0.12.1/flask/logging.py', 61, 61)"
560,breaks in linear flow,"('/home/toffer/Repos/flask-tags/flask-0.12.1/flask/logging.py', 67, 67)"
561,breaks in linear flow,"('/home/toffer/Repos/flask-tags/flask-0.12.1/flask/logging.py', 72, 72)"
562,breaks in linear flow,"('/home/toffer/Repos/flask-tags/flask-0.12.1/flask/json.py', 36, 36)"
563,breaks in linear flow,"('/home/toffer/Repos/flask-tags/flask-0.12.1/flask/json.py', 44, 44)"
564,breaks in linear flow,"('/home/toffer/Repos/flask-tags/flask-0.12.1/flask/json.py', 74, 74)"
565,breaks in linear flow,"('/home/toffer/Repos/flask-tags/flask-0.12.1/flask/json.py', 76, 76)"
566,breaks in linear flow,"('/home/toffer/Repos/flask-tags/flask-0.12.1/flask/json.py', 78, 78)"
567,breaks in linear flow,"('/home/toffer/Repos/flask-tags/flask-0.12.1/flask/json.py', 93, 93)"
568,breaks in linear flow,"('/home/toffer/Repos/flask-tags/flask-0.12.1/flask/json.py', 95, 95)"
569,breaks in linear flow,"('/home/toffer/Repos/flask-tags/flask-0.12.1/flask/json.py', 105, 105)"
570,breaks in linear flow,"('/home/toffer/Repos/flask-tags/flask-0.12.1/flask/json.py', 124, 124)"
571,breaks in linear flow,"('/home/toffer/Repos/flask-tags/flask-0.12.1/flask/json.py', 133, 133)"
572,breaks in linear flow,"('/home/toffer/Repos/flask-tags/flask-0.12.1/flask/json.py', 144, 144)"
573,breaks in linear flow,"('/home/toffer/Repos/flask-tags/flask-0.12.1/flask/json.py', 153, 153)"
574,breaks in linear flow,"('/home/toffer/Repos/flask-tags/flask-0.12.1/flask/json.py', 188, 188)"
575,breaks in linear flow,"('/home/toffer/Repos/flask-tags/flask-0.12.1/flask/json.py', 251, 251)"
576,breaks in linear flow,"('/home/toffer/Repos/flask-tags/flask-0.12.1/flask/json.py', 255, 255)"
577,breaks in linear flow,"('/home/toffer/Repos/flask-tags/flask-0.12.1/flask/config.py', 29, 29)"
578,breaks in linear flow,"('/home/toffer/Repos/flask-tags/flask-0.12.1/flask/config.py', 32, 32)"
579,breaks in linear flow,"('/home/toffer/Repos/flask-tags/flask-0.12.1/flask/config.py', 101, 101)"
580,breaks in linear flow,"('/home/toffer/Repos/flask-tags/flask-0.12.1/flask/config.py', 102, 102)"
581,breaks in linear flow,"('/home/toffer/Repos/flask-tags/flask-0.12.1/flask/config.py', 131, 131)"
582,breaks in linear flow,"('/home/toffer/Repos/flask-tags/flask-0.12.1/flask/config.py', 132, 132)"
583,breaks in linear flow,"('/home/toffer/Repos/flask-tags/flask-0.12.1/flask/config.py', 167, 167)"
584,breaks in linear flow,"('/home/toffer/Repos/flask-tags/flask-0.12.1/flask/config.py', 169, 169)"
585,breaks in linear flow,"('/home/toffer/Repos/flask-tags/flask-0.12.1/flask/config.py', 170, 170)"
586,breaks in linear flow,"('/home/toffer/Repos/flask-tags/flask-0.12.1/flask/config.py', 191, 191)"
587,breaks in linear flow,"('/home/toffer/Repos/flask-tags/flask-0.12.1/flask/config.py', 192, 192)"
588,breaks in linear flow,"('/home/toffer/Repos/flask-tags/flask-0.12.1/flask/config.py', 205, 205)"
589,breaks in linear flow,"('/home/toffer/Repos/flask-tags/flask-0.12.1/flask/config.py', 206, 206)"
590,breaks in linear flow,"('/home/toffer/Repos/flask-tags/flask-0.12.1/flask/config.py', 215, 215)"
591,breaks in linear flow,"('/home/toffer/Repos/flask-tags/flask-0.12.1/flask/config.py', 216, 216)"
592,breaks in linear flow,"('/home/toffer/Repos/flask-tags/flask-0.12.1/flask/config.py', 217, 217)"
593,breaks in linear flow,"('/home/toffer/Repos/flask-tags/flask-0.12.1/flask/config.py', 250, 250)"
594,breaks in linear flow,"('/home/toffer/Repos/flask-tags/flask-0.12.1/flask/config.py', 251, 251)"
595,breaks in linear flow,"('/home/toffer/Repos/flask-tags/flask-0.12.1/flask/config.py', 252, 252)"
596,breaks in linear flow,"('/home/toffer/Repos/flask-tags/flask-0.12.1/flask/config.py', 253, 253)"
597,breaks in linear flow,"('/home/toffer/Repos/flask-tags/flask-0.12.1/flask/config.py', 257, 257)"
598,breaks in linear flow,"('/home/toffer/Repos/flask-tags/flask-0.12.1/flask/views.py', 86, 86)"
599,breaks in linear flow,"('/home/toffer/Repos/flask-tags/flask-0.12.1/flask/views.py', 89, 89)"
600,breaks in linear flow,"('/home/toffer/Repos/flask-tags/flask-0.12.1/flask/views.py', 109, 109)"
601,breaks in linear flow,"('/home/toffer/Repos/flask-tags/flask-0.12.1/flask/views.py', 111, 111)"
602,breaks in linear flow,"('/home/toffer/Repos/flask-tags/flask-0.12.1/flask/views.py', 112, 112)"
603,breaks in linear flow,"('/home/toffer/Repos/flask-tags/flask-0.12.1/flask/views.py', 118, 118)"
604,breaks in linear flow,"('/home/toffer/Repos/flask-tags/flask-0.12.1/flask/views.py', 146, 146)"
605,breaks in linear flow,"('/home/toffer/Repos/flask-tags/flask-0.12.1/flask/signals.py', 16, 16)"
606,breaks in linear flow,"('/home/toffer/Repos/flask-tags/flask-0.12.1/flask/_compat.py', 19, 19)"
607,breaks in linear flow,"('/home/toffer/Repos/flask-tags/flask-0.12.1/flask/_compat.py', 31, 31)"
608,breaks in linear flow,"('/home/toffer/Repos/flask-tags/flask-0.12.1/flask/_compat.py', 79, 79)"
609,breaks in linear flow,"('/home/toffer/Repos/flask-tags/flask-0.12.1/flask/_compat.py', 84, 84)"
610,breaks in linear flow,"('/home/toffer/Repos/flask-tags/flask-0.12.1/flask/_compat.py', 91, 91)"
611,breaks in linear flow,"('/home/toffer/Repos/flask-tags/flask-0.12.1/flask/_compat.py', 93, 93)"
612,breaks in linear flow,"('/home/toffer/Repos/flask-tags/flask-0.12.1/flask/_compat.py', 95, 95)"
613,breaks in linear flow,"('/home/toffer/Repos/flask-tags/flask-0.12.1/scripts/make-release.py', 26, 26)"
614,breaks in linear flow,"('/home/toffer/Repos/flask-tags/flask-0.12.1/scripts/make-release.py', 28, 28)"
615,breaks in linear flow,"('/home/toffer/Repos/flask-tags/flask-0.12.1/scripts/make-release.py', 29, 29)"
616,breaks in linear flow,"('/home/toffer/Repos/flask-tags/flask-0.12.1/scripts/make-release.py', 31, 31)"
617,breaks in linear flow,"('/home/toffer/Repos/flask-tags/flask-0.12.1/scripts/make-release.py', 32, 32)"
618,breaks in linear flow,"('/home/toffer/Repos/flask-tags/flask-0.12.1/scripts/make-release.py', 33, 33)"
619,breaks in linear flow,"('/home/toffer/Repos/flask-tags/flask-0.12.1/scripts/make-release.py', 35, 35)"
620,breaks in linear flow,"('/home/toffer/Repos/flask-tags/flask-0.12.1/scripts/make-release.py', 36, 36)"
621,breaks in linear flow,"('/home/toffer/Repos/flask-tags/flask-0.12.1/scripts/make-release.py', 40, 40)"
622,breaks in linear flow,"('/home/toffer/Repos/flask-tags/flask-0.12.1/scripts/make-release.py', 41, 41)"
623,breaks in linear flow,"('/home/toffer/Repos/flask-tags/flask-0.12.1/scripts/make-release.py', 50, 50)"
624,breaks in linear flow,"('/home/toffer/Repos/flask-tags/flask-0.12.1/scripts/make-release.py', 72, 72)"
625,breaks in linear flow,"('/home/toffer/Repos/flask-tags/flask-0.12.1/scripts/make-release.py', 119, 119)"
626,breaks in linear flow,"('/home/toffer/Repos/flask-tags/flask-0.12.1/scripts/make-release.py', 129, 129)"
627,breaks in linear flow,"('/home/toffer/Repos/flask-tags/flask-0.12.1/scripts/make-release.py', 131, 131)"
628,breaks in linear flow,"('/home/toffer/Repos/flask-tags/flask-0.12.1/scripts/make-release.py', 135, 135)"
629,breaks in linear flow,"('/home/toffer/Repos/flask-tags/flask-0.12.1/scripts/make-release.py', 145, 145)"
630,breaks in linear flow,"('/home/toffer/Repos/flask-tags/flask-0.12.1/scripts/flaskext_tester.py', 31, 31)"
631,breaks in linear flow,"('/home/toffer/Repos/flask-tags/flask-0.12.1/scripts/flaskext_tester.py', 133, 133)"
632,breaks in linear flow,"('/home/toffer/Repos/flask-tags/flask-0.12.1/scripts/flaskext_tester.py', 141, 141)"
633,breaks in linear flow,"('/home/toffer/Repos/flask-tags/flask-0.12.1/scripts/flaskext_tester.py', 144, 144)"
634,breaks in linear flow,"('/home/toffer/Repos/flask-tags/flask-0.12.1/scripts/flaskext_tester.py', 153, 153)"
635,breaks in linear flow,"('/home/toffer/Repos/flask-tags/flask-0.12.1/scripts/flaskext_tester.py', 167, 167)"
636,breaks in linear flow,"('/home/toffer/Repos/flask-tags/flask-0.12.1/scripts/flaskext_tester.py', 176, 176)"
637,breaks in linear flow,"('/home/toffer/Repos/flask-tags/flask-0.12.1/scripts/flaskext_tester.py', 188, 188)"
638,breaks in linear flow,"('/home/toffer/Repos/flask-tags/flask-0.12.1/scripts/flaskext_tester.py', 190, 190)"
639,breaks in linear flow,"('/home/toffer/Repos/flask-tags/flask-0.12.1/scripts/flaskext_tester.py', 191, 191)"
640,breaks in linear flow,"('/home/toffer/Repos/flask-tags/flask-0.12.1/scripts/flaskext_tester.py', 211, 211)"
641,breaks in linear flow,"('/home/toffer/Repos/flask-tags/flask-0.12.1/scripts/flaskext_tester.py', 222, 222)"
642,breaks in linear flow,"('/home/toffer/Repos/flask-tags/flask-0.12.1/scripts/flaskext_tester.py', 223, 223)"
643,breaks in linear flow,"('/home/toffer/Repos/flask-tags/flask-0.12.1/scripts/flaskext_tester.py', 259, 259)"
644,breaks in linear flow,"('/home/toffer/Repos/flask-tags/flask-0.12.1/scripts/flaskext_tester.py', 262, 262)"
645,breaks in linear flow,"('/home/toffer/Repos/flask-tags/flask-0.12.1/scripts/flaskext_tester.py', 293, 293)"
646,breaks in linear flow,"('/home/toffer/Repos/flask-tags/flask-0.12.1/scripts/flaskext_tester.py', 302, 302)"
647,breaks in linear flow,"('/home/toffer/Repos/flask-tags/flask-0.12.1/scripts/flaskext_tester.py', 308, 308)"
648,breaks in linear flow,"('/home/toffer/Repos/flask-tags/flask-0.12.1/scripts/flask-07-upgrade.py', 32, 32)"
649,breaks in linear flow,"('/home/toffer/Repos/flask-tags/flask-0.12.1/scripts/flask-07-upgrade.py', 59, 59)"
650,breaks in linear flow,"('/home/toffer/Repos/flask-tags/flask-0.12.1/scripts/flask-07-upgrade.py', 68, 68)"
651,breaks in linear flow,"('/home/toffer/Repos/flask-tags/flask-0.12.1/scripts/flask-07-upgrade.py', 72, 72)"
652,breaks in linear flow,"('/home/toffer/Repos/flask-tags/flask-0.12.1/scripts/flask-07-upgrade.py', 76, 76)"
653,breaks in linear flow,"('/home/toffer/Repos/flask-tags/flask-0.12.1/scripts/flask-07-upgrade.py', 77, 77)"
654,breaks in linear flow,"('/home/toffer/Repos/flask-tags/flask-0.12.1/scripts/flask-07-upgrade.py', 78, 78)"
655,breaks in linear flow,"('/home/toffer/Repos/flask-tags/flask-0.12.1/scripts/flask-07-upgrade.py', 80, 80)"
656,breaks in linear flow,"('/home/toffer/Repos/flask-tags/flask-0.12.1/scripts/flask-07-upgrade.py', 87, 87)"
657,breaks in linear flow,"('/home/toffer/Repos/flask-tags/flask-0.12.1/scripts/flask-07-upgrade.py', 95, 95)"
658,breaks in linear flow,"('/home/toffer/Repos/flask-tags/flask-0.12.1/scripts/flask-07-upgrade.py', 97, 97)"
659,breaks in linear flow,"('/home/toffer/Repos/flask-tags/flask-0.12.1/scripts/flask-07-upgrade.py', 103, 103)"
660,breaks in linear flow,"('/home/toffer/Repos/flask-tags/flask-0.12.1/scripts/flask-07-upgrade.py', 104, 104)"
661,breaks in linear flow,"('/home/toffer/Repos/flask-tags/flask-0.12.1/scripts/flask-07-upgrade.py', 105, 105)"
662,breaks in linear flow,"('/home/toffer/Repos/flask-tags/flask-0.12.1/scripts/flask-07-upgrade.py', 107, 107)"
663,breaks in linear flow,"('/home/toffer/Repos/flask-tags/flask-0.12.1/scripts/flask-07-upgrade.py', 112, 112)"
664,breaks in linear flow,"('/home/toffer/Repos/flask-tags/flask-0.12.1/scripts/flask-07-upgrade.py', 114, 114)"
665,breaks in linear flow,"('/home/toffer/Repos/flask-tags/flask-0.12.1/scripts/flask-07-upgrade.py', 118, 118)"
666,breaks in linear flow,"('/home/toffer/Repos/flask-tags/flask-0.12.1/scripts/flask-07-upgrade.py', 135, 135)"
667,breaks in linear flow,"('/home/toffer/Repos/flask-tags/flask-0.12.1/scripts/flask-07-upgrade.py', 139, 139)"
668,breaks in linear flow,"('/home/toffer/Repos/flask-tags/flask-0.12.1/scripts/flask-07-upgrade.py', 144, 144)"
669,breaks in linear flow,"('/home/toffer/Repos/flask-tags/flask-0.12.1/scripts/flask-07-upgrade.py', 157, 157)"
670,breaks in linear flow,"('/home/toffer/Repos/flask-tags/flask-0.12.1/scripts/flask-07-upgrade.py', 159, 159)"
671,breaks in linear flow,"('/home/toffer/Repos/flask-tags/flask-0.12.1/scripts/flask-07-upgrade.py', 161, 161)"
672,breaks in linear flow,"('/home/toffer/Repos/flask-tags/flask-0.12.1/scripts/flask-07-upgrade.py', 162, 162)"
673,breaks in linear flow,"('/home/toffer/Repos/flask-tags/flask-0.12.1/scripts/flask-07-upgrade.py', 164, 164)"
674,breaks in linear flow,"('/home/toffer/Repos/flask-tags/flask-0.12.1/scripts/flask-07-upgrade.py', 166, 166)"
675,breaks in linear flow,"('/home/toffer/Repos/flask-tags/flask-0.12.1/scripts/flask-07-upgrade.py', 168, 168)"
676,breaks in linear flow,"('/home/toffer/Repos/flask-tags/flask-0.12.1/scripts/flask-07-upgrade.py', 175, 175)"
677,breaks in linear flow,"('/home/toffer/Repos/flask-tags/flask-0.12.1/scripts/flask-07-upgrade.py', 182, 182)"
678,breaks in linear flow,"('/home/toffer/Repos/flask-tags/flask-0.12.1/scripts/flask-07-upgrade.py', 183, 183)"
679,breaks in linear flow,"('/home/toffer/Repos/flask-tags/flask-0.12.1/scripts/flask-07-upgrade.py', 185, 185)"
680,breaks in linear flow,"('/home/toffer/Repos/flask-tags/flask-0.12.1/scripts/flask-07-upgrade.py', 186, 186)"
681,breaks in linear flow,"('/home/toffer/Repos/flask-tags/flask-0.12.1/scripts/flask-07-upgrade.py', 188, 188)"
682,breaks in linear flow,"('/home/toffer/Repos/flask-tags/flask-0.12.1/scripts/flask-07-upgrade.py', 190, 190)"
683,breaks in linear flow,"('/home/toffer/Repos/flask-tags/flask-0.12.1/scripts/flask-07-upgrade.py', 191, 191)"
684,breaks in linear flow,"('/home/toffer/Repos/flask-tags/flask-0.12.1/scripts/flask-07-upgrade.py', 199, 199)"
685,breaks in linear flow,"('/home/toffer/Repos/flask-tags/flask-0.12.1/scripts/flask-07-upgrade.py', 201, 201)"
686,breaks in linear flow,"('/home/toffer/Repos/flask-tags/flask-0.12.1/scripts/flask-07-upgrade.py', 215, 215)"
687,breaks in linear flow,"('/home/toffer/Repos/flask-tags/flask-0.12.1/scripts/flask-07-upgrade.py', 223, 223)"
688,breaks in linear flow,"('/home/toffer/Repos/flask-tags/flask-0.12.1/scripts/flask-07-upgrade.py', 226, 226)"
689,breaks in linear flow,"('/home/toffer/Repos/flask-tags/flask-0.12.1/scripts/flask-07-upgrade.py', 233, 233)"
690,breaks in linear flow,"('/home/toffer/Repos/flask-tags/flask-0.12.1/scripts/flask-07-upgrade.py', 249, 249)"
691,breaks in linear flow,"('/home/toffer/Repos/flask-tags/flask-0.12.1/scripts/flask-07-upgrade.py', 251, 251)"
692,breaks in linear flow,"('/home/toffer/Repos/flask-tags/flask-0.12.1/scripts/flask-07-upgrade.py', 253, 253)"
693,breaks in linear flow,"('/home/toffer/Repos/flask-tags/flask-0.12.1/scripts/flask-07-upgrade.py', 254, 254)"
694,breaks in linear flow,"('/home/toffer/Repos/flask-tags/flask-0.12.1/scripts/flask-07-upgrade.py', 255, 255)"
695,breaks in linear flow,"('/home/toffer/Repos/flask-tags/flask-0.12.1/scripts/flask-07-upgrade.py', 262, 262)"
696,breaks in linear flow,"('/home/toffer/Repos/flask-tags/flask-0.12.1/scripts/flask-07-upgrade.py', 267, 267)"
697,breaks in linear flow,"('/home/toffer/Repos/flask-tags/flask-0.12.1/scripts/flask-07-upgrade.py', 270, 270)"
698,breaks in linear flow,"('/home/toffer/Repos/flask-tags/flask-0.12.1/scripts/flask-07-upgrade.py', 287, 287)"
699,breaks in linear flow,"('/home/toffer/Repos/flask-tags/flask-0.12.1/scripts/flask-07-upgrade.py', 290, 290)"
700,breaks in linear flow,"('/home/toffer/Repos/flask-tags/flask-0.12.1/scripts/flask-07-upgrade.py', 293, 293)"
701,breaks in linear flow,"('/home/toffer/Repos/flask-tags/flask-0.12.1/scripts/flask-07-upgrade.py', 297, 297)"
702,breaks in linear flow,"('/home/toffer/Repos/flask-tags/flask-0.12.1/scripts/flaskext_compat.py', 48, 48)"
703,breaks in linear flow,"('/home/toffer/Repos/flask-tags/flask-0.12.1/scripts/flaskext_compat.py', 52, 52)"
704,breaks in linear flow,"('/home/toffer/Repos/flask-tags/flask-0.12.1/scripts/flaskext_compat.py', 55, 55)"
705,breaks in linear flow,"('/home/toffer/Repos/flask-tags/flask-0.12.1/scripts/flaskext_compat.py', 59, 59)"
706,breaks in linear flow,"('/home/toffer/Repos/flask-tags/flask-0.12.1/scripts/flaskext_compat.py', 76, 76)"
707,breaks in linear flow,"('/home/toffer/Repos/flask-tags/flask-0.12.1/scripts/flaskext_compat.py', 78, 78)"
708,breaks in linear flow,"('/home/toffer/Repos/flask-tags/flask-0.12.1/scripts/flaskext_compat.py', 80, 80)"
709,breaks in linear flow,"('/home/toffer/Repos/flask-tags/flask-0.12.1/scripts/flaskext_compat.py', 91, 91)"
710,breaks in linear flow,"('/home/toffer/Repos/flask-tags/flask-0.12.1/scripts/flaskext_compat.py', 92, 92)"
711,breaks in linear flow,"('/home/toffer/Repos/flask-tags/flask-0.12.1/scripts/flaskext_compat.py', 100, 100)"
712,breaks in linear flow,"('/home/toffer/Repos/flask-tags/flask-0.12.1/scripts/flaskext_compat.py', 107, 107)"
713,breaks in linear flow,"('/home/toffer/Repos/flask-tags/flask-0.12.1/examples/jqueryexample/jqueryexample.py', 27, 27)"
714,breaks in linear flow,"('/home/toffer/Repos/flask-tags/flask-0.12.1/examples/blueprintexample/blueprintexample.py', 9, 9)"
715,breaks in linear flow,"('/home/toffer/Repos/flask-tags/flask-0.12.1/examples/blueprintexample/simple_page/simple_page.py', 12, 12)"
716,breaks in linear flow,"('/home/toffer/Repos/flask-tags/flask-0.12.1/examples/flaskr/flaskr/flaskr.py', 59, 59)"
717,breaks in linear flow,"('/home/toffer/Repos/flask-tags/flask-0.12.1/examples/flaskr/flaskr/flaskr.py', 67, 67)"
718,breaks in linear flow,"('/home/toffer/Repos/flask-tags/flask-0.12.1/examples/flaskr/flaskr/flaskr.py', 81, 81)"
719,breaks in linear flow,"('/home/toffer/Repos/flask-tags/flask-0.12.1/examples/flaskr/flaskr/flaskr.py', 94, 94)"
720,breaks in linear flow,"('/home/toffer/Repos/flask-tags/flask-0.12.1/examples/flaskr/flaskr/flaskr.py', 95, 95)"
721,breaks in linear flow,"('/home/toffer/Repos/flask-tags/flask-0.12.1/examples/minitwit/tests/test_minitwit.py', 34, 34)"
722,breaks in linear flow,"('/home/toffer/Repos/flask-tags/flask-0.12.1/examples/minitwit/tests/test_minitwit.py', 36, 36)"
723,breaks in linear flow,"('/home/toffer/Repos/flask-tags/flask-0.12.1/examples/minitwit/tests/test_minitwit.py', 69, 69)"
724,breaks in linear flow,"('/home/toffer/Repos/flask-tags/flask-0.12.1/examples/minitwit/minitwit/minitwit.py', 38, 38)"
725,breaks in linear flow,"('/home/toffer/Repos/flask-tags/flask-0.12.1/examples/minitwit/minitwit/minitwit.py', 48, 48)"
726,breaks in linear flow,"('/home/toffer/Repos/flask-tags/flask-0.12.1/examples/minitwit/minitwit/minitwit.py', 95, 95)"
727,breaks in linear flow,"('/home/toffer/Repos/flask-tags/flask-0.12.1/examples/minitwit/minitwit/minitwit.py', 106, 106)"
728,breaks in linear flow,"('/home/toffer/Repos/flask-tags/flask-0.12.1/examples/minitwit/minitwit/minitwit.py', 132, 132)"
729,breaks in linear flow,"('/home/toffer/Repos/flask-tags/flask-0.12.1/examples/minitwit/minitwit/minitwit.py', 135, 135)"
730,breaks in linear flow,"('/home/toffer/Repos/flask-tags/flask-0.12.1/examples/minitwit/minitwit/minitwit.py', 151, 151)"
731,breaks in linear flow,"('/home/toffer/Repos/flask-tags/flask-0.12.1/examples/minitwit/minitwit/minitwit.py', 154, 154)"
732,breaks in linear flow,"('/home/toffer/Repos/flask-tags/flask-0.12.1/examples/minitwit/minitwit/minitwit.py', 167, 167)"
733,breaks in linear flow,"('/home/toffer/Repos/flask-tags/flask-0.12.1/examples/minitwit/minitwit/minitwit.py', 170, 170)"
734,breaks in linear flow,"('/home/toffer/Repos/flask-tags/flask-0.12.1/examples/minitwit/minitwit/minitwit.py', 183, 183)"
735,breaks in linear flow,"('/home/toffer/Repos/flask-tags/flask-0.12.1/examples/minitwit/minitwit/minitwit.py', 185, 185)"
736,breaks in linear flow,"('/home/toffer/Repos/flask-tags/flask-0.12.1/examples/minitwit/minitwit/minitwit.py', 198, 198)"
737,breaks in linear flow,"('/home/toffer/Repos/flask-tags/flask-0.12.1/examples/minitwit/minitwit/minitwit.py', 201, 201)"
738,breaks in linear flow,"('/home/toffer/Repos/flask-tags/flask-0.12.1/examples/minitwit/minitwit/minitwit.py', 204, 204)"
739,breaks in linear flow,"('/home/toffer/Repos/flask-tags/flask-0.12.1/examples/minitwit/minitwit/minitwit.py', 219, 219)"
740,breaks in linear flow,"('/home/toffer/Repos/flask-tags/flask-0.12.1/examples/minitwit/minitwit/minitwit.py', 222, 222)"
741,breaks in linear flow,"('/home/toffer/Repos/flask-tags/flask-0.12.1/examples/minitwit/minitwit/minitwit.py', 223, 223)"
742,recursion,"('/home/toffer/Repos/flask-tags/flask-0.12.1/tests/test_views.py', 50, 50)"
743,recursion,"('/home/toffer/Repos/flask-tags/flask-0.12.1/scripts/make-release.py', 125, 126)"
744,recursion,"('/home/toffer/Repos/flask-tags/flask-0.12.1/scripts/make-release.py', 138, 138)"
745,recursion,"('/home/toffer/Repos/flask-tags/flask-0.12.1/scripts/flaskext_tester.py', 186, 186)"
746,recursion,"('/home/toffer/Repos/flask-tags/flask-0.12.1/scripts/flaskext_tester.py', 247, 247)"
