,type,file_start_end
0,method length,"('/home/toffer/Repos/flask-tags/flask-0.5/tests/flask_tests.py', 80, 108)"
1,method length,"('/home/toffer/Repos/flask-tags/flask-0.5/tests/flask_tests.py', 239, 266)"
2,method length,"('/home/toffer/Repos/flask-tags/flask-0.5/tests/flask_tests.py', 557, 590)"
3,method length,"('/home/toffer/Repos/flask-tags/flask-0.5/tests/flask_tests.py', 707, 740)"
4,method length,"('/home/toffer/Repos/flask-tags/flask-0.5/tests/flask_tests.py', 776, 805)"
5,method length,"('/home/toffer/Repos/flask-tags/flask-0.5/flask/helpers.py', 56, 86)"
6,method length,"('/home/toffer/Repos/flask-tags/flask-0.5/flask/helpers.py', 89, 122)"
7,method length,"('/home/toffer/Repos/flask-tags/flask-0.5/flask/helpers.py', 196, 291)"
8,method length,"('/home/toffer/Repos/flask-tags/flask-0.5/flask/helpers.py', 294, 327)"
9,method length,"('/home/toffer/Repos/flask-tags/flask-0.5/flask/app.py', 199, 283)"
10,method length,"('/home/toffer/Repos/flask-tags/flask-0.5/flask/app.py', 355, 382)"
11,method length,"('/home/toffer/Repos/flask-tags/flask-0.5/flask/app.py', 443, 485)"
12,method length,"('/home/toffer/Repos/flask-tags/flask-0.5/flask/app.py', 487, 555)"
13,method length,"('/home/toffer/Repos/flask-tags/flask-0.5/flask/app.py', 658, 688)"
14,method length,"('/home/toffer/Repos/flask-tags/flask-0.5/flask/app.py', 728, 765)"
15,method length,"('/home/toffer/Repos/flask-tags/flask-0.5/flask/app.py', 767, 804)"
16,method length,"('/home/toffer/Repos/flask-tags/flask-0.5/flask/config.py', 122, 149)"
17,method length,"('/home/toffer/Repos/flask-tags/flask-0.5/examples/minitwit/minitwit_tests.py', 107, 145)"
18,file length,"('/home/toffer/Repos/flask-tags/flask-0.5/tests/flask_tests.py', -1, -1)"
19,file length,"('/home/toffer/Repos/flask-tags/flask-0.5/flask/helpers.py', -1, -1)"
20,file length,"('/home/toffer/Repos/flask-tags/flask-0.5/flask/app.py', -1, -1)"
21,argument count,"('/home/toffer/Repos/flask-tags/flask-0.5/flask/module.py', 110, 111)"
22,argument count,"('/home/toffer/Repos/flask-tags/flask-0.5/flask/module.py', 130, 130)"
23,argument count,"('/home/toffer/Repos/flask-tags/flask-0.5/flask/helpers.py', 194, 196)"
24,argument count,"('/home/toffer/Repos/flask-tags/flask-0.5/flask/app.py', 443, 443)"
25,argument count,"('/home/toffer/Repos/flask-tags/flask-0.5/examples/minitwit/minitwit_tests.py', 32, 32)"
26,method count,"('/home/toffer/Repos/flask-tags/flask-0.5/tests/flask_tests.py', 37, 943)"
27,method count,"('/home/toffer/Repos/flask-tags/flask-0.5/flask/app.py', 199, 815)"
28,Return Statements,"('/home/toffer/Repos/flask-tags/flask-0.5/tests/flask_tests.py', 592, 613)"
29,breaks in linear flow,"('/home/toffer/Repos/flask-tags/flask-0.5/docs/conf.py', 52, 52)"
30,breaks in linear flow,"('/home/toffer/Repos/flask-tags/flask-0.5/docs/conf.py', 60, 60)"
31,breaks in linear flow,"('/home/toffer/Repos/flask-tags/flask-0.5/tests/flask_tests.py', 75, 75)"
32,breaks in linear flow,"('/home/toffer/Repos/flask-tags/flask-0.5/tests/flask_tests.py', 105, 105)"
33,breaks in linear flow,"('/home/toffer/Repos/flask-tags/flask-0.5/tests/flask_tests.py', 194, 194)"
34,breaks in linear flow,"('/home/toffer/Repos/flask-tags/flask-0.5/tests/flask_tests.py', 404, 404)"
35,breaks in linear flow,"('/home/toffer/Repos/flask-tags/flask-0.5/tests/flask_tests.py', 423, 423)"
36,breaks in linear flow,"('/home/toffer/Repos/flask-tags/flask-0.5/tests/flask_tests.py', 673, 673)"
37,breaks in linear flow,"('/home/toffer/Repos/flask-tags/flask-0.5/tests/flask_tests.py', 679, 679)"
38,breaks in linear flow,"('/home/toffer/Repos/flask-tags/flask-0.5/tests/flask_tests.py', 802, 802)"
39,breaks in linear flow,"('/home/toffer/Repos/flask-tags/flask-0.5/tests/flask_tests.py', 831, 831)"
40,breaks in linear flow,"('/home/toffer/Repos/flask-tags/flask-0.5/tests/flask_tests.py', 835, 835)"
41,breaks in linear flow,"('/home/toffer/Repos/flask-tags/flask-0.5/tests/flask_tests.py', 844, 844)"
42,breaks in linear flow,"('/home/toffer/Repos/flask-tags/flask-0.5/tests/flask_tests.py', 884, 884)"
43,breaks in linear flow,"('/home/toffer/Repos/flask-tags/flask-0.5/tests/flask_tests.py', 940, 940)"
44,breaks in linear flow,"('/home/toffer/Repos/flask-tags/flask-0.5/tests/flask_tests.py', 947, 947)"
45,breaks in linear flow,"('/home/toffer/Repos/flask-tags/flask-0.5/flask/templating.py', 42, 42)"
46,breaks in linear flow,"('/home/toffer/Repos/flask-tags/flask-0.5/flask/templating.py', 44, 44)"
47,breaks in linear flow,"('/home/toffer/Repos/flask-tags/flask-0.5/flask/templating.py', 48, 48)"
48,breaks in linear flow,"('/home/toffer/Repos/flask-tags/flask-0.5/flask/templating.py', 55, 55)"
49,breaks in linear flow,"('/home/toffer/Repos/flask-tags/flask-0.5/flask/templating.py', 56, 56)"
50,breaks in linear flow,"('/home/toffer/Repos/flask-tags/flask-0.5/flask/templating.py', 57, 57)"
51,breaks in linear flow,"('/home/toffer/Repos/flask-tags/flask-0.5/flask/module.py', 25, 25)"
52,breaks in linear flow,"('/home/toffer/Repos/flask-tags/flask-0.5/flask/module.py', 28, 28)"
53,breaks in linear flow,"('/home/toffer/Repos/flask-tags/flask-0.5/flask/module.py', 30, 30)"
54,breaks in linear flow,"('/home/toffer/Repos/flask-tags/flask-0.5/flask/module.py', 112, 112)"
55,breaks in linear flow,"('/home/toffer/Repos/flask-tags/flask-0.5/flask/module.py', 136, 136)"
56,breaks in linear flow,"('/home/toffer/Repos/flask-tags/flask-0.5/flask/__init__.py', 28, 28)"
57,breaks in linear flow,"('/home/toffer/Repos/flask-tags/flask-0.5/flask/ctx.py', 35, 35)"
58,breaks in linear flow,"('/home/toffer/Repos/flask-tags/flask-0.5/flask/ctx.py', 43, 43)"
59,breaks in linear flow,"('/home/toffer/Repos/flask-tags/flask-0.5/flask/ctx.py', 64, 64)"
60,breaks in linear flow,"('/home/toffer/Repos/flask-tags/flask-0.5/flask/helpers.py', 25, 25)"
61,breaks in linear flow,"('/home/toffer/Repos/flask-tags/flask-0.5/flask/helpers.py', 28, 28)"
62,breaks in linear flow,"('/home/toffer/Repos/flask-tags/flask-0.5/flask/helpers.py', 41, 41)"
63,breaks in linear flow,"('/home/toffer/Repos/flask-tags/flask-0.5/flask/helpers.py', 46, 46)"
64,breaks in linear flow,"('/home/toffer/Repos/flask-tags/flask-0.5/flask/helpers.py', 49, 49)"
65,breaks in linear flow,"('/home/toffer/Repos/flask-tags/flask-0.5/flask/helpers.py', 83, 83)"
66,breaks in linear flow,"('/home/toffer/Repos/flask-tags/flask-0.5/flask/helpers.py', 115, 115)"
67,breaks in linear flow,"('/home/toffer/Repos/flask-tags/flask-0.5/flask/helpers.py', 117, 117)"
68,breaks in linear flow,"('/home/toffer/Repos/flask-tags/flask-0.5/flask/helpers.py', 187, 187)"
69,breaks in linear flow,"('/home/toffer/Repos/flask-tags/flask-0.5/flask/helpers.py', 189, 189)"
70,breaks in linear flow,"('/home/toffer/Repos/flask-tags/flask-0.5/flask/helpers.py', 237, 237)"
71,breaks in linear flow,"('/home/toffer/Repos/flask-tags/flask-0.5/flask/helpers.py', 243, 243)"
72,breaks in linear flow,"('/home/toffer/Repos/flask-tags/flask-0.5/flask/helpers.py', 244, 244)"
73,breaks in linear flow,"('/home/toffer/Repos/flask-tags/flask-0.5/flask/helpers.py', 246, 246)"
74,breaks in linear flow,"('/home/toffer/Repos/flask-tags/flask-0.5/flask/helpers.py', 248, 248)"
75,breaks in linear flow,"('/home/toffer/Repos/flask-tags/flask-0.5/flask/helpers.py', 252, 252)"
76,breaks in linear flow,"('/home/toffer/Repos/flask-tags/flask-0.5/flask/helpers.py', 253, 253)"
77,breaks in linear flow,"('/home/toffer/Repos/flask-tags/flask-0.5/flask/helpers.py', 254, 254)"
78,breaks in linear flow,"('/home/toffer/Repos/flask-tags/flask-0.5/flask/helpers.py', 261, 261)"
79,breaks in linear flow,"('/home/toffer/Repos/flask-tags/flask-0.5/flask/helpers.py', 262, 262)"
80,breaks in linear flow,"('/home/toffer/Repos/flask-tags/flask-0.5/flask/helpers.py', 267, 267)"
81,breaks in linear flow,"('/home/toffer/Repos/flask-tags/flask-0.5/flask/helpers.py', 275, 275)"
82,breaks in linear flow,"('/home/toffer/Repos/flask-tags/flask-0.5/flask/helpers.py', 279, 279)"
83,breaks in linear flow,"('/home/toffer/Repos/flask-tags/flask-0.5/flask/helpers.py', 285, 285)"
84,breaks in linear flow,"('/home/toffer/Repos/flask-tags/flask-0.5/flask/helpers.py', 289, 289)"
85,breaks in linear flow,"('/home/toffer/Repos/flask-tags/flask-0.5/flask/helpers.py', 322, 322)"
86,breaks in linear flow,"('/home/toffer/Repos/flask-tags/flask-0.5/flask/helpers.py', 325, 325)"
87,breaks in linear flow,"('/home/toffer/Repos/flask-tags/flask-0.5/flask/helpers.py', 334, 334)"
88,breaks in linear flow,"('/home/toffer/Repos/flask-tags/flask-0.5/flask/helpers.py', 364, 364)"
89,breaks in linear flow,"('/home/toffer/Repos/flask-tags/flask-0.5/flask/app.py', 201, 201)"
90,breaks in linear flow,"('/home/toffer/Repos/flask-tags/flask-0.5/flask/app.py', 275, 275)"
91,breaks in linear flow,"('/home/toffer/Repos/flask-tags/flask-0.5/flask/app.py', 298, 298)"
92,breaks in linear flow,"('/home/toffer/Repos/flask-tags/flask-0.5/flask/app.py', 301, 301)"
93,breaks in linear flow,"('/home/toffer/Repos/flask-tags/flask-0.5/flask/app.py', 314, 314)"
94,breaks in linear flow,"('/home/toffer/Repos/flask-tags/flask-0.5/flask/app.py', 337, 337)"
95,breaks in linear flow,"('/home/toffer/Repos/flask-tags/flask-0.5/flask/app.py', 350, 350)"
96,breaks in linear flow,"('/home/toffer/Repos/flask-tags/flask-0.5/flask/app.py', 352, 352)"
97,breaks in linear flow,"('/home/toffer/Repos/flask-tags/flask-0.5/flask/app.py', 378, 378)"
98,breaks in linear flow,"('/home/toffer/Repos/flask-tags/flask-0.5/flask/app.py', 410, 410)"
99,breaks in linear flow,"('/home/toffer/Repos/flask-tags/flask-0.5/flask/app.py', 424, 424)"
100,breaks in linear flow,"('/home/toffer/Repos/flask-tags/flask-0.5/flask/app.py', 426, 426)"
101,breaks in linear flow,"('/home/toffer/Repos/flask-tags/flask-0.5/flask/app.py', 440, 440)"
102,breaks in linear flow,"('/home/toffer/Repos/flask-tags/flask-0.5/flask/app.py', 477, 477)"
103,breaks in linear flow,"('/home/toffer/Repos/flask-tags/flask-0.5/flask/app.py', 484, 484)"
104,breaks in linear flow,"('/home/toffer/Repos/flask-tags/flask-0.5/flask/app.py', 620, 620)"
105,breaks in linear flow,"('/home/toffer/Repos/flask-tags/flask-0.5/flask/app.py', 634, 634)"
106,breaks in linear flow,"('/home/toffer/Repos/flask-tags/flask-0.5/flask/app.py', 640, 640)"
107,breaks in linear flow,"('/home/toffer/Repos/flask-tags/flask-0.5/flask/app.py', 652, 652)"
108,breaks in linear flow,"('/home/toffer/Repos/flask-tags/flask-0.5/flask/app.py', 655, 655)"
109,breaks in linear flow,"('/home/toffer/Repos/flask-tags/flask-0.5/flask/app.py', 680, 680)"
110,breaks in linear flow,"('/home/toffer/Repos/flask-tags/flask-0.5/flask/app.py', 682, 682)"
111,breaks in linear flow,"('/home/toffer/Repos/flask-tags/flask-0.5/flask/app.py', 684, 684)"
112,breaks in linear flow,"('/home/toffer/Repos/flask-tags/flask-0.5/flask/app.py', 686, 686)"
113,breaks in linear flow,"('/home/toffer/Repos/flask-tags/flask-0.5/flask/app.py', 699, 699)"
114,breaks in linear flow,"('/home/toffer/Repos/flask-tags/flask-0.5/flask/app.py', 701, 701)"
115,breaks in linear flow,"('/home/toffer/Repos/flask-tags/flask-0.5/flask/app.py', 703, 703)"
116,breaks in linear flow,"('/home/toffer/Repos/flask-tags/flask-0.5/flask/app.py', 717, 717)"
117,breaks in linear flow,"('/home/toffer/Repos/flask-tags/flask-0.5/flask/app.py', 720, 720)"
118,breaks in linear flow,"('/home/toffer/Repos/flask-tags/flask-0.5/flask/app.py', 722, 722)"
119,breaks in linear flow,"('/home/toffer/Repos/flask-tags/flask-0.5/flask/app.py', 724, 724)"
120,breaks in linear flow,"('/home/toffer/Repos/flask-tags/flask-0.5/flask/app.py', 756, 756)"
121,breaks in linear flow,"('/home/toffer/Repos/flask-tags/flask-0.5/flask/app.py', 759, 759)"
122,breaks in linear flow,"('/home/toffer/Repos/flask-tags/flask-0.5/flask/app.py', 763, 763)"
123,breaks in linear flow,"('/home/toffer/Repos/flask-tags/flask-0.5/flask/wrappers.py', 46, 46)"
124,breaks in linear flow,"('/home/toffer/Repos/flask-tags/flask-0.5/flask/wrappers.py', 54, 54)"
125,breaks in linear flow,"('/home/toffer/Repos/flask-tags/flask-0.5/flask/wrappers.py', 56, 56)"
126,breaks in linear flow,"('/home/toffer/Repos/flask-tags/flask-0.5/flask/testing.py', 27, 27)"
127,breaks in linear flow,"('/home/toffer/Repos/flask-tags/flask-0.5/flask/testing.py', 44, 44)"
128,breaks in linear flow,"('/home/toffer/Repos/flask-tags/flask-0.5/flask/config.py', 27, 27)"
129,breaks in linear flow,"('/home/toffer/Repos/flask-tags/flask-0.5/flask/config.py', 96, 96)"
130,breaks in linear flow,"('/home/toffer/Repos/flask-tags/flask-0.5/flask/config.py', 97, 97)"
131,breaks in linear flow,"('/home/toffer/Repos/flask-tags/flask-0.5/flask/config.py', 145, 145)"
132,breaks in linear flow,"('/home/toffer/Repos/flask-tags/flask-0.5/flask/config.py', 147, 147)"
133,breaks in linear flow,"('/home/toffer/Repos/flask-tags/flask-0.5/flask/config.py', 148, 148)"
134,breaks in linear flow,"('/home/toffer/Repos/flask-tags/flask-0.5/examples/jqueryexample/jqueryexample.py', 28, 28)"
135,breaks in linear flow,"('/home/toffer/Repos/flask-tags/flask-0.5/examples/flaskr/flaskr.py', 66, 66)"
136,breaks in linear flow,"('/home/toffer/Repos/flask-tags/flask-0.5/examples/flaskr/flaskr.py', 78, 78)"
137,breaks in linear flow,"('/home/toffer/Repos/flask-tags/flask-0.5/examples/flaskr/flaskr.py', 79, 79)"
138,breaks in linear flow,"('/home/toffer/Repos/flask-tags/flask-0.5/examples/flaskr/flaskr.py', 97, 97)"
139,breaks in linear flow,"('/home/toffer/Repos/flask-tags/flask-0.5/examples/flaskr/flaskr_tests.py', 73, 73)"
140,breaks in linear flow,"('/home/toffer/Repos/flask-tags/flask-0.5/examples/minitwit/minitwit.py', 80, 80)"
141,breaks in linear flow,"('/home/toffer/Repos/flask-tags/flask-0.5/examples/minitwit/minitwit.py', 98, 98)"
142,breaks in linear flow,"('/home/toffer/Repos/flask-tags/flask-0.5/examples/minitwit/minitwit.py', 124, 124)"
143,breaks in linear flow,"('/home/toffer/Repos/flask-tags/flask-0.5/examples/minitwit/minitwit.py', 127, 127)"
144,breaks in linear flow,"('/home/toffer/Repos/flask-tags/flask-0.5/examples/minitwit/minitwit.py', 143, 143)"
145,breaks in linear flow,"('/home/toffer/Repos/flask-tags/flask-0.5/examples/minitwit/minitwit.py', 146, 146)"
146,breaks in linear flow,"('/home/toffer/Repos/flask-tags/flask-0.5/examples/minitwit/minitwit.py', 158, 158)"
147,breaks in linear flow,"('/home/toffer/Repos/flask-tags/flask-0.5/examples/minitwit/minitwit.py', 161, 161)"
148,breaks in linear flow,"('/home/toffer/Repos/flask-tags/flask-0.5/examples/minitwit/minitwit.py', 173, 173)"
149,breaks in linear flow,"('/home/toffer/Repos/flask-tags/flask-0.5/examples/minitwit/minitwit.py', 175, 175)"
150,breaks in linear flow,"('/home/toffer/Repos/flask-tags/flask-0.5/examples/minitwit/minitwit.py', 187, 187)"
151,breaks in linear flow,"('/home/toffer/Repos/flask-tags/flask-0.5/examples/minitwit/minitwit.py', 190, 190)"
152,breaks in linear flow,"('/home/toffer/Repos/flask-tags/flask-0.5/examples/minitwit/minitwit.py', 193, 193)"
153,breaks in linear flow,"('/home/toffer/Repos/flask-tags/flask-0.5/examples/minitwit/minitwit.py', 208, 208)"
154,breaks in linear flow,"('/home/toffer/Repos/flask-tags/flask-0.5/examples/minitwit/minitwit.py', 211, 211)"
155,breaks in linear flow,"('/home/toffer/Repos/flask-tags/flask-0.5/examples/minitwit/minitwit.py', 212, 212)"
156,breaks in linear flow,"('/home/toffer/Repos/flask-tags/flask-0.5/examples/minitwit/minitwit.py', 247, 247)"
157,breaks in linear flow,"('/home/toffer/Repos/flask-tags/flask-0.5/examples/minitwit/minitwit_tests.py', 34, 34)"
158,breaks in linear flow,"('/home/toffer/Repos/flask-tags/flask-0.5/examples/minitwit/minitwit_tests.py', 36, 36)"
159,breaks in linear flow,"('/home/toffer/Repos/flask-tags/flask-0.5/examples/minitwit/minitwit_tests.py', 65, 65)"
160,breaks in linear flow,"('/home/toffer/Repos/flask-tags/flask-0.5/examples/minitwit/minitwit_tests.py', 148, 148)"
