,type,file_start_end
0,method length,"('/home/toffer/Repos/flask-tags/flask-0.12.5/tests/test_helpers.py', 244, 272)"
1,method length,"('/home/toffer/Repos/flask-tags/flask-0.12.5/tests/test_helpers.py', 293, 362)"
2,method length,"('/home/toffer/Repos/flask-tags/flask-0.12.5/tests/test_helpers.py', 415, 471)"
3,method length,"('/home/toffer/Repos/flask-tags/flask-0.12.5/tests/test_helpers.py', 477, 534)"
4,method length,"('/home/toffer/Repos/flask-tags/flask-0.12.5/tests/test_helpers.py', 555, 582)"
5,method length,"('/home/toffer/Repos/flask-tags/flask-0.12.5/tests/test_helpers.py', 584, 624)"
6,method length,"('/home/toffer/Repos/flask-tags/flask-0.12.5/tests/conftest.py', 38, 65)"
7,method length,"('/home/toffer/Repos/flask-tags/flask-0.12.5/tests/conftest.py', 94, 120)"
8,method length,"('/home/toffer/Repos/flask-tags/flask-0.12.5/tests/test_cli.py', 147, 174)"
9,method length,"('/home/toffer/Repos/flask-tags/flask-0.12.5/tests/test_basic.py', 107, 143)"
10,method length,"('/home/toffer/Repos/flask-tags/flask-0.12.5/tests/test_basic.py', 318, 350)"
11,method length,"('/home/toffer/Repos/flask-tags/flask-0.12.5/tests/test_basic.py', 372, 401)"
12,method length,"('/home/toffer/Repos/flask-tags/flask-0.12.5/tests/test_basic.py', 404, 445)"
13,method length,"('/home/toffer/Repos/flask-tags/flask-0.12.5/tests/test_basic.py', 467, 546)"
14,method length,"('/home/toffer/Repos/flask-tags/flask-0.12.5/tests/test_basic.py', 656, 691)"
15,method length,"('/home/toffer/Repos/flask-tags/flask-0.12.5/tests/test_basic.py', 694, 729)"
16,method length,"('/home/toffer/Repos/flask-tags/flask-0.12.5/tests/test_basic.py', 732, 768)"
17,method length,"('/home/toffer/Repos/flask-tags/flask-0.12.5/tests/test_basic.py', 845, 877)"
18,method length,"('/home/toffer/Repos/flask-tags/flask-0.12.5/tests/test_basic.py', 930, 987)"
19,method length,"('/home/toffer/Repos/flask-tags/flask-0.12.5/tests/test_basic.py', 1212, 1266)"
20,method length,"('/home/toffer/Repos/flask-tags/flask-0.12.5/tests/test_basic.py', 1336, 1365)"
21,method length,"('/home/toffer/Repos/flask-tags/flask-0.12.5/tests/test_basic.py', 1539, 1571)"
22,method length,"('/home/toffer/Repos/flask-tags/flask-0.12.5/tests/test_signals.py', 73, 110)"
23,method length,"('/home/toffer/Repos/flask-tags/flask-0.12.5/tests/test_ext.py', 40, 66)"
24,method length,"('/home/toffer/Repos/flask-tags/flask-0.12.5/tests/test_reqctx.py', 66, 104)"
25,method length,"('/home/toffer/Repos/flask-tags/flask-0.12.5/tests/test_config.py', 50, 76)"
26,method length,"('/home/toffer/Repos/flask-tags/flask-0.12.5/tests/test_testing.py', 81, 111)"
27,method length,"('/home/toffer/Repos/flask-tags/flask-0.12.5/tests/test_testing.py', 164, 193)"
28,method length,"('/home/toffer/Repos/flask-tags/flask-0.12.5/tests/test_blueprints.py', 21, 59)"
29,method length,"('/home/toffer/Repos/flask-tags/flask-0.12.5/tests/test_blueprints.py', 61, 92)"
30,method length,"('/home/toffer/Repos/flask-tags/flask-0.12.5/tests/test_blueprints.py', 142, 182)"
31,method length,"('/home/toffer/Repos/flask-tags/flask-0.12.5/tests/test_blueprints.py', 273, 304)"
32,method length,"('/home/toffer/Repos/flask-tags/flask-0.12.5/tests/test_blueprints.py', 306, 356)"
33,method length,"('/home/toffer/Repos/flask-tags/flask-0.12.5/tests/test_templating.py', 318, 347)"
34,method length,"('/home/toffer/Repos/flask-tags/flask-0.12.5/tests/test_templating.py', 349, 382)"
35,method length,"('/home/toffer/Repos/flask-tags/flask-0.12.5/tests/test_user_error_handler.py', 6, 32)"
36,method length,"('/home/toffer/Repos/flask-tags/flask-0.12.5/tests/test_user_error_handler.py', 35, 73)"
37,method length,"('/home/toffer/Repos/flask-tags/flask-0.12.5/tests/test_user_error_handler.py', 76, 111)"
38,method length,"('/home/toffer/Repos/flask-tags/flask-0.12.5/tests/test_user_error_handler.py', 114, 140)"
39,method length,"('/home/toffer/Repos/flask-tags/flask-0.12.5/flask/blueprints.py', 25, 60)"
40,method length,"('/home/toffer/Repos/flask-tags/flask-0.12.5/flask/sessions.py', 337, 366)"
41,method length,"('/home/toffer/Repos/flask-tags/flask-0.12.5/flask/ctx.py', 79, 111)"
42,method length,"('/home/toffer/Repos/flask-tags/flask-0.12.5/flask/ctx.py', 114, 143)"
43,method length,"('/home/toffer/Repos/flask-tags/flask-0.12.5/flask/ctx.py', 237, 265)"
44,method length,"('/home/toffer/Repos/flask-tags/flask-0.12.5/flask/ctx.py', 299, 334)"
45,method length,"('/home/toffer/Repos/flask-tags/flask-0.12.5/flask/ctx.py', 336, 379)"
46,method length,"('/home/toffer/Repos/flask-tags/flask-0.12.5/flask/helpers.py', 73, 142)"
47,method length,"('/home/toffer/Repos/flask-tags/flask-0.12.5/flask/helpers.py', 145, 191)"
48,method length,"('/home/toffer/Repos/flask-tags/flask-0.12.5/flask/helpers.py', 194, 337)"
49,method length,"('/home/toffer/Repos/flask-tags/flask-0.12.5/flask/helpers.py', 363, 389)"
50,method length,"('/home/toffer/Repos/flask-tags/flask-0.12.5/flask/helpers.py', 392, 428)"
51,method length,"('/home/toffer/Repos/flask-tags/flask-0.12.5/flask/helpers.py', 433, 603)"
52,method length,"('/home/toffer/Repos/flask-tags/flask-0.12.5/flask/helpers.py', 606, 640)"
53,method length,"('/home/toffer/Repos/flask-tags/flask-0.12.5/flask/helpers.py', 643, 679)"
54,method length,"('/home/toffer/Repos/flask-tags/flask-0.12.5/flask/helpers.py', 682, 725)"
55,method length,"('/home/toffer/Repos/flask-tags/flask-0.12.5/flask/helpers.py', 751, 803)"
56,method length,"('/home/toffer/Repos/flask-tags/flask-0.12.5/flask/app.py', 342, 549)"
57,method length,"('/home/toffer/Repos/flask-tags/flask-0.12.5/flask/app.py', 679, 711)"
58,method length,"('/home/toffer/Repos/flask-tags/flask-0.12.5/flask/app.py', 782, 846)"
59,method length,"('/home/toffer/Repos/flask-tags/flask-0.12.5/flask/app.py', 848, 902)"
60,method length,"('/home/toffer/Repos/flask-tags/flask-0.12.5/flask/app.py', 961, 1052)"
61,method length,"('/home/toffer/Repos/flask-tags/flask-0.12.5/flask/app.py', 1054, 1082)"
62,method length,"('/home/toffer/Repos/flask-tags/flask-0.12.5/flask/app.py', 1116, 1161)"
63,method length,"('/home/toffer/Repos/flask-tags/flask-0.12.5/flask/app.py', 1327, 1363)"
64,method length,"('/home/toffer/Repos/flask-tags/flask-0.12.5/flask/app.py', 1366, 1394)"
65,method length,"('/home/toffer/Repos/flask-tags/flask-0.12.5/flask/app.py', 1520, 1547)"
66,method length,"('/home/toffer/Repos/flask-tags/flask-0.12.5/flask/app.py', 1690, 1750)"
67,method length,"('/home/toffer/Repos/flask-tags/flask-0.12.5/flask/app.py', 1910, 1938)"
68,method length,"('/home/toffer/Repos/flask-tags/flask-0.12.5/flask/app.py', 1952, 1993)"
69,method length,"('/home/toffer/Repos/flask-tags/flask-0.12.5/flask/cli.py', 51, 77)"
70,method length,"('/home/toffer/Repos/flask-tags/flask-0.12.5/flask/cli.py', 80, 111)"
71,method length,"('/home/toffer/Repos/flask-tags/flask-0.12.5/flask/cli.py', 401, 438)"
72,method length,"('/home/toffer/Repos/flask-tags/flask-0.12.5/flask/cli.py', 443, 472)"
73,method length,"('/home/toffer/Repos/flask-tags/flask-0.12.5/flask/wrappers.py', 125, 158)"
74,method length,"('/home/toffer/Repos/flask-tags/flask-0.12.5/flask/testing.py', 65, 112)"
75,method length,"('/home/toffer/Repos/flask-tags/flask-0.12.5/flask/debughelpers.py', 110, 155)"
76,method length,"('/home/toffer/Repos/flask-tags/flask-0.12.5/flask/exthook.py', 63, 110)"
77,method length,"('/home/toffer/Repos/flask-tags/flask-0.12.5/flask/logging.py', 50, 94)"
78,method length,"('/home/toffer/Repos/flask-tags/flask-0.12.5/flask/json.py', 112, 152)"
79,method length,"('/home/toffer/Repos/flask-tags/flask-0.12.5/flask/json.py', 205, 237)"
80,method length,"('/home/toffer/Repos/flask-tags/flask-0.12.5/flask/json.py', 245, 312)"
81,method length,"('/home/toffer/Repos/flask-tags/flask-0.12.5/flask/config.py', 111, 137)"
82,method length,"('/home/toffer/Repos/flask-tags/flask-0.12.5/flask/config.py', 139, 171)"
83,method length,"('/home/toffer/Repos/flask-tags/flask-0.12.5/flask/config.py', 221, 260)"
84,method length,"('/home/toffer/Repos/flask-tags/flask-0.12.5/flask/views.py', 73, 102)"
85,method length,"('/home/toffer/Repos/flask-tags/flask-0.12.5/scripts/make-release.py', 13, 43)"
86,method length,"('/home/toffer/Repos/flask-tags/flask-0.12.5/scripts/make-release.py', 122, 160)"
87,method length,"('/home/toffer/Repos/flask-tags/flask-0.12.5/scripts/flaskext_tester.py', 120, 147)"
88,method length,"('/home/toffer/Repos/flask-tags/flask-0.12.5/scripts/flask-07-upgrade.py', 86, 125)"
89,method length,"('/home/toffer/Repos/flask-tags/flask-0.12.5/scripts/flask-07-upgrade.py', 129, 170)"
90,method length,"('/home/toffer/Repos/flask-tags/flask-0.12.5/scripts/flaskext_compat.py', 51, 83)"
91,method length,"('/home/toffer/Repos/flask-tags/flask-0.12.5/examples/minitwit/tests/test_minitwit.py', 113, 151)"
92,method length,"('/home/toffer/Repos/flask-tags/flask-0.12.5/examples/minitwit/minitwit/minitwit.py', 217, 243)"
93,file length,"('/home/toffer/Repos/flask-tags/flask-0.12.5/tests/test_helpers.py', -1, -1)"
94,file length,"('/home/toffer/Repos/flask-tags/flask-0.12.5/tests/test_basic.py', -1, -1)"
95,file length,"('/home/toffer/Repos/flask-tags/flask-0.12.5/tests/test_blueprints.py', -1, -1)"
96,file length,"('/home/toffer/Repos/flask-tags/flask-0.12.5/tests/test_templating.py', -1, -1)"
97,file length,"('/home/toffer/Repos/flask-tags/flask-0.12.5/flask/blueprints.py', -1, -1)"
98,file length,"('/home/toffer/Repos/flask-tags/flask-0.12.5/flask/sessions.py', -1, -1)"
99,file length,"('/home/toffer/Repos/flask-tags/flask-0.12.5/flask/ctx.py', -1, -1)"
100,file length,"('/home/toffer/Repos/flask-tags/flask-0.12.5/flask/helpers.py', -1, -1)"
101,file length,"('/home/toffer/Repos/flask-tags/flask-0.12.5/flask/app.py', -1, -1)"
102,file length,"('/home/toffer/Repos/flask-tags/flask-0.12.5/flask/cli.py', -1, -1)"
103,argument count,"('/home/toffer/Repos/flask-tags/flask-0.12.5/docs/conf.py', 67, 67)"
104,argument count,"('/home/toffer/Repos/flask-tags/flask-0.12.5/tests/test_basic.py', 1299, 1300)"
105,argument count,"('/home/toffer/Repos/flask-tags/flask-0.12.5/tests/test_basic.py', 1693, 1693)"
106,argument count,"('/home/toffer/Repos/flask-tags/flask-0.12.5/tests/test_instance_config.py', 64, 65)"
107,argument count,"('/home/toffer/Repos/flask-tags/flask-0.12.5/tests/test_instance_config.py', 77, 79)"
108,argument count,"('/home/toffer/Repos/flask-tags/flask-0.12.5/tests/test_instance_config.py', 93, 95)"
109,argument count,"('/home/toffer/Repos/flask-tags/flask-0.12.5/flask/blueprints.py', 24, 24)"
110,argument count,"('/home/toffer/Repos/flask-tags/flask-0.12.5/flask/blueprints.py', 62, 62)"
111,argument count,"('/home/toffer/Repos/flask-tags/flask-0.12.5/flask/blueprints.py', 92, 95)"
112,argument count,"('/home/toffer/Repos/flask-tags/flask-0.12.5/flask/blueprints.py', 166, 166)"
113,argument count,"('/home/toffer/Repos/flask-tags/flask-0.12.5/flask/helpers.py', 431, 433)"
114,argument count,"('/home/toffer/Repos/flask-tags/flask-0.12.5/flask/app.py', 339, 342)"
115,argument count,"('/home/toffer/Repos/flask-tags/flask-0.12.5/flask/app.py', 782, 782)"
116,argument count,"('/home/toffer/Repos/flask-tags/flask-0.12.5/flask/app.py', 961, 961)"
117,argument count,"('/home/toffer/Repos/flask-tags/flask-0.12.5/flask/cli.py', 306, 307)"
118,argument count,"('/home/toffer/Repos/flask-tags/flask-0.12.5/flask/cli.py', 400, 401)"
119,argument count,"('/home/toffer/Repos/flask-tags/flask-0.12.5/flask/testing.py', 24, 24)"
120,argument count,"('/home/toffer/Repos/flask-tags/flask-0.12.5/scripts/flaskext_tester.py', 120, 120)"
121,argument count,"('/home/toffer/Repos/flask-tags/flask-0.12.5/examples/minitwit/tests/test_minitwit.py', 32, 32)"
122,method count,"('/home/toffer/Repos/flask-tags/flask-0.12.5/tests/test_appctx.py', 17, 160)"
123,method count,"('/home/toffer/Repos/flask-tags/flask-0.12.5/tests/test_helpers.py', 29, 908)"
124,method count,"('/home/toffer/Repos/flask-tags/flask-0.12.5/tests/test_basic.py', 28, 1693)"
125,method count,"('/home/toffer/Repos/flask-tags/flask-0.12.5/tests/test_signals.py', 27, 191)"
126,method count,"('/home/toffer/Repos/flask-tags/flask-0.12.5/tests/test_views.py', 19, 153)"
127,method count,"('/home/toffer/Repos/flask-tags/flask-0.12.5/tests/test_ext.py', 24, 198)"
128,method count,"('/home/toffer/Repos/flask-tags/flask-0.12.5/tests/test_reqctx.py', 22, 186)"
129,method count,"('/home/toffer/Repos/flask-tags/flask-0.12.5/tests/test_testing.py', 19, 261)"
130,method count,"('/home/toffer/Repos/flask-tags/flask-0.12.5/tests/test_blueprints.py', 21, 571)"
131,method count,"('/home/toffer/Repos/flask-tags/flask-0.12.5/tests/test_templating.py', 19, 391)"
132,method count,"('/home/toffer/Repos/flask-tags/flask-0.12.5/tests/test_user_error_handler.py', 6, 132)"
133,method count,"('/home/toffer/Repos/flask-tags/flask-0.12.5/flask/blueprints.py', 24, 412)"
134,method count,"('/home/toffer/Repos/flask-tags/flask-0.12.5/flask/sessions.py', 30, 365)"
135,method count,"('/home/toffer/Repos/flask-tags/flask-0.12.5/flask/ctx.py', 29, 409)"
136,method count,"('/home/toffer/Repos/flask-tags/flask-0.12.5/flask/helpers.py', 57, 966)"
137,method count,"('/home/toffer/Repos/flask-tags/flask-0.12.5/flask/app.py', 45, 2002)"
138,method count,"('/home/toffer/Repos/flask-tags/flask-0.12.5/flask/cli.py', 27, 512)"
139,Return Statements,"('/home/toffer/Repos/flask-tags/flask-0.12.5/tests/test_helpers.py', 244, 272)"
140,Return Statements,"('/home/toffer/Repos/flask-tags/flask-0.12.5/tests/test_basic.py', 461, 546)"
141,Return Statements,"('/home/toffer/Repos/flask-tags/flask-0.12.5/tests/test_basic.py', 930, 987)"
142,Return Statements,"('/home/toffer/Repos/flask-tags/flask-0.12.5/tests/test_blueprints.py', 272, 304)"
143,Return Statements,"('/home/toffer/Repos/flask-tags/flask-0.12.5/flask/sessions.py', 52, 76)"
144,Return Statements,"('/home/toffer/Repos/flask-tags/flask-0.12.5/flask/json.py', 112, 152)"
145,Return Statements,"('/home/toffer/Repos/flask-tags/flask-0.12.5/scripts/flask-07-upgrade.py', 86, 125)"
146,Return Statements,"('/home/toffer/Repos/flask-tags/flask-0.12.5/scripts/flask-07-upgrade.py', 128, 170)"
147,nested controlflow,"('/home/toffer/Repos/flask-tags/flask-0.12.5/flask/helpers.py', 276, 284)"
148,nested controlflow,"('/home/toffer/Repos/flask-tags/flask-0.12.5/scripts/flask-07-upgrade.py', 76, 81)"
149,nested controlflow,"('/home/toffer/Repos/flask-tags/flask-0.12.5/scripts/flask-07-upgrade.py', 103, 109)"
150,nested controlflow,"('/home/toffer/Repos/flask-tags/flask-0.12.5/scripts/flask-07-upgrade.py', 249, 263)"
151,breaks in linear flow,"('/home/toffer/Repos/flask-tags/flask-0.12.5/docs/conf.py', 72, 72)"
152,breaks in linear flow,"('/home/toffer/Repos/flask-tags/flask-0.12.5/docs/conf.py', 78, 78)"
153,breaks in linear flow,"('/home/toffer/Repos/flask-tags/flask-0.12.5/docs/conf.py', 83, 83)"
154,breaks in linear flow,"('/home/toffer/Repos/flask-tags/flask-0.12.5/tests/test_appctx.py', 73, 73)"
155,breaks in linear flow,"('/home/toffer/Repos/flask-tags/flask-0.12.5/tests/test_appctx.py', 91, 91)"
156,breaks in linear flow,"('/home/toffer/Repos/flask-tags/flask-0.12.5/tests/test_appctx.py', 166, 166)"
157,breaks in linear flow,"('/home/toffer/Repos/flask-tags/flask-0.12.5/tests/test_helpers.py', 34, 34)"
158,breaks in linear flow,"('/home/toffer/Repos/flask-tags/flask-0.12.5/tests/test_helpers.py', 155, 155)"
159,breaks in linear flow,"('/home/toffer/Repos/flask-tags/flask-0.12.5/tests/test_helpers.py', 175, 175)"
160,breaks in linear flow,"('/home/toffer/Repos/flask-tags/flask-0.12.5/tests/test_helpers.py', 189, 189)"
161,breaks in linear flow,"('/home/toffer/Repos/flask-tags/flask-0.12.5/tests/test_helpers.py', 250, 250)"
162,breaks in linear flow,"('/home/toffer/Repos/flask-tags/flask-0.12.5/tests/test_helpers.py', 258, 258)"
163,breaks in linear flow,"('/home/toffer/Repos/flask-tags/flask-0.12.5/tests/test_helpers.py', 290, 290)"
164,breaks in linear flow,"('/home/toffer/Repos/flask-tags/flask-0.12.5/tests/test_helpers.py', 361, 361)"
165,breaks in linear flow,"('/home/toffer/Repos/flask-tags/flask-0.12.5/tests/test_helpers.py', 714, 714)"
166,breaks in linear flow,"('/home/toffer/Repos/flask-tags/flask-0.12.5/tests/test_helpers.py', 718, 718)"
167,breaks in linear flow,"('/home/toffer/Repos/flask-tags/flask-0.12.5/tests/test_helpers.py', 727, 727)"
168,breaks in linear flow,"('/home/toffer/Repos/flask-tags/flask-0.12.5/tests/test_helpers.py', 774, 774)"
169,breaks in linear flow,"('/home/toffer/Repos/flask-tags/flask-0.12.5/tests/test_helpers.py', 808, 808)"
170,breaks in linear flow,"('/home/toffer/Repos/flask-tags/flask-0.12.5/tests/test_helpers.py', 891, 891)"
171,breaks in linear flow,"('/home/toffer/Repos/flask-tags/flask-0.12.5/tests/test_helpers.py', 907, 907)"
172,breaks in linear flow,"('/home/toffer/Repos/flask-tags/flask-0.12.5/tests/conftest.py', 31, 31)"
173,breaks in linear flow,"('/home/toffer/Repos/flask-tags/flask-0.12.5/tests/conftest.py', 48, 48)"
174,breaks in linear flow,"('/home/toffer/Repos/flask-tags/flask-0.12.5/tests/conftest.py', 56, 56)"
175,breaks in linear flow,"('/home/toffer/Repos/flask-tags/flask-0.12.5/tests/conftest.py', 98, 98)"
176,breaks in linear flow,"('/home/toffer/Repos/flask-tags/flask-0.12.5/tests/test_regression.py', 44, 44)"
177,breaks in linear flow,"('/home/toffer/Repos/flask-tags/flask-0.12.5/tests/test_regression.py', 67, 67)"
178,breaks in linear flow,"('/home/toffer/Repos/flask-tags/flask-0.12.5/tests/test_regression.py', 70, 70)"
179,breaks in linear flow,"('/home/toffer/Repos/flask-tags/flask-0.12.5/tests/test_basic.py', 670, 670)"
180,breaks in linear flow,"('/home/toffer/Repos/flask-tags/flask-0.12.5/tests/test_basic.py', 682, 682)"
181,breaks in linear flow,"('/home/toffer/Repos/flask-tags/flask-0.12.5/tests/test_basic.py', 1105, 1105)"
182,breaks in linear flow,"('/home/toffer/Repos/flask-tags/flask-0.12.5/tests/test_basic.py', 1109, 1109)"
183,breaks in linear flow,"('/home/toffer/Repos/flask-tags/flask-0.12.5/tests/test_basic.py', 1200, 1200)"
184,breaks in linear flow,"('/home/toffer/Repos/flask-tags/flask-0.12.5/tests/test_basic.py', 1244, 1244)"
185,breaks in linear flow,"('/home/toffer/Repos/flask-tags/flask-0.12.5/tests/test_basic.py', 1257, 1257)"
186,breaks in linear flow,"('/home/toffer/Repos/flask-tags/flask-0.12.5/tests/test_basic.py', 1278, 1278)"
187,breaks in linear flow,"('/home/toffer/Repos/flask-tags/flask-0.12.5/tests/test_basic.py', 1289, 1289)"
188,breaks in linear flow,"('/home/toffer/Repos/flask-tags/flask-0.12.5/tests/test_basic.py', 1341, 1341)"
189,breaks in linear flow,"('/home/toffer/Repos/flask-tags/flask-0.12.5/tests/test_basic.py', 1527, 1527)"
190,breaks in linear flow,"('/home/toffer/Repos/flask-tags/flask-0.12.5/tests/test_signals.py', 16, 16)"
191,breaks in linear flow,"('/home/toffer/Repos/flask-tags/flask-0.12.5/tests/test_ext.py', 17, 17)"
192,breaks in linear flow,"('/home/toffer/Repos/flask-tags/flask-0.12.5/tests/test_ext.py', 41, 41)"
193,breaks in linear flow,"('/home/toffer/Repos/flask-tags/flask-0.12.5/tests/test_ext.py', 42, 42)"
194,breaks in linear flow,"('/home/toffer/Repos/flask-tags/flask-0.12.5/tests/test_ext.py', 54, 54)"
195,breaks in linear flow,"('/home/toffer/Repos/flask-tags/flask-0.12.5/tests/test_ext.py', 56, 56)"
196,breaks in linear flow,"('/home/toffer/Repos/flask-tags/flask-0.12.5/tests/test_ext.py', 63, 63)"
197,breaks in linear flow,"('/home/toffer/Repos/flask-tags/flask-0.12.5/tests/test_ext.py', 174, 174)"
198,breaks in linear flow,"('/home/toffer/Repos/flask-tags/flask-0.12.5/tests/test_ext.py', 184, 184)"
199,breaks in linear flow,"('/home/toffer/Repos/flask-tags/flask-0.12.5/tests/test_ext.py', 194, 194)"
200,breaks in linear flow,"('/home/toffer/Repos/flask-tags/flask-0.12.5/tests/test_reqctx.py', 18, 18)"
201,breaks in linear flow,"('/home/toffer/Repos/flask-tags/flask-0.12.5/tests/test_reqctx.py', 44, 44)"
202,breaks in linear flow,"('/home/toffer/Repos/flask-tags/flask-0.12.5/tests/test_reqctx.py', 62, 62)"
203,breaks in linear flow,"('/home/toffer/Repos/flask-tags/flask-0.12.5/tests/test_reqctx.py', 91, 91)"
204,breaks in linear flow,"('/home/toffer/Repos/flask-tags/flask-0.12.5/tests/test_config.py', 205, 205)"
205,breaks in linear flow,"('/home/toffer/Repos/flask-tags/flask-0.12.5/tests/test_instance_config.py', 117, 117)"
206,breaks in linear flow,"('/home/toffer/Repos/flask-tags/flask-0.12.5/tests/test_testing.py', 87, 87)"
207,breaks in linear flow,"('/home/toffer/Repos/flask-tags/flask-0.12.5/tests/test_testing.py', 107, 107)"
208,breaks in linear flow,"('/home/toffer/Repos/flask-tags/flask-0.12.5/tests/test_testing.py', 190, 190)"
209,breaks in linear flow,"('/home/toffer/Repos/flask-tags/flask-0.12.5/tests/test_blueprints.py', 163, 163)"
210,breaks in linear flow,"('/home/toffer/Repos/flask-tags/flask-0.12.5/tests/test_blueprints.py', 198, 198)"
211,breaks in linear flow,"('/home/toffer/Repos/flask-tags/flask-0.12.5/tests/test_blueprints.py', 317, 317)"
212,breaks in linear flow,"('/home/toffer/Repos/flask-tags/flask-0.12.5/tests/test_blueprints.py', 326, 326)"
213,breaks in linear flow,"('/home/toffer/Repos/flask-tags/flask-0.12.5/flask/blueprints.py', 42, 42)"
214,breaks in linear flow,"('/home/toffer/Repos/flask-tags/flask-0.12.5/flask/blueprints.py', 50, 50)"
215,breaks in linear flow,"('/home/toffer/Repos/flask-tags/flask-0.12.5/flask/blueprints.py', 67, 67)"
216,breaks in linear flow,"('/home/toffer/Repos/flask-tags/flask-0.12.5/flask/blueprints.py', 70, 70)"
217,breaks in linear flow,"('/home/toffer/Repos/flask-tags/flask-0.12.5/flask/blueprints.py', 73, 73)"
218,breaks in linear flow,"('/home/toffer/Repos/flask-tags/flask-0.12.5/flask/blueprints.py', 104, 104)"
219,breaks in linear flow,"('/home/toffer/Repos/flask-tags/flask-0.12.5/flask/blueprints.py', 114, 114)"
220,breaks in linear flow,"('/home/toffer/Repos/flask-tags/flask-0.12.5/flask/blueprints.py', 128, 128)"
221,breaks in linear flow,"('/home/toffer/Repos/flask-tags/flask-0.12.5/flask/blueprints.py', 148, 148)"
222,breaks in linear flow,"('/home/toffer/Repos/flask-tags/flask-0.12.5/flask/blueprints.py', 153, 153)"
223,breaks in linear flow,"('/home/toffer/Repos/flask-tags/flask-0.12.5/flask/blueprints.py', 170, 170)"
224,breaks in linear flow,"('/home/toffer/Repos/flask-tags/flask-0.12.5/flask/globals.py', 36, 36)"
225,breaks in linear flow,"('/home/toffer/Repos/flask-tags/flask-0.12.5/flask/globals.py', 43, 43)"
226,breaks in linear flow,"('/home/toffer/Repos/flask-tags/flask-0.12.5/flask/globals.py', 50, 50)"
227,breaks in linear flow,"('/home/toffer/Repos/flask-tags/flask-0.12.5/flask/__main__.py', 13, 13)"
228,breaks in linear flow,"('/home/toffer/Repos/flask-tags/flask-0.12.5/flask/sessions.py', 53, 53)"
229,breaks in linear flow,"('/home/toffer/Repos/flask-tags/flask-0.12.5/flask/sessions.py', 70, 70)"
230,breaks in linear flow,"('/home/toffer/Repos/flask-tags/flask-0.12.5/flask/sessions.py', 97, 97)"
231,breaks in linear flow,"('/home/toffer/Repos/flask-tags/flask-0.12.5/flask/sessions.py', 102, 102)"
232,breaks in linear flow,"('/home/toffer/Repos/flask-tags/flask-0.12.5/flask/sessions.py', 206, 206)"
233,breaks in linear flow,"('/home/toffer/Repos/flask-tags/flask-0.12.5/flask/sessions.py', 208, 208)"
234,breaks in linear flow,"('/home/toffer/Repos/flask-tags/flask-0.12.5/flask/sessions.py', 215, 215)"
235,breaks in linear flow,"('/home/toffer/Repos/flask-tags/flask-0.12.5/flask/sessions.py', 221, 221)"
236,breaks in linear flow,"('/home/toffer/Repos/flask-tags/flask-0.12.5/flask/sessions.py', 223, 223)"
237,breaks in linear flow,"('/home/toffer/Repos/flask-tags/flask-0.12.5/flask/sessions.py', 256, 256)"
238,breaks in linear flow,"('/home/toffer/Repos/flask-tags/flask-0.12.5/flask/sessions.py', 272, 272)"
239,breaks in linear flow,"('/home/toffer/Repos/flask-tags/flask-0.12.5/flask/sessions.py', 313, 313)"
240,breaks in linear flow,"('/home/toffer/Repos/flask-tags/flask-0.12.5/flask/sessions.py', 325, 325)"
241,breaks in linear flow,"('/home/toffer/Repos/flask-tags/flask-0.12.5/flask/sessions.py', 328, 328)"
242,breaks in linear flow,"('/home/toffer/Repos/flask-tags/flask-0.12.5/flask/sessions.py', 334, 334)"
243,breaks in linear flow,"('/home/toffer/Repos/flask-tags/flask-0.12.5/flask/sessions.py', 344, 344)"
244,breaks in linear flow,"('/home/toffer/Repos/flask-tags/flask-0.12.5/flask/sessions.py', 345, 345)"
245,breaks in linear flow,"('/home/toffer/Repos/flask-tags/flask-0.12.5/flask/sessions.py', 357, 357)"
246,breaks in linear flow,"('/home/toffer/Repos/flask-tags/flask-0.12.5/flask/templating.py', 25, 25)"
247,breaks in linear flow,"('/home/toffer/Repos/flask-tags/flask-0.12.5/flask/templating.py', 27, 27)"
248,breaks in linear flow,"('/home/toffer/Repos/flask-tags/flask-0.12.5/flask/templating.py', 40, 40)"
249,breaks in linear flow,"('/home/toffer/Repos/flask-tags/flask-0.12.5/flask/templating.py', 55, 55)"
250,breaks in linear flow,"('/home/toffer/Repos/flask-tags/flask-0.12.5/flask/templating.py', 63, 63)"
251,breaks in linear flow,"('/home/toffer/Repos/flask-tags/flask-0.12.5/flask/templating.py', 66, 66)"
252,breaks in linear flow,"('/home/toffer/Repos/flask-tags/flask-0.12.5/flask/templating.py', 68, 68)"
253,breaks in linear flow,"('/home/toffer/Repos/flask-tags/flask-0.12.5/flask/templating.py', 75, 75)"
254,breaks in linear flow,"('/home/toffer/Repos/flask-tags/flask-0.12.5/flask/templating.py', 80, 80)"
255,breaks in linear flow,"('/home/toffer/Repos/flask-tags/flask-0.12.5/flask/templating.py', 83, 83)"
256,breaks in linear flow,"('/home/toffer/Repos/flask-tags/flask-0.12.5/flask/templating.py', 84, 84)"
257,breaks in linear flow,"('/home/toffer/Repos/flask-tags/flask-0.12.5/flask/templating.py', 89, 89)"
258,breaks in linear flow,"('/home/toffer/Repos/flask-tags/flask-0.12.5/flask/templating.py', 92, 92)"
259,breaks in linear flow,"('/home/toffer/Repos/flask-tags/flask-0.12.5/flask/templating.py', 94, 94)"
260,breaks in linear flow,"('/home/toffer/Repos/flask-tags/flask-0.12.5/flask/templating.py', 100, 100)"
261,breaks in linear flow,"('/home/toffer/Repos/flask-tags/flask-0.12.5/flask/templating.py', 103, 103)"
262,breaks in linear flow,"('/home/toffer/Repos/flask-tags/flask-0.12.5/flask/templating.py', 105, 105)"
263,breaks in linear flow,"('/home/toffer/Repos/flask-tags/flask-0.12.5/flask/templating.py', 106, 106)"
264,breaks in linear flow,"('/home/toffer/Repos/flask-tags/flask-0.12.5/flask/ctx.py', 33, 33)"
265,breaks in linear flow,"('/home/toffer/Repos/flask-tags/flask-0.12.5/flask/ctx.py', 49, 49)"
266,breaks in linear flow,"('/home/toffer/Repos/flask-tags/flask-0.12.5/flask/ctx.py', 103, 103)"
267,breaks in linear flow,"('/home/toffer/Repos/flask-tags/flask-0.12.5/flask/ctx.py', 177, 177)"
268,breaks in linear flow,"('/home/toffer/Repos/flask-tags/flask-0.12.5/flask/ctx.py', 186, 186)"
269,breaks in linear flow,"('/home/toffer/Repos/flask-tags/flask-0.12.5/flask/ctx.py', 187, 187)"
270,breaks in linear flow,"('/home/toffer/Repos/flask-tags/flask-0.12.5/flask/ctx.py', 203, 203)"
271,breaks in linear flow,"('/home/toffer/Repos/flask-tags/flask-0.12.5/flask/ctx.py', 239, 239)"
272,breaks in linear flow,"('/home/toffer/Repos/flask-tags/flask-0.12.5/flask/ctx.py', 296, 296)"
273,breaks in linear flow,"('/home/toffer/Repos/flask-tags/flask-0.12.5/flask/ctx.py', 310, 310)"
274,breaks in linear flow,"('/home/toffer/Repos/flask-tags/flask-0.12.5/flask/ctx.py', 316, 316)"
275,breaks in linear flow,"('/home/toffer/Repos/flask-tags/flask-0.12.5/flask/ctx.py', 323, 323)"
276,breaks in linear flow,"('/home/toffer/Repos/flask-tags/flask-0.12.5/flask/ctx.py', 333, 333)"
277,breaks in linear flow,"('/home/toffer/Repos/flask-tags/flask-0.12.5/flask/ctx.py', 348, 348)"
278,breaks in linear flow,"('/home/toffer/Repos/flask-tags/flask-0.12.5/flask/ctx.py', 351, 351)"
279,breaks in linear flow,"('/home/toffer/Repos/flask-tags/flask-0.12.5/flask/ctx.py', 359, 359)"
280,breaks in linear flow,"('/home/toffer/Repos/flask-tags/flask-0.12.5/flask/ctx.py', 363, 363)"
281,breaks in linear flow,"('/home/toffer/Repos/flask-tags/flask-0.12.5/flask/ctx.py', 371, 371)"
282,breaks in linear flow,"('/home/toffer/Repos/flask-tags/flask-0.12.5/flask/ctx.py', 375, 375)"
283,breaks in linear flow,"('/home/toffer/Repos/flask-tags/flask-0.12.5/flask/ctx.py', 382, 382)"
284,breaks in linear flow,"('/home/toffer/Repos/flask-tags/flask-0.12.5/flask/ctx.py', 401, 401)"
285,breaks in linear flow,"('/home/toffer/Repos/flask-tags/flask-0.12.5/flask/helpers.py', 25, 25)"
286,breaks in linear flow,"('/home/toffer/Repos/flask-tags/flask-0.12.5/flask/helpers.py', 35, 35)"
287,breaks in linear flow,"('/home/toffer/Repos/flask-tags/flask-0.12.5/flask/helpers.py', 59, 59)"
288,breaks in linear flow,"('/home/toffer/Repos/flask-tags/flask-0.12.5/flask/helpers.py', 109, 109)"
289,breaks in linear flow,"('/home/toffer/Repos/flask-tags/flask-0.12.5/flask/helpers.py', 117, 117)"
290,breaks in linear flow,"('/home/toffer/Repos/flask-tags/flask-0.12.5/flask/helpers.py', 130, 130)"
291,breaks in linear flow,"('/home/toffer/Repos/flask-tags/flask-0.12.5/flask/helpers.py', 133, 133)"
292,breaks in linear flow,"('/home/toffer/Repos/flask-tags/flask-0.12.5/flask/helpers.py', 187, 187)"
293,breaks in linear flow,"('/home/toffer/Repos/flask-tags/flask-0.12.5/flask/helpers.py', 189, 189)"
294,breaks in linear flow,"('/home/toffer/Repos/flask-tags/flask-0.12.5/flask/helpers.py', 269, 269)"
295,breaks in linear flow,"('/home/toffer/Repos/flask-tags/flask-0.12.5/flask/helpers.py', 276, 276)"
296,breaks in linear flow,"('/home/toffer/Repos/flask-tags/flask-0.12.5/flask/helpers.py', 279, 279)"
297,breaks in linear flow,"('/home/toffer/Repos/flask-tags/flask-0.12.5/flask/helpers.py', 280, 280)"
298,breaks in linear flow,"('/home/toffer/Repos/flask-tags/flask-0.12.5/flask/helpers.py', 281, 281)"
299,breaks in linear flow,"('/home/toffer/Repos/flask-tags/flask-0.12.5/flask/helpers.py', 287, 287)"
300,breaks in linear flow,"('/home/toffer/Repos/flask-tags/flask-0.12.5/flask/helpers.py', 288, 288)"
301,breaks in linear flow,"('/home/toffer/Repos/flask-tags/flask-0.12.5/flask/helpers.py', 298, 298)"
302,breaks in linear flow,"('/home/toffer/Repos/flask-tags/flask-0.12.5/flask/helpers.py', 314, 314)"
303,breaks in linear flow,"('/home/toffer/Repos/flask-tags/flask-0.12.5/flask/helpers.py', 315, 315)"
304,breaks in linear flow,"('/home/toffer/Repos/flask-tags/flask-0.12.5/flask/helpers.py', 325, 325)"
305,breaks in linear flow,"('/home/toffer/Repos/flask-tags/flask-0.12.5/flask/helpers.py', 327, 327)"
306,breaks in linear flow,"('/home/toffer/Repos/flask-tags/flask-0.12.5/flask/helpers.py', 335, 335)"
307,breaks in linear flow,"('/home/toffer/Repos/flask-tags/flask-0.12.5/flask/helpers.py', 421, 421)"
308,breaks in linear flow,"('/home/toffer/Repos/flask-tags/flask-0.12.5/flask/helpers.py', 424, 424)"
309,breaks in linear flow,"('/home/toffer/Repos/flask-tags/flask-0.12.5/flask/helpers.py', 426, 426)"
310,breaks in linear flow,"('/home/toffer/Repos/flask-tags/flask-0.12.5/flask/helpers.py', 509, 509)"
311,breaks in linear flow,"('/home/toffer/Repos/flask-tags/flask-0.12.5/flask/helpers.py', 511, 511)"
312,breaks in linear flow,"('/home/toffer/Repos/flask-tags/flask-0.12.5/flask/helpers.py', 514, 514)"
313,breaks in linear flow,"('/home/toffer/Repos/flask-tags/flask-0.12.5/flask/helpers.py', 520, 520)"
314,breaks in linear flow,"('/home/toffer/Repos/flask-tags/flask-0.12.5/flask/helpers.py', 521, 521)"
315,breaks in linear flow,"('/home/toffer/Repos/flask-tags/flask-0.12.5/flask/helpers.py', 525, 525)"
316,breaks in linear flow,"('/home/toffer/Repos/flask-tags/flask-0.12.5/flask/helpers.py', 533, 533)"
317,breaks in linear flow,"('/home/toffer/Repos/flask-tags/flask-0.12.5/flask/helpers.py', 534, 534)"
318,breaks in linear flow,"('/home/toffer/Repos/flask-tags/flask-0.12.5/flask/helpers.py', 540, 540)"
319,breaks in linear flow,"('/home/toffer/Repos/flask-tags/flask-0.12.5/flask/helpers.py', 541, 541)"
320,breaks in linear flow,"('/home/toffer/Repos/flask-tags/flask-0.12.5/flask/helpers.py', 548, 548)"
321,breaks in linear flow,"('/home/toffer/Repos/flask-tags/flask-0.12.5/flask/helpers.py', 558, 558)"
322,breaks in linear flow,"('/home/toffer/Repos/flask-tags/flask-0.12.5/flask/helpers.py', 564, 564)"
323,breaks in linear flow,"('/home/toffer/Repos/flask-tags/flask-0.12.5/flask/helpers.py', 566, 566)"
324,breaks in linear flow,"('/home/toffer/Repos/flask-tags/flask-0.12.5/flask/helpers.py', 570, 570)"
325,breaks in linear flow,"('/home/toffer/Repos/flask-tags/flask-0.12.5/flask/helpers.py', 582, 582)"
326,breaks in linear flow,"('/home/toffer/Repos/flask-tags/flask-0.12.5/flask/helpers.py', 586, 586)"
327,breaks in linear flow,"('/home/toffer/Repos/flask-tags/flask-0.12.5/flask/helpers.py', 587, 587)"
328,breaks in linear flow,"('/home/toffer/Repos/flask-tags/flask-0.12.5/flask/helpers.py', 593, 593)"
329,breaks in linear flow,"('/home/toffer/Repos/flask-tags/flask-0.12.5/flask/helpers.py', 594, 594)"
330,breaks in linear flow,"('/home/toffer/Repos/flask-tags/flask-0.12.5/flask/helpers.py', 601, 601)"
331,breaks in linear flow,"('/home/toffer/Repos/flask-tags/flask-0.12.5/flask/helpers.py', 626, 626)"
332,breaks in linear flow,"('/home/toffer/Repos/flask-tags/flask-0.12.5/flask/helpers.py', 627, 627)"
333,breaks in linear flow,"('/home/toffer/Repos/flask-tags/flask-0.12.5/flask/helpers.py', 630, 630)"
334,breaks in linear flow,"('/home/toffer/Repos/flask-tags/flask-0.12.5/flask/helpers.py', 671, 671)"
335,breaks in linear flow,"('/home/toffer/Repos/flask-tags/flask-0.12.5/flask/helpers.py', 674, 674)"
336,breaks in linear flow,"('/home/toffer/Repos/flask-tags/flask-0.12.5/flask/helpers.py', 676, 676)"
337,breaks in linear flow,"('/home/toffer/Repos/flask-tags/flask-0.12.5/flask/helpers.py', 690, 690)"
338,breaks in linear flow,"('/home/toffer/Repos/flask-tags/flask-0.12.5/flask/helpers.py', 699, 699)"
339,breaks in linear flow,"('/home/toffer/Repos/flask-tags/flask-0.12.5/flask/helpers.py', 704, 704)"
340,breaks in linear flow,"('/home/toffer/Repos/flask-tags/flask-0.12.5/flask/helpers.py', 715, 715)"
341,breaks in linear flow,"('/home/toffer/Repos/flask-tags/flask-0.12.5/flask/helpers.py', 734, 734)"
342,breaks in linear flow,"('/home/toffer/Repos/flask-tags/flask-0.12.5/flask/helpers.py', 761, 761)"
343,breaks in linear flow,"('/home/toffer/Repos/flask-tags/flask-0.12.5/flask/helpers.py', 766, 766)"
344,breaks in linear flow,"('/home/toffer/Repos/flask-tags/flask-0.12.5/flask/helpers.py', 784, 784)"
345,breaks in linear flow,"('/home/toffer/Repos/flask-tags/flask-0.12.5/flask/helpers.py', 790, 790)"
346,breaks in linear flow,"('/home/toffer/Repos/flask-tags/flask-0.12.5/flask/helpers.py', 795, 795)"
347,breaks in linear flow,"('/home/toffer/Repos/flask-tags/flask-0.12.5/flask/helpers.py', 822, 822)"
348,breaks in linear flow,"('/home/toffer/Repos/flask-tags/flask-0.12.5/flask/helpers.py', 826, 826)"
349,breaks in linear flow,"('/home/toffer/Repos/flask-tags/flask-0.12.5/flask/helpers.py', 843, 843)"
350,breaks in linear flow,"('/home/toffer/Repos/flask-tags/flask-0.12.5/flask/helpers.py', 853, 853)"
351,breaks in linear flow,"('/home/toffer/Repos/flask-tags/flask-0.12.5/flask/helpers.py', 863, 863)"
352,breaks in linear flow,"('/home/toffer/Repos/flask-tags/flask-0.12.5/flask/helpers.py', 865, 865)"
353,breaks in linear flow,"('/home/toffer/Repos/flask-tags/flask-0.12.5/flask/helpers.py', 887, 887)"
354,breaks in linear flow,"('/home/toffer/Repos/flask-tags/flask-0.12.5/flask/helpers.py', 923, 923)"
355,breaks in linear flow,"('/home/toffer/Repos/flask-tags/flask-0.12.5/flask/helpers.py', 954, 954)"
356,breaks in linear flow,"('/home/toffer/Repos/flask-tags/flask-0.12.5/flask/app.py', 46, 46)"
357,breaks in linear flow,"('/home/toffer/Repos/flask-tags/flask-0.12.5/flask/app.py', 56, 56)"
358,breaks in linear flow,"('/home/toffer/Repos/flask-tags/flask-0.12.5/flask/app.py', 346, 346)"
359,breaks in linear flow,"('/home/toffer/Repos/flask-tags/flask-0.12.5/flask/app.py', 352, 352)"
360,breaks in linear flow,"('/home/toffer/Repos/flask-tags/flask-0.12.5/flask/app.py', 354, 354)"
361,breaks in linear flow,"('/home/toffer/Repos/flask-tags/flask-0.12.5/flask/app.py', 356, 356)"
362,breaks in linear flow,"('/home/toffer/Repos/flask-tags/flask-0.12.5/flask/app.py', 538, 538)"
363,breaks in linear flow,"('/home/toffer/Repos/flask-tags/flask-0.12.5/flask/app.py', 572, 572)"
364,breaks in linear flow,"('/home/toffer/Repos/flask-tags/flask-0.12.5/flask/app.py', 574, 574)"
365,breaks in linear flow,"('/home/toffer/Repos/flask-tags/flask-0.12.5/flask/app.py', 587, 587)"
366,breaks in linear flow,"('/home/toffer/Repos/flask-tags/flask-0.12.5/flask/app.py', 600, 600)"
367,breaks in linear flow,"('/home/toffer/Repos/flask-tags/flask-0.12.5/flask/app.py', 617, 617)"
368,breaks in linear flow,"('/home/toffer/Repos/flask-tags/flask-0.12.5/flask/app.py', 620, 620)"
369,breaks in linear flow,"('/home/toffer/Repos/flask-tags/flask-0.12.5/flask/app.py', 650, 650)"
370,breaks in linear flow,"('/home/toffer/Repos/flask-tags/flask-0.12.5/flask/app.py', 663, 663)"
371,breaks in linear flow,"('/home/toffer/Repos/flask-tags/flask-0.12.5/flask/app.py', 691, 691)"
372,breaks in linear flow,"('/home/toffer/Repos/flask-tags/flask-0.12.5/flask/app.py', 693, 693)"
373,breaks in linear flow,"('/home/toffer/Repos/flask-tags/flask-0.12.5/flask/app.py', 694, 694)"
374,breaks in linear flow,"('/home/toffer/Repos/flask-tags/flask-0.12.5/flask/app.py', 741, 741)"
375,breaks in linear flow,"('/home/toffer/Repos/flask-tags/flask-0.12.5/flask/app.py', 758, 758)"
376,breaks in linear flow,"('/home/toffer/Repos/flask-tags/flask-0.12.5/flask/app.py', 760, 760)"
377,breaks in linear flow,"('/home/toffer/Repos/flask-tags/flask-0.12.5/flask/app.py', 763, 763)"
378,breaks in linear flow,"('/home/toffer/Repos/flask-tags/flask-0.12.5/flask/app.py', 778, 778)"
379,breaks in linear flow,"('/home/toffer/Repos/flask-tags/flask-0.12.5/flask/app.py', 828, 828)"
380,breaks in linear flow,"('/home/toffer/Repos/flask-tags/flask-0.12.5/flask/app.py', 830, 830)"
381,breaks in linear flow,"('/home/toffer/Repos/flask-tags/flask-0.12.5/flask/app.py', 832, 832)"
382,breaks in linear flow,"('/home/toffer/Repos/flask-tags/flask-0.12.5/flask/app.py', 836, 836)"
383,breaks in linear flow,"('/home/toffer/Repos/flask-tags/flask-0.12.5/flask/app.py', 900, 900)"
384,breaks in linear flow,"('/home/toffer/Repos/flask-tags/flask-0.12.5/flask/app.py', 941, 941)"
385,breaks in linear flow,"('/home/toffer/Repos/flask-tags/flask-0.12.5/flask/app.py', 1010, 1010)"
386,breaks in linear flow,"('/home/toffer/Repos/flask-tags/flask-0.12.5/flask/app.py', 1018, 1018)"
387,breaks in linear flow,"('/home/toffer/Repos/flask-tags/flask-0.12.5/flask/app.py', 1020, 1020)"
388,breaks in linear flow,"('/home/toffer/Repos/flask-tags/flask-0.12.5/flask/app.py', 1033, 1033)"
389,breaks in linear flow,"('/home/toffer/Repos/flask-tags/flask-0.12.5/flask/app.py', 1034, 1034)"
390,breaks in linear flow,"('/home/toffer/Repos/flask-tags/flask-0.12.5/flask/app.py', 1047, 1047)"
391,breaks in linear flow,"('/home/toffer/Repos/flask-tags/flask-0.12.5/flask/app.py', 1049, 1049)"
392,breaks in linear flow,"('/home/toffer/Repos/flask-tags/flask-0.12.5/flask/app.py', 1103, 1103)"
393,breaks in linear flow,"('/home/toffer/Repos/flask-tags/flask-0.12.5/flask/app.py', 1110, 1110)"
394,breaks in linear flow,"('/home/toffer/Repos/flask-tags/flask-0.12.5/flask/app.py', 1179, 1179)"
395,breaks in linear flow,"('/home/toffer/Repos/flask-tags/flask-0.12.5/flask/app.py', 1437, 1437)"
396,breaks in linear flow,"('/home/toffer/Repos/flask-tags/flask-0.12.5/flask/app.py', 1439, 1439)"
397,breaks in linear flow,"('/home/toffer/Repos/flask-tags/flask-0.12.5/flask/app.py', 1441, 1441)"
398,breaks in linear flow,"('/home/toffer/Repos/flask-tags/flask-0.12.5/flask/app.py', 1450, 1450)"
399,breaks in linear flow,"('/home/toffer/Repos/flask-tags/flask-0.12.5/flask/app.py', 1465, 1465)"
400,breaks in linear flow,"('/home/toffer/Repos/flask-tags/flask-0.12.5/flask/app.py', 1469, 1469)"
401,breaks in linear flow,"('/home/toffer/Repos/flask-tags/flask-0.12.5/flask/app.py', 1487, 1487)"
402,breaks in linear flow,"('/home/toffer/Repos/flask-tags/flask-0.12.5/flask/app.py', 1489, 1489)"
403,breaks in linear flow,"('/home/toffer/Repos/flask-tags/flask-0.12.5/flask/app.py', 1511, 1511)"
404,breaks in linear flow,"('/home/toffer/Repos/flask-tags/flask-0.12.5/flask/app.py', 1516, 1516)"
405,breaks in linear flow,"('/home/toffer/Repos/flask-tags/flask-0.12.5/flask/app.py', 1534, 1534)"
406,breaks in linear flow,"('/home/toffer/Repos/flask-tags/flask-0.12.5/flask/app.py', 1539, 1539)"
407,breaks in linear flow,"('/home/toffer/Repos/flask-tags/flask-0.12.5/flask/app.py', 1545, 1545)"
408,breaks in linear flow,"('/home/toffer/Repos/flask-tags/flask-0.12.5/flask/app.py', 1570, 1570)"
409,breaks in linear flow,"('/home/toffer/Repos/flask-tags/flask-0.12.5/flask/app.py', 1589, 1589)"
410,breaks in linear flow,"('/home/toffer/Repos/flask-tags/flask-0.12.5/flask/app.py', 1594, 1594)"
411,breaks in linear flow,"('/home/toffer/Repos/flask-tags/flask-0.12.5/flask/app.py', 1611, 1611)"
412,breaks in linear flow,"('/home/toffer/Repos/flask-tags/flask-0.12.5/flask/app.py', 1613, 1613)"
413,breaks in linear flow,"('/home/toffer/Repos/flask-tags/flask-0.12.5/flask/app.py', 1634, 1634)"
414,breaks in linear flow,"('/home/toffer/Repos/flask-tags/flask-0.12.5/flask/app.py', 1635, 1635)"
415,breaks in linear flow,"('/home/toffer/Repos/flask-tags/flask-0.12.5/flask/app.py', 1648, 1648)"
416,breaks in linear flow,"('/home/toffer/Repos/flask-tags/flask-0.12.5/flask/app.py', 1651, 1651)"
417,breaks in linear flow,"('/home/toffer/Repos/flask-tags/flask-0.12.5/flask/app.py', 1653, 1653)"
418,breaks in linear flow,"('/home/toffer/Repos/flask-tags/flask-0.12.5/flask/app.py', 1665, 1665)"
419,breaks in linear flow,"('/home/toffer/Repos/flask-tags/flask-0.12.5/flask/app.py', 1672, 1672)"
420,breaks in linear flow,"('/home/toffer/Repos/flask-tags/flask-0.12.5/flask/app.py', 1674, 1674)"
421,breaks in linear flow,"('/home/toffer/Repos/flask-tags/flask-0.12.5/flask/app.py', 1721, 1721)"
422,breaks in linear flow,"('/home/toffer/Repos/flask-tags/flask-0.12.5/flask/app.py', 1724, 1724)"
423,breaks in linear flow,"('/home/toffer/Repos/flask-tags/flask-0.12.5/flask/app.py', 1727, 1727)"
424,breaks in linear flow,"('/home/toffer/Repos/flask-tags/flask-0.12.5/flask/app.py', 1730, 1730)"
425,breaks in linear flow,"('/home/toffer/Repos/flask-tags/flask-0.12.5/flask/app.py', 1735, 1735)"
426,breaks in linear flow,"('/home/toffer/Repos/flask-tags/flask-0.12.5/flask/app.py', 1742, 1742)"
427,breaks in linear flow,"('/home/toffer/Repos/flask-tags/flask-0.12.5/flask/app.py', 1743, 1743)"
428,breaks in linear flow,"('/home/toffer/Repos/flask-tags/flask-0.12.5/flask/app.py', 1747, 1747)"
429,breaks in linear flow,"('/home/toffer/Repos/flask-tags/flask-0.12.5/flask/app.py', 1763, 1763)"
430,breaks in linear flow,"('/home/toffer/Repos/flask-tags/flask-0.12.5/flask/app.py', 1768, 1768)"
431,breaks in linear flow,"('/home/toffer/Repos/flask-tags/flask-0.12.5/flask/app.py', 1782, 1782)"
432,breaks in linear flow,"('/home/toffer/Repos/flask-tags/flask-0.12.5/flask/app.py', 1785, 1785)"
433,breaks in linear flow,"('/home/toffer/Repos/flask-tags/flask-0.12.5/flask/app.py', 1792, 1792)"
434,breaks in linear flow,"('/home/toffer/Repos/flask-tags/flask-0.12.5/flask/app.py', 1795, 1795)"
435,breaks in linear flow,"('/home/toffer/Repos/flask-tags/flask-0.12.5/flask/app.py', 1797, 1797)"
436,breaks in linear flow,"('/home/toffer/Repos/flask-tags/flask-0.12.5/flask/app.py', 1804, 1804)"
437,breaks in linear flow,"('/home/toffer/Repos/flask-tags/flask-0.12.5/flask/app.py', 1822, 1822)"
438,breaks in linear flow,"('/home/toffer/Repos/flask-tags/flask-0.12.5/flask/app.py', 1824, 1824)"
439,breaks in linear flow,"('/home/toffer/Repos/flask-tags/flask-0.12.5/flask/app.py', 1828, 1828)"
440,breaks in linear flow,"('/home/toffer/Repos/flask-tags/flask-0.12.5/flask/app.py', 1830, 1830)"
441,breaks in linear flow,"('/home/toffer/Repos/flask-tags/flask-0.12.5/flask/app.py', 1832, 1832)"
442,breaks in linear flow,"('/home/toffer/Repos/flask-tags/flask-0.12.5/flask/app.py', 1851, 1851)"
443,breaks in linear flow,"('/home/toffer/Repos/flask-tags/flask-0.12.5/flask/app.py', 1853, 1853)"
444,breaks in linear flow,"('/home/toffer/Repos/flask-tags/flask-0.12.5/flask/app.py', 1855, 1855)"
445,breaks in linear flow,"('/home/toffer/Repos/flask-tags/flask-0.12.5/flask/app.py', 1857, 1857)"
446,breaks in linear flow,"('/home/toffer/Repos/flask-tags/flask-0.12.5/flask/app.py', 1872, 1872)"
447,breaks in linear flow,"('/home/toffer/Repos/flask-tags/flask-0.12.5/flask/app.py', 1876, 1876)"
448,breaks in linear flow,"('/home/toffer/Repos/flask-tags/flask-0.12.5/flask/app.py', 1878, 1878)"
449,breaks in linear flow,"('/home/toffer/Repos/flask-tags/flask-0.12.5/flask/app.py', 1889, 1889)"
450,breaks in linear flow,"('/home/toffer/Repos/flask-tags/flask-0.12.5/flask/app.py', 1891, 1891)"
451,breaks in linear flow,"('/home/toffer/Repos/flask-tags/flask-0.12.5/flask/app.py', 1983, 1983)"
452,breaks in linear flow,"('/home/toffer/Repos/flask-tags/flask-0.12.5/flask/app.py', 1986, 1986)"
453,breaks in linear flow,"('/home/toffer/Repos/flask-tags/flask-0.12.5/flask/app.py', 1991, 1991)"
454,breaks in linear flow,"('/home/toffer/Repos/flask-tags/flask-0.12.5/flask/cli.py', 34, 34)"
455,breaks in linear flow,"('/home/toffer/Repos/flask-tags/flask-0.12.5/flask/cli.py', 36, 36)"
456,breaks in linear flow,"('/home/toffer/Repos/flask-tags/flask-0.12.5/flask/cli.py', 43, 43)"
457,breaks in linear flow,"('/home/toffer/Repos/flask-tags/flask-0.12.5/flask/cli.py', 58, 58)"
458,breaks in linear flow,"('/home/toffer/Repos/flask-tags/flask-0.12.5/flask/cli.py', 70, 70)"
459,breaks in linear flow,"('/home/toffer/Repos/flask-tags/flask-0.12.5/flask/cli.py', 73, 73)"
460,breaks in linear flow,"('/home/toffer/Repos/flask-tags/flask-0.12.5/flask/cli.py', 74, 74)"
461,breaks in linear flow,"('/home/toffer/Repos/flask-tags/flask-0.12.5/flask/cli.py', 83, 83)"
462,breaks in linear flow,"('/home/toffer/Repos/flask-tags/flask-0.12.5/flask/cli.py', 91, 91)"
463,breaks in linear flow,"('/home/toffer/Repos/flask-tags/flask-0.12.5/flask/cli.py', 94, 94)"
464,breaks in linear flow,"('/home/toffer/Repos/flask-tags/flask-0.12.5/flask/cli.py', 103, 103)"
465,breaks in linear flow,"('/home/toffer/Repos/flask-tags/flask-0.12.5/flask/cli.py', 107, 107)"
466,breaks in linear flow,"('/home/toffer/Repos/flask-tags/flask-0.12.5/flask/cli.py', 116, 116)"
467,breaks in linear flow,"('/home/toffer/Repos/flask-tags/flask-0.12.5/flask/cli.py', 118, 118)"
468,breaks in linear flow,"('/home/toffer/Repos/flask-tags/flask-0.12.5/flask/cli.py', 124, 124)"
469,breaks in linear flow,"('/home/toffer/Repos/flask-tags/flask-0.12.5/flask/cli.py', 151, 151)"
470,breaks in linear flow,"('/home/toffer/Repos/flask-tags/flask-0.12.5/flask/cli.py', 162, 162)"
471,breaks in linear flow,"('/home/toffer/Repos/flask-tags/flask-0.12.5/flask/cli.py', 170, 170)"
472,breaks in linear flow,"('/home/toffer/Repos/flask-tags/flask-0.12.5/flask/cli.py', 182, 182)"
473,breaks in linear flow,"('/home/toffer/Repos/flask-tags/flask-0.12.5/flask/cli.py', 186, 186)"
474,breaks in linear flow,"('/home/toffer/Repos/flask-tags/flask-0.12.5/flask/cli.py', 203, 203)"
475,breaks in linear flow,"('/home/toffer/Repos/flask-tags/flask-0.12.5/flask/cli.py', 204, 204)"
476,breaks in linear flow,"('/home/toffer/Repos/flask-tags/flask-0.12.5/flask/cli.py', 226, 226)"
477,breaks in linear flow,"('/home/toffer/Repos/flask-tags/flask-0.12.5/flask/cli.py', 228, 228)"
478,breaks in linear flow,"('/home/toffer/Repos/flask-tags/flask-0.12.5/flask/cli.py', 231, 231)"
479,breaks in linear flow,"('/home/toffer/Repos/flask-tags/flask-0.12.5/flask/cli.py', 239, 239)"
480,breaks in linear flow,"('/home/toffer/Repos/flask-tags/flask-0.12.5/flask/cli.py', 276, 276)"
481,breaks in linear flow,"('/home/toffer/Repos/flask-tags/flask-0.12.5/flask/cli.py', 310, 310)"
482,breaks in linear flow,"('/home/toffer/Repos/flask-tags/flask-0.12.5/flask/cli.py', 316, 316)"
483,breaks in linear flow,"('/home/toffer/Repos/flask-tags/flask-0.12.5/flask/cli.py', 323, 323)"
484,breaks in linear flow,"('/home/toffer/Repos/flask-tags/flask-0.12.5/flask/cli.py', 327, 327)"
485,breaks in linear flow,"('/home/toffer/Repos/flask-tags/flask-0.12.5/flask/cli.py', 331, 331)"
486,breaks in linear flow,"('/home/toffer/Repos/flask-tags/flask-0.12.5/flask/cli.py', 346, 346)"
487,breaks in linear flow,"('/home/toffer/Repos/flask-tags/flask-0.12.5/flask/cli.py', 352, 352)"
488,breaks in linear flow,"('/home/toffer/Repos/flask-tags/flask-0.12.5/flask/cli.py', 354, 354)"
489,breaks in linear flow,"('/home/toffer/Repos/flask-tags/flask-0.12.5/flask/cli.py', 366, 366)"
490,breaks in linear flow,"('/home/toffer/Repos/flask-tags/flask-0.12.5/flask/cli.py', 376, 376)"
491,breaks in linear flow,"('/home/toffer/Repos/flask-tags/flask-0.12.5/flask/cli.py', 416, 416)"
492,breaks in linear flow,"('/home/toffer/Repos/flask-tags/flask-0.12.5/flask/cli.py', 418, 418)"
493,breaks in linear flow,"('/home/toffer/Repos/flask-tags/flask-0.12.5/flask/cli.py', 420, 420)"
494,breaks in linear flow,"('/home/toffer/Repos/flask-tags/flask-0.12.5/flask/cli.py', 427, 427)"
495,breaks in linear flow,"('/home/toffer/Repos/flask-tags/flask-0.12.5/flask/cli.py', 432, 432)"
496,breaks in linear flow,"('/home/toffer/Repos/flask-tags/flask-0.12.5/flask/cli.py', 434, 434)"
497,breaks in linear flow,"('/home/toffer/Repos/flask-tags/flask-0.12.5/flask/cli.py', 466, 466)"
498,breaks in linear flow,"('/home/toffer/Repos/flask-tags/flask-0.12.5/flask/cli.py', 499, 499)"
499,breaks in linear flow,"('/home/toffer/Repos/flask-tags/flask-0.12.5/flask/cli.py', 502, 502)"
500,breaks in linear flow,"('/home/toffer/Repos/flask-tags/flask-0.12.5/flask/cli.py', 516, 516)"
501,breaks in linear flow,"('/home/toffer/Repos/flask-tags/flask-0.12.5/flask/wrappers.py', 23, 23)"
502,breaks in linear flow,"('/home/toffer/Repos/flask-tags/flask-0.12.5/flask/wrappers.py', 66, 66)"
503,breaks in linear flow,"('/home/toffer/Repos/flask-tags/flask-0.12.5/flask/wrappers.py', 76, 76)"
504,breaks in linear flow,"('/home/toffer/Repos/flask-tags/flask-0.12.5/flask/wrappers.py', 89, 89)"
505,breaks in linear flow,"('/home/toffer/Repos/flask-tags/flask-0.12.5/flask/wrappers.py', 95, 95)"
506,breaks in linear flow,"('/home/toffer/Repos/flask-tags/flask-0.12.5/flask/wrappers.py', 119, 119)"
507,breaks in linear flow,"('/home/toffer/Repos/flask-tags/flask-0.12.5/flask/wrappers.py', 121, 121)"
508,breaks in linear flow,"('/home/toffer/Repos/flask-tags/flask-0.12.5/flask/wrappers.py', 141, 141)"
509,breaks in linear flow,"('/home/toffer/Repos/flask-tags/flask-0.12.5/flask/wrappers.py', 144, 144)"
510,breaks in linear flow,"('/home/toffer/Repos/flask-tags/flask-0.12.5/flask/wrappers.py', 151, 151)"
511,breaks in linear flow,"('/home/toffer/Repos/flask-tags/flask-0.12.5/flask/wrappers.py', 152, 152)"
512,breaks in linear flow,"('/home/toffer/Repos/flask-tags/flask-0.12.5/flask/wrappers.py', 156, 156)"
513,breaks in linear flow,"('/home/toffer/Repos/flask-tags/flask-0.12.5/flask/wrappers.py', 173, 173)"
514,breaks in linear flow,"('/home/toffer/Repos/flask-tags/flask-0.12.5/flask/wrappers.py', 183, 183)"
515,breaks in linear flow,"('/home/toffer/Repos/flask-tags/flask-0.12.5/flask/testing.py', 20, 20)"
516,breaks in linear flow,"('/home/toffer/Repos/flask-tags/flask-0.12.5/flask/testing.py', 28, 28)"
517,breaks in linear flow,"('/home/toffer/Repos/flask-tags/flask-0.12.5/flask/testing.py', 31, 31)"
518,breaks in linear flow,"('/home/toffer/Repos/flask-tags/flask-0.12.5/flask/testing.py', 33, 33)"
519,breaks in linear flow,"('/home/toffer/Repos/flask-tags/flask-0.12.5/flask/testing.py', 35, 35)"
520,breaks in linear flow,"('/home/toffer/Repos/flask-tags/flask-0.12.5/flask/testing.py', 82, 82)"
521,breaks in linear flow,"('/home/toffer/Repos/flask-tags/flask-0.12.5/flask/testing.py', 91, 91)"
522,breaks in linear flow,"('/home/toffer/Repos/flask-tags/flask-0.12.5/flask/testing.py', 109, 109)"
523,breaks in linear flow,"('/home/toffer/Repos/flask-tags/flask-0.12.5/flask/testing.py', 130, 130)"
524,breaks in linear flow,"('/home/toffer/Repos/flask-tags/flask-0.12.5/flask/testing.py', 142, 142)"
525,breaks in linear flow,"('/home/toffer/Repos/flask-tags/flask-0.12.5/flask/debughelpers.py', 37, 37)"
526,breaks in linear flow,"('/home/toffer/Repos/flask-tags/flask-0.12.5/flask/debughelpers.py', 60, 60)"
527,breaks in linear flow,"('/home/toffer/Repos/flask-tags/flask-0.12.5/flask/debughelpers.py', 84, 84)"
528,breaks in linear flow,"('/home/toffer/Repos/flask-tags/flask-0.12.5/flask/debughelpers.py', 85, 85)"
529,breaks in linear flow,"('/home/toffer/Repos/flask-tags/flask-0.12.5/flask/debughelpers.py', 95, 95)"
530,breaks in linear flow,"('/home/toffer/Repos/flask-tags/flask-0.12.5/flask/debughelpers.py', 96, 96)"
531,breaks in linear flow,"('/home/toffer/Repos/flask-tags/flask-0.12.5/flask/debughelpers.py', 97, 97)"
532,breaks in linear flow,"('/home/toffer/Repos/flask-tags/flask-0.12.5/flask/debughelpers.py', 98, 98)"
533,breaks in linear flow,"('/home/toffer/Repos/flask-tags/flask-0.12.5/flask/debughelpers.py', 99, 99)"
534,breaks in linear flow,"('/home/toffer/Repos/flask-tags/flask-0.12.5/flask/debughelpers.py', 100, 100)"
535,breaks in linear flow,"('/home/toffer/Repos/flask-tags/flask-0.12.5/flask/debughelpers.py', 102, 102)"
536,breaks in linear flow,"('/home/toffer/Repos/flask-tags/flask-0.12.5/flask/debughelpers.py', 104, 104)"
537,breaks in linear flow,"('/home/toffer/Repos/flask-tags/flask-0.12.5/flask/debughelpers.py', 106, 106)"
538,breaks in linear flow,"('/home/toffer/Repos/flask-tags/flask-0.12.5/flask/debughelpers.py', 116, 116)"
539,breaks in linear flow,"('/home/toffer/Repos/flask-tags/flask-0.12.5/flask/debughelpers.py', 119, 119)"
540,breaks in linear flow,"('/home/toffer/Repos/flask-tags/flask-0.12.5/flask/debughelpers.py', 120, 120)"
541,breaks in linear flow,"('/home/toffer/Repos/flask-tags/flask-0.12.5/flask/debughelpers.py', 131, 131)"
542,breaks in linear flow,"('/home/toffer/Repos/flask-tags/flask-0.12.5/flask/debughelpers.py', 134, 134)"
543,breaks in linear flow,"('/home/toffer/Repos/flask-tags/flask-0.12.5/flask/debughelpers.py', 142, 142)"
544,breaks in linear flow,"('/home/toffer/Repos/flask-tags/flask-0.12.5/flask/debughelpers.py', 149, 149)"
545,breaks in linear flow,"('/home/toffer/Repos/flask-tags/flask-0.12.5/flask/exthook.py', 59, 59)"
546,breaks in linear flow,"('/home/toffer/Repos/flask-tags/flask-0.12.5/flask/exthook.py', 64, 64)"
547,breaks in linear flow,"('/home/toffer/Repos/flask-tags/flask-0.12.5/flask/exthook.py', 74, 74)"
548,breaks in linear flow,"('/home/toffer/Repos/flask-tags/flask-0.12.5/flask/exthook.py', 78, 78)"
549,breaks in linear flow,"('/home/toffer/Repos/flask-tags/flask-0.12.5/flask/exthook.py', 95, 95)"
550,breaks in linear flow,"('/home/toffer/Repos/flask-tags/flask-0.12.5/flask/exthook.py', 97, 97)"
551,breaks in linear flow,"('/home/toffer/Repos/flask-tags/flask-0.12.5/flask/exthook.py', 99, 99)"
552,breaks in linear flow,"('/home/toffer/Repos/flask-tags/flask-0.12.5/flask/exthook.py', 102, 102)"
553,breaks in linear flow,"('/home/toffer/Repos/flask-tags/flask-0.12.5/flask/exthook.py', 118, 118)"
554,breaks in linear flow,"('/home/toffer/Repos/flask-tags/flask-0.12.5/flask/exthook.py', 119, 119)"
555,breaks in linear flow,"('/home/toffer/Repos/flask-tags/flask-0.12.5/flask/exthook.py', 127, 127)"
556,breaks in linear flow,"('/home/toffer/Repos/flask-tags/flask-0.12.5/flask/exthook.py', 134, 134)"
557,breaks in linear flow,"('/home/toffer/Repos/flask-tags/flask-0.12.5/flask/logging.py', 38, 38)"
558,breaks in linear flow,"('/home/toffer/Repos/flask-tags/flask-0.12.5/flask/logging.py', 45, 45)"
559,breaks in linear flow,"('/home/toffer/Repos/flask-tags/flask-0.12.5/flask/logging.py', 61, 61)"
560,breaks in linear flow,"('/home/toffer/Repos/flask-tags/flask-0.12.5/flask/logging.py', 67, 67)"
561,breaks in linear flow,"('/home/toffer/Repos/flask-tags/flask-0.12.5/flask/logging.py', 72, 72)"
562,breaks in linear flow,"('/home/toffer/Repos/flask-tags/flask-0.12.5/flask/json.py', 37, 37)"
563,breaks in linear flow,"('/home/toffer/Repos/flask-tags/flask-0.12.5/flask/json.py', 45, 45)"
564,breaks in linear flow,"('/home/toffer/Repos/flask-tags/flask-0.12.5/flask/json.py', 75, 75)"
565,breaks in linear flow,"('/home/toffer/Repos/flask-tags/flask-0.12.5/flask/json.py', 77, 77)"
566,breaks in linear flow,"('/home/toffer/Repos/flask-tags/flask-0.12.5/flask/json.py', 79, 79)"
567,breaks in linear flow,"('/home/toffer/Repos/flask-tags/flask-0.12.5/flask/json.py', 94, 94)"
568,breaks in linear flow,"('/home/toffer/Repos/flask-tags/flask-0.12.5/flask/json.py', 96, 96)"
569,breaks in linear flow,"('/home/toffer/Repos/flask-tags/flask-0.12.5/flask/json.py', 106, 106)"
570,breaks in linear flow,"('/home/toffer/Repos/flask-tags/flask-0.12.5/flask/json.py', 124, 124)"
571,breaks in linear flow,"('/home/toffer/Repos/flask-tags/flask-0.12.5/flask/json.py', 127, 127)"
572,breaks in linear flow,"('/home/toffer/Repos/flask-tags/flask-0.12.5/flask/json.py', 130, 130)"
573,breaks in linear flow,"('/home/toffer/Repos/flask-tags/flask-0.12.5/flask/json.py', 133, 133)"
574,breaks in linear flow,"('/home/toffer/Repos/flask-tags/flask-0.12.5/flask/json.py', 136, 136)"
575,breaks in linear flow,"('/home/toffer/Repos/flask-tags/flask-0.12.5/flask/json.py', 137, 137)"
576,breaks in linear flow,"('/home/toffer/Repos/flask-tags/flask-0.12.5/flask/json.py', 140, 140)"
577,breaks in linear flow,"('/home/toffer/Repos/flask-tags/flask-0.12.5/flask/json.py', 143, 143)"
578,breaks in linear flow,"('/home/toffer/Repos/flask-tags/flask-0.12.5/flask/json.py', 146, 146)"
579,breaks in linear flow,"('/home/toffer/Repos/flask-tags/flask-0.12.5/flask/json.py', 149, 149)"
580,breaks in linear flow,"('/home/toffer/Repos/flask-tags/flask-0.12.5/flask/json.py', 168, 168)"
581,breaks in linear flow,"('/home/toffer/Repos/flask-tags/flask-0.12.5/flask/json.py', 177, 177)"
582,breaks in linear flow,"('/home/toffer/Repos/flask-tags/flask-0.12.5/flask/json.py', 188, 188)"
583,breaks in linear flow,"('/home/toffer/Repos/flask-tags/flask-0.12.5/flask/json.py', 190, 190)"
584,breaks in linear flow,"('/home/toffer/Repos/flask-tags/flask-0.12.5/flask/json.py', 200, 200)"
585,breaks in linear flow,"('/home/toffer/Repos/flask-tags/flask-0.12.5/flask/json.py', 235, 235)"
586,breaks in linear flow,"('/home/toffer/Repos/flask-tags/flask-0.12.5/flask/json.py', 298, 298)"
587,breaks in linear flow,"('/home/toffer/Repos/flask-tags/flask-0.12.5/flask/json.py', 302, 302)"
588,breaks in linear flow,"('/home/toffer/Repos/flask-tags/flask-0.12.5/flask/config.py', 29, 29)"
589,breaks in linear flow,"('/home/toffer/Repos/flask-tags/flask-0.12.5/flask/config.py', 32, 32)"
590,breaks in linear flow,"('/home/toffer/Repos/flask-tags/flask-0.12.5/flask/config.py', 101, 101)"
591,breaks in linear flow,"('/home/toffer/Repos/flask-tags/flask-0.12.5/flask/config.py', 102, 102)"
592,breaks in linear flow,"('/home/toffer/Repos/flask-tags/flask-0.12.5/flask/config.py', 131, 131)"
593,breaks in linear flow,"('/home/toffer/Repos/flask-tags/flask-0.12.5/flask/config.py', 132, 132)"
594,breaks in linear flow,"('/home/toffer/Repos/flask-tags/flask-0.12.5/flask/config.py', 167, 167)"
595,breaks in linear flow,"('/home/toffer/Repos/flask-tags/flask-0.12.5/flask/config.py', 169, 169)"
596,breaks in linear flow,"('/home/toffer/Repos/flask-tags/flask-0.12.5/flask/config.py', 170, 170)"
597,breaks in linear flow,"('/home/toffer/Repos/flask-tags/flask-0.12.5/flask/config.py', 191, 191)"
598,breaks in linear flow,"('/home/toffer/Repos/flask-tags/flask-0.12.5/flask/config.py', 192, 192)"
599,breaks in linear flow,"('/home/toffer/Repos/flask-tags/flask-0.12.5/flask/config.py', 205, 205)"
600,breaks in linear flow,"('/home/toffer/Repos/flask-tags/flask-0.12.5/flask/config.py', 206, 206)"
601,breaks in linear flow,"('/home/toffer/Repos/flask-tags/flask-0.12.5/flask/config.py', 215, 215)"
602,breaks in linear flow,"('/home/toffer/Repos/flask-tags/flask-0.12.5/flask/config.py', 216, 216)"
603,breaks in linear flow,"('/home/toffer/Repos/flask-tags/flask-0.12.5/flask/config.py', 217, 217)"
604,breaks in linear flow,"('/home/toffer/Repos/flask-tags/flask-0.12.5/flask/config.py', 250, 250)"
605,breaks in linear flow,"('/home/toffer/Repos/flask-tags/flask-0.12.5/flask/config.py', 251, 251)"
606,breaks in linear flow,"('/home/toffer/Repos/flask-tags/flask-0.12.5/flask/config.py', 252, 252)"
607,breaks in linear flow,"('/home/toffer/Repos/flask-tags/flask-0.12.5/flask/config.py', 253, 253)"
608,breaks in linear flow,"('/home/toffer/Repos/flask-tags/flask-0.12.5/flask/config.py', 257, 257)"
609,breaks in linear flow,"('/home/toffer/Repos/flask-tags/flask-0.12.5/flask/views.py', 86, 86)"
610,breaks in linear flow,"('/home/toffer/Repos/flask-tags/flask-0.12.5/flask/views.py', 89, 89)"
611,breaks in linear flow,"('/home/toffer/Repos/flask-tags/flask-0.12.5/flask/views.py', 109, 109)"
612,breaks in linear flow,"('/home/toffer/Repos/flask-tags/flask-0.12.5/flask/views.py', 111, 111)"
613,breaks in linear flow,"('/home/toffer/Repos/flask-tags/flask-0.12.5/flask/views.py', 112, 112)"
614,breaks in linear flow,"('/home/toffer/Repos/flask-tags/flask-0.12.5/flask/views.py', 118, 118)"
615,breaks in linear flow,"('/home/toffer/Repos/flask-tags/flask-0.12.5/flask/views.py', 146, 146)"
616,breaks in linear flow,"('/home/toffer/Repos/flask-tags/flask-0.12.5/flask/signals.py', 16, 16)"
617,breaks in linear flow,"('/home/toffer/Repos/flask-tags/flask-0.12.5/flask/_compat.py', 19, 19)"
618,breaks in linear flow,"('/home/toffer/Repos/flask-tags/flask-0.12.5/flask/_compat.py', 31, 31)"
619,breaks in linear flow,"('/home/toffer/Repos/flask-tags/flask-0.12.5/flask/_compat.py', 79, 79)"
620,breaks in linear flow,"('/home/toffer/Repos/flask-tags/flask-0.12.5/flask/_compat.py', 84, 84)"
621,breaks in linear flow,"('/home/toffer/Repos/flask-tags/flask-0.12.5/flask/_compat.py', 91, 91)"
622,breaks in linear flow,"('/home/toffer/Repos/flask-tags/flask-0.12.5/flask/_compat.py', 93, 93)"
623,breaks in linear flow,"('/home/toffer/Repos/flask-tags/flask-0.12.5/flask/_compat.py', 95, 95)"
624,breaks in linear flow,"('/home/toffer/Repos/flask-tags/flask-0.12.5/scripts/make-release.py', 16, 16)"
625,breaks in linear flow,"('/home/toffer/Repos/flask-tags/flask-0.12.5/scripts/make-release.py', 19, 19)"
626,breaks in linear flow,"('/home/toffer/Repos/flask-tags/flask-0.12.5/scripts/make-release.py', 20, 20)"
627,breaks in linear flow,"('/home/toffer/Repos/flask-tags/flask-0.12.5/scripts/make-release.py', 24, 24)"
628,breaks in linear flow,"('/home/toffer/Repos/flask-tags/flask-0.12.5/scripts/make-release.py', 25, 25)"
629,breaks in linear flow,"('/home/toffer/Repos/flask-tags/flask-0.12.5/scripts/make-release.py', 27, 27)"
630,breaks in linear flow,"('/home/toffer/Repos/flask-tags/flask-0.12.5/scripts/make-release.py', 30, 30)"
631,breaks in linear flow,"('/home/toffer/Repos/flask-tags/flask-0.12.5/scripts/make-release.py', 31, 31)"
632,breaks in linear flow,"('/home/toffer/Repos/flask-tags/flask-0.12.5/scripts/make-release.py', 39, 39)"
633,breaks in linear flow,"('/home/toffer/Repos/flask-tags/flask-0.12.5/scripts/make-release.py', 40, 40)"
634,breaks in linear flow,"('/home/toffer/Repos/flask-tags/flask-0.12.5/scripts/make-release.py', 49, 49)"
635,breaks in linear flow,"('/home/toffer/Repos/flask-tags/flask-0.12.5/scripts/make-release.py', 76, 76)"
636,breaks in linear flow,"('/home/toffer/Repos/flask-tags/flask-0.12.5/scripts/make-release.py', 127, 127)"
637,breaks in linear flow,"('/home/toffer/Repos/flask-tags/flask-0.12.5/scripts/make-release.py', 139, 139)"
638,breaks in linear flow,"('/home/toffer/Repos/flask-tags/flask-0.12.5/scripts/make-release.py', 142, 142)"
639,breaks in linear flow,"('/home/toffer/Repos/flask-tags/flask-0.12.5/scripts/make-release.py', 148, 148)"
640,breaks in linear flow,"('/home/toffer/Repos/flask-tags/flask-0.12.5/scripts/make-release.py', 153, 153)"
641,breaks in linear flow,"('/home/toffer/Repos/flask-tags/flask-0.12.5/scripts/make-release.py', 163, 163)"
642,breaks in linear flow,"('/home/toffer/Repos/flask-tags/flask-0.12.5/scripts/flaskext_tester.py', 31, 31)"
643,breaks in linear flow,"('/home/toffer/Repos/flask-tags/flask-0.12.5/scripts/flaskext_tester.py', 133, 133)"
644,breaks in linear flow,"('/home/toffer/Repos/flask-tags/flask-0.12.5/scripts/flaskext_tester.py', 141, 141)"
645,breaks in linear flow,"('/home/toffer/Repos/flask-tags/flask-0.12.5/scripts/flaskext_tester.py', 144, 144)"
646,breaks in linear flow,"('/home/toffer/Repos/flask-tags/flask-0.12.5/scripts/flaskext_tester.py', 153, 153)"
647,breaks in linear flow,"('/home/toffer/Repos/flask-tags/flask-0.12.5/scripts/flaskext_tester.py', 167, 167)"
648,breaks in linear flow,"('/home/toffer/Repos/flask-tags/flask-0.12.5/scripts/flaskext_tester.py', 176, 176)"
649,breaks in linear flow,"('/home/toffer/Repos/flask-tags/flask-0.12.5/scripts/flaskext_tester.py', 188, 188)"
650,breaks in linear flow,"('/home/toffer/Repos/flask-tags/flask-0.12.5/scripts/flaskext_tester.py', 190, 190)"
651,breaks in linear flow,"('/home/toffer/Repos/flask-tags/flask-0.12.5/scripts/flaskext_tester.py', 191, 191)"
652,breaks in linear flow,"('/home/toffer/Repos/flask-tags/flask-0.12.5/scripts/flaskext_tester.py', 211, 211)"
653,breaks in linear flow,"('/home/toffer/Repos/flask-tags/flask-0.12.5/scripts/flaskext_tester.py', 222, 222)"
654,breaks in linear flow,"('/home/toffer/Repos/flask-tags/flask-0.12.5/scripts/flaskext_tester.py', 223, 223)"
655,breaks in linear flow,"('/home/toffer/Repos/flask-tags/flask-0.12.5/scripts/flaskext_tester.py', 259, 259)"
656,breaks in linear flow,"('/home/toffer/Repos/flask-tags/flask-0.12.5/scripts/flaskext_tester.py', 262, 262)"
657,breaks in linear flow,"('/home/toffer/Repos/flask-tags/flask-0.12.5/scripts/flaskext_tester.py', 293, 293)"
658,breaks in linear flow,"('/home/toffer/Repos/flask-tags/flask-0.12.5/scripts/flaskext_tester.py', 302, 302)"
659,breaks in linear flow,"('/home/toffer/Repos/flask-tags/flask-0.12.5/scripts/flaskext_tester.py', 308, 308)"
660,breaks in linear flow,"('/home/toffer/Repos/flask-tags/flask-0.12.5/scripts/flask-07-upgrade.py', 32, 32)"
661,breaks in linear flow,"('/home/toffer/Repos/flask-tags/flask-0.12.5/scripts/flask-07-upgrade.py', 59, 59)"
662,breaks in linear flow,"('/home/toffer/Repos/flask-tags/flask-0.12.5/scripts/flask-07-upgrade.py', 68, 68)"
663,breaks in linear flow,"('/home/toffer/Repos/flask-tags/flask-0.12.5/scripts/flask-07-upgrade.py', 72, 72)"
664,breaks in linear flow,"('/home/toffer/Repos/flask-tags/flask-0.12.5/scripts/flask-07-upgrade.py', 76, 76)"
665,breaks in linear flow,"('/home/toffer/Repos/flask-tags/flask-0.12.5/scripts/flask-07-upgrade.py', 77, 77)"
666,breaks in linear flow,"('/home/toffer/Repos/flask-tags/flask-0.12.5/scripts/flask-07-upgrade.py', 78, 78)"
667,breaks in linear flow,"('/home/toffer/Repos/flask-tags/flask-0.12.5/scripts/flask-07-upgrade.py', 80, 80)"
668,breaks in linear flow,"('/home/toffer/Repos/flask-tags/flask-0.12.5/scripts/flask-07-upgrade.py', 87, 87)"
669,breaks in linear flow,"('/home/toffer/Repos/flask-tags/flask-0.12.5/scripts/flask-07-upgrade.py', 95, 95)"
670,breaks in linear flow,"('/home/toffer/Repos/flask-tags/flask-0.12.5/scripts/flask-07-upgrade.py', 97, 97)"
671,breaks in linear flow,"('/home/toffer/Repos/flask-tags/flask-0.12.5/scripts/flask-07-upgrade.py', 103, 103)"
672,breaks in linear flow,"('/home/toffer/Repos/flask-tags/flask-0.12.5/scripts/flask-07-upgrade.py', 104, 104)"
673,breaks in linear flow,"('/home/toffer/Repos/flask-tags/flask-0.12.5/scripts/flask-07-upgrade.py', 105, 105)"
674,breaks in linear flow,"('/home/toffer/Repos/flask-tags/flask-0.12.5/scripts/flask-07-upgrade.py', 107, 107)"
675,breaks in linear flow,"('/home/toffer/Repos/flask-tags/flask-0.12.5/scripts/flask-07-upgrade.py', 112, 112)"
676,breaks in linear flow,"('/home/toffer/Repos/flask-tags/flask-0.12.5/scripts/flask-07-upgrade.py', 114, 114)"
677,breaks in linear flow,"('/home/toffer/Repos/flask-tags/flask-0.12.5/scripts/flask-07-upgrade.py', 118, 118)"
678,breaks in linear flow,"('/home/toffer/Repos/flask-tags/flask-0.12.5/scripts/flask-07-upgrade.py', 135, 135)"
679,breaks in linear flow,"('/home/toffer/Repos/flask-tags/flask-0.12.5/scripts/flask-07-upgrade.py', 139, 139)"
680,breaks in linear flow,"('/home/toffer/Repos/flask-tags/flask-0.12.5/scripts/flask-07-upgrade.py', 144, 144)"
681,breaks in linear flow,"('/home/toffer/Repos/flask-tags/flask-0.12.5/scripts/flask-07-upgrade.py', 157, 157)"
682,breaks in linear flow,"('/home/toffer/Repos/flask-tags/flask-0.12.5/scripts/flask-07-upgrade.py', 159, 159)"
683,breaks in linear flow,"('/home/toffer/Repos/flask-tags/flask-0.12.5/scripts/flask-07-upgrade.py', 161, 161)"
684,breaks in linear flow,"('/home/toffer/Repos/flask-tags/flask-0.12.5/scripts/flask-07-upgrade.py', 162, 162)"
685,breaks in linear flow,"('/home/toffer/Repos/flask-tags/flask-0.12.5/scripts/flask-07-upgrade.py', 164, 164)"
686,breaks in linear flow,"('/home/toffer/Repos/flask-tags/flask-0.12.5/scripts/flask-07-upgrade.py', 166, 166)"
687,breaks in linear flow,"('/home/toffer/Repos/flask-tags/flask-0.12.5/scripts/flask-07-upgrade.py', 168, 168)"
688,breaks in linear flow,"('/home/toffer/Repos/flask-tags/flask-0.12.5/scripts/flask-07-upgrade.py', 175, 175)"
689,breaks in linear flow,"('/home/toffer/Repos/flask-tags/flask-0.12.5/scripts/flask-07-upgrade.py', 182, 182)"
690,breaks in linear flow,"('/home/toffer/Repos/flask-tags/flask-0.12.5/scripts/flask-07-upgrade.py', 183, 183)"
691,breaks in linear flow,"('/home/toffer/Repos/flask-tags/flask-0.12.5/scripts/flask-07-upgrade.py', 185, 185)"
692,breaks in linear flow,"('/home/toffer/Repos/flask-tags/flask-0.12.5/scripts/flask-07-upgrade.py', 186, 186)"
693,breaks in linear flow,"('/home/toffer/Repos/flask-tags/flask-0.12.5/scripts/flask-07-upgrade.py', 188, 188)"
694,breaks in linear flow,"('/home/toffer/Repos/flask-tags/flask-0.12.5/scripts/flask-07-upgrade.py', 190, 190)"
695,breaks in linear flow,"('/home/toffer/Repos/flask-tags/flask-0.12.5/scripts/flask-07-upgrade.py', 191, 191)"
696,breaks in linear flow,"('/home/toffer/Repos/flask-tags/flask-0.12.5/scripts/flask-07-upgrade.py', 199, 199)"
697,breaks in linear flow,"('/home/toffer/Repos/flask-tags/flask-0.12.5/scripts/flask-07-upgrade.py', 201, 201)"
698,breaks in linear flow,"('/home/toffer/Repos/flask-tags/flask-0.12.5/scripts/flask-07-upgrade.py', 215, 215)"
699,breaks in linear flow,"('/home/toffer/Repos/flask-tags/flask-0.12.5/scripts/flask-07-upgrade.py', 223, 223)"
700,breaks in linear flow,"('/home/toffer/Repos/flask-tags/flask-0.12.5/scripts/flask-07-upgrade.py', 226, 226)"
701,breaks in linear flow,"('/home/toffer/Repos/flask-tags/flask-0.12.5/scripts/flask-07-upgrade.py', 233, 233)"
702,breaks in linear flow,"('/home/toffer/Repos/flask-tags/flask-0.12.5/scripts/flask-07-upgrade.py', 249, 249)"
703,breaks in linear flow,"('/home/toffer/Repos/flask-tags/flask-0.12.5/scripts/flask-07-upgrade.py', 251, 251)"
704,breaks in linear flow,"('/home/toffer/Repos/flask-tags/flask-0.12.5/scripts/flask-07-upgrade.py', 253, 253)"
705,breaks in linear flow,"('/home/toffer/Repos/flask-tags/flask-0.12.5/scripts/flask-07-upgrade.py', 254, 254)"
706,breaks in linear flow,"('/home/toffer/Repos/flask-tags/flask-0.12.5/scripts/flask-07-upgrade.py', 255, 255)"
707,breaks in linear flow,"('/home/toffer/Repos/flask-tags/flask-0.12.5/scripts/flask-07-upgrade.py', 262, 262)"
708,breaks in linear flow,"('/home/toffer/Repos/flask-tags/flask-0.12.5/scripts/flask-07-upgrade.py', 267, 267)"
709,breaks in linear flow,"('/home/toffer/Repos/flask-tags/flask-0.12.5/scripts/flask-07-upgrade.py', 270, 270)"
710,breaks in linear flow,"('/home/toffer/Repos/flask-tags/flask-0.12.5/scripts/flask-07-upgrade.py', 287, 287)"
711,breaks in linear flow,"('/home/toffer/Repos/flask-tags/flask-0.12.5/scripts/flask-07-upgrade.py', 290, 290)"
712,breaks in linear flow,"('/home/toffer/Repos/flask-tags/flask-0.12.5/scripts/flask-07-upgrade.py', 293, 293)"
713,breaks in linear flow,"('/home/toffer/Repos/flask-tags/flask-0.12.5/scripts/flask-07-upgrade.py', 297, 297)"
714,breaks in linear flow,"('/home/toffer/Repos/flask-tags/flask-0.12.5/scripts/flaskext_compat.py', 48, 48)"
715,breaks in linear flow,"('/home/toffer/Repos/flask-tags/flask-0.12.5/scripts/flaskext_compat.py', 52, 52)"
716,breaks in linear flow,"('/home/toffer/Repos/flask-tags/flask-0.12.5/scripts/flaskext_compat.py', 55, 55)"
717,breaks in linear flow,"('/home/toffer/Repos/flask-tags/flask-0.12.5/scripts/flaskext_compat.py', 59, 59)"
718,breaks in linear flow,"('/home/toffer/Repos/flask-tags/flask-0.12.5/scripts/flaskext_compat.py', 76, 76)"
719,breaks in linear flow,"('/home/toffer/Repos/flask-tags/flask-0.12.5/scripts/flaskext_compat.py', 78, 78)"
720,breaks in linear flow,"('/home/toffer/Repos/flask-tags/flask-0.12.5/scripts/flaskext_compat.py', 80, 80)"
721,breaks in linear flow,"('/home/toffer/Repos/flask-tags/flask-0.12.5/scripts/flaskext_compat.py', 91, 91)"
722,breaks in linear flow,"('/home/toffer/Repos/flask-tags/flask-0.12.5/scripts/flaskext_compat.py', 92, 92)"
723,breaks in linear flow,"('/home/toffer/Repos/flask-tags/flask-0.12.5/scripts/flaskext_compat.py', 100, 100)"
724,breaks in linear flow,"('/home/toffer/Repos/flask-tags/flask-0.12.5/scripts/flaskext_compat.py', 107, 107)"
725,breaks in linear flow,"('/home/toffer/Repos/flask-tags/flask-0.12.5/examples/jqueryexample/jqueryexample.py', 27, 27)"
726,breaks in linear flow,"('/home/toffer/Repos/flask-tags/flask-0.12.5/examples/blueprintexample/blueprintexample.py', 9, 9)"
727,breaks in linear flow,"('/home/toffer/Repos/flask-tags/flask-0.12.5/examples/blueprintexample/simple_page/simple_page.py', 12, 12)"
728,breaks in linear flow,"('/home/toffer/Repos/flask-tags/flask-0.12.5/examples/flaskr/flaskr/flaskr.py', 59, 59)"
729,breaks in linear flow,"('/home/toffer/Repos/flask-tags/flask-0.12.5/examples/flaskr/flaskr/flaskr.py', 67, 67)"
730,breaks in linear flow,"('/home/toffer/Repos/flask-tags/flask-0.12.5/examples/flaskr/flaskr/flaskr.py', 81, 81)"
731,breaks in linear flow,"('/home/toffer/Repos/flask-tags/flask-0.12.5/examples/flaskr/flaskr/flaskr.py', 94, 94)"
732,breaks in linear flow,"('/home/toffer/Repos/flask-tags/flask-0.12.5/examples/flaskr/flaskr/flaskr.py', 95, 95)"
733,breaks in linear flow,"('/home/toffer/Repos/flask-tags/flask-0.12.5/examples/minitwit/tests/test_minitwit.py', 34, 34)"
734,breaks in linear flow,"('/home/toffer/Repos/flask-tags/flask-0.12.5/examples/minitwit/tests/test_minitwit.py', 36, 36)"
735,breaks in linear flow,"('/home/toffer/Repos/flask-tags/flask-0.12.5/examples/minitwit/tests/test_minitwit.py', 69, 69)"
736,breaks in linear flow,"('/home/toffer/Repos/flask-tags/flask-0.12.5/examples/minitwit/minitwit/minitwit.py', 38, 38)"
737,breaks in linear flow,"('/home/toffer/Repos/flask-tags/flask-0.12.5/examples/minitwit/minitwit/minitwit.py', 48, 48)"
738,breaks in linear flow,"('/home/toffer/Repos/flask-tags/flask-0.12.5/examples/minitwit/minitwit/minitwit.py', 95, 95)"
739,breaks in linear flow,"('/home/toffer/Repos/flask-tags/flask-0.12.5/examples/minitwit/minitwit/minitwit.py', 106, 106)"
740,breaks in linear flow,"('/home/toffer/Repos/flask-tags/flask-0.12.5/examples/minitwit/minitwit/minitwit.py', 132, 132)"
741,breaks in linear flow,"('/home/toffer/Repos/flask-tags/flask-0.12.5/examples/minitwit/minitwit/minitwit.py', 135, 135)"
742,breaks in linear flow,"('/home/toffer/Repos/flask-tags/flask-0.12.5/examples/minitwit/minitwit/minitwit.py', 151, 151)"
743,breaks in linear flow,"('/home/toffer/Repos/flask-tags/flask-0.12.5/examples/minitwit/minitwit/minitwit.py', 154, 154)"
744,breaks in linear flow,"('/home/toffer/Repos/flask-tags/flask-0.12.5/examples/minitwit/minitwit/minitwit.py', 167, 167)"
745,breaks in linear flow,"('/home/toffer/Repos/flask-tags/flask-0.12.5/examples/minitwit/minitwit/minitwit.py', 170, 170)"
746,breaks in linear flow,"('/home/toffer/Repos/flask-tags/flask-0.12.5/examples/minitwit/minitwit/minitwit.py', 183, 183)"
747,breaks in linear flow,"('/home/toffer/Repos/flask-tags/flask-0.12.5/examples/minitwit/minitwit/minitwit.py', 185, 185)"
748,breaks in linear flow,"('/home/toffer/Repos/flask-tags/flask-0.12.5/examples/minitwit/minitwit/minitwit.py', 198, 198)"
749,breaks in linear flow,"('/home/toffer/Repos/flask-tags/flask-0.12.5/examples/minitwit/minitwit/minitwit.py', 201, 201)"
750,breaks in linear flow,"('/home/toffer/Repos/flask-tags/flask-0.12.5/examples/minitwit/minitwit/minitwit.py', 204, 204)"
751,breaks in linear flow,"('/home/toffer/Repos/flask-tags/flask-0.12.5/examples/minitwit/minitwit/minitwit.py', 219, 219)"
752,breaks in linear flow,"('/home/toffer/Repos/flask-tags/flask-0.12.5/examples/minitwit/minitwit/minitwit.py', 222, 222)"
753,breaks in linear flow,"('/home/toffer/Repos/flask-tags/flask-0.12.5/examples/minitwit/minitwit/minitwit.py', 223, 223)"
754,recursion,"('/home/toffer/Repos/flask-tags/flask-0.12.5/tests/test_views.py', 50, 50)"
755,recursion,"('/home/toffer/Repos/flask-tags/flask-0.12.5/scripts/make-release.py', 133, 136)"
756,recursion,"('/home/toffer/Repos/flask-tags/flask-0.12.5/scripts/make-release.py', 156, 156)"
757,recursion,"('/home/toffer/Repos/flask-tags/flask-0.12.5/scripts/flaskext_tester.py', 186, 186)"
758,recursion,"('/home/toffer/Repos/flask-tags/flask-0.12.5/scripts/flaskext_tester.py', 247, 247)"
