,type,file_start_end
0,method length,"('/home/toffer/Repos/flask-tags/flask-1.1.1/tests/test_helpers.py', 284, 317)"
1,method length,"('/home/toffer/Repos/flask-tags/flask-1.1.1/tests/test_helpers.py', 319, 357)"
2,method length,"('/home/toffer/Repos/flask-tags/flask-1.1.1/tests/test_helpers.py', 377, 445)"
3,method length,"('/home/toffer/Repos/flask-tags/flask-1.1.1/tests/test_helpers.py', 491, 543)"
4,method length,"('/home/toffer/Repos/flask-tags/flask-1.1.1/tests/test_helpers.py', 558, 617)"
5,method length,"('/home/toffer/Repos/flask-tags/flask-1.1.1/tests/test_helpers.py', 648, 685)"
6,method length,"('/home/toffer/Repos/flask-tags/flask-1.1.1/tests/test_helpers.py', 719, 763)"
7,method length,"('/home/toffer/Repos/flask-tags/flask-1.1.1/tests/test_helpers.py', 898, 927)"
8,method length,"('/home/toffer/Repos/flask-tags/flask-1.1.1/tests/conftest.py', 102, 130)"
9,method length,"('/home/toffer/Repos/flask-tags/flask-1.1.1/tests/conftest.py', 160, 194)"
10,method length,"('/home/toffer/Repos/flask-tags/flask-1.1.1/tests/conftest.py', 164, 192)"
11,method length,"('/home/toffer/Repos/flask-tags/flask-1.1.1/tests/test_cli.py', 56, 148)"
12,method length,"('/home/toffer/Repos/flask-tags/flask-1.1.1/tests/test_cli.py', 279, 326)"
13,method length,"('/home/toffer/Repos/flask-tags/flask-1.1.1/tests/test_cli.py', 344, 371)"
14,method length,"('/home/toffer/Repos/flask-tags/flask-1.1.1/tests/test_cli.py', 618, 658)"
15,method length,"('/home/toffer/Repos/flask-tags/flask-1.1.1/tests/test_basic.py', 75, 118)"
16,method length,"('/home/toffer/Repos/flask-tags/flask-1.1.1/tests/test_basic.py', 152, 185)"
17,method length,"('/home/toffer/Repos/flask-tags/flask-1.1.1/tests/test_basic.py', 405, 434)"
18,method length,"('/home/toffer/Repos/flask-tags/flask-1.1.1/tests/test_basic.py', 451, 479)"
19,method length,"('/home/toffer/Repos/flask-tags/flask-1.1.1/tests/test_basic.py', 482, 520)"
20,method length,"('/home/toffer/Repos/flask-tags/flask-1.1.1/tests/test_basic.py', 523, 575)"
21,method length,"('/home/toffer/Repos/flask-tags/flask-1.1.1/tests/test_basic.py', 593, 665)"
22,method length,"('/home/toffer/Repos/flask-tags/flask-1.1.1/tests/test_basic.py', 771, 806)"
23,method length,"('/home/toffer/Repos/flask-tags/flask-1.1.1/tests/test_basic.py', 809, 844)"
24,method length,"('/home/toffer/Repos/flask-tags/flask-1.1.1/tests/test_basic.py', 847, 882)"
25,method length,"('/home/toffer/Repos/flask-tags/flask-1.1.1/tests/test_basic.py', 958, 987)"
26,method length,"('/home/toffer/Repos/flask-tags/flask-1.1.1/tests/test_basic.py', 990, 1020)"
27,method length,"('/home/toffer/Repos/flask-tags/flask-1.1.1/tests/test_basic.py', 1023, 1051)"
28,method length,"('/home/toffer/Repos/flask-tags/flask-1.1.1/tests/test_basic.py', 1112, 1192)"
29,method length,"('/home/toffer/Repos/flask-tags/flask-1.1.1/tests/test_basic.py', 1195, 1235)"
30,method length,"('/home/toffer/Repos/flask-tags/flask-1.1.1/tests/test_basic.py', 1454, 1493)"
31,method length,"('/home/toffer/Repos/flask-tags/flask-1.1.1/tests/test_basic.py', 1558, 1584)"
32,method length,"('/home/toffer/Repos/flask-tags/flask-1.1.1/tests/test_basic.py', 1748, 1777)"
33,method length,"('/home/toffer/Repos/flask-tags/flask-1.1.1/tests/test_basic.py', 1940, 1967)"
34,method length,"('/home/toffer/Repos/flask-tags/flask-1.1.1/tests/test_signals.py', 71, 113)"
35,method length,"('/home/toffer/Repos/flask-tags/flask-1.1.1/tests/test_views.py', 111, 148)"
36,method length,"('/home/toffer/Repos/flask-tags/flask-1.1.1/tests/test_reqctx.py', 69, 107)"
37,method length,"('/home/toffer/Repos/flask-tags/flask-1.1.1/tests/test_reqctx.py', 153, 180)"
38,method length,"('/home/toffer/Repos/flask-tags/flask-1.1.1/tests/test_testing.py', 164, 191)"
39,method length,"('/home/toffer/Repos/flask-tags/flask-1.1.1/tests/test_testing.py', 238, 267)"
40,method length,"('/home/toffer/Repos/flask-tags/flask-1.1.1/tests/test_blueprints.py', 21, 56)"
41,method length,"('/home/toffer/Repos/flask-tags/flask-1.1.1/tests/test_blueprints.py', 59, 90)"
42,method length,"('/home/toffer/Repos/flask-tags/flask-1.1.1/tests/test_blueprints.py', 189, 233)"
43,method length,"('/home/toffer/Repos/flask-tags/flask-1.1.1/tests/test_blueprints.py', 322, 351)"
44,method length,"('/home/toffer/Repos/flask-tags/flask-1.1.1/tests/test_blueprints.py', 354, 412)"
45,method length,"('/home/toffer/Repos/flask-tags/flask-1.1.1/tests/test_blueprints.py', 704, 741)"
46,method length,"('/home/toffer/Repos/flask-tags/flask-1.1.1/tests/test_blueprints.py', 765, 793)"
47,method length,"('/home/toffer/Repos/flask-tags/flask-1.1.1/tests/test_blueprints.py', 796, 836)"
48,method length,"('/home/toffer/Repos/flask-tags/flask-1.1.1/tests/test_templating.py', 363, 391)"
49,method length,"('/home/toffer/Repos/flask-tags/flask-1.1.1/tests/test_templating.py', 409, 442)"
50,method length,"('/home/toffer/Repos/flask-tags/flask-1.1.1/tests/test_user_error_handler.py', 18, 52)"
51,method length,"('/home/toffer/Repos/flask-tags/flask-1.1.1/tests/test_user_error_handler.py', 55, 91)"
52,method length,"('/home/toffer/Repos/flask-tags/flask-1.1.1/tests/test_user_error_handler.py', 94, 127)"
53,method length,"('/home/toffer/Repos/flask-tags/flask-1.1.1/tests/test_user_error_handler.py', 157, 208)"
54,method length,"('/home/toffer/Repos/flask-tags/flask-1.1.1/examples/tutorial/flaskr/__init__.py', 6, 50)"
55,method length,"('/home/toffer/Repos/flask-tags/flask-1.1.1/examples/tutorial/flaskr/auth.py', 47, 81)"
56,method length,"('/home/toffer/Repos/flask-tags/flask-1.1.1/examples/tutorial/flaskr/blog.py', 28, 57)"
57,method length,"('/home/toffer/Repos/flask-tags/flask-1.1.1/src/flask/blueprints.py', 29, 63)"
58,method length,"('/home/toffer/Repos/flask-tags/flask-1.1.1/src/flask/blueprints.py', 233, 270)"
59,method length,"('/home/toffer/Repos/flask-tags/flask-1.1.1/src/flask/sessions.py', 176, 232)"
60,method length,"('/home/toffer/Repos/flask-tags/flask-1.1.1/src/flask/sessions.py', 353, 388)"
61,method length,"('/home/toffer/Repos/flask-tags/flask-1.1.1/src/flask/ctx.py', 123, 160)"
62,method length,"('/home/toffer/Repos/flask-tags/flask-1.1.1/src/flask/ctx.py', 163, 192)"
63,method length,"('/home/toffer/Repos/flask-tags/flask-1.1.1/src/flask/ctx.py', 285, 315)"
64,method length,"('/home/toffer/Repos/flask-tags/flask-1.1.1/src/flask/ctx.py', 355, 396)"
65,method length,"('/home/toffer/Repos/flask-tags/flask-1.1.1/src/flask/ctx.py', 398, 443)"
66,method length,"('/home/toffer/Repos/flask-tags/flask-1.1.1/src/flask/helpers.py', 101, 174)"
67,method length,"('/home/toffer/Repos/flask-tags/flask-1.1.1/src/flask/helpers.py', 177, 223)"
68,method length,"('/home/toffer/Repos/flask-tags/flask-1.1.1/src/flask/helpers.py', 226, 374)"
69,method length,"('/home/toffer/Repos/flask-tags/flask-1.1.1/src/flask/helpers.py', 399, 426)"
70,method length,"('/home/toffer/Repos/flask-tags/flask-1.1.1/src/flask/helpers.py', 429, 466)"
71,method length,"('/home/toffer/Repos/flask-tags/flask-1.1.1/src/flask/helpers.py', 478, 693)"
72,method length,"('/home/toffer/Repos/flask-tags/flask-1.1.1/src/flask/helpers.py', 696, 730)"
73,method length,"('/home/toffer/Repos/flask-tags/flask-1.1.1/src/flask/helpers.py', 733, 771)"
74,method length,"('/home/toffer/Repos/flask-tags/flask-1.1.1/src/flask/helpers.py', 774, 819)"
75,method length,"('/home/toffer/Repos/flask-tags/flask-1.1.1/src/flask/helpers.py', 850, 905)"
76,method length,"('/home/toffer/Repos/flask-tags/flask-1.1.1/src/flask/helpers.py', 1085, 1112)"
77,method length,"('/home/toffer/Repos/flask-tags/flask-1.1.1/src/flask/helpers.py', 1126, 1153)"
78,method length,"('/home/toffer/Repos/flask-tags/flask-1.1.1/src/flask/app.py', 414, 610)"
79,method length,"('/home/toffer/Repos/flask-tags/flask-1.1.1/src/flask/app.py', 761, 794)"
80,method length,"('/home/toffer/Repos/flask-tags/flask-1.1.1/src/flask/app.py', 889, 995)"
81,method length,"('/home/toffer/Repos/flask-tags/flask-1.1.1/src/flask/app.py', 997, 1051)"
82,method length,"('/home/toffer/Repos/flask-tags/flask-1.1.1/src/flask/app.py', 1134, 1167)"
83,method length,"('/home/toffer/Repos/flask-tags/flask-1.1.1/src/flask/app.py', 1184, 1285)"
84,method length,"('/home/toffer/Repos/flask-tags/flask-1.1.1/src/flask/app.py', 1287, 1317)"
85,method length,"('/home/toffer/Repos/flask-tags/flask-1.1.1/src/flask/app.py', 1359, 1393)"
86,method length,"('/home/toffer/Repos/flask-tags/flask-1.1.1/src/flask/app.py', 1575, 1611)"
87,method length,"('/home/toffer/Repos/flask-tags/flask-1.1.1/src/flask/app.py', 1614, 1644)"
88,method length,"('/home/toffer/Repos/flask-tags/flask-1.1.1/src/flask/app.py', 1712, 1743)"
89,method length,"('/home/toffer/Repos/flask-tags/flask-1.1.1/src/flask/app.py', 1745, 1778)"
90,method length,"('/home/toffer/Repos/flask-tags/flask-1.1.1/src/flask/app.py', 1780, 1821)"
91,method length,"('/home/toffer/Repos/flask-tags/flask-1.1.1/src/flask/app.py', 1823, 1880)"
92,method length,"('/home/toffer/Repos/flask-tags/flask-1.1.1/src/flask/app.py', 2028, 2144)"
93,method length,"('/home/toffer/Repos/flask-tags/flask-1.1.1/src/flask/app.py', 2146, 2182)"
94,method length,"('/home/toffer/Repos/flask-tags/flask-1.1.1/src/flask/app.py', 2271, 2300)"
95,method length,"('/home/toffer/Repos/flask-tags/flask-1.1.1/src/flask/app.py', 2360, 2414)"
96,method length,"('/home/toffer/Repos/flask-tags/flask-1.1.1/src/flask/app.py', 2416, 2457)"
97,method length,"('/home/toffer/Repos/flask-tags/flask-1.1.1/src/flask/cli.py', 52, 100)"
98,method length,"('/home/toffer/Repos/flask-tags/flask-1.1.1/src/flask/cli.py', 148, 204)"
99,method length,"('/home/toffer/Repos/flask-tags/flask-1.1.1/src/flask/cli.py', 207, 233)"
100,method length,"('/home/toffer/Repos/flask-tags/flask-1.1.1/src/flask/cli.py', 368, 410)"
101,method length,"('/home/toffer/Repos/flask-tags/flask-1.1.1/src/flask/cli.py', 596, 654)"
102,method length,"('/home/toffer/Repos/flask-tags/flask-1.1.1/src/flask/cli.py', 657, 683)"
103,method length,"('/home/toffer/Repos/flask-tags/flask-1.1.1/src/flask/cli.py', 697, 729)"
104,method length,"('/home/toffer/Repos/flask-tags/flask-1.1.1/src/flask/cli.py', 732, 764)"
105,method length,"('/home/toffer/Repos/flask-tags/flask-1.1.1/src/flask/cli.py', 827, 861)"
106,method length,"('/home/toffer/Repos/flask-tags/flask-1.1.1/src/flask/cli.py', 866, 896)"
107,method length,"('/home/toffer/Repos/flask-tags/flask-1.1.1/src/flask/cli.py', 912, 942)"
108,method length,"('/home/toffer/Repos/flask-tags/flask-1.1.1/src/flask/testing.py', 56, 86)"
109,method length,"('/home/toffer/Repos/flask-tags/flask-1.1.1/src/flask/testing.py', 140, 190)"
110,method length,"('/home/toffer/Repos/flask-tags/flask-1.1.1/src/flask/testing.py', 192, 228)"
111,method length,"('/home/toffer/Repos/flask-tags/flask-1.1.1/src/flask/debughelpers.py', 124, 169)"
112,method length,"('/home/toffer/Repos/flask-tags/flask-1.1.1/src/flask/logging.py', 74, 109)"
113,method length,"('/home/toffer/Repos/flask-tags/flask-1.1.1/src/flask/config.py', 113, 139)"
114,method length,"('/home/toffer/Repos/flask-tags/flask-1.1.1/src/flask/config.py', 141, 177)"
115,method length,"('/home/toffer/Repos/flask-tags/flask-1.1.1/src/flask/config.py', 227, 266)"
116,method length,"('/home/toffer/Repos/flask-tags/flask-1.1.1/src/flask/views.py', 77, 108)"
117,method length,"('/home/toffer/Repos/flask-tags/flask-1.1.1/src/flask/json/tag.py', 255, 281)"
118,method length,"('/home/toffer/Repos/flask-tags/flask-1.1.1/src/flask/json/__init__.py', 73, 100)"
119,method length,"('/home/toffer/Repos/flask-tags/flask-1.1.1/src/flask/json/__init__.py', 145, 185)"
120,method length,"('/home/toffer/Repos/flask-tags/flask-1.1.1/src/flask/json/__init__.py', 188, 214)"
121,method length,"('/home/toffer/Repos/flask-tags/flask-1.1.1/src/flask/json/__init__.py', 226, 253)"
122,method length,"('/home/toffer/Repos/flask-tags/flask-1.1.1/src/flask/json/__init__.py', 264, 298)"
123,method length,"('/home/toffer/Repos/flask-tags/flask-1.1.1/src/flask/json/__init__.py', 306, 372)"
124,file length,"('/home/toffer/Repos/flask-tags/flask-1.1.1/tests/test_helpers.py', -1, -1)"
125,file length,"('/home/toffer/Repos/flask-tags/flask-1.1.1/tests/test_cli.py', -1, -1)"
126,file length,"('/home/toffer/Repos/flask-tags/flask-1.1.1/tests/test_basic.py', -1, -1)"
127,file length,"('/home/toffer/Repos/flask-tags/flask-1.1.1/tests/test_testing.py', -1, -1)"
128,file length,"('/home/toffer/Repos/flask-tags/flask-1.1.1/tests/test_blueprints.py', -1, -1)"
129,file length,"('/home/toffer/Repos/flask-tags/flask-1.1.1/tests/test_templating.py', -1, -1)"
130,file length,"('/home/toffer/Repos/flask-tags/flask-1.1.1/src/flask/blueprints.py', -1, -1)"
131,file length,"('/home/toffer/Repos/flask-tags/flask-1.1.1/src/flask/sessions.py', -1, -1)"
132,file length,"('/home/toffer/Repos/flask-tags/flask-1.1.1/src/flask/ctx.py', -1, -1)"
133,file length,"('/home/toffer/Repos/flask-tags/flask-1.1.1/src/flask/helpers.py', -1, -1)"
134,file length,"('/home/toffer/Repos/flask-tags/flask-1.1.1/src/flask/app.py', -1, -1)"
135,file length,"('/home/toffer/Repos/flask-tags/flask-1.1.1/src/flask/cli.py', -1, -1)"
136,file length,"('/home/toffer/Repos/flask-tags/flask-1.1.1/src/flask/json/__init__.py', -1, -1)"
137,argument count,"('/home/toffer/Repos/flask-tags/flask-1.1.1/docs/conf.py', 66, 66)"
138,argument count,"('/home/toffer/Repos/flask-tags/flask-1.1.1/tests/test_helpers.py', 133, 133)"
139,argument count,"('/home/toffer/Repos/flask-tags/flask-1.1.1/tests/test_helpers.py', 996, 998)"
140,argument count,"('/home/toffer/Repos/flask-tags/flask-1.1.1/tests/test_helpers.py', 1015, 1015)"
141,argument count,"('/home/toffer/Repos/flask-tags/flask-1.1.1/tests/test_basic.py', 1523, 1525)"
142,argument count,"('/home/toffer/Repos/flask-tags/flask-1.1.1/tests/test_basic.py', 1907, 1907)"
143,argument count,"('/home/toffer/Repos/flask-tags/flask-1.1.1/tests/test_basic.py', 1928, 1930)"
144,argument count,"('/home/toffer/Repos/flask-tags/flask-1.1.1/tests/test_instance_config.py', 68, 70)"
145,argument count,"('/home/toffer/Repos/flask-tags/flask-1.1.1/tests/test_instance_config.py', 81, 83)"
146,argument count,"('/home/toffer/Repos/flask-tags/flask-1.1.1/tests/test_instance_config.py', 99, 101)"
147,argument count,"('/home/toffer/Repos/flask-tags/flask-1.1.1/tests/test_blueprints.py', 133, 133)"
148,argument count,"('/home/toffer/Repos/flask-tags/flask-1.1.1/src/flask/blueprints.py', 28, 28)"
149,argument count,"('/home/toffer/Repos/flask-tags/flask-1.1.1/src/flask/blueprints.py', 65, 65)"
150,argument count,"('/home/toffer/Repos/flask-tags/flask-1.1.1/src/flask/blueprints.py', 168, 180)"
151,argument count,"('/home/toffer/Repos/flask-tags/flask-1.1.1/src/flask/blueprints.py', 284, 284)"
152,argument count,"('/home/toffer/Repos/flask-tags/flask-1.1.1/src/flask/ctx.py', 285, 285)"
153,argument count,"('/home/toffer/Repos/flask-tags/flask-1.1.1/src/flask/helpers.py', 469, 478)"
154,argument count,"('/home/toffer/Repos/flask-tags/flask-1.1.1/src/flask/app.py', 402, 414)"
155,argument count,"('/home/toffer/Repos/flask-tags/flask-1.1.1/src/flask/app.py', 889, 889)"
156,argument count,"('/home/toffer/Repos/flask-tags/flask-1.1.1/src/flask/app.py', 1177, 1184)"
157,argument count,"('/home/toffer/Repos/flask-tags/flask-1.1.1/src/flask/cli.py', 487, 495)"
158,argument count,"('/home/toffer/Repos/flask-tags/flask-1.1.1/src/flask/cli.py', 825, 827)"
159,argument count,"('/home/toffer/Repos/flask-tags/flask-1.1.1/src/flask/testing.py', 47, 56)"
160,method count,"('/home/toffer/Repos/flask-tags/flask-1.1.1/tests/test_appctx.py', 16, 210)"
161,method count,"('/home/toffer/Repos/flask-tags/flask-1.1.1/tests/test_helpers.py', 32, 1043)"
162,method count,"('/home/toffer/Repos/flask-tags/flask-1.1.1/tests/test_cli.py', 45, 666)"
163,method count,"('/home/toffer/Repos/flask-tags/flask-1.1.1/tests/test_basic.py', 30, 1956)"
164,method count,"('/home/toffer/Repos/flask-tags/flask-1.1.1/tests/test_signals.py', 25, 195)"
165,method count,"('/home/toffer/Repos/flask-tags/flask-1.1.1/tests/test_views.py', 17, 242)"
166,method count,"('/home/toffer/Repos/flask-tags/flask-1.1.1/tests/test_reqctx.py', 22, 281)"
167,method count,"('/home/toffer/Repos/flask-tags/flask-1.1.1/tests/test_testing.py', 30, 438)"
168,method count,"('/home/toffer/Repos/flask-tags/flask-1.1.1/tests/test_blueprints.py', 21, 857)"
169,method count,"('/home/toffer/Repos/flask-tags/flask-1.1.1/tests/test_templating.py', 20, 452)"
170,method count,"('/home/toffer/Repos/flask-tags/flask-1.1.1/tests/test_user_error_handler.py', 18, 283)"
171,method count,"('/home/toffer/Repos/flask-tags/flask-1.1.1/src/flask/blueprints.py', 28, 568)"
172,method count,"('/home/toffer/Repos/flask-tags/flask-1.1.1/src/flask/sessions.py', 29, 387)"
173,method count,"('/home/toffer/Repos/flask-tags/flask-1.1.1/src/flask/ctx.py', 48, 474)"
174,method count,"('/home/toffer/Repos/flask-tags/flask-1.1.1/src/flask/helpers.py', 56, 1152)"
175,method count,"('/home/toffer/Repos/flask-tags/flask-1.1.1/src/flask/app.py', 76, 2465)"
176,method count,"('/home/toffer/Repos/flask-tags/flask-1.1.1/src/flask/cli.py', 52, 965)"
177,method count,"('/home/toffer/Repos/flask-tags/flask-1.1.1/src/flask/json/tag.py', 68, 308)"
178,Return Statements,"('/home/toffer/Repos/flask-tags/flask-1.1.1/tests/test_helpers.py', 284, 317)"
179,Return Statements,"('/home/toffer/Repos/flask-tags/flask-1.1.1/tests/test_helpers.py', 319, 357)"
180,Return Statements,"('/home/toffer/Repos/flask-tags/flask-1.1.1/tests/test_cli.py', 56, 148)"
181,Return Statements,"('/home/toffer/Repos/flask-tags/flask-1.1.1/tests/test_basic.py', 523, 575)"
182,Return Statements,"('/home/toffer/Repos/flask-tags/flask-1.1.1/tests/test_basic.py', 587, 665)"
183,Return Statements,"('/home/toffer/Repos/flask-tags/flask-1.1.1/tests/test_basic.py', 1112, 1192)"
184,Return Statements,"('/home/toffer/Repos/flask-tags/flask-1.1.1/tests/test_blueprints.py', 322, 351)"
185,Return Statements,"('/home/toffer/Repos/flask-tags/flask-1.1.1/tests/test_user_error_handler.py', 157, 208)"
186,Return Statements,"('/home/toffer/Repos/flask-tags/flask-1.1.1/src/flask/helpers.py', 850, 905)"
187,Return Statements,"('/home/toffer/Repos/flask-tags/flask-1.1.1/src/flask/json/__init__.py', 73, 100)"
188,Return Statements,"('/home/toffer/Repos/flask-tags/flask-1.1.1/src/flask/json/__init__.py', 145, 185)"
189,nested controlflow,"('/home/toffer/Repos/flask-tags/flask-1.1.1/src/flask/cli.py', 382, 395)"
190,breaks in linear flow,"('/home/toffer/Repos/flask-tags/flask-1.1.1/docs/conf.py', 71, 71)"
191,breaks in linear flow,"('/home/toffer/Repos/flask-tags/flask-1.1.1/docs/conf.py', 77, 77)"
192,breaks in linear flow,"('/home/toffer/Repos/flask-tags/flask-1.1.1/docs/conf.py', 82, 82)"
193,breaks in linear flow,"('/home/toffer/Repos/flask-tags/flask-1.1.1/tests/test_appctx.py', 74, 74)"
194,breaks in linear flow,"('/home/toffer/Repos/flask-tags/flask-1.1.1/tests/test_appctx.py', 93, 93)"
195,breaks in linear flow,"('/home/toffer/Repos/flask-tags/flask-1.1.1/tests/test_appctx.py', 216, 216)"
196,breaks in linear flow,"('/home/toffer/Repos/flask-tags/flask-1.1.1/tests/test_helpers.py', 38, 38)"
197,breaks in linear flow,"('/home/toffer/Repos/flask-tags/flask-1.1.1/tests/test_helpers.py', 182, 182)"
198,breaks in linear flow,"('/home/toffer/Repos/flask-tags/flask-1.1.1/tests/test_helpers.py', 209, 209)"
199,breaks in linear flow,"('/home/toffer/Repos/flask-tags/flask-1.1.1/tests/test_helpers.py', 221, 221)"
200,breaks in linear flow,"('/home/toffer/Repos/flask-tags/flask-1.1.1/tests/test_helpers.py', 291, 291)"
201,breaks in linear flow,"('/home/toffer/Repos/flask-tags/flask-1.1.1/tests/test_helpers.py', 301, 301)"
202,breaks in linear flow,"('/home/toffer/Repos/flask-tags/flask-1.1.1/tests/test_helpers.py', 326, 326)"
203,breaks in linear flow,"('/home/toffer/Repos/flask-tags/flask-1.1.1/tests/test_helpers.py', 337, 337)"
204,breaks in linear flow,"('/home/toffer/Repos/flask-tags/flask-1.1.1/tests/test_helpers.py', 444, 444)"
205,breaks in linear flow,"('/home/toffer/Repos/flask-tags/flask-1.1.1/tests/test_helpers.py', 711, 711)"
206,breaks in linear flow,"('/home/toffer/Repos/flask-tags/flask-1.1.1/tests/test_helpers.py', 834, 834)"
207,breaks in linear flow,"('/home/toffer/Repos/flask-tags/flask-1.1.1/tests/test_helpers.py', 866, 866)"
208,breaks in linear flow,"('/home/toffer/Repos/flask-tags/flask-1.1.1/tests/test_helpers.py', 964, 964)"
209,breaks in linear flow,"('/home/toffer/Repos/flask-tags/flask-1.1.1/tests/test_helpers.py', 980, 980)"
210,breaks in linear flow,"('/home/toffer/Repos/flask-tags/flask-1.1.1/tests/test_helpers.py', 1000, 1000)"
211,breaks in linear flow,"('/home/toffer/Repos/flask-tags/flask-1.1.1/tests/conftest.py', 36, 36)"
212,breaks in linear flow,"('/home/toffer/Repos/flask-tags/flask-1.1.1/tests/conftest.py', 37, 37)"
213,breaks in linear flow,"('/home/toffer/Repos/flask-tags/flask-1.1.1/tests/conftest.py', 96, 96)"
214,breaks in linear flow,"('/home/toffer/Repos/flask-tags/flask-1.1.1/tests/conftest.py', 112, 112)"
215,breaks in linear flow,"('/home/toffer/Repos/flask-tags/flask-1.1.1/tests/conftest.py', 120, 120)"
216,breaks in linear flow,"('/home/toffer/Repos/flask-tags/flask-1.1.1/tests/conftest.py', 165, 165)"
217,breaks in linear flow,"('/home/toffer/Repos/flask-tags/flask-1.1.1/tests/test_regression.py', 41, 41)"
218,breaks in linear flow,"('/home/toffer/Repos/flask-tags/flask-1.1.1/tests/test_regression.py', 64, 64)"
219,breaks in linear flow,"('/home/toffer/Repos/flask-tags/flask-1.1.1/tests/test_regression.py', 66, 66)"
220,breaks in linear flow,"('/home/toffer/Repos/flask-tags/flask-1.1.1/tests/test_cli.py', 465, 465)"
221,breaks in linear flow,"('/home/toffer/Repos/flask-tags/flask-1.1.1/tests/test_cli.py', 509, 509)"
222,breaks in linear flow,"('/home/toffer/Repos/flask-tags/flask-1.1.1/tests/test_cli.py', 531, 531)"
223,breaks in linear flow,"('/home/toffer/Repos/flask-tags/flask-1.1.1/tests/test_cli.py', 593, 593)"
224,breaks in linear flow,"('/home/toffer/Repos/flask-tags/flask-1.1.1/tests/test_cli.py', 598, 598)"
225,breaks in linear flow,"('/home/toffer/Repos/flask-tags/flask-1.1.1/tests/test_basic.py', 96, 96)"
226,breaks in linear flow,"('/home/toffer/Repos/flask-tags/flask-1.1.1/tests/test_basic.py', 113, 113)"
227,breaks in linear flow,"('/home/toffer/Repos/flask-tags/flask-1.1.1/tests/test_basic.py', 562, 562)"
228,breaks in linear flow,"('/home/toffer/Repos/flask-tags/flask-1.1.1/tests/test_basic.py', 784, 784)"
229,breaks in linear flow,"('/home/toffer/Repos/flask-tags/flask-1.1.1/tests/test_basic.py', 796, 796)"
230,breaks in linear flow,"('/home/toffer/Repos/flask-tags/flask-1.1.1/tests/test_basic.py', 1070, 1070)"
231,breaks in linear flow,"('/home/toffer/Repos/flask-tags/flask-1.1.1/tests/test_basic.py', 1075, 1075)"
232,breaks in linear flow,"('/home/toffer/Repos/flask-tags/flask-1.1.1/tests/test_basic.py', 1087, 1087)"
233,breaks in linear flow,"('/home/toffer/Repos/flask-tags/flask-1.1.1/tests/test_basic.py', 1340, 1340)"
234,breaks in linear flow,"('/home/toffer/Repos/flask-tags/flask-1.1.1/tests/test_basic.py', 1344, 1344)"
235,breaks in linear flow,"('/home/toffer/Repos/flask-tags/flask-1.1.1/tests/test_basic.py', 1480, 1480)"
236,breaks in linear flow,"('/home/toffer/Repos/flask-tags/flask-1.1.1/tests/test_basic.py', 1502, 1502)"
237,breaks in linear flow,"('/home/toffer/Repos/flask-tags/flask-1.1.1/tests/test_basic.py', 1513, 1513)"
238,breaks in linear flow,"('/home/toffer/Repos/flask-tags/flask-1.1.1/tests/test_basic.py', 1561, 1561)"
239,breaks in linear flow,"('/home/toffer/Repos/flask-tags/flask-1.1.1/tests/test_basic.py', 1736, 1736)"
240,breaks in linear flow,"('/home/toffer/Repos/flask-tags/flask-1.1.1/tests/test_signals.py', 15, 15)"
241,breaks in linear flow,"('/home/toffer/Repos/flask-tags/flask-1.1.1/tests/test_reqctx.py', 18, 18)"
242,breaks in linear flow,"('/home/toffer/Repos/flask-tags/flask-1.1.1/tests/test_reqctx.py', 45, 45)"
243,breaks in linear flow,"('/home/toffer/Repos/flask-tags/flask-1.1.1/tests/test_reqctx.py', 64, 64)"
244,breaks in linear flow,"('/home/toffer/Repos/flask-tags/flask-1.1.1/tests/test_config.py', 200, 200)"
245,breaks in linear flow,"('/home/toffer/Repos/flask-tags/flask-1.1.1/tests/test_logging.py', 40, 40)"
246,breaks in linear flow,"('/home/toffer/Repos/flask-tags/flask-1.1.1/tests/test_instance_config.py', 126, 126)"
247,breaks in linear flow,"('/home/toffer/Repos/flask-tags/flask-1.1.1/tests/test_testing.py', 26, 26)"
248,breaks in linear flow,"('/home/toffer/Repos/flask-tags/flask-1.1.1/tests/test_testing.py', 167, 167)"
249,breaks in linear flow,"('/home/toffer/Repos/flask-tags/flask-1.1.1/tests/test_testing.py', 187, 187)"
250,breaks in linear flow,"('/home/toffer/Repos/flask-tags/flask-1.1.1/tests/test_testing.py', 264, 264)"
251,breaks in linear flow,"('/home/toffer/Repos/flask-tags/flask-1.1.1/tests/test_blueprints.py', 211, 211)"
252,breaks in linear flow,"('/home/toffer/Repos/flask-tags/flask-1.1.1/tests/test_blueprints.py', 249, 249)"
253,breaks in linear flow,"('/home/toffer/Repos/flask-tags/flask-1.1.1/tests/test_blueprints.py', 367, 367)"
254,breaks in linear flow,"('/home/toffer/Repos/flask-tags/flask-1.1.1/tests/test_blueprints.py', 378, 378)"
255,breaks in linear flow,"('/home/toffer/Repos/flask-tags/flask-1.1.1/tests/test_user_error_handler.py', 32, 32)"
256,breaks in linear flow,"('/home/toffer/Repos/flask-tags/flask-1.1.1/tests/test_user_error_handler.py', 241, 241)"
257,breaks in linear flow,"('/home/toffer/Repos/flask-tags/flask-1.1.1/examples/tutorial/flaskr/__init__.py', 16, 16)"
258,breaks in linear flow,"('/home/toffer/Repos/flask-tags/flask-1.1.1/examples/tutorial/flaskr/__init__.py', 26, 26)"
259,breaks in linear flow,"('/home/toffer/Repos/flask-tags/flask-1.1.1/examples/tutorial/flaskr/auth.py', 24, 24)"
260,breaks in linear flow,"('/home/toffer/Repos/flask-tags/flask-1.1.1/examples/tutorial/flaskr/auth.py', 38, 38)"
261,breaks in linear flow,"('/home/toffer/Repos/flask-tags/flask-1.1.1/examples/tutorial/flaskr/auth.py', 53, 53)"
262,breaks in linear flow,"('/home/toffer/Repos/flask-tags/flask-1.1.1/examples/tutorial/flaskr/auth.py', 59, 59)"
263,breaks in linear flow,"('/home/toffer/Repos/flask-tags/flask-1.1.1/examples/tutorial/flaskr/auth.py', 69, 69)"
264,breaks in linear flow,"('/home/toffer/Repos/flask-tags/flask-1.1.1/examples/tutorial/flaskr/auth.py', 87, 87)"
265,breaks in linear flow,"('/home/toffer/Repos/flask-tags/flask-1.1.1/examples/tutorial/flaskr/auth.py', 96, 96)"
266,breaks in linear flow,"('/home/toffer/Repos/flask-tags/flask-1.1.1/examples/tutorial/flaskr/auth.py', 101, 101)"
267,breaks in linear flow,"('/home/toffer/Repos/flask-tags/flask-1.1.1/examples/tutorial/flaskr/blog.py', 51, 51)"
268,breaks in linear flow,"('/home/toffer/Repos/flask-tags/flask-1.1.1/examples/tutorial/flaskr/blog.py', 54, 54)"
269,breaks in linear flow,"('/home/toffer/Repos/flask-tags/flask-1.1.1/examples/tutorial/flaskr/blog.py', 64, 64)"
270,breaks in linear flow,"('/home/toffer/Repos/flask-tags/flask-1.1.1/examples/tutorial/flaskr/blog.py', 69, 69)"
271,breaks in linear flow,"('/home/toffer/Repos/flask-tags/flask-1.1.1/examples/tutorial/flaskr/blog.py', 72, 72)"
272,breaks in linear flow,"('/home/toffer/Repos/flask-tags/flask-1.1.1/examples/tutorial/flaskr/blog.py', 92, 92)"
273,breaks in linear flow,"('/home/toffer/Repos/flask-tags/flask-1.1.1/examples/tutorial/flaskr/blog.py', 97, 97)"
274,breaks in linear flow,"('/home/toffer/Repos/flask-tags/flask-1.1.1/examples/tutorial/flaskr/blog.py', 100, 100)"
275,breaks in linear flow,"('/home/toffer/Repos/flask-tags/flask-1.1.1/examples/tutorial/flaskr/db.py', 14, 14)"
276,breaks in linear flow,"('/home/toffer/Repos/flask-tags/flask-1.1.1/examples/tutorial/flaskr/db.py', 29, 29)"
277,breaks in linear flow,"('/home/toffer/Repos/flask-tags/flask-1.1.1/src/flask/blueprints.py', 46, 46)"
278,breaks in linear flow,"('/home/toffer/Repos/flask-tags/flask-1.1.1/src/flask/blueprints.py', 54, 54)"
279,breaks in linear flow,"('/home/toffer/Repos/flask-tags/flask-1.1.1/src/flask/blueprints.py', 70, 70)"
280,breaks in linear flow,"('/home/toffer/Repos/flask-tags/flask-1.1.1/src/flask/blueprints.py', 71, 71)"
281,breaks in linear flow,"('/home/toffer/Repos/flask-tags/flask-1.1.1/src/flask/blueprints.py', 76, 76)"
282,breaks in linear flow,"('/home/toffer/Repos/flask-tags/flask-1.1.1/src/flask/blueprints.py', 79, 79)"
283,breaks in linear flow,"('/home/toffer/Repos/flask-tags/flask-1.1.1/src/flask/blueprints.py', 190, 190)"
284,breaks in linear flow,"('/home/toffer/Repos/flask-tags/flask-1.1.1/src/flask/blueprints.py', 201, 201)"
285,breaks in linear flow,"('/home/toffer/Repos/flask-tags/flask-1.1.1/src/flask/blueprints.py', 221, 221)"
286,breaks in linear flow,"('/home/toffer/Repos/flask-tags/flask-1.1.1/src/flask/blueprints.py', 248, 248)"
287,breaks in linear flow,"('/home/toffer/Repos/flask-tags/flask-1.1.1/src/flask/blueprints.py', 255, 255)"
288,breaks in linear flow,"('/home/toffer/Repos/flask-tags/flask-1.1.1/src/flask/blueprints.py', 260, 260)"
289,breaks in linear flow,"('/home/toffer/Repos/flask-tags/flask-1.1.1/src/flask/blueprints.py', 263, 263)"
290,breaks in linear flow,"('/home/toffer/Repos/flask-tags/flask-1.1.1/src/flask/blueprints.py', 288, 288)"
291,breaks in linear flow,"('/home/toffer/Repos/flask-tags/flask-1.1.1/src/flask/blueprints.py', 290, 290)"
292,breaks in linear flow,"('/home/toffer/Repos/flask-tags/flask-1.1.1/src/flask/globals.py', 37, 37)"
293,breaks in linear flow,"('/home/toffer/Repos/flask-tags/flask-1.1.1/src/flask/globals.py', 44, 44)"
294,breaks in linear flow,"('/home/toffer/Repos/flask-tags/flask-1.1.1/src/flask/globals.py', 51, 51)"
295,breaks in linear flow,"('/home/toffer/Repos/flask-tags/flask-1.1.1/src/flask/__main__.py', 12, 12)"
296,breaks in linear flow,"('/home/toffer/Repos/flask-tags/flask-1.1.1/src/flask/sessions.py', 190, 190)"
297,breaks in linear flow,"('/home/toffer/Repos/flask-tags/flask-1.1.1/src/flask/sessions.py', 196, 196)"
298,breaks in linear flow,"('/home/toffer/Repos/flask-tags/flask-1.1.1/src/flask/sessions.py', 204, 204)"
299,breaks in linear flow,"('/home/toffer/Repos/flask-tags/flask-1.1.1/src/flask/sessions.py', 218, 218)"
300,breaks in linear flow,"('/home/toffer/Repos/flask-tags/flask-1.1.1/src/flask/sessions.py', 228, 228)"
301,breaks in linear flow,"('/home/toffer/Repos/flask-tags/flask-1.1.1/src/flask/sessions.py', 268, 268)"
302,breaks in linear flow,"('/home/toffer/Repos/flask-tags/flask-1.1.1/src/flask/sessions.py', 327, 327)"
303,breaks in linear flow,"('/home/toffer/Repos/flask-tags/flask-1.1.1/src/flask/sessions.py', 341, 341)"
304,breaks in linear flow,"('/home/toffer/Repos/flask-tags/flask-1.1.1/src/flask/sessions.py', 344, 344)"
305,breaks in linear flow,"('/home/toffer/Repos/flask-tags/flask-1.1.1/src/flask/sessions.py', 350, 350)"
306,breaks in linear flow,"('/home/toffer/Repos/flask-tags/flask-1.1.1/src/flask/sessions.py', 359, 359)"
307,breaks in linear flow,"('/home/toffer/Repos/flask-tags/flask-1.1.1/src/flask/sessions.py', 360, 360)"
308,breaks in linear flow,"('/home/toffer/Repos/flask-tags/flask-1.1.1/src/flask/sessions.py', 368, 368)"
309,breaks in linear flow,"('/home/toffer/Repos/flask-tags/flask-1.1.1/src/flask/sessions.py', 371, 371)"
310,breaks in linear flow,"('/home/toffer/Repos/flask-tags/flask-1.1.1/src/flask/templating.py', 28, 28)"
311,breaks in linear flow,"('/home/toffer/Repos/flask-tags/flask-1.1.1/src/flask/templating.py', 30, 30)"
312,breaks in linear flow,"('/home/toffer/Repos/flask-tags/flask-1.1.1/src/flask/templating.py', 43, 43)"
313,breaks in linear flow,"('/home/toffer/Repos/flask-tags/flask-1.1.1/src/flask/templating.py', 58, 58)"
314,breaks in linear flow,"('/home/toffer/Repos/flask-tags/flask-1.1.1/src/flask/templating.py', 66, 66)"
315,breaks in linear flow,"('/home/toffer/Repos/flask-tags/flask-1.1.1/src/flask/templating.py', 69, 69)"
316,breaks in linear flow,"('/home/toffer/Repos/flask-tags/flask-1.1.1/src/flask/templating.py', 71, 71)"
317,breaks in linear flow,"('/home/toffer/Repos/flask-tags/flask-1.1.1/src/flask/templating.py', 79, 79)"
318,breaks in linear flow,"('/home/toffer/Repos/flask-tags/flask-1.1.1/src/flask/templating.py', 84, 84)"
319,breaks in linear flow,"('/home/toffer/Repos/flask-tags/flask-1.1.1/src/flask/templating.py', 87, 87)"
320,breaks in linear flow,"('/home/toffer/Repos/flask-tags/flask-1.1.1/src/flask/templating.py', 88, 88)"
321,breaks in linear flow,"('/home/toffer/Repos/flask-tags/flask-1.1.1/src/flask/templating.py', 93, 93)"
322,breaks in linear flow,"('/home/toffer/Repos/flask-tags/flask-1.1.1/src/flask/templating.py', 96, 96)"
323,breaks in linear flow,"('/home/toffer/Repos/flask-tags/flask-1.1.1/src/flask/templating.py', 98, 98)"
324,breaks in linear flow,"('/home/toffer/Repos/flask-tags/flask-1.1.1/src/flask/templating.py', 104, 104)"
325,breaks in linear flow,"('/home/toffer/Repos/flask-tags/flask-1.1.1/src/flask/templating.py', 107, 107)"
326,breaks in linear flow,"('/home/toffer/Repos/flask-tags/flask-1.1.1/src/flask/templating.py', 109, 109)"
327,breaks in linear flow,"('/home/toffer/Repos/flask-tags/flask-1.1.1/src/flask/templating.py', 110, 110)"
328,breaks in linear flow,"('/home/toffer/Repos/flask-tags/flask-1.1.1/src/flask/ctx.py', 68, 68)"
329,breaks in linear flow,"('/home/toffer/Repos/flask-tags/flask-1.1.1/src/flask/ctx.py', 93, 93)"
330,breaks in linear flow,"('/home/toffer/Repos/flask-tags/flask-1.1.1/src/flask/ctx.py', 148, 148)"
331,breaks in linear flow,"('/home/toffer/Repos/flask-tags/flask-1.1.1/src/flask/ctx.py', 226, 226)"
332,breaks in linear flow,"('/home/toffer/Repos/flask-tags/flask-1.1.1/src/flask/ctx.py', 235, 235)"
333,breaks in linear flow,"('/home/toffer/Repos/flask-tags/flask-1.1.1/src/flask/ctx.py', 236, 236)"
334,breaks in linear flow,"('/home/toffer/Repos/flask-tags/flask-1.1.1/src/flask/ctx.py', 251, 251)"
335,breaks in linear flow,"('/home/toffer/Repos/flask-tags/flask-1.1.1/src/flask/ctx.py', 287, 287)"
336,breaks in linear flow,"('/home/toffer/Repos/flask-tags/flask-1.1.1/src/flask/ctx.py', 293, 293)"
337,breaks in linear flow,"('/home/toffer/Repos/flask-tags/flask-1.1.1/src/flask/ctx.py', 352, 352)"
338,breaks in linear flow,"('/home/toffer/Repos/flask-tags/flask-1.1.1/src/flask/ctx.py', 366, 366)"
339,breaks in linear flow,"('/home/toffer/Repos/flask-tags/flask-1.1.1/src/flask/ctx.py', 372, 372)"
340,breaks in linear flow,"('/home/toffer/Repos/flask-tags/flask-1.1.1/src/flask/ctx.py', 379, 379)"
341,breaks in linear flow,"('/home/toffer/Repos/flask-tags/flask-1.1.1/src/flask/ctx.py', 388, 388)"
342,breaks in linear flow,"('/home/toffer/Repos/flask-tags/flask-1.1.1/src/flask/ctx.py', 392, 392)"
343,breaks in linear flow,"('/home/toffer/Repos/flask-tags/flask-1.1.1/src/flask/ctx.py', 395, 395)"
344,breaks in linear flow,"('/home/toffer/Repos/flask-tags/flask-1.1.1/src/flask/ctx.py', 410, 410)"
345,breaks in linear flow,"('/home/toffer/Repos/flask-tags/flask-1.1.1/src/flask/ctx.py', 413, 413)"
346,breaks in linear flow,"('/home/toffer/Repos/flask-tags/flask-1.1.1/src/flask/ctx.py', 421, 421)"
347,breaks in linear flow,"('/home/toffer/Repos/flask-tags/flask-1.1.1/src/flask/ctx.py', 425, 425)"
348,breaks in linear flow,"('/home/toffer/Repos/flask-tags/flask-1.1.1/src/flask/ctx.py', 433, 433)"
349,breaks in linear flow,"('/home/toffer/Repos/flask-tags/flask-1.1.1/src/flask/ctx.py', 437, 437)"
350,breaks in linear flow,"('/home/toffer/Repos/flask-tags/flask-1.1.1/src/flask/ctx.py', 446, 446)"
351,breaks in linear flow,"('/home/toffer/Repos/flask-tags/flask-1.1.1/src/flask/ctx.py', 466, 466)"
352,breaks in linear flow,"('/home/toffer/Repos/flask-tags/flask-1.1.1/src/flask/helpers.py', 72, 72)"
353,breaks in linear flow,"('/home/toffer/Repos/flask-tags/flask-1.1.1/src/flask/helpers.py', 87, 87)"
354,breaks in linear flow,"('/home/toffer/Repos/flask-tags/flask-1.1.1/src/flask/helpers.py', 137, 137)"
355,breaks in linear flow,"('/home/toffer/Repos/flask-tags/flask-1.1.1/src/flask/helpers.py', 147, 147)"
356,breaks in linear flow,"('/home/toffer/Repos/flask-tags/flask-1.1.1/src/flask/helpers.py', 162, 162)"
357,breaks in linear flow,"('/home/toffer/Repos/flask-tags/flask-1.1.1/src/flask/helpers.py', 165, 165)"
358,breaks in linear flow,"('/home/toffer/Repos/flask-tags/flask-1.1.1/src/flask/helpers.py', 219, 219)"
359,breaks in linear flow,"('/home/toffer/Repos/flask-tags/flask-1.1.1/src/flask/helpers.py', 221, 221)"
360,breaks in linear flow,"('/home/toffer/Repos/flask-tags/flask-1.1.1/src/flask/helpers.py', 305, 305)"
361,breaks in linear flow,"('/home/toffer/Repos/flask-tags/flask-1.1.1/src/flask/helpers.py', 314, 314)"
362,breaks in linear flow,"('/home/toffer/Repos/flask-tags/flask-1.1.1/src/flask/helpers.py', 318, 318)"
363,breaks in linear flow,"('/home/toffer/Repos/flask-tags/flask-1.1.1/src/flask/helpers.py', 319, 319)"
364,breaks in linear flow,"('/home/toffer/Repos/flask-tags/flask-1.1.1/src/flask/helpers.py', 331, 331)"
365,breaks in linear flow,"('/home/toffer/Repos/flask-tags/flask-1.1.1/src/flask/helpers.py', 349, 349)"
366,breaks in linear flow,"('/home/toffer/Repos/flask-tags/flask-1.1.1/src/flask/helpers.py', 350, 350)"
367,breaks in linear flow,"('/home/toffer/Repos/flask-tags/flask-1.1.1/src/flask/helpers.py', 361, 361)"
368,breaks in linear flow,"('/home/toffer/Repos/flask-tags/flask-1.1.1/src/flask/helpers.py', 363, 363)"
369,breaks in linear flow,"('/home/toffer/Repos/flask-tags/flask-1.1.1/src/flask/helpers.py', 372, 372)"
370,breaks in linear flow,"('/home/toffer/Repos/flask-tags/flask-1.1.1/src/flask/helpers.py', 458, 458)"
371,breaks in linear flow,"('/home/toffer/Repos/flask-tags/flask-1.1.1/src/flask/helpers.py', 462, 462)"
372,breaks in linear flow,"('/home/toffer/Repos/flask-tags/flask-1.1.1/src/flask/helpers.py', 464, 464)"
373,breaks in linear flow,"('/home/toffer/Repos/flask-tags/flask-1.1.1/src/flask/helpers.py', 570, 570)"
374,breaks in linear flow,"('/home/toffer/Repos/flask-tags/flask-1.1.1/src/flask/helpers.py', 573, 573)"
375,breaks in linear flow,"('/home/toffer/Repos/flask-tags/flask-1.1.1/src/flask/helpers.py', 575, 575)"
376,breaks in linear flow,"('/home/toffer/Repos/flask-tags/flask-1.1.1/src/flask/helpers.py', 578, 578)"
377,breaks in linear flow,"('/home/toffer/Repos/flask-tags/flask-1.1.1/src/flask/helpers.py', 584, 584)"
378,breaks in linear flow,"('/home/toffer/Repos/flask-tags/flask-1.1.1/src/flask/helpers.py', 585, 585)"
379,breaks in linear flow,"('/home/toffer/Repos/flask-tags/flask-1.1.1/src/flask/helpers.py', 591, 591)"
380,breaks in linear flow,"('/home/toffer/Repos/flask-tags/flask-1.1.1/src/flask/helpers.py', 599, 599)"
381,breaks in linear flow,"('/home/toffer/Repos/flask-tags/flask-1.1.1/src/flask/helpers.py', 600, 600)"
382,breaks in linear flow,"('/home/toffer/Repos/flask-tags/flask-1.1.1/src/flask/helpers.py', 603, 603)"
383,breaks in linear flow,"('/home/toffer/Repos/flask-tags/flask-1.1.1/src/flask/helpers.py', 608, 608)"
384,breaks in linear flow,"('/home/toffer/Repos/flask-tags/flask-1.1.1/src/flask/helpers.py', 620, 620)"
385,breaks in linear flow,"('/home/toffer/Repos/flask-tags/flask-1.1.1/src/flask/helpers.py', 621, 621)"
386,breaks in linear flow,"('/home/toffer/Repos/flask-tags/flask-1.1.1/src/flask/helpers.py', 628, 628)"
387,breaks in linear flow,"('/home/toffer/Repos/flask-tags/flask-1.1.1/src/flask/helpers.py', 636, 636)"
388,breaks in linear flow,"('/home/toffer/Repos/flask-tags/flask-1.1.1/src/flask/helpers.py', 646, 646)"
389,breaks in linear flow,"('/home/toffer/Repos/flask-tags/flask-1.1.1/src/flask/helpers.py', 652, 652)"
390,breaks in linear flow,"('/home/toffer/Repos/flask-tags/flask-1.1.1/src/flask/helpers.py', 654, 654)"
391,breaks in linear flow,"('/home/toffer/Repos/flask-tags/flask-1.1.1/src/flask/helpers.py', 658, 658)"
392,breaks in linear flow,"('/home/toffer/Repos/flask-tags/flask-1.1.1/src/flask/helpers.py', 675, 675)"
393,breaks in linear flow,"('/home/toffer/Repos/flask-tags/flask-1.1.1/src/flask/helpers.py', 682, 682)"
394,breaks in linear flow,"('/home/toffer/Repos/flask-tags/flask-1.1.1/src/flask/helpers.py', 685, 685)"
395,breaks in linear flow,"('/home/toffer/Repos/flask-tags/flask-1.1.1/src/flask/helpers.py', 686, 686)"
396,breaks in linear flow,"('/home/toffer/Repos/flask-tags/flask-1.1.1/src/flask/helpers.py', 691, 691)"
397,breaks in linear flow,"('/home/toffer/Repos/flask-tags/flask-1.1.1/src/flask/helpers.py', 716, 716)"
398,breaks in linear flow,"('/home/toffer/Repos/flask-tags/flask-1.1.1/src/flask/helpers.py', 717, 717)"
399,breaks in linear flow,"('/home/toffer/Repos/flask-tags/flask-1.1.1/src/flask/helpers.py', 720, 720)"
400,breaks in linear flow,"('/home/toffer/Repos/flask-tags/flask-1.1.1/src/flask/helpers.py', 763, 763)"
401,breaks in linear flow,"('/home/toffer/Repos/flask-tags/flask-1.1.1/src/flask/helpers.py', 766, 766)"
402,breaks in linear flow,"('/home/toffer/Repos/flask-tags/flask-1.1.1/src/flask/helpers.py', 768, 768)"
403,breaks in linear flow,"('/home/toffer/Repos/flask-tags/flask-1.1.1/src/flask/helpers.py', 782, 782)"
404,breaks in linear flow,"('/home/toffer/Repos/flask-tags/flask-1.1.1/src/flask/helpers.py', 791, 791)"
405,breaks in linear flow,"('/home/toffer/Repos/flask-tags/flask-1.1.1/src/flask/helpers.py', 796, 796)"
406,breaks in linear flow,"('/home/toffer/Repos/flask-tags/flask-1.1.1/src/flask/helpers.py', 807, 807)"
407,breaks in linear flow,"('/home/toffer/Repos/flask-tags/flask-1.1.1/src/flask/helpers.py', 828, 828)"
408,breaks in linear flow,"('/home/toffer/Repos/flask-tags/flask-1.1.1/src/flask/helpers.py', 852, 852)"
409,breaks in linear flow,"('/home/toffer/Repos/flask-tags/flask-1.1.1/src/flask/helpers.py', 857, 857)"
410,breaks in linear flow,"('/home/toffer/Repos/flask-tags/flask-1.1.1/src/flask/helpers.py', 864, 864)"
411,breaks in linear flow,"('/home/toffer/Repos/flask-tags/flask-1.1.1/src/flask/helpers.py', 868, 868)"
412,breaks in linear flow,"('/home/toffer/Repos/flask-tags/flask-1.1.1/src/flask/helpers.py', 879, 879)"
413,breaks in linear flow,"('/home/toffer/Repos/flask-tags/flask-1.1.1/src/flask/helpers.py', 884, 884)"
414,breaks in linear flow,"('/home/toffer/Repos/flask-tags/flask-1.1.1/src/flask/helpers.py', 902, 902)"
415,breaks in linear flow,"('/home/toffer/Repos/flask-tags/flask-1.1.1/src/flask/helpers.py', 920, 920)"
416,breaks in linear flow,"('/home/toffer/Repos/flask-tags/flask-1.1.1/src/flask/helpers.py', 925, 925)"
417,breaks in linear flow,"('/home/toffer/Repos/flask-tags/flask-1.1.1/src/flask/helpers.py', 952, 952)"
418,breaks in linear flow,"('/home/toffer/Repos/flask-tags/flask-1.1.1/src/flask/helpers.py', 956, 956)"
419,breaks in linear flow,"('/home/toffer/Repos/flask-tags/flask-1.1.1/src/flask/helpers.py', 979, 979)"
420,breaks in linear flow,"('/home/toffer/Repos/flask-tags/flask-1.1.1/src/flask/helpers.py', 998, 998)"
421,breaks in linear flow,"('/home/toffer/Repos/flask-tags/flask-1.1.1/src/flask/helpers.py', 1012, 1012)"
422,breaks in linear flow,"('/home/toffer/Repos/flask-tags/flask-1.1.1/src/flask/helpers.py', 1015, 1015)"
423,breaks in linear flow,"('/home/toffer/Repos/flask-tags/flask-1.1.1/src/flask/helpers.py', 1021, 1021)"
424,breaks in linear flow,"('/home/toffer/Repos/flask-tags/flask-1.1.1/src/flask/helpers.py', 1041, 1041)"
425,breaks in linear flow,"('/home/toffer/Repos/flask-tags/flask-1.1.1/src/flask/helpers.py', 1076, 1076)"
426,breaks in linear flow,"('/home/toffer/Repos/flask-tags/flask-1.1.1/src/flask/helpers.py', 1109, 1109)"
427,breaks in linear flow,"('/home/toffer/Repos/flask-tags/flask-1.1.1/src/flask/helpers.py', 1138, 1138)"
428,breaks in linear flow,"('/home/toffer/Repos/flask-tags/flask-1.1.1/src/flask/helpers.py', 1142, 1142)"
429,breaks in linear flow,"('/home/toffer/Repos/flask-tags/flask-1.1.1/src/flask/helpers.py', 1145, 1145)"
430,breaks in linear flow,"('/home/toffer/Repos/flask-tags/flask-1.1.1/src/flask/helpers.py', 1148, 1148)"
431,breaks in linear flow,"('/home/toffer/Repos/flask-tags/flask-1.1.1/src/flask/app.py', 77, 77)"
432,breaks in linear flow,"('/home/toffer/Repos/flask-tags/flask-1.1.1/src/flask/app.py', 88, 88)"
433,breaks in linear flow,"('/home/toffer/Repos/flask-tags/flask-1.1.1/src/flask/app.py', 422, 422)"
434,breaks in linear flow,"('/home/toffer/Repos/flask-tags/flask-1.1.1/src/flask/app.py', 597, 597)"
435,breaks in linear flow,"('/home/toffer/Repos/flask-tags/flask-1.1.1/src/flask/app.py', 622, 622)"
436,breaks in linear flow,"('/home/toffer/Repos/flask-tags/flask-1.1.1/src/flask/app.py', 624, 624)"
437,breaks in linear flow,"('/home/toffer/Repos/flask-tags/flask-1.1.1/src/flask/app.py', 637, 637)"
438,breaks in linear flow,"('/home/toffer/Repos/flask-tags/flask-1.1.1/src/flask/app.py', 650, 650)"
439,breaks in linear flow,"('/home/toffer/Repos/flask-tags/flask-1.1.1/src/flask/app.py', 710, 710)"
440,breaks in linear flow,"('/home/toffer/Repos/flask-tags/flask-1.1.1/src/flask/app.py', 726, 726)"
441,breaks in linear flow,"('/home/toffer/Repos/flask-tags/flask-1.1.1/src/flask/app.py', 775, 775)"
442,breaks in linear flow,"('/home/toffer/Repos/flask-tags/flask-1.1.1/src/flask/app.py', 778, 778)"
443,breaks in linear flow,"('/home/toffer/Repos/flask-tags/flask-1.1.1/src/flask/app.py', 815, 815)"
444,breaks in linear flow,"('/home/toffer/Repos/flask-tags/flask-1.1.1/src/flask/app.py', 832, 832)"
445,breaks in linear flow,"('/home/toffer/Repos/flask-tags/flask-1.1.1/src/flask/app.py', 834, 834)"
446,breaks in linear flow,"('/home/toffer/Repos/flask-tags/flask-1.1.1/src/flask/app.py', 837, 837)"
447,breaks in linear flow,"('/home/toffer/Repos/flask-tags/flask-1.1.1/src/flask/app.py', 852, 852)"
448,breaks in linear flow,"('/home/toffer/Repos/flask-tags/flask-1.1.1/src/flask/app.py', 949, 949)"
449,breaks in linear flow,"('/home/toffer/Repos/flask-tags/flask-1.1.1/src/flask/app.py', 955, 955)"
450,breaks in linear flow,"('/home/toffer/Repos/flask-tags/flask-1.1.1/src/flask/app.py', 959, 959)"
451,breaks in linear flow,"('/home/toffer/Repos/flask-tags/flask-1.1.1/src/flask/app.py', 966, 966)"
452,breaks in linear flow,"('/home/toffer/Repos/flask-tags/flask-1.1.1/src/flask/app.py', 974, 974)"
453,breaks in linear flow,"('/home/toffer/Repos/flask-tags/flask-1.1.1/src/flask/app.py', 1049, 1049)"
454,breaks in linear flow,"('/home/toffer/Repos/flask-tags/flask-1.1.1/src/flask/app.py', 1065, 1065)"
455,breaks in linear flow,"('/home/toffer/Repos/flask-tags/flask-1.1.1/src/flask/app.py', 1155, 1155)"
456,breaks in linear flow,"('/home/toffer/Repos/flask-tags/flask-1.1.1/src/flask/app.py', 1237, 1237)"
457,breaks in linear flow,"('/home/toffer/Repos/flask-tags/flask-1.1.1/src/flask/app.py', 1245, 1245)"
458,breaks in linear flow,"('/home/toffer/Repos/flask-tags/flask-1.1.1/src/flask/app.py', 1247, 1247)"
459,breaks in linear flow,"('/home/toffer/Repos/flask-tags/flask-1.1.1/src/flask/app.py', 1259, 1259)"
460,breaks in linear flow,"('/home/toffer/Repos/flask-tags/flask-1.1.1/src/flask/app.py', 1264, 1264)"
461,breaks in linear flow,"('/home/toffer/Repos/flask-tags/flask-1.1.1/src/flask/app.py', 1265, 1265)"
462,breaks in linear flow,"('/home/toffer/Repos/flask-tags/flask-1.1.1/src/flask/app.py', 1278, 1278)"
463,breaks in linear flow,"('/home/toffer/Repos/flask-tags/flask-1.1.1/src/flask/app.py', 1280, 1280)"
464,breaks in linear flow,"('/home/toffer/Repos/flask-tags/flask-1.1.1/src/flask/app.py', 1346, 1346)"
465,breaks in linear flow,"('/home/toffer/Repos/flask-tags/flask-1.1.1/src/flask/app.py', 1353, 1353)"
466,breaks in linear flow,"('/home/toffer/Repos/flask-tags/flask-1.1.1/src/flask/app.py', 1412, 1412)"
467,breaks in linear flow,"('/home/toffer/Repos/flask-tags/flask-1.1.1/src/flask/app.py', 1421, 1421)"
468,breaks in linear flow,"('/home/toffer/Repos/flask-tags/flask-1.1.1/src/flask/app.py', 1695, 1695)"
469,breaks in linear flow,"('/home/toffer/Repos/flask-tags/flask-1.1.1/src/flask/app.py', 1703, 1703)"
470,breaks in linear flow,"('/home/toffer/Repos/flask-tags/flask-1.1.1/src/flask/app.py', 1704, 1704)"
471,breaks in linear flow,"('/home/toffer/Repos/flask-tags/flask-1.1.1/src/flask/app.py', 1706, 1706)"
472,breaks in linear flow,"('/home/toffer/Repos/flask-tags/flask-1.1.1/src/flask/app.py', 1709, 1709)"
473,breaks in linear flow,"('/home/toffer/Repos/flask-tags/flask-1.1.1/src/flask/app.py', 1731, 1731)"
474,breaks in linear flow,"('/home/toffer/Repos/flask-tags/flask-1.1.1/src/flask/app.py', 1737, 1737)"
475,breaks in linear flow,"('/home/toffer/Repos/flask-tags/flask-1.1.1/src/flask/app.py', 1741, 1741)"
476,breaks in linear flow,"('/home/toffer/Repos/flask-tags/flask-1.1.1/src/flask/app.py', 1762, 1762)"
477,breaks in linear flow,"('/home/toffer/Repos/flask-tags/flask-1.1.1/src/flask/app.py', 1768, 1768)"
478,breaks in linear flow,"('/home/toffer/Repos/flask-tags/flask-1.1.1/src/flask/app.py', 1775, 1775)"
479,breaks in linear flow,"('/home/toffer/Repos/flask-tags/flask-1.1.1/src/flask/app.py', 1802, 1802)"
480,breaks in linear flow,"('/home/toffer/Repos/flask-tags/flask-1.1.1/src/flask/app.py', 1803, 1803)"
481,breaks in linear flow,"('/home/toffer/Repos/flask-tags/flask-1.1.1/src/flask/app.py', 1809, 1809)"
482,breaks in linear flow,"('/home/toffer/Repos/flask-tags/flask-1.1.1/src/flask/app.py', 1814, 1814)"
483,breaks in linear flow,"('/home/toffer/Repos/flask-tags/flask-1.1.1/src/flask/app.py', 1819, 1819)"
484,breaks in linear flow,"('/home/toffer/Repos/flask-tags/flask-1.1.1/src/flask/app.py', 1860, 1860)"
485,breaks in linear flow,"('/home/toffer/Repos/flask-tags/flask-1.1.1/src/flask/app.py', 1865, 1865)"
486,breaks in linear flow,"('/home/toffer/Repos/flask-tags/flask-1.1.1/src/flask/app.py', 1877, 1877)"
487,breaks in linear flow,"('/home/toffer/Repos/flask-tags/flask-1.1.1/src/flask/app.py', 1902, 1902)"
488,breaks in linear flow,"('/home/toffer/Repos/flask-tags/flask-1.1.1/src/flask/app.py', 1924, 1924)"
489,breaks in linear flow,"('/home/toffer/Repos/flask-tags/flask-1.1.1/src/flask/app.py', 1929, 1929)"
490,breaks in linear flow,"('/home/toffer/Repos/flask-tags/flask-1.1.1/src/flask/app.py', 1948, 1948)"
491,breaks in linear flow,"('/home/toffer/Repos/flask-tags/flask-1.1.1/src/flask/app.py', 1950, 1950)"
492,breaks in linear flow,"('/home/toffer/Repos/flask-tags/flask-1.1.1/src/flask/app.py', 1971, 1971)"
493,breaks in linear flow,"('/home/toffer/Repos/flask-tags/flask-1.1.1/src/flask/app.py', 1972, 1972)"
494,breaks in linear flow,"('/home/toffer/Repos/flask-tags/flask-1.1.1/src/flask/app.py', 1986, 1986)"
495,breaks in linear flow,"('/home/toffer/Repos/flask-tags/flask-1.1.1/src/flask/app.py', 1989, 1989)"
496,breaks in linear flow,"('/home/toffer/Repos/flask-tags/flask-1.1.1/src/flask/app.py', 1991, 1991)"
497,breaks in linear flow,"('/home/toffer/Repos/flask-tags/flask-1.1.1/src/flask/app.py', 2003, 2003)"
498,breaks in linear flow,"('/home/toffer/Repos/flask-tags/flask-1.1.1/src/flask/app.py', 2010, 2010)"
499,breaks in linear flow,"('/home/toffer/Repos/flask-tags/flask-1.1.1/src/flask/app.py', 2012, 2012)"
500,breaks in linear flow,"('/home/toffer/Repos/flask-tags/flask-1.1.1/src/flask/app.py', 2074, 2074)"
501,breaks in linear flow,"('/home/toffer/Repos/flask-tags/flask-1.1.1/src/flask/app.py', 2078, 2078)"
502,breaks in linear flow,"('/home/toffer/Repos/flask-tags/flask-1.1.1/src/flask/app.py', 2082, 2082)"
503,breaks in linear flow,"('/home/toffer/Repos/flask-tags/flask-1.1.1/src/flask/app.py', 2095, 2095)"
504,breaks in linear flow,"('/home/toffer/Repos/flask-tags/flask-1.1.1/src/flask/app.py', 2103, 2103)"
505,breaks in linear flow,"('/home/toffer/Repos/flask-tags/flask-1.1.1/src/flask/app.py', 2104, 2104)"
506,breaks in linear flow,"('/home/toffer/Repos/flask-tags/flask-1.1.1/src/flask/app.py', 2117, 2117)"
507,breaks in linear flow,"('/home/toffer/Repos/flask-tags/flask-1.1.1/src/flask/app.py', 2134, 2134)"
508,breaks in linear flow,"('/home/toffer/Repos/flask-tags/flask-1.1.1/src/flask/app.py', 2135, 2135)"
509,breaks in linear flow,"('/home/toffer/Repos/flask-tags/flask-1.1.1/src/flask/app.py', 2141, 2141)"
510,breaks in linear flow,"('/home/toffer/Repos/flask-tags/flask-1.1.1/src/flask/app.py', 2161, 2161)"
511,breaks in linear flow,"('/home/toffer/Repos/flask-tags/flask-1.1.1/src/flask/app.py', 2177, 2177)"
512,breaks in linear flow,"('/home/toffer/Repos/flask-tags/flask-1.1.1/src/flask/app.py', 2192, 2192)"
513,breaks in linear flow,"('/home/toffer/Repos/flask-tags/flask-1.1.1/src/flask/app.py', 2195, 2195)"
514,breaks in linear flow,"('/home/toffer/Repos/flask-tags/flask-1.1.1/src/flask/app.py', 2202, 2202)"
515,breaks in linear flow,"('/home/toffer/Repos/flask-tags/flask-1.1.1/src/flask/app.py', 2205, 2205)"
516,breaks in linear flow,"('/home/toffer/Repos/flask-tags/flask-1.1.1/src/flask/app.py', 2207, 2207)"
517,breaks in linear flow,"('/home/toffer/Repos/flask-tags/flask-1.1.1/src/flask/app.py', 2214, 2214)"
518,breaks in linear flow,"('/home/toffer/Repos/flask-tags/flask-1.1.1/src/flask/app.py', 2232, 2232)"
519,breaks in linear flow,"('/home/toffer/Repos/flask-tags/flask-1.1.1/src/flask/app.py', 2234, 2234)"
520,breaks in linear flow,"('/home/toffer/Repos/flask-tags/flask-1.1.1/src/flask/app.py', 2238, 2238)"
521,breaks in linear flow,"('/home/toffer/Repos/flask-tags/flask-1.1.1/src/flask/app.py', 2240, 2240)"
522,breaks in linear flow,"('/home/toffer/Repos/flask-tags/flask-1.1.1/src/flask/app.py', 2242, 2242)"
523,breaks in linear flow,"('/home/toffer/Repos/flask-tags/flask-1.1.1/src/flask/app.py', 2261, 2261)"
524,breaks in linear flow,"('/home/toffer/Repos/flask-tags/flask-1.1.1/src/flask/app.py', 2263, 2263)"
525,breaks in linear flow,"('/home/toffer/Repos/flask-tags/flask-1.1.1/src/flask/app.py', 2265, 2265)"
526,breaks in linear flow,"('/home/toffer/Repos/flask-tags/flask-1.1.1/src/flask/app.py', 2267, 2267)"
527,breaks in linear flow,"('/home/toffer/Repos/flask-tags/flask-1.1.1/src/flask/app.py', 2292, 2292)"
528,breaks in linear flow,"('/home/toffer/Repos/flask-tags/flask-1.1.1/src/flask/app.py', 2296, 2296)"
529,breaks in linear flow,"('/home/toffer/Repos/flask-tags/flask-1.1.1/src/flask/app.py', 2298, 2298)"
530,breaks in linear flow,"('/home/toffer/Repos/flask-tags/flask-1.1.1/src/flask/app.py', 2317, 2317)"
531,breaks in linear flow,"('/home/toffer/Repos/flask-tags/flask-1.1.1/src/flask/app.py', 2319, 2319)"
532,breaks in linear flow,"('/home/toffer/Repos/flask-tags/flask-1.1.1/src/flask/app.py', 2447, 2447)"
533,breaks in linear flow,"('/home/toffer/Repos/flask-tags/flask-1.1.1/src/flask/app.py', 2450, 2450)"
534,breaks in linear flow,"('/home/toffer/Repos/flask-tags/flask-1.1.1/src/flask/app.py', 2455, 2455)"
535,breaks in linear flow,"('/home/toffer/Repos/flask-tags/flask-1.1.1/src/flask/cli.py', 39, 39)"
536,breaks in linear flow,"('/home/toffer/Repos/flask-tags/flask-1.1.1/src/flask/cli.py', 44, 44)"
537,breaks in linear flow,"('/home/toffer/Repos/flask-tags/flask-1.1.1/src/flask/cli.py', 59, 59)"
538,breaks in linear flow,"('/home/toffer/Repos/flask-tags/flask-1.1.1/src/flask/cli.py', 62, 62)"
539,breaks in linear flow,"('/home/toffer/Repos/flask-tags/flask-1.1.1/src/flask/cli.py', 68, 68)"
540,breaks in linear flow,"('/home/toffer/Repos/flask-tags/flask-1.1.1/src/flask/cli.py', 78, 78)"
541,breaks in linear flow,"('/home/toffer/Repos/flask-tags/flask-1.1.1/src/flask/cli.py', 81, 81)"
542,breaks in linear flow,"('/home/toffer/Repos/flask-tags/flask-1.1.1/src/flask/cli.py', 85, 85)"
543,breaks in linear flow,"('/home/toffer/Repos/flask-tags/flask-1.1.1/src/flask/cli.py', 87, 87)"
544,breaks in linear flow,"('/home/toffer/Repos/flask-tags/flask-1.1.1/src/flask/cli.py', 88, 88)"
545,breaks in linear flow,"('/home/toffer/Repos/flask-tags/flask-1.1.1/src/flask/cli.py', 112, 112)"
546,breaks in linear flow,"('/home/toffer/Repos/flask-tags/flask-1.1.1/src/flask/cli.py', 133, 133)"
547,breaks in linear flow,"('/home/toffer/Repos/flask-tags/flask-1.1.1/src/flask/cli.py', 134, 134)"
548,breaks in linear flow,"('/home/toffer/Repos/flask-tags/flask-1.1.1/src/flask/cli.py', 158, 158)"
549,breaks in linear flow,"('/home/toffer/Repos/flask-tags/flask-1.1.1/src/flask/cli.py', 168, 168)"
550,breaks in linear flow,"('/home/toffer/Repos/flask-tags/flask-1.1.1/src/flask/cli.py', 171, 171)"
551,breaks in linear flow,"('/home/toffer/Repos/flask-tags/flask-1.1.1/src/flask/cli.py', 172, 172)"
552,breaks in linear flow,"('/home/toffer/Repos/flask-tags/flask-1.1.1/src/flask/cli.py', 175, 175)"
553,breaks in linear flow,"('/home/toffer/Repos/flask-tags/flask-1.1.1/src/flask/cli.py', 185, 185)"
554,breaks in linear flow,"('/home/toffer/Repos/flask-tags/flask-1.1.1/src/flask/cli.py', 186, 186)"
555,breaks in linear flow,"('/home/toffer/Repos/flask-tags/flask-1.1.1/src/flask/cli.py', 198, 198)"
556,breaks in linear flow,"('/home/toffer/Repos/flask-tags/flask-1.1.1/src/flask/cli.py', 214, 214)"
557,breaks in linear flow,"('/home/toffer/Repos/flask-tags/flask-1.1.1/src/flask/cli.py', 217, 217)"
558,breaks in linear flow,"('/home/toffer/Repos/flask-tags/flask-1.1.1/src/flask/cli.py', 223, 223)"
559,breaks in linear flow,"('/home/toffer/Repos/flask-tags/flask-1.1.1/src/flask/cli.py', 227, 227)"
560,breaks in linear flow,"('/home/toffer/Repos/flask-tags/flask-1.1.1/src/flask/cli.py', 228, 228)"
561,breaks in linear flow,"('/home/toffer/Repos/flask-tags/flask-1.1.1/src/flask/cli.py', 230, 230)"
562,breaks in linear flow,"('/home/toffer/Repos/flask-tags/flask-1.1.1/src/flask/cli.py', 241, 241)"
563,breaks in linear flow,"('/home/toffer/Repos/flask-tags/flask-1.1.1/src/flask/cli.py', 244, 244)"
564,breaks in linear flow,"('/home/toffer/Repos/flask-tags/flask-1.1.1/src/flask/cli.py', 256, 256)"
565,breaks in linear flow,"('/home/toffer/Repos/flask-tags/flask-1.1.1/src/flask/cli.py', 263, 263)"
566,breaks in linear flow,"('/home/toffer/Repos/flask-tags/flask-1.1.1/src/flask/cli.py', 304, 304)"
567,breaks in linear flow,"('/home/toffer/Repos/flask-tags/flask-1.1.1/src/flask/cli.py', 315, 315)"
568,breaks in linear flow,"('/home/toffer/Repos/flask-tags/flask-1.1.1/src/flask/cli.py', 324, 324)"
569,breaks in linear flow,"('/home/toffer/Repos/flask-tags/flask-1.1.1/src/flask/cli.py', 336, 336)"
570,breaks in linear flow,"('/home/toffer/Repos/flask-tags/flask-1.1.1/src/flask/cli.py', 340, 340)"
571,breaks in linear flow,"('/home/toffer/Repos/flask-tags/flask-1.1.1/src/flask/cli.py', 375, 375)"
572,breaks in linear flow,"('/home/toffer/Repos/flask-tags/flask-1.1.1/src/flask/cli.py', 380, 380)"
573,breaks in linear flow,"('/home/toffer/Repos/flask-tags/flask-1.1.1/src/flask/cli.py', 383, 383)"
574,breaks in linear flow,"('/home/toffer/Repos/flask-tags/flask-1.1.1/src/flask/cli.py', 390, 390)"
575,breaks in linear flow,"('/home/toffer/Repos/flask-tags/flask-1.1.1/src/flask/cli.py', 394, 394)"
576,breaks in linear flow,"('/home/toffer/Repos/flask-tags/flask-1.1.1/src/flask/cli.py', 395, 395)"
577,breaks in linear flow,"('/home/toffer/Repos/flask-tags/flask-1.1.1/src/flask/cli.py', 397, 397)"
578,breaks in linear flow,"('/home/toffer/Repos/flask-tags/flask-1.1.1/src/flask/cli.py', 404, 404)"
579,breaks in linear flow,"('/home/toffer/Repos/flask-tags/flask-1.1.1/src/flask/cli.py', 447, 447)"
580,breaks in linear flow,"('/home/toffer/Repos/flask-tags/flask-1.1.1/src/flask/cli.py', 498, 498)"
581,breaks in linear flow,"('/home/toffer/Repos/flask-tags/flask-1.1.1/src/flask/cli.py', 506, 506)"
582,breaks in linear flow,"('/home/toffer/Repos/flask-tags/flask-1.1.1/src/flask/cli.py', 514, 514)"
583,breaks in linear flow,"('/home/toffer/Repos/flask-tags/flask-1.1.1/src/flask/cli.py', 518, 518)"
584,breaks in linear flow,"('/home/toffer/Repos/flask-tags/flask-1.1.1/src/flask/cli.py', 522, 522)"
585,breaks in linear flow,"('/home/toffer/Repos/flask-tags/flask-1.1.1/src/flask/cli.py', 537, 537)"
586,breaks in linear flow,"('/home/toffer/Repos/flask-tags/flask-1.1.1/src/flask/cli.py', 543, 543)"
587,breaks in linear flow,"('/home/toffer/Repos/flask-tags/flask-1.1.1/src/flask/cli.py', 545, 545)"
588,breaks in linear flow,"('/home/toffer/Repos/flask-tags/flask-1.1.1/src/flask/cli.py', 557, 557)"
589,breaks in linear flow,"('/home/toffer/Repos/flask-tags/flask-1.1.1/src/flask/cli.py', 574, 574)"
590,breaks in linear flow,"('/home/toffer/Repos/flask-tags/flask-1.1.1/src/flask/cli.py', 579, 579)"
591,breaks in linear flow,"('/home/toffer/Repos/flask-tags/flask-1.1.1/src/flask/cli.py', 619, 619)"
592,breaks in linear flow,"('/home/toffer/Repos/flask-tags/flask-1.1.1/src/flask/cli.py', 620, 620)"
593,breaks in linear flow,"('/home/toffer/Repos/flask-tags/flask-1.1.1/src/flask/cli.py', 632, 632)"
594,breaks in linear flow,"('/home/toffer/Repos/flask-tags/flask-1.1.1/src/flask/cli.py', 633, 633)"
595,breaks in linear flow,"('/home/toffer/Repos/flask-tags/flask-1.1.1/src/flask/cli.py', 640, 640)"
596,breaks in linear flow,"('/home/toffer/Repos/flask-tags/flask-1.1.1/src/flask/cli.py', 643, 643)"
597,breaks in linear flow,"('/home/toffer/Repos/flask-tags/flask-1.1.1/src/flask/cli.py', 644, 644)"
598,breaks in linear flow,"('/home/toffer/Repos/flask-tags/flask-1.1.1/src/flask/cli.py', 646, 646)"
599,breaks in linear flow,"('/home/toffer/Repos/flask-tags/flask-1.1.1/src/flask/cli.py', 651, 651)"
600,breaks in linear flow,"('/home/toffer/Repos/flask-tags/flask-1.1.1/src/flask/cli.py', 661, 661)"
601,breaks in linear flow,"('/home/toffer/Repos/flask-tags/flask-1.1.1/src/flask/cli.py', 664, 664)"
602,breaks in linear flow,"('/home/toffer/Repos/flask-tags/flask-1.1.1/src/flask/cli.py', 667, 667)"
603,breaks in linear flow,"('/home/toffer/Repos/flask-tags/flask-1.1.1/src/flask/cli.py', 674, 674)"
604,breaks in linear flow,"('/home/toffer/Repos/flask-tags/flask-1.1.1/src/flask/cli.py', 682, 682)"
605,breaks in linear flow,"('/home/toffer/Repos/flask-tags/flask-1.1.1/src/flask/cli.py', 698, 698)"
606,breaks in linear flow,"('/home/toffer/Repos/flask-tags/flask-1.1.1/src/flask/cli.py', 707, 707)"
607,breaks in linear flow,"('/home/toffer/Repos/flask-tags/flask-1.1.1/src/flask/cli.py', 710, 710)"
608,breaks in linear flow,"('/home/toffer/Repos/flask-tags/flask-1.1.1/src/flask/cli.py', 713, 713)"
609,breaks in linear flow,"('/home/toffer/Repos/flask-tags/flask-1.1.1/src/flask/cli.py', 722, 722)"
610,breaks in linear flow,"('/home/toffer/Repos/flask-tags/flask-1.1.1/src/flask/cli.py', 723, 723)"
611,breaks in linear flow,"('/home/toffer/Repos/flask-tags/flask-1.1.1/src/flask/cli.py', 726, 726)"
612,breaks in linear flow,"('/home/toffer/Repos/flask-tags/flask-1.1.1/src/flask/cli.py', 739, 739)"
613,breaks in linear flow,"('/home/toffer/Repos/flask-tags/flask-1.1.1/src/flask/cli.py', 744, 744)"
614,breaks in linear flow,"('/home/toffer/Repos/flask-tags/flask-1.1.1/src/flask/cli.py', 745, 745)"
615,breaks in linear flow,"('/home/toffer/Repos/flask-tags/flask-1.1.1/src/flask/cli.py', 750, 750)"
616,breaks in linear flow,"('/home/toffer/Repos/flask-tags/flask-1.1.1/src/flask/cli.py', 755, 755)"
617,breaks in linear flow,"('/home/toffer/Repos/flask-tags/flask-1.1.1/src/flask/cli.py', 761, 761)"
618,breaks in linear flow,"('/home/toffer/Repos/flask-tags/flask-1.1.1/src/flask/cli.py', 838, 838)"
619,breaks in linear flow,"('/home/toffer/Repos/flask-tags/flask-1.1.1/src/flask/cli.py', 841, 841)"
620,breaks in linear flow,"('/home/toffer/Repos/flask-tags/flask-1.1.1/src/flask/cli.py', 844, 844)"
621,breaks in linear flow,"('/home/toffer/Repos/flask-tags/flask-1.1.1/src/flask/cli.py', 890, 890)"
622,breaks in linear flow,"('/home/toffer/Repos/flask-tags/flask-1.1.1/src/flask/cli.py', 916, 916)"
623,breaks in linear flow,"('/home/toffer/Repos/flask-tags/flask-1.1.1/src/flask/cli.py', 922, 922)"
624,breaks in linear flow,"('/home/toffer/Repos/flask-tags/flask-1.1.1/src/flask/cli.py', 941, 941)"
625,breaks in linear flow,"('/home/toffer/Repos/flask-tags/flask-1.1.1/src/flask/cli.py', 969, 969)"
626,breaks in linear flow,"('/home/toffer/Repos/flask-tags/flask-1.1.1/src/flask/wrappers.py', 24, 24)"
627,breaks in linear flow,"('/home/toffer/Repos/flask-tags/flask-1.1.1/src/flask/wrappers.py', 68, 68)"
628,breaks in linear flow,"('/home/toffer/Repos/flask-tags/flask-1.1.1/src/flask/wrappers.py', 78, 78)"
629,breaks in linear flow,"('/home/toffer/Repos/flask-tags/flask-1.1.1/src/flask/wrappers.py', 84, 84)"
630,breaks in linear flow,"('/home/toffer/Repos/flask-tags/flask-1.1.1/src/flask/wrappers.py', 92, 92)"
631,breaks in linear flow,"('/home/toffer/Repos/flask-tags/flask-1.1.1/src/flask/wrappers.py', 133, 133)"
632,breaks in linear flow,"('/home/toffer/Repos/flask-tags/flask-1.1.1/src/flask/testing.py', 63, 63)"
633,breaks in linear flow,"('/home/toffer/Repos/flask-tags/flask-1.1.1/src/flask/testing.py', 67, 67)"
634,breaks in linear flow,"('/home/toffer/Repos/flask-tags/flask-1.1.1/src/flask/testing.py', 70, 70)"
635,breaks in linear flow,"('/home/toffer/Repos/flask-tags/flask-1.1.1/src/flask/testing.py', 81, 81)"
636,breaks in linear flow,"('/home/toffer/Repos/flask-tags/flask-1.1.1/src/flask/testing.py', 157, 157)"
637,breaks in linear flow,"('/home/toffer/Repos/flask-tags/flask-1.1.1/src/flask/testing.py', 168, 168)"
638,breaks in linear flow,"('/home/toffer/Repos/flask-tags/flask-1.1.1/src/flask/testing.py', 187, 187)"
639,breaks in linear flow,"('/home/toffer/Repos/flask-tags/flask-1.1.1/src/flask/testing.py', 197, 197)"
640,breaks in linear flow,"('/home/toffer/Repos/flask-tags/flask-1.1.1/src/flask/testing.py', 204, 204)"
641,breaks in linear flow,"('/home/toffer/Repos/flask-tags/flask-1.1.1/src/flask/testing.py', 231, 231)"
642,breaks in linear flow,"('/home/toffer/Repos/flask-tags/flask-1.1.1/src/flask/testing.py', 243, 243)"
643,breaks in linear flow,"('/home/toffer/Repos/flask-tags/flask-1.1.1/src/flask/testing.py', 246, 246)"
644,breaks in linear flow,"('/home/toffer/Repos/flask-tags/flask-1.1.1/src/flask/testing.py', 249, 249)"
645,breaks in linear flow,"('/home/toffer/Repos/flask-tags/flask-1.1.1/src/flask/testing.py', 277, 277)"
646,breaks in linear flow,"('/home/toffer/Repos/flask-tags/flask-1.1.1/src/flask/testing.py', 280, 280)"
647,breaks in linear flow,"('/home/toffer/Repos/flask-tags/flask-1.1.1/src/flask/debughelpers.py', 43, 43)"
648,breaks in linear flow,"('/home/toffer/Repos/flask-tags/flask-1.1.1/src/flask/debughelpers.py', 69, 69)"
649,breaks in linear flow,"('/home/toffer/Repos/flask-tags/flask-1.1.1/src/flask/debughelpers.py', 97, 97)"
650,breaks in linear flow,"('/home/toffer/Repos/flask-tags/flask-1.1.1/src/flask/debughelpers.py', 98, 98)"
651,breaks in linear flow,"('/home/toffer/Repos/flask-tags/flask-1.1.1/src/flask/debughelpers.py', 109, 109)"
652,breaks in linear flow,"('/home/toffer/Repos/flask-tags/flask-1.1.1/src/flask/debughelpers.py', 110, 110)"
653,breaks in linear flow,"('/home/toffer/Repos/flask-tags/flask-1.1.1/src/flask/debughelpers.py', 111, 111)"
654,breaks in linear flow,"('/home/toffer/Repos/flask-tags/flask-1.1.1/src/flask/debughelpers.py', 112, 112)"
655,breaks in linear flow,"('/home/toffer/Repos/flask-tags/flask-1.1.1/src/flask/debughelpers.py', 113, 113)"
656,breaks in linear flow,"('/home/toffer/Repos/flask-tags/flask-1.1.1/src/flask/debughelpers.py', 114, 114)"
657,breaks in linear flow,"('/home/toffer/Repos/flask-tags/flask-1.1.1/src/flask/debughelpers.py', 116, 116)"
658,breaks in linear flow,"('/home/toffer/Repos/flask-tags/flask-1.1.1/src/flask/debughelpers.py', 118, 118)"
659,breaks in linear flow,"('/home/toffer/Repos/flask-tags/flask-1.1.1/src/flask/debughelpers.py', 120, 120)"
660,breaks in linear flow,"('/home/toffer/Repos/flask-tags/flask-1.1.1/src/flask/debughelpers.py', 130, 130)"
661,breaks in linear flow,"('/home/toffer/Repos/flask-tags/flask-1.1.1/src/flask/debughelpers.py', 133, 133)"
662,breaks in linear flow,"('/home/toffer/Repos/flask-tags/flask-1.1.1/src/flask/debughelpers.py', 134, 134)"
663,breaks in linear flow,"('/home/toffer/Repos/flask-tags/flask-1.1.1/src/flask/debughelpers.py', 143, 143)"
664,breaks in linear flow,"('/home/toffer/Repos/flask-tags/flask-1.1.1/src/flask/debughelpers.py', 146, 146)"
665,breaks in linear flow,"('/home/toffer/Repos/flask-tags/flask-1.1.1/src/flask/debughelpers.py', 154, 154)"
666,breaks in linear flow,"('/home/toffer/Repos/flask-tags/flask-1.1.1/src/flask/debughelpers.py', 161, 161)"
667,breaks in linear flow,"('/home/toffer/Repos/flask-tags/flask-1.1.1/src/flask/debughelpers.py', 173, 173)"
668,breaks in linear flow,"('/home/toffer/Repos/flask-tags/flask-1.1.1/src/flask/logging.py', 40, 40)"
669,breaks in linear flow,"('/home/toffer/Repos/flask-tags/flask-1.1.1/src/flask/logging.py', 41, 41)"
670,breaks in linear flow,"('/home/toffer/Repos/flask-tags/flask-1.1.1/src/flask/logging.py', 44, 44)"
671,breaks in linear flow,"('/home/toffer/Repos/flask-tags/flask-1.1.1/src/flask/logging.py', 45, 45)"
672,breaks in linear flow,"('/home/toffer/Repos/flask-tags/flask-1.1.1/src/flask/logging.py', 91, 91)"
673,breaks in linear flow,"('/home/toffer/Repos/flask-tags/flask-1.1.1/src/flask/logging.py', 94, 94)"
674,breaks in linear flow,"('/home/toffer/Repos/flask-tags/flask-1.1.1/src/flask/logging.py', 101, 101)"
675,breaks in linear flow,"('/home/toffer/Repos/flask-tags/flask-1.1.1/src/flask/logging.py', 103, 103)"
676,breaks in linear flow,"('/home/toffer/Repos/flask-tags/flask-1.1.1/src/flask/logging.py', 106, 106)"
677,breaks in linear flow,"('/home/toffer/Repos/flask-tags/flask-1.1.1/src/flask/config.py', 30, 30)"
678,breaks in linear flow,"('/home/toffer/Repos/flask-tags/flask-1.1.1/src/flask/config.py', 33, 33)"
679,breaks in linear flow,"('/home/toffer/Repos/flask-tags/flask-1.1.1/src/flask/config.py', 102, 102)"
680,breaks in linear flow,"('/home/toffer/Repos/flask-tags/flask-1.1.1/src/flask/config.py', 103, 103)"
681,breaks in linear flow,"('/home/toffer/Repos/flask-tags/flask-1.1.1/src/flask/config.py', 133, 133)"
682,breaks in linear flow,"('/home/toffer/Repos/flask-tags/flask-1.1.1/src/flask/config.py', 134, 134)"
683,breaks in linear flow,"('/home/toffer/Repos/flask-tags/flask-1.1.1/src/flask/config.py', 173, 173)"
684,breaks in linear flow,"('/home/toffer/Repos/flask-tags/flask-1.1.1/src/flask/config.py', 175, 175)"
685,breaks in linear flow,"('/home/toffer/Repos/flask-tags/flask-1.1.1/src/flask/config.py', 176, 176)"
686,breaks in linear flow,"('/home/toffer/Repos/flask-tags/flask-1.1.1/src/flask/config.py', 197, 197)"
687,breaks in linear flow,"('/home/toffer/Repos/flask-tags/flask-1.1.1/src/flask/config.py', 198, 198)"
688,breaks in linear flow,"('/home/toffer/Repos/flask-tags/flask-1.1.1/src/flask/config.py', 211, 211)"
689,breaks in linear flow,"('/home/toffer/Repos/flask-tags/flask-1.1.1/src/flask/config.py', 212, 212)"
690,breaks in linear flow,"('/home/toffer/Repos/flask-tags/flask-1.1.1/src/flask/config.py', 221, 221)"
691,breaks in linear flow,"('/home/toffer/Repos/flask-tags/flask-1.1.1/src/flask/config.py', 222, 222)"
692,breaks in linear flow,"('/home/toffer/Repos/flask-tags/flask-1.1.1/src/flask/config.py', 223, 223)"
693,breaks in linear flow,"('/home/toffer/Repos/flask-tags/flask-1.1.1/src/flask/config.py', 256, 256)"
694,breaks in linear flow,"('/home/toffer/Repos/flask-tags/flask-1.1.1/src/flask/config.py', 257, 257)"
695,breaks in linear flow,"('/home/toffer/Repos/flask-tags/flask-1.1.1/src/flask/config.py', 258, 258)"
696,breaks in linear flow,"('/home/toffer/Repos/flask-tags/flask-1.1.1/src/flask/config.py', 259, 259)"
697,breaks in linear flow,"('/home/toffer/Repos/flask-tags/flask-1.1.1/src/flask/config.py', 263, 263)"
698,breaks in linear flow,"('/home/toffer/Repos/flask-tags/flask-1.1.1/src/flask/views.py', 91, 91)"
699,breaks in linear flow,"('/home/toffer/Repos/flask-tags/flask-1.1.1/src/flask/views.py', 94, 94)"
700,breaks in linear flow,"('/home/toffer/Repos/flask-tags/flask-1.1.1/src/flask/views.py', 119, 119)"
701,breaks in linear flow,"('/home/toffer/Repos/flask-tags/flask-1.1.1/src/flask/views.py', 122, 122)"
702,breaks in linear flow,"('/home/toffer/Repos/flask-tags/flask-1.1.1/src/flask/views.py', 123, 123)"
703,breaks in linear flow,"('/home/toffer/Repos/flask-tags/flask-1.1.1/src/flask/views.py', 126, 126)"
704,breaks in linear flow,"('/home/toffer/Repos/flask-tags/flask-1.1.1/src/flask/views.py', 127, 127)"
705,breaks in linear flow,"('/home/toffer/Repos/flask-tags/flask-1.1.1/src/flask/views.py', 134, 134)"
706,breaks in linear flow,"('/home/toffer/Repos/flask-tags/flask-1.1.1/src/flask/views.py', 159, 159)"
707,breaks in linear flow,"('/home/toffer/Repos/flask-tags/flask-1.1.1/src/flask/signals.py', 16, 16)"
708,breaks in linear flow,"('/home/toffer/Repos/flask-tags/flask-1.1.1/src/flask/_compat.py', 22, 22)"
709,breaks in linear flow,"('/home/toffer/Repos/flask-tags/flask-1.1.1/src/flask/_compat.py', 27, 27)"
710,breaks in linear flow,"('/home/toffer/Repos/flask-tags/flask-1.1.1/src/flask/_compat.py', 37, 37)"
711,breaks in linear flow,"('/home/toffer/Repos/flask-tags/flask-1.1.1/src/flask/_compat.py', 84, 84)"
712,breaks in linear flow,"('/home/toffer/Repos/flask-tags/flask-1.1.1/src/flask/_compat.py', 91, 91)"
713,breaks in linear flow,"('/home/toffer/Repos/flask-tags/flask-1.1.1/src/flask/_compat.py', 99, 99)"
714,breaks in linear flow,"('/home/toffer/Repos/flask-tags/flask-1.1.1/src/flask/_compat.py', 103, 103)"
715,breaks in linear flow,"('/home/toffer/Repos/flask-tags/flask-1.1.1/src/flask/_compat.py', 105, 105)"
716,breaks in linear flow,"('/home/toffer/Repos/flask-tags/flask-1.1.1/src/flask/_compat.py', 111, 111)"
717,breaks in linear flow,"('/home/toffer/Repos/flask-tags/flask-1.1.1/src/flask/json/tag.py', 252, 252)"
718,breaks in linear flow,"('/home/toffer/Repos/flask-tags/flask-1.1.1/src/flask/json/tag.py', 272, 272)"
719,breaks in linear flow,"('/home/toffer/Repos/flask-tags/flask-1.1.1/src/flask/json/tag.py', 273, 273)"
720,breaks in linear flow,"('/home/toffer/Repos/flask-tags/flask-1.1.1/src/flask/json/tag.py', 278, 278)"
721,breaks in linear flow,"('/home/toffer/Repos/flask-tags/flask-1.1.1/src/flask/json/tag.py', 285, 285)"
722,breaks in linear flow,"('/home/toffer/Repos/flask-tags/flask-1.1.1/src/flask/json/tag.py', 286, 286)"
723,breaks in linear flow,"('/home/toffer/Repos/flask-tags/flask-1.1.1/src/flask/json/tag.py', 293, 293)"
724,breaks in linear flow,"('/home/toffer/Repos/flask-tags/flask-1.1.1/src/flask/json/tag.py', 298, 298)"
725,breaks in linear flow,"('/home/toffer/Repos/flask-tags/flask-1.1.1/src/flask/json/__init__.py', 26, 26)"
726,breaks in linear flow,"('/home/toffer/Repos/flask-tags/flask-1.1.1/src/flask/json/__init__.py', 48, 48)"
727,breaks in linear flow,"('/home/toffer/Repos/flask-tags/flask-1.1.1/src/flask/json/__init__.py', 56, 56)"
728,breaks in linear flow,"('/home/toffer/Repos/flask-tags/flask-1.1.1/src/flask/json/__init__.py', 90, 90)"
729,breaks in linear flow,"('/home/toffer/Repos/flask-tags/flask-1.1.1/src/flask/json/__init__.py', 92, 92)"
730,breaks in linear flow,"('/home/toffer/Repos/flask-tags/flask-1.1.1/src/flask/json/__init__.py', 94, 94)"
731,breaks in linear flow,"('/home/toffer/Repos/flask-tags/flask-1.1.1/src/flask/json/__init__.py', 96, 96)"
732,breaks in linear flow,"('/home/toffer/Repos/flask-tags/flask-1.1.1/src/flask/json/__init__.py', 98, 98)"
733,breaks in linear flow,"('/home/toffer/Repos/flask-tags/flask-1.1.1/src/flask/json/__init__.py', 113, 113)"
734,breaks in linear flow,"('/home/toffer/Repos/flask-tags/flask-1.1.1/src/flask/json/__init__.py', 116, 116)"
735,breaks in linear flow,"('/home/toffer/Repos/flask-tags/flask-1.1.1/src/flask/json/__init__.py', 122, 122)"
736,breaks in linear flow,"('/home/toffer/Repos/flask-tags/flask-1.1.1/src/flask/json/__init__.py', 133, 133)"
737,breaks in linear flow,"('/home/toffer/Repos/flask-tags/flask-1.1.1/src/flask/json/__init__.py', 136, 136)"
738,breaks in linear flow,"('/home/toffer/Repos/flask-tags/flask-1.1.1/src/flask/json/__init__.py', 157, 157)"
739,breaks in linear flow,"('/home/toffer/Repos/flask-tags/flask-1.1.1/src/flask/json/__init__.py', 160, 160)"
740,breaks in linear flow,"('/home/toffer/Repos/flask-tags/flask-1.1.1/src/flask/json/__init__.py', 163, 163)"
741,breaks in linear flow,"('/home/toffer/Repos/flask-tags/flask-1.1.1/src/flask/json/__init__.py', 166, 166)"
742,breaks in linear flow,"('/home/toffer/Repos/flask-tags/flask-1.1.1/src/flask/json/__init__.py', 169, 169)"
743,breaks in linear flow,"('/home/toffer/Repos/flask-tags/flask-1.1.1/src/flask/json/__init__.py', 170, 170)"
744,breaks in linear flow,"('/home/toffer/Repos/flask-tags/flask-1.1.1/src/flask/json/__init__.py', 173, 173)"
745,breaks in linear flow,"('/home/toffer/Repos/flask-tags/flask-1.1.1/src/flask/json/__init__.py', 176, 176)"
746,breaks in linear flow,"('/home/toffer/Repos/flask-tags/flask-1.1.1/src/flask/json/__init__.py', 179, 179)"
747,breaks in linear flow,"('/home/toffer/Repos/flask-tags/flask-1.1.1/src/flask/json/__init__.py', 182, 182)"
748,breaks in linear flow,"('/home/toffer/Repos/flask-tags/flask-1.1.1/src/flask/json/__init__.py', 212, 212)"
749,breaks in linear flow,"('/home/toffer/Repos/flask-tags/flask-1.1.1/src/flask/json/__init__.py', 221, 221)"
750,breaks in linear flow,"('/home/toffer/Repos/flask-tags/flask-1.1.1/src/flask/json/__init__.py', 248, 248)"
751,breaks in linear flow,"('/home/toffer/Repos/flask-tags/flask-1.1.1/src/flask/json/__init__.py', 250, 250)"
752,breaks in linear flow,"('/home/toffer/Repos/flask-tags/flask-1.1.1/src/flask/json/__init__.py', 259, 259)"
753,breaks in linear flow,"('/home/toffer/Repos/flask-tags/flask-1.1.1/src/flask/json/__init__.py', 296, 296)"
754,breaks in linear flow,"('/home/toffer/Repos/flask-tags/flask-1.1.1/src/flask/json/__init__.py', 358, 358)"
755,breaks in linear flow,"('/home/toffer/Repos/flask-tags/flask-1.1.1/src/flask/json/__init__.py', 362, 362)"
756,recursion,"('/home/toffer/Repos/flask-tags/flask-1.1.1/tests/test_basic.py', 569, 569)"
757,recursion,"('/home/toffer/Repos/flask-tags/flask-1.1.1/tests/test_views.py', 48, 48)"
758,recursion,"('/home/toffer/Repos/flask-tags/flask-1.1.1/src/flask/templating.py', 77, 77)"
