,type,file_start_end
0,method length,"('/home/toffer/Repos/flask-tags/flask-2.0.0rc1/tests/test_helpers.py', 48, 90)"
1,method length,"('/home/toffer/Repos/flask-tags/flask-2.0.0rc1/tests/test_helpers.py', 208, 237)"
2,method length,"('/home/toffer/Repos/flask-tags/flask-2.0.0rc1/tests/test_async.py', 23, 57)"
3,method length,"('/home/toffer/Repos/flask-tags/flask-2.0.0rc1/tests/test_async.py', 79, 134)"
4,method length,"('/home/toffer/Repos/flask-tags/flask-2.0.0rc1/tests/conftest.py', 100, 127)"
5,method length,"('/home/toffer/Repos/flask-tags/flask-2.0.0rc1/tests/conftest.py', 157, 189)"
6,method length,"('/home/toffer/Repos/flask-tags/flask-2.0.0rc1/tests/conftest.py', 161, 187)"
7,method length,"('/home/toffer/Repos/flask-tags/flask-2.0.0rc1/tests/test_cli.py', 46, 145)"
8,method length,"('/home/toffer/Repos/flask-tags/flask-2.0.0rc1/tests/test_cli.py', 272, 318)"
9,method length,"('/home/toffer/Repos/flask-tags/flask-2.0.0rc1/tests/test_cli.py', 613, 653)"
10,method length,"('/home/toffer/Repos/flask-tags/flask-2.0.0rc1/tests/test_basic.py', 90, 124)"
11,method length,"('/home/toffer/Repos/flask-tags/flask-2.0.0rc1/tests/test_basic.py', 158, 191)"
12,method length,"('/home/toffer/Repos/flask-tags/flask-2.0.0rc1/tests/test_basic.py', 318, 353)"
13,method length,"('/home/toffer/Repos/flask-tags/flask-2.0.0rc1/tests/test_basic.py', 424, 453)"
14,method length,"('/home/toffer/Repos/flask-tags/flask-2.0.0rc1/tests/test_basic.py', 470, 498)"
15,method length,"('/home/toffer/Repos/flask-tags/flask-2.0.0rc1/tests/test_basic.py', 501, 539)"
16,method length,"('/home/toffer/Repos/flask-tags/flask-2.0.0rc1/tests/test_basic.py', 542, 594)"
17,method length,"('/home/toffer/Repos/flask-tags/flask-2.0.0rc1/tests/test_basic.py', 612, 684)"
18,method length,"('/home/toffer/Repos/flask-tags/flask-2.0.0rc1/tests/test_basic.py', 790, 825)"
19,method length,"('/home/toffer/Repos/flask-tags/flask-2.0.0rc1/tests/test_basic.py', 828, 863)"
20,method length,"('/home/toffer/Repos/flask-tags/flask-2.0.0rc1/tests/test_basic.py', 866, 901)"
21,method length,"('/home/toffer/Repos/flask-tags/flask-2.0.0rc1/tests/test_basic.py', 977, 1006)"
22,method length,"('/home/toffer/Repos/flask-tags/flask-2.0.0rc1/tests/test_basic.py', 1009, 1039)"
23,method length,"('/home/toffer/Repos/flask-tags/flask-2.0.0rc1/tests/test_basic.py', 1042, 1070)"
24,method length,"('/home/toffer/Repos/flask-tags/flask-2.0.0rc1/tests/test_basic.py', 1131, 1214)"
25,method length,"('/home/toffer/Repos/flask-tags/flask-2.0.0rc1/tests/test_basic.py', 1217, 1258)"
26,method length,"('/home/toffer/Repos/flask-tags/flask-2.0.0rc1/tests/test_basic.py', 1498, 1537)"
27,method length,"('/home/toffer/Repos/flask-tags/flask-2.0.0rc1/tests/test_basic.py', 1604, 1630)"
28,method length,"('/home/toffer/Repos/flask-tags/flask-2.0.0rc1/tests/test_basic.py', 1794, 1823)"
29,method length,"('/home/toffer/Repos/flask-tags/flask-2.0.0rc1/tests/test_basic.py', 1986, 2013)"
30,method length,"('/home/toffer/Repos/flask-tags/flask-2.0.0rc1/tests/test_signals.py', 61, 103)"
31,method length,"('/home/toffer/Repos/flask-tags/flask-2.0.0rc1/tests/test_views.py', 101, 138)"
32,method length,"('/home/toffer/Repos/flask-tags/flask-2.0.0rc1/tests/test_reqctx.py', 60, 98)"
33,method length,"('/home/toffer/Repos/flask-tags/flask-2.0.0rc1/tests/test_reqctx.py', 144, 171)"
34,method length,"('/home/toffer/Repos/flask-tags/flask-2.0.0rc1/tests/test_reqctx.py', 226, 272)"
35,method length,"('/home/toffer/Repos/flask-tags/flask-2.0.0rc1/tests/test_testing.py', 215, 244)"
36,method length,"('/home/toffer/Repos/flask-tags/flask-2.0.0rc1/tests/test_blueprints.py', 10, 45)"
37,method length,"('/home/toffer/Repos/flask-tags/flask-2.0.0rc1/tests/test_blueprints.py', 48, 79)"
38,method length,"('/home/toffer/Repos/flask-tags/flask-2.0.0rc1/tests/test_blueprints.py', 178, 222)"
39,method length,"('/home/toffer/Repos/flask-tags/flask-2.0.0rc1/tests/test_blueprints.py', 311, 340)"
40,method length,"('/home/toffer/Repos/flask-tags/flask-2.0.0rc1/tests/test_blueprints.py', 343, 401)"
41,method length,"('/home/toffer/Repos/flask-tags/flask-2.0.0rc1/tests/test_blueprints.py', 693, 730)"
42,method length,"('/home/toffer/Repos/flask-tags/flask-2.0.0rc1/tests/test_blueprints.py', 754, 782)"
43,method length,"('/home/toffer/Repos/flask-tags/flask-2.0.0rc1/tests/test_blueprints.py', 785, 825)"
44,method length,"('/home/toffer/Repos/flask-tags/flask-2.0.0rc1/tests/test_blueprints.py', 855, 901)"
45,method length,"('/home/toffer/Repos/flask-tags/flask-2.0.0rc1/tests/test_templating.py', 353, 381)"
46,method length,"('/home/toffer/Repos/flask-tags/flask-2.0.0rc1/tests/test_templating.py', 399, 432)"
47,method length,"('/home/toffer/Repos/flask-tags/flask-2.0.0rc1/tests/test_user_error_handler.py', 10, 52)"
48,method length,"('/home/toffer/Repos/flask-tags/flask-2.0.0rc1/tests/test_user_error_handler.py', 55, 91)"
49,method length,"('/home/toffer/Repos/flask-tags/flask-2.0.0rc1/tests/test_user_error_handler.py', 94, 127)"
50,method length,"('/home/toffer/Repos/flask-tags/flask-2.0.0rc1/tests/test_user_error_handler.py', 157, 208)"
51,method length,"('/home/toffer/Repos/flask-tags/flask-2.0.0rc1/tests/test_json.py', 217, 250)"
52,method length,"('/home/toffer/Repos/flask-tags/flask-2.0.0rc1/tests/test_json.py', 253, 293)"
53,method length,"('/home/toffer/Repos/flask-tags/flask-2.0.0rc1/tests/test_json.py', 325, 393)"
54,method length,"('/home/toffer/Repos/flask-tags/flask-2.0.0rc1/examples/tutorial/flaskr/__init__.py', 6, 50)"
55,method length,"('/home/toffer/Repos/flask-tags/flask-2.0.0rc1/examples/tutorial/flaskr/auth.py', 47, 81)"
56,method length,"('/home/toffer/Repos/flask-tags/flask-2.0.0rc1/examples/tutorial/flaskr/blog.py', 28, 57)"
57,method length,"('/home/toffer/Repos/flask-tags/flask-2.0.0rc1/src/flask/scaffold.py', 83, 206)"
58,method length,"('/home/toffer/Repos/flask-tags/flask-2.0.0rc1/src/flask/scaffold.py', 370, 399)"
59,method length,"('/home/toffer/Repos/flask-tags/flask-2.0.0rc1/src/flask/scaffold.py', 409, 467)"
60,method length,"('/home/toffer/Repos/flask-tags/flask-2.0.0rc1/src/flask/scaffold.py', 531, 567)"
61,method length,"('/home/toffer/Repos/flask-tags/flask-2.0.0rc1/src/flask/scaffold.py', 602, 636)"
62,method length,"('/home/toffer/Repos/flask-tags/flask-2.0.0rc1/src/flask/scaffold.py', 699, 745)"
63,method length,"('/home/toffer/Repos/flask-tags/flask-2.0.0rc1/src/flask/scaffold.py', 773, 822)"
64,method length,"('/home/toffer/Repos/flask-tags/flask-2.0.0rc1/src/flask/scaffold.py', 825, 864)"
65,method length,"('/home/toffer/Repos/flask-tags/flask-2.0.0rc1/src/flask/blueprints.py', 17, 53)"
66,method length,"('/home/toffer/Repos/flask-tags/flask-2.0.0rc1/src/flask/blueprints.py', 225, 328)"
67,method length,"('/home/toffer/Repos/flask-tags/flask-2.0.0rc1/src/flask/sessions.py', 172, 228)"
68,method length,"('/home/toffer/Repos/flask-tags/flask-2.0.0rc1/src/flask/sessions.py', 349, 385)"
69,method length,"('/home/toffer/Repos/flask-tags/flask-2.0.0rc1/src/flask/ctx.py', 111, 148)"
70,method length,"('/home/toffer/Repos/flask-tags/flask-2.0.0rc1/src/flask/ctx.py', 151, 180)"
71,method length,"('/home/toffer/Repos/flask-tags/flask-2.0.0rc1/src/flask/ctx.py', 268, 298)"
72,method length,"('/home/toffer/Repos/flask-tags/flask-2.0.0rc1/src/flask/ctx.py', 338, 376)"
73,method length,"('/home/toffer/Repos/flask-tags/flask-2.0.0rc1/src/flask/ctx.py', 378, 415)"
74,method length,"('/home/toffer/Repos/flask-tags/flask-2.0.0rc1/src/flask/helpers.py', 59, 131)"
75,method length,"('/home/toffer/Repos/flask-tags/flask-2.0.0rc1/src/flask/helpers.py', 134, 180)"
76,method length,"('/home/toffer/Repos/flask-tags/flask-2.0.0rc1/src/flask/helpers.py', 183, 331)"
77,method length,"('/home/toffer/Repos/flask-tags/flask-2.0.0rc1/src/flask/helpers.py', 356, 383)"
78,method length,"('/home/toffer/Repos/flask-tags/flask-2.0.0rc1/src/flask/helpers.py', 386, 424)"
79,method length,"('/home/toffer/Repos/flask-tags/flask-2.0.0rc1/src/flask/helpers.py', 435, 476)"
80,method length,"('/home/toffer/Repos/flask-tags/flask-2.0.0rc1/src/flask/helpers.py', 491, 608)"
81,method length,"('/home/toffer/Repos/flask-tags/flask-2.0.0rc1/src/flask/helpers.py', 634, 666)"
82,method length,"('/home/toffer/Repos/flask-tags/flask-2.0.0rc1/src/flask/helpers.py', 739, 784)"
83,method length,"('/home/toffer/Repos/flask-tags/flask-2.0.0rc1/src/flask/helpers.py', 755, 781)"
84,method length,"('/home/toffer/Repos/flask-tags/flask-2.0.0rc1/src/flask/app.py', 378, 500)"
85,method length,"('/home/toffer/Repos/flask-tags/flask-2.0.0rc1/src/flask/app.py', 654, 687)"
86,method length,"('/home/toffer/Repos/flask-tags/flask-2.0.0rc1/src/flask/app.py', 782, 895)"
87,method length,"('/home/toffer/Repos/flask-tags/flask-2.0.0rc1/src/flask/app.py', 897, 951)"
88,method length,"('/home/toffer/Repos/flask-tags/flask-2.0.0rc1/src/flask/app.py', 1007, 1058)"
89,method length,"('/home/toffer/Repos/flask-tags/flask-2.0.0rc1/src/flask/app.py', 1177, 1207)"
90,method length,"('/home/toffer/Repos/flask-tags/flask-2.0.0rc1/src/flask/app.py', 1239, 1270)"
91,method length,"('/home/toffer/Repos/flask-tags/flask-2.0.0rc1/src/flask/app.py', 1272, 1305)"
92,method length,"('/home/toffer/Repos/flask-tags/flask-2.0.0rc1/src/flask/app.py', 1307, 1335)"
93,method length,"('/home/toffer/Repos/flask-tags/flask-2.0.0rc1/src/flask/app.py', 1337, 1383)"
94,method length,"('/home/toffer/Repos/flask-tags/flask-2.0.0rc1/src/flask/app.py', 1535, 1650)"
95,method length,"('/home/toffer/Repos/flask-tags/flask-2.0.0rc1/src/flask/app.py', 1652, 1688)"
96,method length,"('/home/toffer/Repos/flask-tags/flask-2.0.0rc1/src/flask/app.py', 1778, 1807)"
97,method length,"('/home/toffer/Repos/flask-tags/flask-2.0.0rc1/src/flask/app.py', 1867, 1921)"
98,method length,"('/home/toffer/Repos/flask-tags/flask-2.0.0rc1/src/flask/app.py', 1923, 1964)"
99,method length,"('/home/toffer/Repos/flask-tags/flask-2.0.0rc1/src/flask/cli.py', 37, 86)"
100,method length,"('/home/toffer/Repos/flask-tags/flask-2.0.0rc1/src/flask/cli.py', 89, 119)"
101,method length,"('/home/toffer/Repos/flask-tags/flask-2.0.0rc1/src/flask/cli.py', 148, 220)"
102,method length,"('/home/toffer/Repos/flask-tags/flask-2.0.0rc1/src/flask/cli.py', 223, 249)"
103,method length,"('/home/toffer/Repos/flask-tags/flask-2.0.0rc1/src/flask/cli.py', 384, 424)"
104,method length,"('/home/toffer/Repos/flask-tags/flask-2.0.0rc1/src/flask/cli.py', 606, 660)"
105,method length,"('/home/toffer/Repos/flask-tags/flask-2.0.0rc1/src/flask/cli.py', 663, 689)"
106,method length,"('/home/toffer/Repos/flask-tags/flask-2.0.0rc1/src/flask/cli.py', 703, 733)"
107,method length,"('/home/toffer/Repos/flask-tags/flask-2.0.0rc1/src/flask/cli.py', 736, 764)"
108,method length,"('/home/toffer/Repos/flask-tags/flask-2.0.0rc1/src/flask/cli.py', 827, 858)"
109,method length,"('/home/toffer/Repos/flask-tags/flask-2.0.0rc1/src/flask/cli.py', 863, 909)"
110,method length,"('/home/toffer/Repos/flask-tags/flask-2.0.0rc1/src/flask/cli.py', 925, 955)"
111,method length,"('/home/toffer/Repos/flask-tags/flask-2.0.0rc1/src/flask/testing.py', 46, 75)"
112,method length,"('/home/toffer/Repos/flask-tags/flask-2.0.0rc1/src/flask/testing.py', 112, 162)"
113,method length,"('/home/toffer/Repos/flask-tags/flask-2.0.0rc1/src/flask/testing.py', 167, 206)"
114,method length,"('/home/toffer/Repos/flask-tags/flask-2.0.0rc1/src/flask/debughelpers.py', 112, 157)"
115,method length,"('/home/toffer/Repos/flask-tags/flask-2.0.0rc1/src/flask/config.py', 99, 125)"
116,method length,"('/home/toffer/Repos/flask-tags/flask-2.0.0rc1/src/flask/config.py', 127, 163)"
117,method length,"('/home/toffer/Repos/flask-tags/flask-2.0.0rc1/src/flask/config.py', 165, 197)"
118,method length,"('/home/toffer/Repos/flask-tags/flask-2.0.0rc1/src/flask/config.py', 222, 261)"
119,method length,"('/home/toffer/Repos/flask-tags/flask-2.0.0rc1/src/flask/views.py', 66, 97)"
120,method length,"('/home/toffer/Repos/flask-tags/flask-2.0.0rc1/src/flask/json/tag.py', 252, 278)"
121,method length,"('/home/toffer/Repos/flask-tags/flask-2.0.0rc1/src/flask/json/__init__.py', 94, 126)"
122,method length,"('/home/toffer/Repos/flask-tags/flask-2.0.0rc1/src/flask/json/__init__.py', 129, 163)"
123,method length,"('/home/toffer/Repos/flask-tags/flask-2.0.0rc1/src/flask/json/__init__.py', 166, 199)"
124,method length,"('/home/toffer/Repos/flask-tags/flask-2.0.0rc1/src/flask/json/__init__.py', 202, 232)"
125,method length,"('/home/toffer/Repos/flask-tags/flask-2.0.0rc1/src/flask/json/__init__.py', 267, 333)"
126,file length,"('/home/toffer/Repos/flask-tags/flask-2.0.0rc1/tests/test_cli.py', -1, -1)"
127,file length,"('/home/toffer/Repos/flask-tags/flask-2.0.0rc1/tests/test_basic.py', -1, -1)"
128,file length,"('/home/toffer/Repos/flask-tags/flask-2.0.0rc1/tests/test_testing.py', -1, -1)"
129,file length,"('/home/toffer/Repos/flask-tags/flask-2.0.0rc1/tests/test_blueprints.py', -1, -1)"
130,file length,"('/home/toffer/Repos/flask-tags/flask-2.0.0rc1/tests/test_templating.py', -1, -1)"
131,file length,"('/home/toffer/Repos/flask-tags/flask-2.0.0rc1/tests/test_json.py', -1, -1)"
132,file length,"('/home/toffer/Repos/flask-tags/flask-2.0.0rc1/src/flask/scaffold.py', -1, -1)"
133,file length,"('/home/toffer/Repos/flask-tags/flask-2.0.0rc1/src/flask/blueprints.py', -1, -1)"
134,file length,"('/home/toffer/Repos/flask-tags/flask-2.0.0rc1/src/flask/sessions.py', -1, -1)"
135,file length,"('/home/toffer/Repos/flask-tags/flask-2.0.0rc1/src/flask/ctx.py', -1, -1)"
136,file length,"('/home/toffer/Repos/flask-tags/flask-2.0.0rc1/src/flask/helpers.py', -1, -1)"
137,file length,"('/home/toffer/Repos/flask-tags/flask-2.0.0rc1/src/flask/app.py', -1, -1)"
138,file length,"('/home/toffer/Repos/flask-tags/flask-2.0.0rc1/src/flask/cli.py', -1, -1)"
139,file length,"('/home/toffer/Repos/flask-tags/flask-2.0.0rc1/src/flask/json/__init__.py', -1, -1)"
140,argument count,"('/home/toffer/Repos/flask-tags/flask-2.0.0rc1/docs/conf.py', 68, 68)"
141,argument count,"('/home/toffer/Repos/flask-tags/flask-2.0.0rc1/tests/test_helpers.py', 265, 267)"
142,argument count,"('/home/toffer/Repos/flask-tags/flask-2.0.0rc1/tests/test_helpers.py', 284, 284)"
143,argument count,"('/home/toffer/Repos/flask-tags/flask-2.0.0rc1/tests/test_basic.py', 1569, 1571)"
144,argument count,"('/home/toffer/Repos/flask-tags/flask-2.0.0rc1/tests/test_basic.py', 1953, 1953)"
145,argument count,"('/home/toffer/Repos/flask-tags/flask-2.0.0rc1/tests/test_basic.py', 1974, 1976)"
146,argument count,"('/home/toffer/Repos/flask-tags/flask-2.0.0rc1/tests/test_instance_config.py', 62, 64)"
147,argument count,"('/home/toffer/Repos/flask-tags/flask-2.0.0rc1/tests/test_instance_config.py', 75, 77)"
148,argument count,"('/home/toffer/Repos/flask-tags/flask-2.0.0rc1/tests/test_instance_config.py', 93, 95)"
149,argument count,"('/home/toffer/Repos/flask-tags/flask-2.0.0rc1/tests/test_blueprints.py', 122, 122)"
150,argument count,"('/home/toffer/Repos/flask-tags/flask-2.0.0rc1/src/flask/scaffold.py', 74, 81)"
151,argument count,"('/home/toffer/Repos/flask-tags/flask-2.0.0rc1/src/flask/scaffold.py', 402, 409)"
152,argument count,"('/home/toffer/Repos/flask-tags/flask-2.0.0rc1/src/flask/blueprints.py', 16, 16)"
153,argument count,"('/home/toffer/Repos/flask-tags/flask-2.0.0rc1/src/flask/blueprints.py', 55, 55)"
154,argument count,"('/home/toffer/Repos/flask-tags/flask-2.0.0rc1/src/flask/blueprints.py', 143, 155)"
155,argument count,"('/home/toffer/Repos/flask-tags/flask-2.0.0rc1/src/flask/blueprints.py', 330, 330)"
156,argument count,"('/home/toffer/Repos/flask-tags/flask-2.0.0rc1/src/flask/ctx.py', 268, 268)"
157,argument count,"('/home/toffer/Repos/flask-tags/flask-2.0.0rc1/src/flask/helpers.py', 427, 435)"
158,argument count,"('/home/toffer/Repos/flask-tags/flask-2.0.0rc1/src/flask/helpers.py', 479, 491)"
159,argument count,"('/home/toffer/Repos/flask-tags/flask-2.0.0rc1/src/flask/app.py', 366, 378)"
160,argument count,"('/home/toffer/Repos/flask-tags/flask-2.0.0rc1/src/flask/app.py', 782, 782)"
161,argument count,"('/home/toffer/Repos/flask-tags/flask-2.0.0rc1/src/flask/app.py', 1000, 1007)"
162,argument count,"('/home/toffer/Repos/flask-tags/flask-2.0.0rc1/src/flask/cli.py', 499, 507)"
163,argument count,"('/home/toffer/Repos/flask-tags/flask-2.0.0rc1/src/flask/cli.py', 825, 827)"
164,argument count,"('/home/toffer/Repos/flask-tags/flask-2.0.0rc1/src/flask/testing.py', 37, 46)"
165,argument count,"('/home/toffer/Repos/flask-tags/flask-2.0.0rc1/src/flask/testing.py', 164, 166)"
166,method count,"('/home/toffer/Repos/flask-tags/flask-2.0.0rc1/tests/test_appctx.py', 6, 200)"
167,method count,"('/home/toffer/Repos/flask-tags/flask-2.0.0rc1/tests/test_helpers.py', 18, 312)"
168,method count,"('/home/toffer/Repos/flask-tags/flask-2.0.0rc1/tests/test_cli.py', 35, 661)"
169,method count,"('/home/toffer/Repos/flask-tags/flask-2.0.0rc1/tests/test_basic.py', 28, 2028)"
170,method count,"('/home/toffer/Repos/flask-tags/flask-2.0.0rc1/tests/test_signals.py', 15, 185)"
171,method count,"('/home/toffer/Repos/flask-tags/flask-2.0.0rc1/tests/test_views.py', 7, 232)"
172,method count,"('/home/toffer/Repos/flask-tags/flask-2.0.0rc1/tests/test_reqctx.py', 13, 316)"
173,method count,"('/home/toffer/Repos/flask-tags/flask-2.0.0rc1/tests/test_testing.py', 18, 415)"
174,method count,"('/home/toffer/Repos/flask-tags/flask-2.0.0rc1/tests/test_blueprints.py', 10, 889)"
175,method count,"('/home/toffer/Repos/flask-tags/flask-2.0.0rc1/tests/test_templating.py', 10, 442)"
176,method count,"('/home/toffer/Repos/flask-tags/flask-2.0.0rc1/tests/test_user_error_handler.py', 10, 283)"
177,method count,"('/home/toffer/Repos/flask-tags/flask-2.0.0rc1/tests/test_json.py', 13, 398)"
178,method count,"('/home/toffer/Repos/flask-tags/flask-2.0.0rc1/src/flask/scaffold.py', 22, 863)"
179,method count,"('/home/toffer/Repos/flask-tags/flask-2.0.0rc1/src/flask/blueprints.py', 16, 517)"
180,method count,"('/home/toffer/Repos/flask-tags/flask-2.0.0rc1/src/flask/sessions.py', 18, 384)"
181,method count,"('/home/toffer/Repos/flask-tags/flask-2.0.0rc1/src/flask/ctx.py', 36, 441)"
182,method count,"('/home/toffer/Repos/flask-tags/flask-2.0.0rc1/src/flask/helpers.py', 22, 778)"
183,method count,"('/home/toffer/Repos/flask-tags/flask-2.0.0rc1/src/flask/app.py', 64, 1976)"
184,method count,"('/home/toffer/Repos/flask-tags/flask-2.0.0rc1/src/flask/cli.py', 37, 979)"
185,method count,"('/home/toffer/Repos/flask-tags/flask-2.0.0rc1/src/flask/json/tag.py', 65, 305)"
186,Return Statements,"('/home/toffer/Repos/flask-tags/flask-2.0.0rc1/tests/test_async.py', 23, 57)"
187,Return Statements,"('/home/toffer/Repos/flask-tags/flask-2.0.0rc1/tests/test_cli.py', 46, 145)"
188,Return Statements,"('/home/toffer/Repos/flask-tags/flask-2.0.0rc1/tests/test_basic.py', 542, 594)"
189,Return Statements,"('/home/toffer/Repos/flask-tags/flask-2.0.0rc1/tests/test_basic.py', 606, 684)"
190,Return Statements,"('/home/toffer/Repos/flask-tags/flask-2.0.0rc1/tests/test_basic.py', 1131, 1214)"
191,Return Statements,"('/home/toffer/Repos/flask-tags/flask-2.0.0rc1/tests/test_reqctx.py', 223, 272)"
192,Return Statements,"('/home/toffer/Repos/flask-tags/flask-2.0.0rc1/tests/test_blueprints.py', 311, 340)"
193,Return Statements,"('/home/toffer/Repos/flask-tags/flask-2.0.0rc1/tests/test_blueprints.py', 855, 901)"
194,Return Statements,"('/home/toffer/Repos/flask-tags/flask-2.0.0rc1/tests/test_user_error_handler.py', 157, 208)"
195,Return Statements,"('/home/toffer/Repos/flask-tags/flask-2.0.0rc1/tests/test_json.py', 217, 250)"
196,Return Statements,"('/home/toffer/Repos/flask-tags/flask-2.0.0rc1/tests/test_json.py', 253, 293)"
197,Return Statements,"('/home/toffer/Repos/flask-tags/flask-2.0.0rc1/src/flask/scaffold.py', 773, 822)"
198,Return Statements,"('/home/toffer/Repos/flask-tags/flask-2.0.0rc1/src/flask/scaffold.py', 825, 864)"
199,Return Statements,"('/home/toffer/Repos/flask-tags/flask-2.0.0rc1/src/flask/json/__init__.py', 37, 51)"
200,nested controlflow,"('/home/toffer/Repos/flask-tags/flask-2.0.0rc1/src/flask/app.py', 1226, 1237)"
201,nested controlflow,"('/home/toffer/Repos/flask-tags/flask-2.0.0rc1/src/flask/cli.py', 396, 409)"
202,breaks in linear flow,"('/home/toffer/Repos/flask-tags/flask-2.0.0rc1/docs/conf.py', 73, 73)"
203,breaks in linear flow,"('/home/toffer/Repos/flask-tags/flask-2.0.0rc1/docs/conf.py', 79, 79)"
204,breaks in linear flow,"('/home/toffer/Repos/flask-tags/flask-2.0.0rc1/docs/conf.py', 84, 84)"
205,breaks in linear flow,"('/home/toffer/Repos/flask-tags/flask-2.0.0rc1/tests/test_appctx.py', 64, 64)"
206,breaks in linear flow,"('/home/toffer/Repos/flask-tags/flask-2.0.0rc1/tests/test_appctx.py', 83, 83)"
207,breaks in linear flow,"('/home/toffer/Repos/flask-tags/flask-2.0.0rc1/tests/test_appctx.py', 206, 206)"
208,breaks in linear flow,"('/home/toffer/Repos/flask-tags/flask-2.0.0rc1/tests/test_helpers.py', 144, 144)"
209,breaks in linear flow,"('/home/toffer/Repos/flask-tags/flask-2.0.0rc1/tests/test_helpers.py', 176, 176)"
210,breaks in linear flow,"('/home/toffer/Repos/flask-tags/flask-2.0.0rc1/tests/test_helpers.py', 269, 269)"
211,breaks in linear flow,"('/home/toffer/Repos/flask-tags/flask-2.0.0rc1/tests/conftest.py', 28, 28)"
212,breaks in linear flow,"('/home/toffer/Repos/flask-tags/flask-2.0.0rc1/tests/conftest.py', 29, 29)"
213,breaks in linear flow,"('/home/toffer/Repos/flask-tags/flask-2.0.0rc1/tests/conftest.py', 83, 83)"
214,breaks in linear flow,"('/home/toffer/Repos/flask-tags/flask-2.0.0rc1/tests/conftest.py', 94, 94)"
215,breaks in linear flow,"('/home/toffer/Repos/flask-tags/flask-2.0.0rc1/tests/conftest.py', 110, 110)"
216,breaks in linear flow,"('/home/toffer/Repos/flask-tags/flask-2.0.0rc1/tests/conftest.py', 118, 118)"
217,breaks in linear flow,"('/home/toffer/Repos/flask-tags/flask-2.0.0rc1/tests/test_cli.py', 464, 464)"
218,breaks in linear flow,"('/home/toffer/Repos/flask-tags/flask-2.0.0rc1/tests/test_cli.py', 508, 508)"
219,breaks in linear flow,"('/home/toffer/Repos/flask-tags/flask-2.0.0rc1/tests/test_cli.py', 531, 531)"
220,breaks in linear flow,"('/home/toffer/Repos/flask-tags/flask-2.0.0rc1/tests/test_basic.py', 581, 581)"
221,breaks in linear flow,"('/home/toffer/Repos/flask-tags/flask-2.0.0rc1/tests/test_basic.py', 803, 803)"
222,breaks in linear flow,"('/home/toffer/Repos/flask-tags/flask-2.0.0rc1/tests/test_basic.py', 815, 815)"
223,breaks in linear flow,"('/home/toffer/Repos/flask-tags/flask-2.0.0rc1/tests/test_basic.py', 1089, 1089)"
224,breaks in linear flow,"('/home/toffer/Repos/flask-tags/flask-2.0.0rc1/tests/test_basic.py', 1094, 1094)"
225,breaks in linear flow,"('/home/toffer/Repos/flask-tags/flask-2.0.0rc1/tests/test_basic.py', 1106, 1106)"
226,breaks in linear flow,"('/home/toffer/Repos/flask-tags/flask-2.0.0rc1/tests/test_basic.py', 1363, 1363)"
227,breaks in linear flow,"('/home/toffer/Repos/flask-tags/flask-2.0.0rc1/tests/test_basic.py', 1367, 1367)"
228,breaks in linear flow,"('/home/toffer/Repos/flask-tags/flask-2.0.0rc1/tests/test_basic.py', 1524, 1524)"
229,breaks in linear flow,"('/home/toffer/Repos/flask-tags/flask-2.0.0rc1/tests/test_basic.py', 1548, 1548)"
230,breaks in linear flow,"('/home/toffer/Repos/flask-tags/flask-2.0.0rc1/tests/test_basic.py', 1559, 1559)"
231,breaks in linear flow,"('/home/toffer/Repos/flask-tags/flask-2.0.0rc1/tests/test_basic.py', 1607, 1607)"
232,breaks in linear flow,"('/home/toffer/Repos/flask-tags/flask-2.0.0rc1/tests/test_basic.py', 1782, 1782)"
233,breaks in linear flow,"('/home/toffer/Repos/flask-tags/flask-2.0.0rc1/tests/test_signals.py', 5, 5)"
234,breaks in linear flow,"('/home/toffer/Repos/flask-tags/flask-2.0.0rc1/tests/test_reqctx.py', 9, 9)"
235,breaks in linear flow,"('/home/toffer/Repos/flask-tags/flask-2.0.0rc1/tests/test_reqctx.py', 36, 36)"
236,breaks in linear flow,"('/home/toffer/Repos/flask-tags/flask-2.0.0rc1/tests/test_reqctx.py', 55, 55)"
237,breaks in linear flow,"('/home/toffer/Repos/flask-tags/flask-2.0.0rc1/tests/test_reqctx.py', 229, 229)"
238,breaks in linear flow,"('/home/toffer/Repos/flask-tags/flask-2.0.0rc1/tests/test_logging.py', 32, 32)"
239,breaks in linear flow,"('/home/toffer/Repos/flask-tags/flask-2.0.0rc1/tests/test_instance_config.py', 120, 120)"
240,breaks in linear flow,"('/home/toffer/Repos/flask-tags/flask-2.0.0rc1/tests/test_testing.py', 14, 14)"
241,breaks in linear flow,"('/home/toffer/Repos/flask-tags/flask-2.0.0rc1/tests/test_testing.py', 146, 146)"
242,breaks in linear flow,"('/home/toffer/Repos/flask-tags/flask-2.0.0rc1/tests/test_testing.py', 241, 241)"
243,breaks in linear flow,"('/home/toffer/Repos/flask-tags/flask-2.0.0rc1/tests/test_blueprints.py', 200, 200)"
244,breaks in linear flow,"('/home/toffer/Repos/flask-tags/flask-2.0.0rc1/tests/test_blueprints.py', 238, 238)"
245,breaks in linear flow,"('/home/toffer/Repos/flask-tags/flask-2.0.0rc1/tests/test_blueprints.py', 356, 356)"
246,breaks in linear flow,"('/home/toffer/Repos/flask-tags/flask-2.0.0rc1/tests/test_blueprints.py', 367, 367)"
247,breaks in linear flow,"('/home/toffer/Repos/flask-tags/flask-2.0.0rc1/tests/test_user_error_handler.py', 32, 32)"
248,breaks in linear flow,"('/home/toffer/Repos/flask-tags/flask-2.0.0rc1/tests/test_user_error_handler.py', 241, 241)"
249,breaks in linear flow,"('/home/toffer/Repos/flask-tags/flask-2.0.0rc1/tests/test_json.py', 98, 98)"
250,breaks in linear flow,"('/home/toffer/Repos/flask-tags/flask-2.0.0rc1/tests/test_json.py', 126, 126)"
251,breaks in linear flow,"('/home/toffer/Repos/flask-tags/flask-2.0.0rc1/tests/test_json.py', 224, 224)"
252,breaks in linear flow,"('/home/toffer/Repos/flask-tags/flask-2.0.0rc1/tests/test_json.py', 234, 234)"
253,breaks in linear flow,"('/home/toffer/Repos/flask-tags/flask-2.0.0rc1/tests/test_json.py', 262, 262)"
254,breaks in linear flow,"('/home/toffer/Repos/flask-tags/flask-2.0.0rc1/tests/test_json.py', 273, 273)"
255,breaks in linear flow,"('/home/toffer/Repos/flask-tags/flask-2.0.0rc1/tests/test_json.py', 302, 302)"
256,breaks in linear flow,"('/home/toffer/Repos/flask-tags/flask-2.0.0rc1/tests/test_json.py', 392, 392)"
257,breaks in linear flow,"('/home/toffer/Repos/flask-tags/flask-2.0.0rc1/examples/tutorial/flaskr/__init__.py', 16, 16)"
258,breaks in linear flow,"('/home/toffer/Repos/flask-tags/flask-2.0.0rc1/examples/tutorial/flaskr/__init__.py', 26, 26)"
259,breaks in linear flow,"('/home/toffer/Repos/flask-tags/flask-2.0.0rc1/examples/tutorial/flaskr/auth.py', 24, 24)"
260,breaks in linear flow,"('/home/toffer/Repos/flask-tags/flask-2.0.0rc1/examples/tutorial/flaskr/auth.py', 38, 38)"
261,breaks in linear flow,"('/home/toffer/Repos/flask-tags/flask-2.0.0rc1/examples/tutorial/flaskr/auth.py', 53, 53)"
262,breaks in linear flow,"('/home/toffer/Repos/flask-tags/flask-2.0.0rc1/examples/tutorial/flaskr/auth.py', 59, 59)"
263,breaks in linear flow,"('/home/toffer/Repos/flask-tags/flask-2.0.0rc1/examples/tutorial/flaskr/auth.py', 69, 69)"
264,breaks in linear flow,"('/home/toffer/Repos/flask-tags/flask-2.0.0rc1/examples/tutorial/flaskr/auth.py', 87, 87)"
265,breaks in linear flow,"('/home/toffer/Repos/flask-tags/flask-2.0.0rc1/examples/tutorial/flaskr/auth.py', 96, 96)"
266,breaks in linear flow,"('/home/toffer/Repos/flask-tags/flask-2.0.0rc1/examples/tutorial/flaskr/auth.py', 101, 101)"
267,breaks in linear flow,"('/home/toffer/Repos/flask-tags/flask-2.0.0rc1/examples/tutorial/flaskr/blog.py', 51, 51)"
268,breaks in linear flow,"('/home/toffer/Repos/flask-tags/flask-2.0.0rc1/examples/tutorial/flaskr/blog.py', 54, 54)"
269,breaks in linear flow,"('/home/toffer/Repos/flask-tags/flask-2.0.0rc1/examples/tutorial/flaskr/blog.py', 64, 64)"
270,breaks in linear flow,"('/home/toffer/Repos/flask-tags/flask-2.0.0rc1/examples/tutorial/flaskr/blog.py', 69, 69)"
271,breaks in linear flow,"('/home/toffer/Repos/flask-tags/flask-2.0.0rc1/examples/tutorial/flaskr/blog.py', 72, 72)"
272,breaks in linear flow,"('/home/toffer/Repos/flask-tags/flask-2.0.0rc1/examples/tutorial/flaskr/blog.py', 92, 92)"
273,breaks in linear flow,"('/home/toffer/Repos/flask-tags/flask-2.0.0rc1/examples/tutorial/flaskr/blog.py', 97, 97)"
274,breaks in linear flow,"('/home/toffer/Repos/flask-tags/flask-2.0.0rc1/examples/tutorial/flaskr/blog.py', 100, 100)"
275,breaks in linear flow,"('/home/toffer/Repos/flask-tags/flask-2.0.0rc1/examples/tutorial/flaskr/db.py', 14, 14)"
276,breaks in linear flow,"('/home/toffer/Repos/flask-tags/flask-2.0.0rc1/examples/tutorial/flaskr/db.py', 29, 29)"
277,breaks in linear flow,"('/home/toffer/Repos/flask-tags/flask-2.0.0rc1/src/flask/scaffold.py', 28, 28)"
278,breaks in linear flow,"('/home/toffer/Repos/flask-tags/flask-2.0.0rc1/src/flask/scaffold.py', 94, 94)"
279,breaks in linear flow,"('/home/toffer/Repos/flask-tags/flask-2.0.0rc1/src/flask/scaffold.py', 219, 219)"
280,breaks in linear flow,"('/home/toffer/Repos/flask-tags/flask-2.0.0rc1/src/flask/scaffold.py', 224, 224)"
281,breaks in linear flow,"('/home/toffer/Repos/flask-tags/flask-2.0.0rc1/src/flask/scaffold.py', 244, 244)"
282,breaks in linear flow,"('/home/toffer/Repos/flask-tags/flask-2.0.0rc1/src/flask/scaffold.py', 247, 247)"
283,breaks in linear flow,"('/home/toffer/Repos/flask-tags/flask-2.0.0rc1/src/flask/scaffold.py', 253, 253)"
284,breaks in linear flow,"('/home/toffer/Repos/flask-tags/flask-2.0.0rc1/src/flask/scaffold.py', 274, 274)"
285,breaks in linear flow,"('/home/toffer/Repos/flask-tags/flask-2.0.0rc1/src/flask/scaffold.py', 287, 287)"
286,breaks in linear flow,"('/home/toffer/Repos/flask-tags/flask-2.0.0rc1/src/flask/scaffold.py', 303, 303)"
287,breaks in linear flow,"('/home/toffer/Repos/flask-tags/flask-2.0.0rc1/src/flask/scaffold.py', 324, 324)"
288,breaks in linear flow,"('/home/toffer/Repos/flask-tags/flask-2.0.0rc1/src/flask/scaffold.py', 330, 330)"
289,breaks in linear flow,"('/home/toffer/Repos/flask-tags/flask-2.0.0rc1/src/flask/scaffold.py', 646, 646)"
290,breaks in linear flow,"('/home/toffer/Repos/flask-tags/flask-2.0.0rc1/src/flask/scaffold.py', 655, 655)"
291,breaks in linear flow,"('/home/toffer/Repos/flask-tags/flask-2.0.0rc1/src/flask/scaffold.py', 673, 673)"
292,breaks in linear flow,"('/home/toffer/Repos/flask-tags/flask-2.0.0rc1/src/flask/scaffold.py', 682, 682)"
293,breaks in linear flow,"('/home/toffer/Repos/flask-tags/flask-2.0.0rc1/src/flask/scaffold.py', 711, 711)"
294,breaks in linear flow,"('/home/toffer/Repos/flask-tags/flask-2.0.0rc1/src/flask/scaffold.py', 720, 720)"
295,breaks in linear flow,"('/home/toffer/Repos/flask-tags/flask-2.0.0rc1/src/flask/scaffold.py', 723, 723)"
296,breaks in linear flow,"('/home/toffer/Repos/flask-tags/flask-2.0.0rc1/src/flask/scaffold.py', 734, 734)"
297,breaks in linear flow,"('/home/toffer/Repos/flask-tags/flask-2.0.0rc1/src/flask/scaffold.py', 755, 755)"
298,breaks in linear flow,"('/home/toffer/Repos/flask-tags/flask-2.0.0rc1/src/flask/scaffold.py', 762, 762)"
299,breaks in linear flow,"('/home/toffer/Repos/flask-tags/flask-2.0.0rc1/src/flask/scaffold.py', 778, 778)"
300,breaks in linear flow,"('/home/toffer/Repos/flask-tags/flask-2.0.0rc1/src/flask/scaffold.py', 785, 785)"
301,breaks in linear flow,"('/home/toffer/Repos/flask-tags/flask-2.0.0rc1/src/flask/scaffold.py', 789, 789)"
302,breaks in linear flow,"('/home/toffer/Repos/flask-tags/flask-2.0.0rc1/src/flask/scaffold.py', 801, 801)"
303,breaks in linear flow,"('/home/toffer/Repos/flask-tags/flask-2.0.0rc1/src/flask/scaffold.py', 805, 805)"
304,breaks in linear flow,"('/home/toffer/Repos/flask-tags/flask-2.0.0rc1/src/flask/scaffold.py', 819, 819)"
305,breaks in linear flow,"('/home/toffer/Repos/flask-tags/flask-2.0.0rc1/src/flask/scaffold.py', 843, 843)"
306,breaks in linear flow,"('/home/toffer/Repos/flask-tags/flask-2.0.0rc1/src/flask/scaffold.py', 849, 849)"
307,breaks in linear flow,"('/home/toffer/Repos/flask-tags/flask-2.0.0rc1/src/flask/scaffold.py', 853, 853)"
308,breaks in linear flow,"('/home/toffer/Repos/flask-tags/flask-2.0.0rc1/src/flask/scaffold.py', 857, 857)"
309,breaks in linear flow,"('/home/toffer/Repos/flask-tags/flask-2.0.0rc1/src/flask/blueprints.py', 34, 34)"
310,breaks in linear flow,"('/home/toffer/Repos/flask-tags/flask-2.0.0rc1/src/flask/blueprints.py', 42, 42)"
311,breaks in linear flow,"('/home/toffer/Repos/flask-tags/flask-2.0.0rc1/src/flask/blueprints.py', 60, 60)"
312,breaks in linear flow,"('/home/toffer/Repos/flask-tags/flask-2.0.0rc1/src/flask/blueprints.py', 61, 61)"
313,breaks in linear flow,"('/home/toffer/Repos/flask-tags/flask-2.0.0rc1/src/flask/blueprints.py', 66, 66)"
314,breaks in linear flow,"('/home/toffer/Repos/flask-tags/flask-2.0.0rc1/src/flask/blueprints.py', 69, 69)"
315,breaks in linear flow,"('/home/toffer/Repos/flask-tags/flask-2.0.0rc1/src/flask/blueprints.py', 168, 168)"
316,breaks in linear flow,"('/home/toffer/Repos/flask-tags/flask-2.0.0rc1/src/flask/blueprints.py', 184, 184)"
317,breaks in linear flow,"('/home/toffer/Repos/flask-tags/flask-2.0.0rc1/src/flask/blueprints.py', 204, 204)"
318,breaks in linear flow,"('/home/toffer/Repos/flask-tags/flask-2.0.0rc1/src/flask/blueprints.py', 240, 240)"
319,breaks in linear flow,"('/home/toffer/Repos/flask-tags/flask-2.0.0rc1/src/flask/blueprints.py', 255, 255)"
320,breaks in linear flow,"('/home/toffer/Repos/flask-tags/flask-2.0.0rc1/src/flask/blueprints.py', 263, 263)"
321,breaks in linear flow,"('/home/toffer/Repos/flask-tags/flask-2.0.0rc1/src/flask/blueprints.py', 266, 266)"
322,breaks in linear flow,"('/home/toffer/Repos/flask-tags/flask-2.0.0rc1/src/flask/blueprints.py', 269, 269)"
323,breaks in linear flow,"('/home/toffer/Repos/flask-tags/flask-2.0.0rc1/src/flask/blueprints.py', 274, 274)"
324,breaks in linear flow,"('/home/toffer/Repos/flask-tags/flask-2.0.0rc1/src/flask/blueprints.py', 288, 288)"
325,breaks in linear flow,"('/home/toffer/Repos/flask-tags/flask-2.0.0rc1/src/flask/blueprints.py', 304, 304)"
326,breaks in linear flow,"('/home/toffer/Repos/flask-tags/flask-2.0.0rc1/src/flask/blueprints.py', 309, 309)"
327,breaks in linear flow,"('/home/toffer/Repos/flask-tags/flask-2.0.0rc1/src/flask/blueprints.py', 310, 310)"
328,breaks in linear flow,"('/home/toffer/Repos/flask-tags/flask-2.0.0rc1/src/flask/blueprints.py', 319, 319)"
329,breaks in linear flow,"('/home/toffer/Repos/flask-tags/flask-2.0.0rc1/src/flask/blueprints.py', 321, 321)"
330,breaks in linear flow,"('/home/toffer/Repos/flask-tags/flask-2.0.0rc1/src/flask/blueprints.py', 334, 334)"
331,breaks in linear flow,"('/home/toffer/Repos/flask-tags/flask-2.0.0rc1/src/flask/blueprints.py', 336, 336)"
332,breaks in linear flow,"('/home/toffer/Repos/flask-tags/flask-2.0.0rc1/src/flask/globals.py', 26, 26)"
333,breaks in linear flow,"('/home/toffer/Repos/flask-tags/flask-2.0.0rc1/src/flask/globals.py', 33, 33)"
334,breaks in linear flow,"('/home/toffer/Repos/flask-tags/flask-2.0.0rc1/src/flask/globals.py', 40, 40)"
335,breaks in linear flow,"('/home/toffer/Repos/flask-tags/flask-2.0.0rc1/src/flask/sessions.py', 186, 186)"
336,breaks in linear flow,"('/home/toffer/Repos/flask-tags/flask-2.0.0rc1/src/flask/sessions.py', 192, 192)"
337,breaks in linear flow,"('/home/toffer/Repos/flask-tags/flask-2.0.0rc1/src/flask/sessions.py', 200, 200)"
338,breaks in linear flow,"('/home/toffer/Repos/flask-tags/flask-2.0.0rc1/src/flask/sessions.py', 214, 214)"
339,breaks in linear flow,"('/home/toffer/Repos/flask-tags/flask-2.0.0rc1/src/flask/sessions.py', 224, 224)"
340,breaks in linear flow,"('/home/toffer/Repos/flask-tags/flask-2.0.0rc1/src/flask/sessions.py', 264, 264)"
341,breaks in linear flow,"('/home/toffer/Repos/flask-tags/flask-2.0.0rc1/src/flask/sessions.py', 323, 323)"
342,breaks in linear flow,"('/home/toffer/Repos/flask-tags/flask-2.0.0rc1/src/flask/sessions.py', 337, 337)"
343,breaks in linear flow,"('/home/toffer/Repos/flask-tags/flask-2.0.0rc1/src/flask/sessions.py', 340, 340)"
344,breaks in linear flow,"('/home/toffer/Repos/flask-tags/flask-2.0.0rc1/src/flask/sessions.py', 346, 346)"
345,breaks in linear flow,"('/home/toffer/Repos/flask-tags/flask-2.0.0rc1/src/flask/sessions.py', 358, 358)"
346,breaks in linear flow,"('/home/toffer/Repos/flask-tags/flask-2.0.0rc1/src/flask/sessions.py', 359, 359)"
347,breaks in linear flow,"('/home/toffer/Repos/flask-tags/flask-2.0.0rc1/src/flask/sessions.py', 367, 367)"
348,breaks in linear flow,"('/home/toffer/Repos/flask-tags/flask-2.0.0rc1/src/flask/sessions.py', 370, 370)"
349,breaks in linear flow,"('/home/toffer/Repos/flask-tags/flask-2.0.0rc1/src/flask/templating.py', 18, 18)"
350,breaks in linear flow,"('/home/toffer/Repos/flask-tags/flask-2.0.0rc1/src/flask/templating.py', 20, 20)"
351,breaks in linear flow,"('/home/toffer/Repos/flask-tags/flask-2.0.0rc1/src/flask/templating.py', 33, 33)"
352,breaks in linear flow,"('/home/toffer/Repos/flask-tags/flask-2.0.0rc1/src/flask/templating.py', 48, 48)"
353,breaks in linear flow,"('/home/toffer/Repos/flask-tags/flask-2.0.0rc1/src/flask/templating.py', 56, 56)"
354,breaks in linear flow,"('/home/toffer/Repos/flask-tags/flask-2.0.0rc1/src/flask/templating.py', 59, 59)"
355,breaks in linear flow,"('/home/toffer/Repos/flask-tags/flask-2.0.0rc1/src/flask/templating.py', 61, 61)"
356,breaks in linear flow,"('/home/toffer/Repos/flask-tags/flask-2.0.0rc1/src/flask/templating.py', 69, 69)"
357,breaks in linear flow,"('/home/toffer/Repos/flask-tags/flask-2.0.0rc1/src/flask/templating.py', 74, 74)"
358,breaks in linear flow,"('/home/toffer/Repos/flask-tags/flask-2.0.0rc1/src/flask/templating.py', 77, 77)"
359,breaks in linear flow,"('/home/toffer/Repos/flask-tags/flask-2.0.0rc1/src/flask/templating.py', 78, 78)"
360,breaks in linear flow,"('/home/toffer/Repos/flask-tags/flask-2.0.0rc1/src/flask/templating.py', 83, 83)"
361,breaks in linear flow,"('/home/toffer/Repos/flask-tags/flask-2.0.0rc1/src/flask/templating.py', 86, 86)"
362,breaks in linear flow,"('/home/toffer/Repos/flask-tags/flask-2.0.0rc1/src/flask/templating.py', 88, 88)"
363,breaks in linear flow,"('/home/toffer/Repos/flask-tags/flask-2.0.0rc1/src/flask/templating.py', 94, 94)"
364,breaks in linear flow,"('/home/toffer/Repos/flask-tags/flask-2.0.0rc1/src/flask/templating.py', 97, 97)"
365,breaks in linear flow,"('/home/toffer/Repos/flask-tags/flask-2.0.0rc1/src/flask/templating.py', 99, 99)"
366,breaks in linear flow,"('/home/toffer/Repos/flask-tags/flask-2.0.0rc1/src/flask/templating.py', 100, 100)"
367,breaks in linear flow,"('/home/toffer/Repos/flask-tags/flask-2.0.0rc1/src/flask/ctx.py', 56, 56)"
368,breaks in linear flow,"('/home/toffer/Repos/flask-tags/flask-2.0.0rc1/src/flask/ctx.py', 81, 81)"
369,breaks in linear flow,"('/home/toffer/Repos/flask-tags/flask-2.0.0rc1/src/flask/ctx.py', 136, 136)"
370,breaks in linear flow,"('/home/toffer/Repos/flask-tags/flask-2.0.0rc1/src/flask/ctx.py', 221, 221)"
371,breaks in linear flow,"('/home/toffer/Repos/flask-tags/flask-2.0.0rc1/src/flask/ctx.py', 222, 222)"
372,breaks in linear flow,"('/home/toffer/Repos/flask-tags/flask-2.0.0rc1/src/flask/ctx.py', 270, 270)"
373,breaks in linear flow,"('/home/toffer/Repos/flask-tags/flask-2.0.0rc1/src/flask/ctx.py', 276, 276)"
374,breaks in linear flow,"('/home/toffer/Repos/flask-tags/flask-2.0.0rc1/src/flask/ctx.py', 335, 335)"
375,breaks in linear flow,"('/home/toffer/Repos/flask-tags/flask-2.0.0rc1/src/flask/ctx.py', 349, 349)"
376,breaks in linear flow,"('/home/toffer/Repos/flask-tags/flask-2.0.0rc1/src/flask/ctx.py', 355, 355)"
377,breaks in linear flow,"('/home/toffer/Repos/flask-tags/flask-2.0.0rc1/src/flask/ctx.py', 364, 364)"
378,breaks in linear flow,"('/home/toffer/Repos/flask-tags/flask-2.0.0rc1/src/flask/ctx.py', 371, 371)"
379,breaks in linear flow,"('/home/toffer/Repos/flask-tags/flask-2.0.0rc1/src/flask/ctx.py', 375, 375)"
380,breaks in linear flow,"('/home/toffer/Repos/flask-tags/flask-2.0.0rc1/src/flask/ctx.py', 390, 390)"
381,breaks in linear flow,"('/home/toffer/Repos/flask-tags/flask-2.0.0rc1/src/flask/ctx.py', 393, 393)"
382,breaks in linear flow,"('/home/toffer/Repos/flask-tags/flask-2.0.0rc1/src/flask/ctx.py', 398, 398)"
383,breaks in linear flow,"('/home/toffer/Repos/flask-tags/flask-2.0.0rc1/src/flask/ctx.py', 406, 406)"
384,breaks in linear flow,"('/home/toffer/Repos/flask-tags/flask-2.0.0rc1/src/flask/ctx.py', 410, 410)"
385,breaks in linear flow,"('/home/toffer/Repos/flask-tags/flask-2.0.0rc1/src/flask/ctx.py', 418, 418)"
386,breaks in linear flow,"('/home/toffer/Repos/flask-tags/flask-2.0.0rc1/src/flask/helpers.py', 38, 38)"
387,breaks in linear flow,"('/home/toffer/Repos/flask-tags/flask-2.0.0rc1/src/flask/helpers.py', 53, 53)"
388,breaks in linear flow,"('/home/toffer/Repos/flask-tags/flask-2.0.0rc1/src/flask/helpers.py', 95, 95)"
389,breaks in linear flow,"('/home/toffer/Repos/flask-tags/flask-2.0.0rc1/src/flask/helpers.py', 105, 105)"
390,breaks in linear flow,"('/home/toffer/Repos/flask-tags/flask-2.0.0rc1/src/flask/helpers.py', 122, 122)"
391,breaks in linear flow,"('/home/toffer/Repos/flask-tags/flask-2.0.0rc1/src/flask/helpers.py', 176, 176)"
392,breaks in linear flow,"('/home/toffer/Repos/flask-tags/flask-2.0.0rc1/src/flask/helpers.py', 178, 178)"
393,breaks in linear flow,"('/home/toffer/Repos/flask-tags/flask-2.0.0rc1/src/flask/helpers.py', 262, 262)"
394,breaks in linear flow,"('/home/toffer/Repos/flask-tags/flask-2.0.0rc1/src/flask/helpers.py', 271, 271)"
395,breaks in linear flow,"('/home/toffer/Repos/flask-tags/flask-2.0.0rc1/src/flask/helpers.py', 275, 275)"
396,breaks in linear flow,"('/home/toffer/Repos/flask-tags/flask-2.0.0rc1/src/flask/helpers.py', 276, 276)"
397,breaks in linear flow,"('/home/toffer/Repos/flask-tags/flask-2.0.0rc1/src/flask/helpers.py', 288, 288)"
398,breaks in linear flow,"('/home/toffer/Repos/flask-tags/flask-2.0.0rc1/src/flask/helpers.py', 306, 306)"
399,breaks in linear flow,"('/home/toffer/Repos/flask-tags/flask-2.0.0rc1/src/flask/helpers.py', 307, 307)"
400,breaks in linear flow,"('/home/toffer/Repos/flask-tags/flask-2.0.0rc1/src/flask/helpers.py', 318, 318)"
401,breaks in linear flow,"('/home/toffer/Repos/flask-tags/flask-2.0.0rc1/src/flask/helpers.py', 320, 320)"
402,breaks in linear flow,"('/home/toffer/Repos/flask-tags/flask-2.0.0rc1/src/flask/helpers.py', 329, 329)"
403,breaks in linear flow,"('/home/toffer/Repos/flask-tags/flask-2.0.0rc1/src/flask/helpers.py', 416, 416)"
404,breaks in linear flow,"('/home/toffer/Repos/flask-tags/flask-2.0.0rc1/src/flask/helpers.py', 420, 420)"
405,breaks in linear flow,"('/home/toffer/Repos/flask-tags/flask-2.0.0rc1/src/flask/helpers.py', 422, 422)"
406,breaks in linear flow,"('/home/toffer/Repos/flask-tags/flask-2.0.0rc1/src/flask/helpers.py', 436, 436)"
407,breaks in linear flow,"('/home/toffer/Repos/flask-tags/flask-2.0.0rc1/src/flask/helpers.py', 446, 446)"
408,breaks in linear flow,"('/home/toffer/Repos/flask-tags/flask-2.0.0rc1/src/flask/helpers.py', 455, 455)"
409,breaks in linear flow,"('/home/toffer/Repos/flask-tags/flask-2.0.0rc1/src/flask/helpers.py', 464, 464)"
410,breaks in linear flow,"('/home/toffer/Repos/flask-tags/flask-2.0.0rc1/src/flask/helpers.py', 628, 628)"
411,breaks in linear flow,"('/home/toffer/Repos/flask-tags/flask-2.0.0rc1/src/flask/helpers.py', 683, 683)"
412,breaks in linear flow,"('/home/toffer/Repos/flask-tags/flask-2.0.0rc1/src/flask/helpers.py', 728, 728)"
413,breaks in linear flow,"('/home/toffer/Repos/flask-tags/flask-2.0.0rc1/src/flask/helpers.py', 731, 731)"
414,breaks in linear flow,"('/home/toffer/Repos/flask-tags/flask-2.0.0rc1/src/flask/helpers.py', 743, 743)"
415,breaks in linear flow,"('/home/toffer/Repos/flask-tags/flask-2.0.0rc1/src/flask/helpers.py', 749, 749)"
416,breaks in linear flow,"('/home/toffer/Repos/flask-tags/flask-2.0.0rc1/src/flask/helpers.py', 763, 763)"
417,breaks in linear flow,"('/home/toffer/Repos/flask-tags/flask-2.0.0rc1/src/flask/helpers.py', 775, 775)"
418,breaks in linear flow,"('/home/toffer/Repos/flask-tags/flask-2.0.0rc1/src/flask/app.py', 60, 60)"
419,breaks in linear flow,"('/home/toffer/Repos/flask-tags/flask-2.0.0rc1/src/flask/app.py', 65, 65)"
420,breaks in linear flow,"('/home/toffer/Repos/flask-tags/flask-2.0.0rc1/src/flask/app.py', 68, 68)"
421,breaks in linear flow,"('/home/toffer/Repos/flask-tags/flask-2.0.0rc1/src/flask/app.py', 75, 75)"
422,breaks in linear flow,"('/home/toffer/Repos/flask-tags/flask-2.0.0rc1/src/flask/app.py', 387, 387)"
423,breaks in linear flow,"('/home/toffer/Repos/flask-tags/flask-2.0.0rc1/src/flask/app.py', 484, 484)"
424,breaks in linear flow,"('/home/toffer/Repos/flask-tags/flask-2.0.0rc1/src/flask/app.py', 515, 515)"
425,breaks in linear flow,"('/home/toffer/Repos/flask-tags/flask-2.0.0rc1/src/flask/app.py', 517, 517)"
426,breaks in linear flow,"('/home/toffer/Repos/flask-tags/flask-2.0.0rc1/src/flask/app.py', 530, 530)"
427,breaks in linear flow,"('/home/toffer/Repos/flask-tags/flask-2.0.0rc1/src/flask/app.py', 543, 543)"
428,breaks in linear flow,"('/home/toffer/Repos/flask-tags/flask-2.0.0rc1/src/flask/app.py', 603, 603)"
429,breaks in linear flow,"('/home/toffer/Repos/flask-tags/flask-2.0.0rc1/src/flask/app.py', 619, 619)"
430,breaks in linear flow,"('/home/toffer/Repos/flask-tags/flask-2.0.0rc1/src/flask/app.py', 668, 668)"
431,breaks in linear flow,"('/home/toffer/Repos/flask-tags/flask-2.0.0rc1/src/flask/app.py', 671, 671)"
432,breaks in linear flow,"('/home/toffer/Repos/flask-tags/flask-2.0.0rc1/src/flask/app.py', 708, 708)"
433,breaks in linear flow,"('/home/toffer/Repos/flask-tags/flask-2.0.0rc1/src/flask/app.py', 725, 725)"
434,breaks in linear flow,"('/home/toffer/Repos/flask-tags/flask-2.0.0rc1/src/flask/app.py', 726, 726)"
435,breaks in linear flow,"('/home/toffer/Repos/flask-tags/flask-2.0.0rc1/src/flask/app.py', 727, 727)"
436,breaks in linear flow,"('/home/toffer/Repos/flask-tags/flask-2.0.0rc1/src/flask/app.py', 730, 730)"
437,breaks in linear flow,"('/home/toffer/Repos/flask-tags/flask-2.0.0rc1/src/flask/app.py', 745, 745)"
438,breaks in linear flow,"('/home/toffer/Repos/flask-tags/flask-2.0.0rc1/src/flask/app.py', 842, 842)"
439,breaks in linear flow,"('/home/toffer/Repos/flask-tags/flask-2.0.0rc1/src/flask/app.py', 848, 848)"
440,breaks in linear flow,"('/home/toffer/Repos/flask-tags/flask-2.0.0rc1/src/flask/app.py', 852, 852)"
441,breaks in linear flow,"('/home/toffer/Repos/flask-tags/flask-2.0.0rc1/src/flask/app.py', 859, 859)"
442,breaks in linear flow,"('/home/toffer/Repos/flask-tags/flask-2.0.0rc1/src/flask/app.py', 865, 865)"
443,breaks in linear flow,"('/home/toffer/Repos/flask-tags/flask-2.0.0rc1/src/flask/app.py', 868, 868)"
444,breaks in linear flow,"('/home/toffer/Repos/flask-tags/flask-2.0.0rc1/src/flask/app.py', 869, 869)"
445,breaks in linear flow,"('/home/toffer/Repos/flask-tags/flask-2.0.0rc1/src/flask/app.py', 874, 874)"
446,breaks in linear flow,"('/home/toffer/Repos/flask-tags/flask-2.0.0rc1/src/flask/app.py', 949, 949)"
447,breaks in linear flow,"('/home/toffer/Repos/flask-tags/flask-2.0.0rc1/src/flask/app.py', 965, 965)"
448,breaks in linear flow,"('/home/toffer/Repos/flask-tags/flask-2.0.0rc1/src/flask/app.py', 1008, 1008)"
449,breaks in linear flow,"('/home/toffer/Repos/flask-tags/flask-2.0.0rc1/src/flask/app.py', 1016, 1016)"
450,breaks in linear flow,"('/home/toffer/Repos/flask-tags/flask-2.0.0rc1/src/flask/app.py', 1018, 1018)"
451,breaks in linear flow,"('/home/toffer/Repos/flask-tags/flask-2.0.0rc1/src/flask/app.py', 1030, 1030)"
452,breaks in linear flow,"('/home/toffer/Repos/flask-tags/flask-2.0.0rc1/src/flask/app.py', 1035, 1035)"
453,breaks in linear flow,"('/home/toffer/Repos/flask-tags/flask-2.0.0rc1/src/flask/app.py', 1036, 1036)"
454,breaks in linear flow,"('/home/toffer/Repos/flask-tags/flask-2.0.0rc1/src/flask/app.py', 1049, 1049)"
455,breaks in linear flow,"('/home/toffer/Repos/flask-tags/flask-2.0.0rc1/src/flask/app.py', 1051, 1051)"
456,breaks in linear flow,"('/home/toffer/Repos/flask-tags/flask-2.0.0rc1/src/flask/app.py', 1053, 1053)"
457,breaks in linear flow,"('/home/toffer/Repos/flask-tags/flask-2.0.0rc1/src/flask/app.py', 1226, 1226)"
458,breaks in linear flow,"('/home/toffer/Repos/flask-tags/flask-2.0.0rc1/src/flask/app.py', 1227, 1227)"
459,breaks in linear flow,"('/home/toffer/Repos/flask-tags/flask-2.0.0rc1/src/flask/app.py', 1230, 1230)"
460,breaks in linear flow,"('/home/toffer/Repos/flask-tags/flask-2.0.0rc1/src/flask/app.py', 1231, 1231)"
461,breaks in linear flow,"('/home/toffer/Repos/flask-tags/flask-2.0.0rc1/src/flask/app.py', 1233, 1233)"
462,breaks in linear flow,"('/home/toffer/Repos/flask-tags/flask-2.0.0rc1/src/flask/app.py', 1236, 1236)"
463,breaks in linear flow,"('/home/toffer/Repos/flask-tags/flask-2.0.0rc1/src/flask/app.py', 1258, 1258)"
464,breaks in linear flow,"('/home/toffer/Repos/flask-tags/flask-2.0.0rc1/src/flask/app.py', 1264, 1264)"
465,breaks in linear flow,"('/home/toffer/Repos/flask-tags/flask-2.0.0rc1/src/flask/app.py', 1268, 1268)"
466,breaks in linear flow,"('/home/toffer/Repos/flask-tags/flask-2.0.0rc1/src/flask/app.py', 1289, 1289)"
467,breaks in linear flow,"('/home/toffer/Repos/flask-tags/flask-2.0.0rc1/src/flask/app.py', 1295, 1295)"
468,breaks in linear flow,"('/home/toffer/Repos/flask-tags/flask-2.0.0rc1/src/flask/app.py', 1302, 1302)"
469,breaks in linear flow,"('/home/toffer/Repos/flask-tags/flask-2.0.0rc1/src/flask/app.py', 1322, 1322)"
470,breaks in linear flow,"('/home/toffer/Repos/flask-tags/flask-2.0.0rc1/src/flask/app.py', 1327, 1327)"
471,breaks in linear flow,"('/home/toffer/Repos/flask-tags/flask-2.0.0rc1/src/flask/app.py', 1332, 1332)"
472,breaks in linear flow,"('/home/toffer/Repos/flask-tags/flask-2.0.0rc1/src/flask/app.py', 1368, 1368)"
473,breaks in linear flow,"('/home/toffer/Repos/flask-tags/flask-2.0.0rc1/src/flask/app.py', 1371, 1371)"
474,breaks in linear flow,"('/home/toffer/Repos/flask-tags/flask-2.0.0rc1/src/flask/app.py', 1380, 1380)"
475,breaks in linear flow,"('/home/toffer/Repos/flask-tags/flask-2.0.0rc1/src/flask/app.py', 1405, 1405)"
476,breaks in linear flow,"('/home/toffer/Repos/flask-tags/flask-2.0.0rc1/src/flask/app.py', 1427, 1427)"
477,breaks in linear flow,"('/home/toffer/Repos/flask-tags/flask-2.0.0rc1/src/flask/app.py', 1432, 1432)"
478,breaks in linear flow,"('/home/toffer/Repos/flask-tags/flask-2.0.0rc1/src/flask/app.py', 1451, 1451)"
479,breaks in linear flow,"('/home/toffer/Repos/flask-tags/flask-2.0.0rc1/src/flask/app.py', 1453, 1453)"
480,breaks in linear flow,"('/home/toffer/Repos/flask-tags/flask-2.0.0rc1/src/flask/app.py', 1474, 1474)"
481,breaks in linear flow,"('/home/toffer/Repos/flask-tags/flask-2.0.0rc1/src/flask/app.py', 1475, 1475)"
482,breaks in linear flow,"('/home/toffer/Repos/flask-tags/flask-2.0.0rc1/src/flask/app.py', 1489, 1489)"
483,breaks in linear flow,"('/home/toffer/Repos/flask-tags/flask-2.0.0rc1/src/flask/app.py', 1492, 1492)"
484,breaks in linear flow,"('/home/toffer/Repos/flask-tags/flask-2.0.0rc1/src/flask/app.py', 1494, 1494)"
485,breaks in linear flow,"('/home/toffer/Repos/flask-tags/flask-2.0.0rc1/src/flask/app.py', 1530, 1530)"
486,breaks in linear flow,"('/home/toffer/Repos/flask-tags/flask-2.0.0rc1/src/flask/app.py', 1581, 1581)"
487,breaks in linear flow,"('/home/toffer/Repos/flask-tags/flask-2.0.0rc1/src/flask/app.py', 1585, 1585)"
488,breaks in linear flow,"('/home/toffer/Repos/flask-tags/flask-2.0.0rc1/src/flask/app.py', 1589, 1589)"
489,breaks in linear flow,"('/home/toffer/Repos/flask-tags/flask-2.0.0rc1/src/flask/app.py', 1602, 1602)"
490,breaks in linear flow,"('/home/toffer/Repos/flask-tags/flask-2.0.0rc1/src/flask/app.py', 1610, 1610)"
491,breaks in linear flow,"('/home/toffer/Repos/flask-tags/flask-2.0.0rc1/src/flask/app.py', 1611, 1611)"
492,breaks in linear flow,"('/home/toffer/Repos/flask-tags/flask-2.0.0rc1/src/flask/app.py', 1624, 1624)"
493,breaks in linear flow,"('/home/toffer/Repos/flask-tags/flask-2.0.0rc1/src/flask/app.py', 1640, 1640)"
494,breaks in linear flow,"('/home/toffer/Repos/flask-tags/flask-2.0.0rc1/src/flask/app.py', 1641, 1641)"
495,breaks in linear flow,"('/home/toffer/Repos/flask-tags/flask-2.0.0rc1/src/flask/app.py', 1647, 1647)"
496,breaks in linear flow,"('/home/toffer/Repos/flask-tags/flask-2.0.0rc1/src/flask/app.py', 1667, 1667)"
497,breaks in linear flow,"('/home/toffer/Repos/flask-tags/flask-2.0.0rc1/src/flask/app.py', 1671, 1671)"
498,breaks in linear flow,"('/home/toffer/Repos/flask-tags/flask-2.0.0rc1/src/flask/app.py', 1683, 1683)"
499,breaks in linear flow,"('/home/toffer/Repos/flask-tags/flask-2.0.0rc1/src/flask/app.py', 1698, 1698)"
500,breaks in linear flow,"('/home/toffer/Repos/flask-tags/flask-2.0.0rc1/src/flask/app.py', 1701, 1701)"
501,breaks in linear flow,"('/home/toffer/Repos/flask-tags/flask-2.0.0rc1/src/flask/app.py', 1708, 1708)"
502,breaks in linear flow,"('/home/toffer/Repos/flask-tags/flask-2.0.0rc1/src/flask/app.py', 1711, 1711)"
503,breaks in linear flow,"('/home/toffer/Repos/flask-tags/flask-2.0.0rc1/src/flask/app.py', 1715, 1715)"
504,breaks in linear flow,"('/home/toffer/Repos/flask-tags/flask-2.0.0rc1/src/flask/app.py', 1720, 1720)"
505,breaks in linear flow,"('/home/toffer/Repos/flask-tags/flask-2.0.0rc1/src/flask/app.py', 1737, 1737)"
506,breaks in linear flow,"('/home/toffer/Repos/flask-tags/flask-2.0.0rc1/src/flask/app.py', 1738, 1738)"
507,breaks in linear flow,"('/home/toffer/Repos/flask-tags/flask-2.0.0rc1/src/flask/app.py', 1740, 1740)"
508,breaks in linear flow,"('/home/toffer/Repos/flask-tags/flask-2.0.0rc1/src/flask/app.py', 1744, 1744)"
509,breaks in linear flow,"('/home/toffer/Repos/flask-tags/flask-2.0.0rc1/src/flask/app.py', 1745, 1745)"
510,breaks in linear flow,"('/home/toffer/Repos/flask-tags/flask-2.0.0rc1/src/flask/app.py', 1747, 1747)"
511,breaks in linear flow,"('/home/toffer/Repos/flask-tags/flask-2.0.0rc1/src/flask/app.py', 1749, 1749)"
512,breaks in linear flow,"('/home/toffer/Repos/flask-tags/flask-2.0.0rc1/src/flask/app.py', 1767, 1767)"
513,breaks in linear flow,"('/home/toffer/Repos/flask-tags/flask-2.0.0rc1/src/flask/app.py', 1768, 1768)"
514,breaks in linear flow,"('/home/toffer/Repos/flask-tags/flask-2.0.0rc1/src/flask/app.py', 1770, 1770)"
515,breaks in linear flow,"('/home/toffer/Repos/flask-tags/flask-2.0.0rc1/src/flask/app.py', 1772, 1772)"
516,breaks in linear flow,"('/home/toffer/Repos/flask-tags/flask-2.0.0rc1/src/flask/app.py', 1774, 1774)"
517,breaks in linear flow,"('/home/toffer/Repos/flask-tags/flask-2.0.0rc1/src/flask/app.py', 1799, 1799)"
518,breaks in linear flow,"('/home/toffer/Repos/flask-tags/flask-2.0.0rc1/src/flask/app.py', 1802, 1802)"
519,breaks in linear flow,"('/home/toffer/Repos/flask-tags/flask-2.0.0rc1/src/flask/app.py', 1803, 1803)"
520,breaks in linear flow,"('/home/toffer/Repos/flask-tags/flask-2.0.0rc1/src/flask/app.py', 1805, 1805)"
521,breaks in linear flow,"('/home/toffer/Repos/flask-tags/flask-2.0.0rc1/src/flask/app.py', 1824, 1824)"
522,breaks in linear flow,"('/home/toffer/Repos/flask-tags/flask-2.0.0rc1/src/flask/app.py', 1826, 1826)"
523,breaks in linear flow,"('/home/toffer/Repos/flask-tags/flask-2.0.0rc1/src/flask/app.py', 1954, 1954)"
524,breaks in linear flow,"('/home/toffer/Repos/flask-tags/flask-2.0.0rc1/src/flask/app.py', 1957, 1957)"
525,breaks in linear flow,"('/home/toffer/Repos/flask-tags/flask-2.0.0rc1/src/flask/app.py', 1962, 1962)"
526,breaks in linear flow,"('/home/toffer/Repos/flask-tags/flask-2.0.0rc1/src/flask/app.py', 1974, 1974)"
527,breaks in linear flow,"('/home/toffer/Repos/flask-tags/flask-2.0.0rc1/src/flask/cli.py', 24, 24)"
528,breaks in linear flow,"('/home/toffer/Repos/flask-tags/flask-2.0.0rc1/src/flask/cli.py', 29, 29)"
529,breaks in linear flow,"('/home/toffer/Repos/flask-tags/flask-2.0.0rc1/src/flask/cli.py', 44, 44)"
530,breaks in linear flow,"('/home/toffer/Repos/flask-tags/flask-2.0.0rc1/src/flask/cli.py', 47, 47)"
531,breaks in linear flow,"('/home/toffer/Repos/flask-tags/flask-2.0.0rc1/src/flask/cli.py', 53, 53)"
532,breaks in linear flow,"('/home/toffer/Repos/flask-tags/flask-2.0.0rc1/src/flask/cli.py', 63, 63)"
533,breaks in linear flow,"('/home/toffer/Repos/flask-tags/flask-2.0.0rc1/src/flask/cli.py', 66, 66)"
534,breaks in linear flow,"('/home/toffer/Repos/flask-tags/flask-2.0.0rc1/src/flask/cli.py', 70, 70)"
535,breaks in linear flow,"('/home/toffer/Repos/flask-tags/flask-2.0.0rc1/src/flask/cli.py', 72, 72)"
536,breaks in linear flow,"('/home/toffer/Repos/flask-tags/flask-2.0.0rc1/src/flask/cli.py', 73, 73)"
537,breaks in linear flow,"('/home/toffer/Repos/flask-tags/flask-2.0.0rc1/src/flask/cli.py', 98, 98)"
538,breaks in linear flow,"('/home/toffer/Repos/flask-tags/flask-2.0.0rc1/src/flask/cli.py', 106, 106)"
539,breaks in linear flow,"('/home/toffer/Repos/flask-tags/flask-2.0.0rc1/src/flask/cli.py', 133, 133)"
540,breaks in linear flow,"('/home/toffer/Repos/flask-tags/flask-2.0.0rc1/src/flask/cli.py', 134, 134)"
541,breaks in linear flow,"('/home/toffer/Repos/flask-tags/flask-2.0.0rc1/src/flask/cli.py', 158, 158)"
542,breaks in linear flow,"('/home/toffer/Repos/flask-tags/flask-2.0.0rc1/src/flask/cli.py', 163, 163)"
543,breaks in linear flow,"('/home/toffer/Repos/flask-tags/flask-2.0.0rc1/src/flask/cli.py', 168, 168)"
544,breaks in linear flow,"('/home/toffer/Repos/flask-tags/flask-2.0.0rc1/src/flask/cli.py', 179, 179)"
545,breaks in linear flow,"('/home/toffer/Repos/flask-tags/flask-2.0.0rc1/src/flask/cli.py', 192, 192)"
546,breaks in linear flow,"('/home/toffer/Repos/flask-tags/flask-2.0.0rc1/src/flask/cli.py', 199, 199)"
547,breaks in linear flow,"('/home/toffer/Repos/flask-tags/flask-2.0.0rc1/src/flask/cli.py', 202, 202)"
548,breaks in linear flow,"('/home/toffer/Repos/flask-tags/flask-2.0.0rc1/src/flask/cli.py', 203, 203)"
549,breaks in linear flow,"('/home/toffer/Repos/flask-tags/flask-2.0.0rc1/src/flask/cli.py', 214, 214)"
550,breaks in linear flow,"('/home/toffer/Repos/flask-tags/flask-2.0.0rc1/src/flask/cli.py', 230, 230)"
551,breaks in linear flow,"('/home/toffer/Repos/flask-tags/flask-2.0.0rc1/src/flask/cli.py', 233, 233)"
552,breaks in linear flow,"('/home/toffer/Repos/flask-tags/flask-2.0.0rc1/src/flask/cli.py', 239, 239)"
553,breaks in linear flow,"('/home/toffer/Repos/flask-tags/flask-2.0.0rc1/src/flask/cli.py', 243, 243)"
554,breaks in linear flow,"('/home/toffer/Repos/flask-tags/flask-2.0.0rc1/src/flask/cli.py', 244, 244)"
555,breaks in linear flow,"('/home/toffer/Repos/flask-tags/flask-2.0.0rc1/src/flask/cli.py', 246, 246)"
556,breaks in linear flow,"('/home/toffer/Repos/flask-tags/flask-2.0.0rc1/src/flask/cli.py', 257, 257)"
557,breaks in linear flow,"('/home/toffer/Repos/flask-tags/flask-2.0.0rc1/src/flask/cli.py', 260, 260)"
558,breaks in linear flow,"('/home/toffer/Repos/flask-tags/flask-2.0.0rc1/src/flask/cli.py', 272, 272)"
559,breaks in linear flow,"('/home/toffer/Repos/flask-tags/flask-2.0.0rc1/src/flask/cli.py', 279, 279)"
560,breaks in linear flow,"('/home/toffer/Repos/flask-tags/flask-2.0.0rc1/src/flask/cli.py', 317, 317)"
561,breaks in linear flow,"('/home/toffer/Repos/flask-tags/flask-2.0.0rc1/src/flask/cli.py', 320, 320)"
562,breaks in linear flow,"('/home/toffer/Repos/flask-tags/flask-2.0.0rc1/src/flask/cli.py', 331, 331)"
563,breaks in linear flow,"('/home/toffer/Repos/flask-tags/flask-2.0.0rc1/src/flask/cli.py', 340, 340)"
564,breaks in linear flow,"('/home/toffer/Repos/flask-tags/flask-2.0.0rc1/src/flask/cli.py', 352, 352)"
565,breaks in linear flow,"('/home/toffer/Repos/flask-tags/flask-2.0.0rc1/src/flask/cli.py', 356, 356)"
566,breaks in linear flow,"('/home/toffer/Repos/flask-tags/flask-2.0.0rc1/src/flask/cli.py', 391, 391)"
567,breaks in linear flow,"('/home/toffer/Repos/flask-tags/flask-2.0.0rc1/src/flask/cli.py', 394, 394)"
568,breaks in linear flow,"('/home/toffer/Repos/flask-tags/flask-2.0.0rc1/src/flask/cli.py', 397, 397)"
569,breaks in linear flow,"('/home/toffer/Repos/flask-tags/flask-2.0.0rc1/src/flask/cli.py', 404, 404)"
570,breaks in linear flow,"('/home/toffer/Repos/flask-tags/flask-2.0.0rc1/src/flask/cli.py', 408, 408)"
571,breaks in linear flow,"('/home/toffer/Repos/flask-tags/flask-2.0.0rc1/src/flask/cli.py', 409, 409)"
572,breaks in linear flow,"('/home/toffer/Repos/flask-tags/flask-2.0.0rc1/src/flask/cli.py', 411, 411)"
573,breaks in linear flow,"('/home/toffer/Repos/flask-tags/flask-2.0.0rc1/src/flask/cli.py', 418, 418)"
574,breaks in linear flow,"('/home/toffer/Repos/flask-tags/flask-2.0.0rc1/src/flask/cli.py', 461, 461)"
575,breaks in linear flow,"('/home/toffer/Repos/flask-tags/flask-2.0.0rc1/src/flask/cli.py', 510, 510)"
576,breaks in linear flow,"('/home/toffer/Repos/flask-tags/flask-2.0.0rc1/src/flask/cli.py', 518, 518)"
577,breaks in linear flow,"('/home/toffer/Repos/flask-tags/flask-2.0.0rc1/src/flask/cli.py', 526, 526)"
578,breaks in linear flow,"('/home/toffer/Repos/flask-tags/flask-2.0.0rc1/src/flask/cli.py', 530, 530)"
579,breaks in linear flow,"('/home/toffer/Repos/flask-tags/flask-2.0.0rc1/src/flask/cli.py', 534, 534)"
580,breaks in linear flow,"('/home/toffer/Repos/flask-tags/flask-2.0.0rc1/src/flask/cli.py', 544, 544)"
581,breaks in linear flow,"('/home/toffer/Repos/flask-tags/flask-2.0.0rc1/src/flask/cli.py', 553, 553)"
582,breaks in linear flow,"('/home/toffer/Repos/flask-tags/flask-2.0.0rc1/src/flask/cli.py', 566, 566)"
583,breaks in linear flow,"('/home/toffer/Repos/flask-tags/flask-2.0.0rc1/src/flask/cli.py', 570, 570)"
584,breaks in linear flow,"('/home/toffer/Repos/flask-tags/flask-2.0.0rc1/src/flask/cli.py', 584, 584)"
585,breaks in linear flow,"('/home/toffer/Repos/flask-tags/flask-2.0.0rc1/src/flask/cli.py', 589, 589)"
586,breaks in linear flow,"('/home/toffer/Repos/flask-tags/flask-2.0.0rc1/src/flask/cli.py', 628, 628)"
587,breaks in linear flow,"('/home/toffer/Repos/flask-tags/flask-2.0.0rc1/src/flask/cli.py', 629, 629)"
588,breaks in linear flow,"('/home/toffer/Repos/flask-tags/flask-2.0.0rc1/src/flask/cli.py', 641, 641)"
589,breaks in linear flow,"('/home/toffer/Repos/flask-tags/flask-2.0.0rc1/src/flask/cli.py', 642, 642)"
590,breaks in linear flow,"('/home/toffer/Repos/flask-tags/flask-2.0.0rc1/src/flask/cli.py', 649, 649)"
591,breaks in linear flow,"('/home/toffer/Repos/flask-tags/flask-2.0.0rc1/src/flask/cli.py', 652, 652)"
592,breaks in linear flow,"('/home/toffer/Repos/flask-tags/flask-2.0.0rc1/src/flask/cli.py', 653, 653)"
593,breaks in linear flow,"('/home/toffer/Repos/flask-tags/flask-2.0.0rc1/src/flask/cli.py', 655, 655)"
594,breaks in linear flow,"('/home/toffer/Repos/flask-tags/flask-2.0.0rc1/src/flask/cli.py', 667, 667)"
595,breaks in linear flow,"('/home/toffer/Repos/flask-tags/flask-2.0.0rc1/src/flask/cli.py', 670, 670)"
596,breaks in linear flow,"('/home/toffer/Repos/flask-tags/flask-2.0.0rc1/src/flask/cli.py', 673, 673)"
597,breaks in linear flow,"('/home/toffer/Repos/flask-tags/flask-2.0.0rc1/src/flask/cli.py', 680, 680)"
598,breaks in linear flow,"('/home/toffer/Repos/flask-tags/flask-2.0.0rc1/src/flask/cli.py', 688, 688)"
599,breaks in linear flow,"('/home/toffer/Repos/flask-tags/flask-2.0.0rc1/src/flask/cli.py', 704, 704)"
600,breaks in linear flow,"('/home/toffer/Repos/flask-tags/flask-2.0.0rc1/src/flask/cli.py', 713, 713)"
601,breaks in linear flow,"('/home/toffer/Repos/flask-tags/flask-2.0.0rc1/src/flask/cli.py', 716, 716)"
602,breaks in linear flow,"('/home/toffer/Repos/flask-tags/flask-2.0.0rc1/src/flask/cli.py', 719, 719)"
603,breaks in linear flow,"('/home/toffer/Repos/flask-tags/flask-2.0.0rc1/src/flask/cli.py', 730, 730)"
604,breaks in linear flow,"('/home/toffer/Repos/flask-tags/flask-2.0.0rc1/src/flask/cli.py', 744, 744)"
605,breaks in linear flow,"('/home/toffer/Repos/flask-tags/flask-2.0.0rc1/src/flask/cli.py', 745, 745)"
606,breaks in linear flow,"('/home/toffer/Repos/flask-tags/flask-2.0.0rc1/src/flask/cli.py', 750, 750)"
607,breaks in linear flow,"('/home/toffer/Repos/flask-tags/flask-2.0.0rc1/src/flask/cli.py', 755, 755)"
608,breaks in linear flow,"('/home/toffer/Repos/flask-tags/flask-2.0.0rc1/src/flask/cli.py', 761, 761)"
609,breaks in linear flow,"('/home/toffer/Repos/flask-tags/flask-2.0.0rc1/src/flask/cli.py', 838, 838)"
610,breaks in linear flow,"('/home/toffer/Repos/flask-tags/flask-2.0.0rc1/src/flask/cli.py', 841, 841)"
611,breaks in linear flow,"('/home/toffer/Repos/flask-tags/flask-2.0.0rc1/src/flask/cli.py', 885, 885)"
612,breaks in linear flow,"('/home/toffer/Repos/flask-tags/flask-2.0.0rc1/src/flask/cli.py', 896, 896)"
613,breaks in linear flow,"('/home/toffer/Repos/flask-tags/flask-2.0.0rc1/src/flask/cli.py', 900, 900)"
614,breaks in linear flow,"('/home/toffer/Repos/flask-tags/flask-2.0.0rc1/src/flask/cli.py', 929, 929)"
615,breaks in linear flow,"('/home/toffer/Repos/flask-tags/flask-2.0.0rc1/src/flask/cli.py', 935, 935)"
616,breaks in linear flow,"('/home/toffer/Repos/flask-tags/flask-2.0.0rc1/src/flask/cli.py', 954, 954)"
617,breaks in linear flow,"('/home/toffer/Repos/flask-tags/flask-2.0.0rc1/src/flask/cli.py', 983, 983)"
618,breaks in linear flow,"('/home/toffer/Repos/flask-tags/flask-2.0.0rc1/src/flask/wrappers.py', 49, 49)"
619,breaks in linear flow,"('/home/toffer/Repos/flask-tags/flask-2.0.0rc1/src/flask/wrappers.py', 59, 59)"
620,breaks in linear flow,"('/home/toffer/Repos/flask-tags/flask-2.0.0rc1/src/flask/wrappers.py', 65, 65)"
621,breaks in linear flow,"('/home/toffer/Repos/flask-tags/flask-2.0.0rc1/src/flask/wrappers.py', 73, 73)"
622,breaks in linear flow,"('/home/toffer/Repos/flask-tags/flask-2.0.0rc1/src/flask/wrappers.py', 84, 84)"
623,breaks in linear flow,"('/home/toffer/Repos/flask-tags/flask-2.0.0rc1/src/flask/wrappers.py', 119, 119)"
624,breaks in linear flow,"('/home/toffer/Repos/flask-tags/flask-2.0.0rc1/src/flask/testing.py', 53, 53)"
625,breaks in linear flow,"('/home/toffer/Repos/flask-tags/flask-2.0.0rc1/src/flask/testing.py', 57, 57)"
626,breaks in linear flow,"('/home/toffer/Repos/flask-tags/flask-2.0.0rc1/src/flask/testing.py', 60, 60)"
627,breaks in linear flow,"('/home/toffer/Repos/flask-tags/flask-2.0.0rc1/src/flask/testing.py', 70, 70)"
628,breaks in linear flow,"('/home/toffer/Repos/flask-tags/flask-2.0.0rc1/src/flask/testing.py', 129, 129)"
629,breaks in linear flow,"('/home/toffer/Repos/flask-tags/flask-2.0.0rc1/src/flask/testing.py', 140, 140)"
630,breaks in linear flow,"('/home/toffer/Repos/flask-tags/flask-2.0.0rc1/src/flask/testing.py', 159, 159)"
631,breaks in linear flow,"('/home/toffer/Repos/flask-tags/flask-2.0.0rc1/src/flask/testing.py', 177, 177)"
632,breaks in linear flow,"('/home/toffer/Repos/flask-tags/flask-2.0.0rc1/src/flask/testing.py', 180, 180)"
633,breaks in linear flow,"('/home/toffer/Repos/flask-tags/flask-2.0.0rc1/src/flask/testing.py', 192, 192)"
634,breaks in linear flow,"('/home/toffer/Repos/flask-tags/flask-2.0.0rc1/src/flask/testing.py', 209, 209)"
635,breaks in linear flow,"('/home/toffer/Repos/flask-tags/flask-2.0.0rc1/src/flask/testing.py', 221, 221)"
636,breaks in linear flow,"('/home/toffer/Repos/flask-tags/flask-2.0.0rc1/src/flask/testing.py', 224, 224)"
637,breaks in linear flow,"('/home/toffer/Repos/flask-tags/flask-2.0.0rc1/src/flask/testing.py', 227, 227)"
638,breaks in linear flow,"('/home/toffer/Repos/flask-tags/flask-2.0.0rc1/src/flask/testing.py', 255, 255)"
639,breaks in linear flow,"('/home/toffer/Repos/flask-tags/flask-2.0.0rc1/src/flask/testing.py', 258, 258)"
640,breaks in linear flow,"('/home/toffer/Repos/flask-tags/flask-2.0.0rc1/src/flask/debughelpers.py', 30, 30)"
641,breaks in linear flow,"('/home/toffer/Repos/flask-tags/flask-2.0.0rc1/src/flask/debughelpers.py', 57, 57)"
642,breaks in linear flow,"('/home/toffer/Repos/flask-tags/flask-2.0.0rc1/src/flask/debughelpers.py', 85, 85)"
643,breaks in linear flow,"('/home/toffer/Repos/flask-tags/flask-2.0.0rc1/src/flask/debughelpers.py', 86, 86)"
644,breaks in linear flow,"('/home/toffer/Repos/flask-tags/flask-2.0.0rc1/src/flask/debughelpers.py', 97, 97)"
645,breaks in linear flow,"('/home/toffer/Repos/flask-tags/flask-2.0.0rc1/src/flask/debughelpers.py', 98, 98)"
646,breaks in linear flow,"('/home/toffer/Repos/flask-tags/flask-2.0.0rc1/src/flask/debughelpers.py', 99, 99)"
647,breaks in linear flow,"('/home/toffer/Repos/flask-tags/flask-2.0.0rc1/src/flask/debughelpers.py', 100, 100)"
648,breaks in linear flow,"('/home/toffer/Repos/flask-tags/flask-2.0.0rc1/src/flask/debughelpers.py', 101, 101)"
649,breaks in linear flow,"('/home/toffer/Repos/flask-tags/flask-2.0.0rc1/src/flask/debughelpers.py', 102, 102)"
650,breaks in linear flow,"('/home/toffer/Repos/flask-tags/flask-2.0.0rc1/src/flask/debughelpers.py', 104, 104)"
651,breaks in linear flow,"('/home/toffer/Repos/flask-tags/flask-2.0.0rc1/src/flask/debughelpers.py', 106, 106)"
652,breaks in linear flow,"('/home/toffer/Repos/flask-tags/flask-2.0.0rc1/src/flask/debughelpers.py', 108, 108)"
653,breaks in linear flow,"('/home/toffer/Repos/flask-tags/flask-2.0.0rc1/src/flask/debughelpers.py', 118, 118)"
654,breaks in linear flow,"('/home/toffer/Repos/flask-tags/flask-2.0.0rc1/src/flask/debughelpers.py', 121, 121)"
655,breaks in linear flow,"('/home/toffer/Repos/flask-tags/flask-2.0.0rc1/src/flask/debughelpers.py', 122, 122)"
656,breaks in linear flow,"('/home/toffer/Repos/flask-tags/flask-2.0.0rc1/src/flask/debughelpers.py', 131, 131)"
657,breaks in linear flow,"('/home/toffer/Repos/flask-tags/flask-2.0.0rc1/src/flask/debughelpers.py', 134, 134)"
658,breaks in linear flow,"('/home/toffer/Repos/flask-tags/flask-2.0.0rc1/src/flask/debughelpers.py', 142, 142)"
659,breaks in linear flow,"('/home/toffer/Repos/flask-tags/flask-2.0.0rc1/src/flask/debughelpers.py', 149, 149)"
660,breaks in linear flow,"('/home/toffer/Repos/flask-tags/flask-2.0.0rc1/src/flask/debughelpers.py', 161, 161)"
661,breaks in linear flow,"('/home/toffer/Repos/flask-tags/flask-2.0.0rc1/src/flask/logging.py', 29, 29)"
662,breaks in linear flow,"('/home/toffer/Repos/flask-tags/flask-2.0.0rc1/src/flask/logging.py', 30, 30)"
663,breaks in linear flow,"('/home/toffer/Repos/flask-tags/flask-2.0.0rc1/src/flask/logging.py', 33, 33)"
664,breaks in linear flow,"('/home/toffer/Repos/flask-tags/flask-2.0.0rc1/src/flask/logging.py', 34, 34)"
665,breaks in linear flow,"('/home/toffer/Repos/flask-tags/flask-2.0.0rc1/src/flask/logging.py', 64, 64)"
666,breaks in linear flow,"('/home/toffer/Repos/flask-tags/flask-2.0.0rc1/src/flask/logging.py', 67, 67)"
667,breaks in linear flow,"('/home/toffer/Repos/flask-tags/flask-2.0.0rc1/src/flask/config.py', 16, 16)"
668,breaks in linear flow,"('/home/toffer/Repos/flask-tags/flask-2.0.0rc1/src/flask/config.py', 19, 19)"
669,breaks in linear flow,"('/home/toffer/Repos/flask-tags/flask-2.0.0rc1/src/flask/config.py', 88, 88)"
670,breaks in linear flow,"('/home/toffer/Repos/flask-tags/flask-2.0.0rc1/src/flask/config.py', 89, 89)"
671,breaks in linear flow,"('/home/toffer/Repos/flask-tags/flask-2.0.0rc1/src/flask/config.py', 119, 119)"
672,breaks in linear flow,"('/home/toffer/Repos/flask-tags/flask-2.0.0rc1/src/flask/config.py', 120, 120)"
673,breaks in linear flow,"('/home/toffer/Repos/flask-tags/flask-2.0.0rc1/src/flask/config.py', 159, 159)"
674,breaks in linear flow,"('/home/toffer/Repos/flask-tags/flask-2.0.0rc1/src/flask/config.py', 161, 161)"
675,breaks in linear flow,"('/home/toffer/Repos/flask-tags/flask-2.0.0rc1/src/flask/config.py', 162, 162)"
676,breaks in linear flow,"('/home/toffer/Repos/flask-tags/flask-2.0.0rc1/src/flask/config.py', 190, 190)"
677,breaks in linear flow,"('/home/toffer/Repos/flask-tags/flask-2.0.0rc1/src/flask/config.py', 191, 191)"
678,breaks in linear flow,"('/home/toffer/Repos/flask-tags/flask-2.0.0rc1/src/flask/config.py', 206, 206)"
679,breaks in linear flow,"('/home/toffer/Repos/flask-tags/flask-2.0.0rc1/src/flask/config.py', 207, 207)"
680,breaks in linear flow,"('/home/toffer/Repos/flask-tags/flask-2.0.0rc1/src/flask/config.py', 216, 216)"
681,breaks in linear flow,"('/home/toffer/Repos/flask-tags/flask-2.0.0rc1/src/flask/config.py', 217, 217)"
682,breaks in linear flow,"('/home/toffer/Repos/flask-tags/flask-2.0.0rc1/src/flask/config.py', 218, 218)"
683,breaks in linear flow,"('/home/toffer/Repos/flask-tags/flask-2.0.0rc1/src/flask/config.py', 251, 251)"
684,breaks in linear flow,"('/home/toffer/Repos/flask-tags/flask-2.0.0rc1/src/flask/config.py', 252, 252)"
685,breaks in linear flow,"('/home/toffer/Repos/flask-tags/flask-2.0.0rc1/src/flask/config.py', 253, 253)"
686,breaks in linear flow,"('/home/toffer/Repos/flask-tags/flask-2.0.0rc1/src/flask/config.py', 254, 254)"
687,breaks in linear flow,"('/home/toffer/Repos/flask-tags/flask-2.0.0rc1/src/flask/config.py', 258, 258)"
688,breaks in linear flow,"('/home/toffer/Repos/flask-tags/flask-2.0.0rc1/src/flask/views.py', 80, 80)"
689,breaks in linear flow,"('/home/toffer/Repos/flask-tags/flask-2.0.0rc1/src/flask/views.py', 83, 83)"
690,breaks in linear flow,"('/home/toffer/Repos/flask-tags/flask-2.0.0rc1/src/flask/views.py', 108, 108)"
691,breaks in linear flow,"('/home/toffer/Repos/flask-tags/flask-2.0.0rc1/src/flask/views.py', 111, 111)"
692,breaks in linear flow,"('/home/toffer/Repos/flask-tags/flask-2.0.0rc1/src/flask/views.py', 112, 112)"
693,breaks in linear flow,"('/home/toffer/Repos/flask-tags/flask-2.0.0rc1/src/flask/views.py', 115, 115)"
694,breaks in linear flow,"('/home/toffer/Repos/flask-tags/flask-2.0.0rc1/src/flask/views.py', 116, 116)"
695,breaks in linear flow,"('/home/toffer/Repos/flask-tags/flask-2.0.0rc1/src/flask/views.py', 123, 123)"
696,breaks in linear flow,"('/home/toffer/Repos/flask-tags/flask-2.0.0rc1/src/flask/views.py', 148, 148)"
697,breaks in linear flow,"('/home/toffer/Repos/flask-tags/flask-2.0.0rc1/src/flask/signals.py', 5, 5)"
698,breaks in linear flow,"('/home/toffer/Repos/flask-tags/flask-2.0.0rc1/src/flask/json/tag.py', 249, 249)"
699,breaks in linear flow,"('/home/toffer/Repos/flask-tags/flask-2.0.0rc1/src/flask/json/tag.py', 269, 269)"
700,breaks in linear flow,"('/home/toffer/Repos/flask-tags/flask-2.0.0rc1/src/flask/json/tag.py', 270, 270)"
701,breaks in linear flow,"('/home/toffer/Repos/flask-tags/flask-2.0.0rc1/src/flask/json/tag.py', 275, 275)"
702,breaks in linear flow,"('/home/toffer/Repos/flask-tags/flask-2.0.0rc1/src/flask/json/tag.py', 282, 282)"
703,breaks in linear flow,"('/home/toffer/Repos/flask-tags/flask-2.0.0rc1/src/flask/json/tag.py', 283, 283)"
704,breaks in linear flow,"('/home/toffer/Repos/flask-tags/flask-2.0.0rc1/src/flask/json/tag.py', 290, 290)"
705,breaks in linear flow,"('/home/toffer/Repos/flask-tags/flask-2.0.0rc1/src/flask/json/tag.py', 295, 295)"
706,breaks in linear flow,"('/home/toffer/Repos/flask-tags/flask-2.0.0rc1/src/flask/json/__init__.py', 15, 15)"
707,breaks in linear flow,"('/home/toffer/Repos/flask-tags/flask-2.0.0rc1/src/flask/json/__init__.py', 43, 43)"
708,breaks in linear flow,"('/home/toffer/Repos/flask-tags/flask-2.0.0rc1/src/flask/json/__init__.py', 45, 45)"
709,breaks in linear flow,"('/home/toffer/Repos/flask-tags/flask-2.0.0rc1/src/flask/json/__init__.py', 47, 47)"
710,breaks in linear flow,"('/home/toffer/Repos/flask-tags/flask-2.0.0rc1/src/flask/json/__init__.py', 49, 49)"
711,breaks in linear flow,"('/home/toffer/Repos/flask-tags/flask-2.0.0rc1/src/flask/json/__init__.py', 67, 67)"
712,breaks in linear flow,"('/home/toffer/Repos/flask-tags/flask-2.0.0rc1/src/flask/json/__init__.py', 70, 70)"
713,breaks in linear flow,"('/home/toffer/Repos/flask-tags/flask-2.0.0rc1/src/flask/json/__init__.py', 83, 83)"
714,breaks in linear flow,"('/home/toffer/Repos/flask-tags/flask-2.0.0rc1/src/flask/json/__init__.py', 86, 86)"
715,breaks in linear flow,"('/home/toffer/Repos/flask-tags/flask-2.0.0rc1/src/flask/json/__init__.py', 116, 116)"
716,breaks in linear flow,"('/home/toffer/Repos/flask-tags/flask-2.0.0rc1/src/flask/json/__init__.py', 123, 123)"
717,breaks in linear flow,"('/home/toffer/Repos/flask-tags/flask-2.0.0rc1/src/flask/json/__init__.py', 151, 151)"
718,breaks in linear flow,"('/home/toffer/Repos/flask-tags/flask-2.0.0rc1/src/flask/json/__init__.py', 155, 155)"
719,breaks in linear flow,"('/home/toffer/Repos/flask-tags/flask-2.0.0rc1/src/flask/json/__init__.py', 188, 188)"
720,breaks in linear flow,"('/home/toffer/Repos/flask-tags/flask-2.0.0rc1/src/flask/json/__init__.py', 196, 196)"
721,breaks in linear flow,"('/home/toffer/Repos/flask-tags/flask-2.0.0rc1/src/flask/json/__init__.py', 220, 220)"
722,breaks in linear flow,"('/home/toffer/Repos/flask-tags/flask-2.0.0rc1/src/flask/json/__init__.py', 229, 229)"
723,breaks in linear flow,"('/home/toffer/Repos/flask-tags/flask-2.0.0rc1/src/flask/json/__init__.py', 319, 319)"
724,breaks in linear flow,"('/home/toffer/Repos/flask-tags/flask-2.0.0rc1/src/flask/json/__init__.py', 323, 323)"
725,recursion,"('/home/toffer/Repos/flask-tags/flask-2.0.0rc1/tests/test_basic.py', 588, 588)"
726,recursion,"('/home/toffer/Repos/flask-tags/flask-2.0.0rc1/tests/test_views.py', 38, 38)"
727,recursion,"('/home/toffer/Repos/flask-tags/flask-2.0.0rc1/src/flask/templating.py', 67, 67)"
