,type,file_start_end
0,method length,"('/home/toffer/Repos/flask-tags/flask-2.0.1/tests/test_helpers.py', 48, 90)"
1,method length,"('/home/toffer/Repos/flask-tags/flask-2.0.1/tests/test_helpers.py', 208, 237)"
2,method length,"('/home/toffer/Repos/flask-tags/flask-2.0.1/tests/test_async.py', 22, 56)"
3,method length,"('/home/toffer/Repos/flask-tags/flask-2.0.1/tests/test_async.py', 78, 133)"
4,method length,"('/home/toffer/Repos/flask-tags/flask-2.0.1/tests/conftest.py', 100, 127)"
5,method length,"('/home/toffer/Repos/flask-tags/flask-2.0.1/tests/conftest.py', 157, 189)"
6,method length,"('/home/toffer/Repos/flask-tags/flask-2.0.1/tests/conftest.py', 161, 187)"
7,method length,"('/home/toffer/Repos/flask-tags/flask-2.0.1/tests/test_cli.py', 49, 148)"
8,method length,"('/home/toffer/Repos/flask-tags/flask-2.0.1/tests/test_cli.py', 271, 310)"
9,method length,"('/home/toffer/Repos/flask-tags/flask-2.0.1/tests/test_cli.py', 604, 644)"
10,method length,"('/home/toffer/Repos/flask-tags/flask-2.0.1/tests/test_basic.py', 90, 124)"
11,method length,"('/home/toffer/Repos/flask-tags/flask-2.0.1/tests/test_basic.py', 158, 191)"
12,method length,"('/home/toffer/Repos/flask-tags/flask-2.0.1/tests/test_basic.py', 318, 353)"
13,method length,"('/home/toffer/Repos/flask-tags/flask-2.0.1/tests/test_basic.py', 424, 453)"
14,method length,"('/home/toffer/Repos/flask-tags/flask-2.0.1/tests/test_basic.py', 470, 498)"
15,method length,"('/home/toffer/Repos/flask-tags/flask-2.0.1/tests/test_basic.py', 501, 539)"
16,method length,"('/home/toffer/Repos/flask-tags/flask-2.0.1/tests/test_basic.py', 542, 594)"
17,method length,"('/home/toffer/Repos/flask-tags/flask-2.0.1/tests/test_basic.py', 612, 684)"
18,method length,"('/home/toffer/Repos/flask-tags/flask-2.0.1/tests/test_basic.py', 790, 825)"
19,method length,"('/home/toffer/Repos/flask-tags/flask-2.0.1/tests/test_basic.py', 828, 863)"
20,method length,"('/home/toffer/Repos/flask-tags/flask-2.0.1/tests/test_basic.py', 866, 901)"
21,method length,"('/home/toffer/Repos/flask-tags/flask-2.0.1/tests/test_basic.py', 977, 1006)"
22,method length,"('/home/toffer/Repos/flask-tags/flask-2.0.1/tests/test_basic.py', 1009, 1039)"
23,method length,"('/home/toffer/Repos/flask-tags/flask-2.0.1/tests/test_basic.py', 1042, 1070)"
24,method length,"('/home/toffer/Repos/flask-tags/flask-2.0.1/tests/test_basic.py', 1131, 1214)"
25,method length,"('/home/toffer/Repos/flask-tags/flask-2.0.1/tests/test_basic.py', 1217, 1258)"
26,method length,"('/home/toffer/Repos/flask-tags/flask-2.0.1/tests/test_basic.py', 1497, 1536)"
27,method length,"('/home/toffer/Repos/flask-tags/flask-2.0.1/tests/test_basic.py', 1603, 1629)"
28,method length,"('/home/toffer/Repos/flask-tags/flask-2.0.1/tests/test_basic.py', 1793, 1822)"
29,method length,"('/home/toffer/Repos/flask-tags/flask-2.0.1/tests/test_basic.py', 1985, 2012)"
30,method length,"('/home/toffer/Repos/flask-tags/flask-2.0.1/tests/test_signals.py', 61, 103)"
31,method length,"('/home/toffer/Repos/flask-tags/flask-2.0.1/tests/test_views.py', 101, 138)"
32,method length,"('/home/toffer/Repos/flask-tags/flask-2.0.1/tests/test_reqctx.py', 60, 98)"
33,method length,"('/home/toffer/Repos/flask-tags/flask-2.0.1/tests/test_reqctx.py', 144, 171)"
34,method length,"('/home/toffer/Repos/flask-tags/flask-2.0.1/tests/test_reqctx.py', 226, 272)"
35,method length,"('/home/toffer/Repos/flask-tags/flask-2.0.1/tests/test_testing.py', 215, 244)"
36,method length,"('/home/toffer/Repos/flask-tags/flask-2.0.1/tests/test_blueprints.py', 8, 43)"
37,method length,"('/home/toffer/Repos/flask-tags/flask-2.0.1/tests/test_blueprints.py', 46, 77)"
38,method length,"('/home/toffer/Repos/flask-tags/flask-2.0.1/tests/test_blueprints.py', 176, 220)"
39,method length,"('/home/toffer/Repos/flask-tags/flask-2.0.1/tests/test_blueprints.py', 290, 319)"
40,method length,"('/home/toffer/Repos/flask-tags/flask-2.0.1/tests/test_blueprints.py', 629, 666)"
41,method length,"('/home/toffer/Repos/flask-tags/flask-2.0.1/tests/test_blueprints.py', 690, 718)"
42,method length,"('/home/toffer/Repos/flask-tags/flask-2.0.1/tests/test_blueprints.py', 721, 761)"
43,method length,"('/home/toffer/Repos/flask-tags/flask-2.0.1/tests/test_blueprints.py', 791, 837)"
44,method length,"('/home/toffer/Repos/flask-tags/flask-2.0.1/tests/test_templating.py', 353, 381)"
45,method length,"('/home/toffer/Repos/flask-tags/flask-2.0.1/tests/test_templating.py', 399, 432)"
46,method length,"('/home/toffer/Repos/flask-tags/flask-2.0.1/tests/test_user_error_handler.py', 10, 52)"
47,method length,"('/home/toffer/Repos/flask-tags/flask-2.0.1/tests/test_user_error_handler.py', 55, 91)"
48,method length,"('/home/toffer/Repos/flask-tags/flask-2.0.1/tests/test_user_error_handler.py', 94, 127)"
49,method length,"('/home/toffer/Repos/flask-tags/flask-2.0.1/tests/test_user_error_handler.py', 157, 208)"
50,method length,"('/home/toffer/Repos/flask-tags/flask-2.0.1/tests/test_json.py', 217, 250)"
51,method length,"('/home/toffer/Repos/flask-tags/flask-2.0.1/tests/test_json.py', 253, 293)"
52,method length,"('/home/toffer/Repos/flask-tags/flask-2.0.1/tests/test_json.py', 325, 393)"
53,method length,"('/home/toffer/Repos/flask-tags/flask-2.0.1/examples/tutorial/flaskr/__init__.py', 6, 50)"
54,method length,"('/home/toffer/Repos/flask-tags/flask-2.0.1/examples/tutorial/flaskr/auth.py', 47, 81)"
55,method length,"('/home/toffer/Repos/flask-tags/flask-2.0.1/examples/tutorial/flaskr/blog.py', 28, 57)"
56,method length,"('/home/toffer/Repos/flask-tags/flask-2.0.1/src/flask/scaffold.py', 100, 237)"
57,method length,"('/home/toffer/Repos/flask-tags/flask-2.0.1/src/flask/scaffold.py', 409, 438)"
58,method length,"('/home/toffer/Repos/flask-tags/flask-2.0.1/src/flask/scaffold.py', 448, 506)"
59,method length,"('/home/toffer/Repos/flask-tags/flask-2.0.1/src/flask/scaffold.py', 570, 606)"
60,method length,"('/home/toffer/Repos/flask-tags/flask-2.0.1/src/flask/scaffold.py', 647, 681)"
61,method length,"('/home/toffer/Repos/flask-tags/flask-2.0.1/src/flask/scaffold.py', 773, 822)"
62,method length,"('/home/toffer/Repos/flask-tags/flask-2.0.1/src/flask/scaffold.py', 825, 864)"
63,method length,"('/home/toffer/Repos/flask-tags/flask-2.0.1/src/flask/blueprints.py', 39, 76)"
64,method length,"('/home/toffer/Repos/flask-tags/flask-2.0.1/src/flask/blueprints.py', 269, 397)"
65,method length,"('/home/toffer/Repos/flask-tags/flask-2.0.1/src/flask/sessions.py', 178, 234)"
66,method length,"('/home/toffer/Repos/flask-tags/flask-2.0.1/src/flask/sessions.py', 368, 404)"
67,method length,"('/home/toffer/Repos/flask-tags/flask-2.0.1/src/flask/ctx.py', 137, 174)"
68,method length,"('/home/toffer/Repos/flask-tags/flask-2.0.1/src/flask/ctx.py', 177, 206)"
69,method length,"('/home/toffer/Repos/flask-tags/flask-2.0.1/src/flask/ctx.py', 302, 332)"
70,method length,"('/home/toffer/Repos/flask-tags/flask-2.0.1/src/flask/ctx.py', 372, 412)"
71,method length,"('/home/toffer/Repos/flask-tags/flask-2.0.1/src/flask/ctx.py', 414, 451)"
72,method length,"('/home/toffer/Repos/flask-tags/flask-2.0.1/src/flask/helpers.py', 70, 142)"
73,method length,"('/home/toffer/Repos/flask-tags/flask-2.0.1/src/flask/helpers.py', 145, 191)"
74,method length,"('/home/toffer/Repos/flask-tags/flask-2.0.1/src/flask/helpers.py', 194, 342)"
75,method length,"('/home/toffer/Repos/flask-tags/flask-2.0.1/src/flask/helpers.py', 367, 396)"
76,method length,"('/home/toffer/Repos/flask-tags/flask-2.0.1/src/flask/helpers.py', 401, 439)"
77,method length,"('/home/toffer/Repos/flask-tags/flask-2.0.1/src/flask/helpers.py', 452, 493)"
78,method length,"('/home/toffer/Repos/flask-tags/flask-2.0.1/src/flask/helpers.py', 510, 627)"
79,method length,"('/home/toffer/Repos/flask-tags/flask-2.0.1/src/flask/helpers.py', 658, 702)"
80,method length,"('/home/toffer/Repos/flask-tags/flask-2.0.1/src/flask/helpers.py', 705, 751)"
81,method length,"('/home/toffer/Repos/flask-tags/flask-2.0.1/src/flask/app.py', 399, 523)"
82,method length,"('/home/toffer/Repos/flask-tags/flask-2.0.1/src/flask/app.py', 677, 710)"
83,method length,"('/home/toffer/Repos/flask-tags/flask-2.0.1/src/flask/app.py', 814, 927)"
84,method length,"('/home/toffer/Repos/flask-tags/flask-2.0.1/src/flask/app.py', 929, 985)"
85,method length,"('/home/toffer/Repos/flask-tags/flask-2.0.1/src/flask/app.py', 1047, 1096)"
86,method length,"('/home/toffer/Repos/flask-tags/flask-2.0.1/src/flask/app.py', 1227, 1257)"
87,method length,"('/home/toffer/Repos/flask-tags/flask-2.0.1/src/flask/app.py', 1292, 1323)"
88,method length,"('/home/toffer/Repos/flask-tags/flask-2.0.1/src/flask/app.py', 1325, 1358)"
89,method length,"('/home/toffer/Repos/flask-tags/flask-2.0.1/src/flask/app.py', 1362, 1390)"
90,method length,"('/home/toffer/Repos/flask-tags/flask-2.0.1/src/flask/app.py', 1392, 1439)"
91,method length,"('/home/toffer/Repos/flask-tags/flask-2.0.1/src/flask/app.py', 1602, 1628)"
92,method length,"('/home/toffer/Repos/flask-tags/flask-2.0.1/src/flask/app.py', 1630, 1746)"
93,method length,"('/home/toffer/Repos/flask-tags/flask-2.0.1/src/flask/app.py', 1750, 1788)"
94,method length,"('/home/toffer/Repos/flask-tags/flask-2.0.1/src/flask/app.py', 1832, 1861)"
95,method length,"('/home/toffer/Repos/flask-tags/flask-2.0.1/src/flask/app.py', 1891, 1922)"
96,method length,"('/home/toffer/Repos/flask-tags/flask-2.0.1/src/flask/app.py', 1984, 2038)"
97,method length,"('/home/toffer/Repos/flask-tags/flask-2.0.1/src/flask/app.py', 2040, 2081)"
98,method length,"('/home/toffer/Repos/flask-tags/flask-2.0.1/src/flask/cli.py', 37, 86)"
99,method length,"('/home/toffer/Repos/flask-tags/flask-2.0.1/src/flask/cli.py', 89, 119)"
100,method length,"('/home/toffer/Repos/flask-tags/flask-2.0.1/src/flask/cli.py', 148, 220)"
101,method length,"('/home/toffer/Repos/flask-tags/flask-2.0.1/src/flask/cli.py', 223, 249)"
102,method length,"('/home/toffer/Repos/flask-tags/flask-2.0.1/src/flask/cli.py', 384, 424)"
103,method length,"('/home/toffer/Repos/flask-tags/flask-2.0.1/src/flask/cli.py', 606, 660)"
104,method length,"('/home/toffer/Repos/flask-tags/flask-2.0.1/src/flask/cli.py', 663, 689)"
105,method length,"('/home/toffer/Repos/flask-tags/flask-2.0.1/src/flask/cli.py', 703, 733)"
106,method length,"('/home/toffer/Repos/flask-tags/flask-2.0.1/src/flask/cli.py', 736, 764)"
107,method length,"('/home/toffer/Repos/flask-tags/flask-2.0.1/src/flask/cli.py', 827, 858)"
108,method length,"('/home/toffer/Repos/flask-tags/flask-2.0.1/src/flask/cli.py', 863, 909)"
109,method length,"('/home/toffer/Repos/flask-tags/flask-2.0.1/src/flask/cli.py', 925, 958)"
110,method length,"('/home/toffer/Repos/flask-tags/flask-2.0.1/src/flask/testing.py', 53, 82)"
111,method length,"('/home/toffer/Repos/flask-tags/flask-2.0.1/src/flask/testing.py', 122, 172)"
112,method length,"('/home/toffer/Repos/flask-tags/flask-2.0.1/src/flask/testing.py', 182, 221)"
113,method length,"('/home/toffer/Repos/flask-tags/flask-2.0.1/src/flask/debughelpers.py', 113, 158)"
114,method length,"('/home/toffer/Repos/flask-tags/flask-2.0.1/src/flask/config.py', 100, 126)"
115,method length,"('/home/toffer/Repos/flask-tags/flask-2.0.1/src/flask/config.py', 128, 164)"
116,method length,"('/home/toffer/Repos/flask-tags/flask-2.0.1/src/flask/config.py', 171, 203)"
117,method length,"('/home/toffer/Repos/flask-tags/flask-2.0.1/src/flask/config.py', 249, 288)"
118,method length,"('/home/toffer/Repos/flask-tags/flask-2.0.1/src/flask/views.py', 71, 102)"
119,method length,"('/home/toffer/Repos/flask-tags/flask-2.0.1/src/flask/json/tag.py', 258, 284)"
120,method length,"('/home/toffer/Repos/flask-tags/flask-2.0.1/src/flask/json/__init__.py', 109, 141)"
121,method length,"('/home/toffer/Repos/flask-tags/flask-2.0.1/src/flask/json/__init__.py', 146, 180)"
122,method length,"('/home/toffer/Repos/flask-tags/flask-2.0.1/src/flask/json/__init__.py', 183, 216)"
123,method length,"('/home/toffer/Repos/flask-tags/flask-2.0.1/src/flask/json/__init__.py', 219, 249)"
124,method length,"('/home/toffer/Repos/flask-tags/flask-2.0.1/src/flask/json/__init__.py', 284, 350)"
125,file length,"('/home/toffer/Repos/flask-tags/flask-2.0.1/tests/test_cli.py', -1, -1)"
126,file length,"('/home/toffer/Repos/flask-tags/flask-2.0.1/tests/test_basic.py', -1, -1)"
127,file length,"('/home/toffer/Repos/flask-tags/flask-2.0.1/tests/test_testing.py', -1, -1)"
128,file length,"('/home/toffer/Repos/flask-tags/flask-2.0.1/tests/test_blueprints.py', -1, -1)"
129,file length,"('/home/toffer/Repos/flask-tags/flask-2.0.1/tests/test_templating.py', -1, -1)"
130,file length,"('/home/toffer/Repos/flask-tags/flask-2.0.1/tests/test_json.py', -1, -1)"
131,file length,"('/home/toffer/Repos/flask-tags/flask-2.0.1/src/flask/scaffold.py', -1, -1)"
132,file length,"('/home/toffer/Repos/flask-tags/flask-2.0.1/src/flask/blueprints.py', -1, -1)"
133,file length,"('/home/toffer/Repos/flask-tags/flask-2.0.1/src/flask/sessions.py', -1, -1)"
134,file length,"('/home/toffer/Repos/flask-tags/flask-2.0.1/src/flask/ctx.py', -1, -1)"
135,file length,"('/home/toffer/Repos/flask-tags/flask-2.0.1/src/flask/helpers.py', -1, -1)"
136,file length,"('/home/toffer/Repos/flask-tags/flask-2.0.1/src/flask/app.py', -1, -1)"
137,file length,"('/home/toffer/Repos/flask-tags/flask-2.0.1/src/flask/cli.py', -1, -1)"
138,file length,"('/home/toffer/Repos/flask-tags/flask-2.0.1/src/flask/json/__init__.py', -1, -1)"
139,argument count,"('/home/toffer/Repos/flask-tags/flask-2.0.1/docs/conf.py', 69, 69)"
140,argument count,"('/home/toffer/Repos/flask-tags/flask-2.0.1/tests/test_helpers.py', 265, 267)"
141,argument count,"('/home/toffer/Repos/flask-tags/flask-2.0.1/tests/test_helpers.py', 284, 284)"
142,argument count,"('/home/toffer/Repos/flask-tags/flask-2.0.1/tests/test_basic.py', 1568, 1570)"
143,argument count,"('/home/toffer/Repos/flask-tags/flask-2.0.1/tests/test_basic.py', 1952, 1952)"
144,argument count,"('/home/toffer/Repos/flask-tags/flask-2.0.1/tests/test_basic.py', 1973, 1975)"
145,argument count,"('/home/toffer/Repos/flask-tags/flask-2.0.1/tests/test_instance_config.py', 62, 64)"
146,argument count,"('/home/toffer/Repos/flask-tags/flask-2.0.1/tests/test_instance_config.py', 75, 77)"
147,argument count,"('/home/toffer/Repos/flask-tags/flask-2.0.1/tests/test_instance_config.py', 93, 95)"
148,argument count,"('/home/toffer/Repos/flask-tags/flask-2.0.1/tests/test_blueprints.py', 120, 120)"
149,argument count,"('/home/toffer/Repos/flask-tags/flask-2.0.1/tests/test_blueprints.py', 849, 856)"
150,argument count,"('/home/toffer/Repos/flask-tags/flask-2.0.1/src/flask/scaffold.py', 91, 98)"
151,argument count,"('/home/toffer/Repos/flask-tags/flask-2.0.1/src/flask/scaffold.py', 441, 448)"
152,argument count,"('/home/toffer/Repos/flask-tags/flask-2.0.1/src/flask/blueprints.py', 32, 38)"
153,argument count,"('/home/toffer/Repos/flask-tags/flask-2.0.1/src/flask/blueprints.py', 78, 84)"
154,argument count,"('/home/toffer/Repos/flask-tags/flask-2.0.1/src/flask/blueprints.py', 173, 185)"
155,argument count,"('/home/toffer/Repos/flask-tags/flask-2.0.1/src/flask/blueprints.py', 399, 406)"
156,argument count,"('/home/toffer/Repos/flask-tags/flask-2.0.1/src/flask/ctx.py', 296, 302)"
157,argument count,"('/home/toffer/Repos/flask-tags/flask-2.0.1/src/flask/helpers.py', 442, 452)"
158,argument count,"('/home/toffer/Repos/flask-tags/flask-2.0.1/src/flask/helpers.py', 496, 510)"
159,argument count,"('/home/toffer/Repos/flask-tags/flask-2.0.1/src/flask/app.py', 387, 399)"
160,argument count,"('/home/toffer/Repos/flask-tags/flask-2.0.1/src/flask/app.py', 807, 814)"
161,argument count,"('/home/toffer/Repos/flask-tags/flask-2.0.1/src/flask/app.py', 1040, 1047)"
162,argument count,"('/home/toffer/Repos/flask-tags/flask-2.0.1/src/flask/cli.py', 499, 507)"
163,argument count,"('/home/toffer/Repos/flask-tags/flask-2.0.1/src/flask/cli.py', 825, 827)"
164,argument count,"('/home/toffer/Repos/flask-tags/flask-2.0.1/src/flask/testing.py', 44, 53)"
165,argument count,"('/home/toffer/Repos/flask-tags/flask-2.0.1/src/flask/testing.py', 174, 181)"
166,argument count,"('/home/toffer/Repos/flask-tags/flask-2.0.1/src/flask/testing.py', 257, 259)"
167,method count,"('/home/toffer/Repos/flask-tags/flask-2.0.1/tests/test_appctx.py', 6, 200)"
168,method count,"('/home/toffer/Repos/flask-tags/flask-2.0.1/tests/test_helpers.py', 18, 312)"
169,method count,"('/home/toffer/Repos/flask-tags/flask-2.0.1/tests/test_cli.py', 38, 660)"
170,method count,"('/home/toffer/Repos/flask-tags/flask-2.0.1/tests/test_basic.py', 28, 2027)"
171,method count,"('/home/toffer/Repos/flask-tags/flask-2.0.1/tests/test_signals.py', 15, 185)"
172,method count,"('/home/toffer/Repos/flask-tags/flask-2.0.1/tests/test_views.py', 7, 232)"
173,method count,"('/home/toffer/Repos/flask-tags/flask-2.0.1/tests/test_reqctx.py', 13, 316)"
174,method count,"('/home/toffer/Repos/flask-tags/flask-2.0.1/tests/test_testing.py', 18, 415)"
175,method count,"('/home/toffer/Repos/flask-tags/flask-2.0.1/tests/test_blueprints.py', 8, 903)"
176,method count,"('/home/toffer/Repos/flask-tags/flask-2.0.1/tests/test_templating.py', 10, 442)"
177,method count,"('/home/toffer/Repos/flask-tags/flask-2.0.1/tests/test_user_error_handler.py', 10, 283)"
178,method count,"('/home/toffer/Repos/flask-tags/flask-2.0.1/tests/test_json.py', 13, 398)"
179,method count,"('/home/toffer/Repos/flask-tags/flask-2.0.1/src/flask/scaffold.py', 39, 863)"
180,method count,"('/home/toffer/Repos/flask-tags/flask-2.0.1/src/flask/blueprints.py', 32, 602)"
181,method count,"('/home/toffer/Repos/flask-tags/flask-2.0.1/src/flask/sessions.py', 24, 403)"
182,method count,"('/home/toffer/Repos/flask-tags/flask-2.0.1/src/flask/ctx.py', 47, 479)"
183,method count,"('/home/toffer/Repos/flask-tags/flask-2.0.1/src/flask/helpers.py', 29, 835)"
184,method count,"('/home/toffer/Repos/flask-tags/flask-2.0.1/src/flask/app.py', 85, 2087)"
185,method count,"('/home/toffer/Repos/flask-tags/flask-2.0.1/src/flask/cli.py', 37, 989)"
186,method count,"('/home/toffer/Repos/flask-tags/flask-2.0.1/src/flask/json/tag.py', 66, 311)"
187,Return Statements,"('/home/toffer/Repos/flask-tags/flask-2.0.1/tests/test_async.py', 22, 56)"
188,Return Statements,"('/home/toffer/Repos/flask-tags/flask-2.0.1/tests/test_cli.py', 49, 148)"
189,Return Statements,"('/home/toffer/Repos/flask-tags/flask-2.0.1/tests/test_basic.py', 542, 594)"
190,Return Statements,"('/home/toffer/Repos/flask-tags/flask-2.0.1/tests/test_basic.py', 606, 684)"
191,Return Statements,"('/home/toffer/Repos/flask-tags/flask-2.0.1/tests/test_basic.py', 1131, 1214)"
192,Return Statements,"('/home/toffer/Repos/flask-tags/flask-2.0.1/tests/test_reqctx.py', 223, 272)"
193,Return Statements,"('/home/toffer/Repos/flask-tags/flask-2.0.1/tests/test_blueprints.py', 290, 319)"
194,Return Statements,"('/home/toffer/Repos/flask-tags/flask-2.0.1/tests/test_blueprints.py', 791, 837)"
195,Return Statements,"('/home/toffer/Repos/flask-tags/flask-2.0.1/tests/test_user_error_handler.py', 157, 208)"
196,Return Statements,"('/home/toffer/Repos/flask-tags/flask-2.0.1/tests/test_json.py', 217, 250)"
197,Return Statements,"('/home/toffer/Repos/flask-tags/flask-2.0.1/tests/test_json.py', 253, 293)"
198,Return Statements,"('/home/toffer/Repos/flask-tags/flask-2.0.1/src/flask/scaffold.py', 773, 822)"
199,Return Statements,"('/home/toffer/Repos/flask-tags/flask-2.0.1/src/flask/scaffold.py', 825, 864)"
200,Return Statements,"('/home/toffer/Repos/flask-tags/flask-2.0.1/src/flask/json/__init__.py', 42, 56)"
201,nested controlflow,"('/home/toffer/Repos/flask-tags/flask-2.0.1/src/flask/app.py', 1276, 1287)"
202,nested controlflow,"('/home/toffer/Repos/flask-tags/flask-2.0.1/src/flask/cli.py', 396, 409)"
203,breaks in linear flow,"('/home/toffer/Repos/flask-tags/flask-2.0.1/docs/conf.py', 74, 74)"
204,breaks in linear flow,"('/home/toffer/Repos/flask-tags/flask-2.0.1/docs/conf.py', 80, 80)"
205,breaks in linear flow,"('/home/toffer/Repos/flask-tags/flask-2.0.1/docs/conf.py', 85, 85)"
206,breaks in linear flow,"('/home/toffer/Repos/flask-tags/flask-2.0.1/tests/test_appctx.py', 64, 64)"
207,breaks in linear flow,"('/home/toffer/Repos/flask-tags/flask-2.0.1/tests/test_appctx.py', 83, 83)"
208,breaks in linear flow,"('/home/toffer/Repos/flask-tags/flask-2.0.1/tests/test_appctx.py', 206, 206)"
209,breaks in linear flow,"('/home/toffer/Repos/flask-tags/flask-2.0.1/tests/test_helpers.py', 144, 144)"
210,breaks in linear flow,"('/home/toffer/Repos/flask-tags/flask-2.0.1/tests/test_helpers.py', 176, 176)"
211,breaks in linear flow,"('/home/toffer/Repos/flask-tags/flask-2.0.1/tests/test_helpers.py', 269, 269)"
212,breaks in linear flow,"('/home/toffer/Repos/flask-tags/flask-2.0.1/tests/conftest.py', 28, 28)"
213,breaks in linear flow,"('/home/toffer/Repos/flask-tags/flask-2.0.1/tests/conftest.py', 29, 29)"
214,breaks in linear flow,"('/home/toffer/Repos/flask-tags/flask-2.0.1/tests/conftest.py', 83, 83)"
215,breaks in linear flow,"('/home/toffer/Repos/flask-tags/flask-2.0.1/tests/conftest.py', 94, 94)"
216,breaks in linear flow,"('/home/toffer/Repos/flask-tags/flask-2.0.1/tests/conftest.py', 110, 110)"
217,breaks in linear flow,"('/home/toffer/Repos/flask-tags/flask-2.0.1/tests/conftest.py', 118, 118)"
218,breaks in linear flow,"('/home/toffer/Repos/flask-tags/flask-2.0.1/tests/test_cli.py', 456, 456)"
219,breaks in linear flow,"('/home/toffer/Repos/flask-tags/flask-2.0.1/tests/test_cli.py', 500, 500)"
220,breaks in linear flow,"('/home/toffer/Repos/flask-tags/flask-2.0.1/tests/test_cli.py', 523, 523)"
221,breaks in linear flow,"('/home/toffer/Repos/flask-tags/flask-2.0.1/tests/test_cli.py', 658, 658)"
222,breaks in linear flow,"('/home/toffer/Repos/flask-tags/flask-2.0.1/tests/test_basic.py', 581, 581)"
223,breaks in linear flow,"('/home/toffer/Repos/flask-tags/flask-2.0.1/tests/test_basic.py', 803, 803)"
224,breaks in linear flow,"('/home/toffer/Repos/flask-tags/flask-2.0.1/tests/test_basic.py', 815, 815)"
225,breaks in linear flow,"('/home/toffer/Repos/flask-tags/flask-2.0.1/tests/test_basic.py', 1089, 1089)"
226,breaks in linear flow,"('/home/toffer/Repos/flask-tags/flask-2.0.1/tests/test_basic.py', 1094, 1094)"
227,breaks in linear flow,"('/home/toffer/Repos/flask-tags/flask-2.0.1/tests/test_basic.py', 1106, 1106)"
228,breaks in linear flow,"('/home/toffer/Repos/flask-tags/flask-2.0.1/tests/test_basic.py', 1363, 1363)"
229,breaks in linear flow,"('/home/toffer/Repos/flask-tags/flask-2.0.1/tests/test_basic.py', 1367, 1367)"
230,breaks in linear flow,"('/home/toffer/Repos/flask-tags/flask-2.0.1/tests/test_basic.py', 1523, 1523)"
231,breaks in linear flow,"('/home/toffer/Repos/flask-tags/flask-2.0.1/tests/test_basic.py', 1547, 1547)"
232,breaks in linear flow,"('/home/toffer/Repos/flask-tags/flask-2.0.1/tests/test_basic.py', 1558, 1558)"
233,breaks in linear flow,"('/home/toffer/Repos/flask-tags/flask-2.0.1/tests/test_basic.py', 1606, 1606)"
234,breaks in linear flow,"('/home/toffer/Repos/flask-tags/flask-2.0.1/tests/test_basic.py', 1781, 1781)"
235,breaks in linear flow,"('/home/toffer/Repos/flask-tags/flask-2.0.1/tests/test_signals.py', 5, 5)"
236,breaks in linear flow,"('/home/toffer/Repos/flask-tags/flask-2.0.1/tests/test_reqctx.py', 9, 9)"
237,breaks in linear flow,"('/home/toffer/Repos/flask-tags/flask-2.0.1/tests/test_reqctx.py', 36, 36)"
238,breaks in linear flow,"('/home/toffer/Repos/flask-tags/flask-2.0.1/tests/test_reqctx.py', 55, 55)"
239,breaks in linear flow,"('/home/toffer/Repos/flask-tags/flask-2.0.1/tests/test_reqctx.py', 229, 229)"
240,breaks in linear flow,"('/home/toffer/Repos/flask-tags/flask-2.0.1/tests/test_logging.py', 32, 32)"
241,breaks in linear flow,"('/home/toffer/Repos/flask-tags/flask-2.0.1/tests/test_instance_config.py', 120, 120)"
242,breaks in linear flow,"('/home/toffer/Repos/flask-tags/flask-2.0.1/tests/test_testing.py', 14, 14)"
243,breaks in linear flow,"('/home/toffer/Repos/flask-tags/flask-2.0.1/tests/test_testing.py', 146, 146)"
244,breaks in linear flow,"('/home/toffer/Repos/flask-tags/flask-2.0.1/tests/test_testing.py', 241, 241)"
245,breaks in linear flow,"('/home/toffer/Repos/flask-tags/flask-2.0.1/tests/test_blueprints.py', 198, 198)"
246,breaks in linear flow,"('/home/toffer/Repos/flask-tags/flask-2.0.1/tests/test_blueprints.py', 236, 236)"
247,breaks in linear flow,"('/home/toffer/Repos/flask-tags/flask-2.0.1/tests/test_user_error_handler.py', 32, 32)"
248,breaks in linear flow,"('/home/toffer/Repos/flask-tags/flask-2.0.1/tests/test_user_error_handler.py', 241, 241)"
249,breaks in linear flow,"('/home/toffer/Repos/flask-tags/flask-2.0.1/tests/test_json.py', 98, 98)"
250,breaks in linear flow,"('/home/toffer/Repos/flask-tags/flask-2.0.1/tests/test_json.py', 126, 126)"
251,breaks in linear flow,"('/home/toffer/Repos/flask-tags/flask-2.0.1/tests/test_json.py', 224, 224)"
252,breaks in linear flow,"('/home/toffer/Repos/flask-tags/flask-2.0.1/tests/test_json.py', 234, 234)"
253,breaks in linear flow,"('/home/toffer/Repos/flask-tags/flask-2.0.1/tests/test_json.py', 262, 262)"
254,breaks in linear flow,"('/home/toffer/Repos/flask-tags/flask-2.0.1/tests/test_json.py', 273, 273)"
255,breaks in linear flow,"('/home/toffer/Repos/flask-tags/flask-2.0.1/tests/test_json.py', 302, 302)"
256,breaks in linear flow,"('/home/toffer/Repos/flask-tags/flask-2.0.1/tests/test_json.py', 392, 392)"
257,breaks in linear flow,"('/home/toffer/Repos/flask-tags/flask-2.0.1/examples/tutorial/flaskr/__init__.py', 16, 16)"
258,breaks in linear flow,"('/home/toffer/Repos/flask-tags/flask-2.0.1/examples/tutorial/flaskr/__init__.py', 26, 26)"
259,breaks in linear flow,"('/home/toffer/Repos/flask-tags/flask-2.0.1/examples/tutorial/flaskr/auth.py', 24, 24)"
260,breaks in linear flow,"('/home/toffer/Repos/flask-tags/flask-2.0.1/examples/tutorial/flaskr/auth.py', 38, 38)"
261,breaks in linear flow,"('/home/toffer/Repos/flask-tags/flask-2.0.1/examples/tutorial/flaskr/auth.py', 53, 53)"
262,breaks in linear flow,"('/home/toffer/Repos/flask-tags/flask-2.0.1/examples/tutorial/flaskr/auth.py', 59, 59)"
263,breaks in linear flow,"('/home/toffer/Repos/flask-tags/flask-2.0.1/examples/tutorial/flaskr/auth.py', 69, 69)"
264,breaks in linear flow,"('/home/toffer/Repos/flask-tags/flask-2.0.1/examples/tutorial/flaskr/auth.py', 87, 87)"
265,breaks in linear flow,"('/home/toffer/Repos/flask-tags/flask-2.0.1/examples/tutorial/flaskr/auth.py', 96, 96)"
266,breaks in linear flow,"('/home/toffer/Repos/flask-tags/flask-2.0.1/examples/tutorial/flaskr/auth.py', 101, 101)"
267,breaks in linear flow,"('/home/toffer/Repos/flask-tags/flask-2.0.1/examples/tutorial/flaskr/blog.py', 51, 51)"
268,breaks in linear flow,"('/home/toffer/Repos/flask-tags/flask-2.0.1/examples/tutorial/flaskr/blog.py', 54, 54)"
269,breaks in linear flow,"('/home/toffer/Repos/flask-tags/flask-2.0.1/examples/tutorial/flaskr/blog.py', 64, 64)"
270,breaks in linear flow,"('/home/toffer/Repos/flask-tags/flask-2.0.1/examples/tutorial/flaskr/blog.py', 69, 69)"
271,breaks in linear flow,"('/home/toffer/Repos/flask-tags/flask-2.0.1/examples/tutorial/flaskr/blog.py', 72, 72)"
272,breaks in linear flow,"('/home/toffer/Repos/flask-tags/flask-2.0.1/examples/tutorial/flaskr/blog.py', 92, 92)"
273,breaks in linear flow,"('/home/toffer/Repos/flask-tags/flask-2.0.1/examples/tutorial/flaskr/blog.py', 97, 97)"
274,breaks in linear flow,"('/home/toffer/Repos/flask-tags/flask-2.0.1/examples/tutorial/flaskr/blog.py', 100, 100)"
275,breaks in linear flow,"('/home/toffer/Repos/flask-tags/flask-2.0.1/examples/tutorial/flaskr/db.py', 14, 14)"
276,breaks in linear flow,"('/home/toffer/Repos/flask-tags/flask-2.0.1/examples/tutorial/flaskr/db.py', 29, 29)"
277,breaks in linear flow,"('/home/toffer/Repos/flask-tags/flask-2.0.1/src/flask/scaffold.py', 30, 30)"
278,breaks in linear flow,"('/home/toffer/Repos/flask-tags/flask-2.0.1/src/flask/scaffold.py', 45, 45)"
279,breaks in linear flow,"('/home/toffer/Repos/flask-tags/flask-2.0.1/src/flask/scaffold.py', 111, 111)"
280,breaks in linear flow,"('/home/toffer/Repos/flask-tags/flask-2.0.1/src/flask/scaffold.py', 250, 250)"
281,breaks in linear flow,"('/home/toffer/Repos/flask-tags/flask-2.0.1/src/flask/scaffold.py', 257, 257)"
282,breaks in linear flow,"('/home/toffer/Repos/flask-tags/flask-2.0.1/src/flask/scaffold.py', 277, 277)"
283,breaks in linear flow,"('/home/toffer/Repos/flask-tags/flask-2.0.1/src/flask/scaffold.py', 280, 280)"
284,breaks in linear flow,"('/home/toffer/Repos/flask-tags/flask-2.0.1/src/flask/scaffold.py', 288, 288)"
285,breaks in linear flow,"('/home/toffer/Repos/flask-tags/flask-2.0.1/src/flask/scaffold.py', 309, 309)"
286,breaks in linear flow,"('/home/toffer/Repos/flask-tags/flask-2.0.1/src/flask/scaffold.py', 322, 322)"
287,breaks in linear flow,"('/home/toffer/Repos/flask-tags/flask-2.0.1/src/flask/scaffold.py', 340, 340)"
288,breaks in linear flow,"('/home/toffer/Repos/flask-tags/flask-2.0.1/src/flask/scaffold.py', 363, 363)"
289,breaks in linear flow,"('/home/toffer/Repos/flask-tags/flask-2.0.1/src/flask/scaffold.py', 369, 369)"
290,breaks in linear flow,"('/home/toffer/Repos/flask-tags/flask-2.0.1/src/flask/scaffold.py', 695, 695)"
291,breaks in linear flow,"('/home/toffer/Repos/flask-tags/flask-2.0.1/src/flask/scaffold.py', 704, 704)"
292,breaks in linear flow,"('/home/toffer/Repos/flask-tags/flask-2.0.1/src/flask/scaffold.py', 725, 725)"
293,breaks in linear flow,"('/home/toffer/Repos/flask-tags/flask-2.0.1/src/flask/scaffold.py', 734, 734)"
294,breaks in linear flow,"('/home/toffer/Repos/flask-tags/flask-2.0.1/src/flask/scaffold.py', 755, 755)"
295,breaks in linear flow,"('/home/toffer/Repos/flask-tags/flask-2.0.1/src/flask/scaffold.py', 762, 762)"
296,breaks in linear flow,"('/home/toffer/Repos/flask-tags/flask-2.0.1/src/flask/scaffold.py', 778, 778)"
297,breaks in linear flow,"('/home/toffer/Repos/flask-tags/flask-2.0.1/src/flask/scaffold.py', 785, 785)"
298,breaks in linear flow,"('/home/toffer/Repos/flask-tags/flask-2.0.1/src/flask/scaffold.py', 789, 789)"
299,breaks in linear flow,"('/home/toffer/Repos/flask-tags/flask-2.0.1/src/flask/scaffold.py', 801, 801)"
300,breaks in linear flow,"('/home/toffer/Repos/flask-tags/flask-2.0.1/src/flask/scaffold.py', 805, 805)"
301,breaks in linear flow,"('/home/toffer/Repos/flask-tags/flask-2.0.1/src/flask/scaffold.py', 819, 819)"
302,breaks in linear flow,"('/home/toffer/Repos/flask-tags/flask-2.0.1/src/flask/scaffold.py', 843, 843)"
303,breaks in linear flow,"('/home/toffer/Repos/flask-tags/flask-2.0.1/src/flask/scaffold.py', 849, 849)"
304,breaks in linear flow,"('/home/toffer/Repos/flask-tags/flask-2.0.1/src/flask/scaffold.py', 853, 853)"
305,breaks in linear flow,"('/home/toffer/Repos/flask-tags/flask-2.0.1/src/flask/scaffold.py', 857, 857)"
306,breaks in linear flow,"('/home/toffer/Repos/flask-tags/flask-2.0.1/src/flask/blueprints.py', 19, 19)"
307,breaks in linear flow,"('/home/toffer/Repos/flask-tags/flask-2.0.1/src/flask/blueprints.py', 56, 56)"
308,breaks in linear flow,"('/home/toffer/Repos/flask-tags/flask-2.0.1/src/flask/blueprints.py', 64, 64)"
309,breaks in linear flow,"('/home/toffer/Repos/flask-tags/flask-2.0.1/src/flask/blueprints.py', 89, 89)"
310,breaks in linear flow,"('/home/toffer/Repos/flask-tags/flask-2.0.1/src/flask/blueprints.py', 90, 90)"
311,breaks in linear flow,"('/home/toffer/Repos/flask-tags/flask-2.0.1/src/flask/blueprints.py', 95, 95)"
312,breaks in linear flow,"('/home/toffer/Repos/flask-tags/flask-2.0.1/src/flask/blueprints.py', 98, 98)"
313,breaks in linear flow,"('/home/toffer/Repos/flask-tags/flask-2.0.1/src/flask/blueprints.py', 194, 194)"
314,breaks in linear flow,"('/home/toffer/Repos/flask-tags/flask-2.0.1/src/flask/blueprints.py', 202, 202)"
315,breaks in linear flow,"('/home/toffer/Repos/flask-tags/flask-2.0.1/src/flask/blueprints.py', 218, 218)"
316,breaks in linear flow,"('/home/toffer/Repos/flask-tags/flask-2.0.1/src/flask/blueprints.py', 238, 238)"
317,breaks in linear flow,"('/home/toffer/Repos/flask-tags/flask-2.0.1/src/flask/blueprints.py', 265, 265)"
318,breaks in linear flow,"('/home/toffer/Repos/flask-tags/flask-2.0.1/src/flask/blueprints.py', 300, 300)"
319,breaks in linear flow,"('/home/toffer/Repos/flask-tags/flask-2.0.1/src/flask/blueprints.py', 303, 303)"
320,breaks in linear flow,"('/home/toffer/Repos/flask-tags/flask-2.0.1/src/flask/blueprints.py', 324, 324)"
321,breaks in linear flow,"('/home/toffer/Repos/flask-tags/flask-2.0.1/src/flask/blueprints.py', 332, 332)"
322,breaks in linear flow,"('/home/toffer/Repos/flask-tags/flask-2.0.1/src/flask/blueprints.py', 335, 335)"
323,breaks in linear flow,"('/home/toffer/Repos/flask-tags/flask-2.0.1/src/flask/blueprints.py', 339, 339)"
324,breaks in linear flow,"('/home/toffer/Repos/flask-tags/flask-2.0.1/src/flask/blueprints.py', 352, 352)"
325,breaks in linear flow,"('/home/toffer/Repos/flask-tags/flask-2.0.1/src/flask/blueprints.py', 365, 365)"
326,breaks in linear flow,"('/home/toffer/Repos/flask-tags/flask-2.0.1/src/flask/blueprints.py', 370, 370)"
327,breaks in linear flow,"('/home/toffer/Repos/flask-tags/flask-2.0.1/src/flask/blueprints.py', 371, 371)"
328,breaks in linear flow,"('/home/toffer/Repos/flask-tags/flask-2.0.1/src/flask/blueprints.py', 380, 380)"
329,breaks in linear flow,"('/home/toffer/Repos/flask-tags/flask-2.0.1/src/flask/blueprints.py', 384, 384)"
330,breaks in linear flow,"('/home/toffer/Repos/flask-tags/flask-2.0.1/src/flask/blueprints.py', 387, 387)"
331,breaks in linear flow,"('/home/toffer/Repos/flask-tags/flask-2.0.1/src/flask/blueprints.py', 410, 410)"
332,breaks in linear flow,"('/home/toffer/Repos/flask-tags/flask-2.0.1/src/flask/blueprints.py', 413, 413)"
333,breaks in linear flow,"('/home/toffer/Repos/flask-tags/flask-2.0.1/src/flask/globals.py', 7, 7)"
334,breaks in linear flow,"('/home/toffer/Repos/flask-tags/flask-2.0.1/src/flask/globals.py', 32, 32)"
335,breaks in linear flow,"('/home/toffer/Repos/flask-tags/flask-2.0.1/src/flask/globals.py', 39, 39)"
336,breaks in linear flow,"('/home/toffer/Repos/flask-tags/flask-2.0.1/src/flask/globals.py', 46, 46)"
337,breaks in linear flow,"('/home/toffer/Repos/flask-tags/flask-2.0.1/src/flask/typing.py', 4, 4)"
338,breaks in linear flow,"('/home/toffer/Repos/flask-tags/flask-2.0.1/src/flask/sessions.py', 14, 14)"
339,breaks in linear flow,"('/home/toffer/Repos/flask-tags/flask-2.0.1/src/flask/sessions.py', 192, 192)"
340,breaks in linear flow,"('/home/toffer/Repos/flask-tags/flask-2.0.1/src/flask/sessions.py', 198, 198)"
341,breaks in linear flow,"('/home/toffer/Repos/flask-tags/flask-2.0.1/src/flask/sessions.py', 206, 206)"
342,breaks in linear flow,"('/home/toffer/Repos/flask-tags/flask-2.0.1/src/flask/sessions.py', 220, 220)"
343,breaks in linear flow,"('/home/toffer/Repos/flask-tags/flask-2.0.1/src/flask/sessions.py', 230, 230)"
344,breaks in linear flow,"('/home/toffer/Repos/flask-tags/flask-2.0.1/src/flask/sessions.py', 272, 272)"
345,breaks in linear flow,"('/home/toffer/Repos/flask-tags/flask-2.0.1/src/flask/sessions.py', 338, 338)"
346,breaks in linear flow,"('/home/toffer/Repos/flask-tags/flask-2.0.1/src/flask/sessions.py', 354, 354)"
347,breaks in linear flow,"('/home/toffer/Repos/flask-tags/flask-2.0.1/src/flask/sessions.py', 357, 357)"
348,breaks in linear flow,"('/home/toffer/Repos/flask-tags/flask-2.0.1/src/flask/sessions.py', 363, 363)"
349,breaks in linear flow,"('/home/toffer/Repos/flask-tags/flask-2.0.1/src/flask/sessions.py', 377, 377)"
350,breaks in linear flow,"('/home/toffer/Repos/flask-tags/flask-2.0.1/src/flask/sessions.py', 378, 378)"
351,breaks in linear flow,"('/home/toffer/Repos/flask-tags/flask-2.0.1/src/flask/sessions.py', 386, 386)"
352,breaks in linear flow,"('/home/toffer/Repos/flask-tags/flask-2.0.1/src/flask/sessions.py', 389, 389)"
353,breaks in linear flow,"('/home/toffer/Repos/flask-tags/flask-2.0.1/src/flask/templating.py', 13, 13)"
354,breaks in linear flow,"('/home/toffer/Repos/flask-tags/flask-2.0.1/src/flask/templating.py', 25, 25)"
355,breaks in linear flow,"('/home/toffer/Repos/flask-tags/flask-2.0.1/src/flask/templating.py', 27, 27)"
356,breaks in linear flow,"('/home/toffer/Repos/flask-tags/flask-2.0.1/src/flask/templating.py', 40, 40)"
357,breaks in linear flow,"('/home/toffer/Repos/flask-tags/flask-2.0.1/src/flask/templating.py', 57, 57)"
358,breaks in linear flow,"('/home/toffer/Repos/flask-tags/flask-2.0.1/src/flask/templating.py', 70, 70)"
359,breaks in linear flow,"('/home/toffer/Repos/flask-tags/flask-2.0.1/src/flask/templating.py', 73, 73)"
360,breaks in linear flow,"('/home/toffer/Repos/flask-tags/flask-2.0.1/src/flask/templating.py', 75, 75)"
361,breaks in linear flow,"('/home/toffer/Repos/flask-tags/flask-2.0.1/src/flask/templating.py', 83, 83)"
362,breaks in linear flow,"('/home/toffer/Repos/flask-tags/flask-2.0.1/src/flask/templating.py', 90, 90)"
363,breaks in linear flow,"('/home/toffer/Repos/flask-tags/flask-2.0.1/src/flask/templating.py', 93, 93)"
364,breaks in linear flow,"('/home/toffer/Repos/flask-tags/flask-2.0.1/src/flask/templating.py', 94, 94)"
365,breaks in linear flow,"('/home/toffer/Repos/flask-tags/flask-2.0.1/src/flask/templating.py', 101, 101)"
366,breaks in linear flow,"('/home/toffer/Repos/flask-tags/flask-2.0.1/src/flask/templating.py', 104, 104)"
367,breaks in linear flow,"('/home/toffer/Repos/flask-tags/flask-2.0.1/src/flask/templating.py', 106, 106)"
368,breaks in linear flow,"('/home/toffer/Repos/flask-tags/flask-2.0.1/src/flask/templating.py', 112, 112)"
369,breaks in linear flow,"('/home/toffer/Repos/flask-tags/flask-2.0.1/src/flask/templating.py', 115, 115)"
370,breaks in linear flow,"('/home/toffer/Repos/flask-tags/flask-2.0.1/src/flask/templating.py', 117, 117)"
371,breaks in linear flow,"('/home/toffer/Repos/flask-tags/flask-2.0.1/src/flask/templating.py', 118, 118)"
372,breaks in linear flow,"('/home/toffer/Repos/flask-tags/flask-2.0.1/src/flask/ctx.py', 14, 14)"
373,breaks in linear flow,"('/home/toffer/Repos/flask-tags/flask-2.0.1/src/flask/ctx.py', 50, 50)"
374,breaks in linear flow,"('/home/toffer/Repos/flask-tags/flask-2.0.1/src/flask/ctx.py', 59, 59)"
375,breaks in linear flow,"('/home/toffer/Repos/flask-tags/flask-2.0.1/src/flask/ctx.py', 82, 82)"
376,breaks in linear flow,"('/home/toffer/Repos/flask-tags/flask-2.0.1/src/flask/ctx.py', 107, 107)"
377,breaks in linear flow,"('/home/toffer/Repos/flask-tags/flask-2.0.1/src/flask/ctx.py', 162, 162)"
378,breaks in linear flow,"('/home/toffer/Repos/flask-tags/flask-2.0.1/src/flask/ctx.py', 247, 247)"
379,breaks in linear flow,"('/home/toffer/Repos/flask-tags/flask-2.0.1/src/flask/ctx.py', 248, 248)"
380,breaks in linear flow,"('/home/toffer/Repos/flask-tags/flask-2.0.1/src/flask/ctx.py', 304, 304)"
381,breaks in linear flow,"('/home/toffer/Repos/flask-tags/flask-2.0.1/src/flask/ctx.py', 310, 310)"
382,breaks in linear flow,"('/home/toffer/Repos/flask-tags/flask-2.0.1/src/flask/ctx.py', 369, 369)"
383,breaks in linear flow,"('/home/toffer/Repos/flask-tags/flask-2.0.1/src/flask/ctx.py', 383, 383)"
384,breaks in linear flow,"('/home/toffer/Repos/flask-tags/flask-2.0.1/src/flask/ctx.py', 389, 389)"
385,breaks in linear flow,"('/home/toffer/Repos/flask-tags/flask-2.0.1/src/flask/ctx.py', 402, 402)"
386,breaks in linear flow,"('/home/toffer/Repos/flask-tags/flask-2.0.1/src/flask/ctx.py', 406, 406)"
387,breaks in linear flow,"('/home/toffer/Repos/flask-tags/flask-2.0.1/src/flask/ctx.py', 411, 411)"
388,breaks in linear flow,"('/home/toffer/Repos/flask-tags/flask-2.0.1/src/flask/ctx.py', 426, 426)"
389,breaks in linear flow,"('/home/toffer/Repos/flask-tags/flask-2.0.1/src/flask/ctx.py', 429, 429)"
390,breaks in linear flow,"('/home/toffer/Repos/flask-tags/flask-2.0.1/src/flask/ctx.py', 434, 434)"
391,breaks in linear flow,"('/home/toffer/Repos/flask-tags/flask-2.0.1/src/flask/ctx.py', 442, 442)"
392,breaks in linear flow,"('/home/toffer/Repos/flask-tags/flask-2.0.1/src/flask/ctx.py', 446, 446)"
393,breaks in linear flow,"('/home/toffer/Repos/flask-tags/flask-2.0.1/src/flask/ctx.py', 454, 454)"
394,breaks in linear flow,"('/home/toffer/Repos/flask-tags/flask-2.0.1/src/flask/helpers.py', 25, 25)"
395,breaks in linear flow,"('/home/toffer/Repos/flask-tags/flask-2.0.1/src/flask/helpers.py', 45, 45)"
396,breaks in linear flow,"('/home/toffer/Repos/flask-tags/flask-2.0.1/src/flask/helpers.py', 60, 60)"
397,breaks in linear flow,"('/home/toffer/Repos/flask-tags/flask-2.0.1/src/flask/helpers.py', 106, 106)"
398,breaks in linear flow,"('/home/toffer/Repos/flask-tags/flask-2.0.1/src/flask/helpers.py', 116, 116)"
399,breaks in linear flow,"('/home/toffer/Repos/flask-tags/flask-2.0.1/src/flask/helpers.py', 133, 133)"
400,breaks in linear flow,"('/home/toffer/Repos/flask-tags/flask-2.0.1/src/flask/helpers.py', 187, 187)"
401,breaks in linear flow,"('/home/toffer/Repos/flask-tags/flask-2.0.1/src/flask/helpers.py', 189, 189)"
402,breaks in linear flow,"('/home/toffer/Repos/flask-tags/flask-2.0.1/src/flask/helpers.py', 273, 273)"
403,breaks in linear flow,"('/home/toffer/Repos/flask-tags/flask-2.0.1/src/flask/helpers.py', 282, 282)"
404,breaks in linear flow,"('/home/toffer/Repos/flask-tags/flask-2.0.1/src/flask/helpers.py', 286, 286)"
405,breaks in linear flow,"('/home/toffer/Repos/flask-tags/flask-2.0.1/src/flask/helpers.py', 287, 287)"
406,breaks in linear flow,"('/home/toffer/Repos/flask-tags/flask-2.0.1/src/flask/helpers.py', 299, 299)"
407,breaks in linear flow,"('/home/toffer/Repos/flask-tags/flask-2.0.1/src/flask/helpers.py', 317, 317)"
408,breaks in linear flow,"('/home/toffer/Repos/flask-tags/flask-2.0.1/src/flask/helpers.py', 318, 318)"
409,breaks in linear flow,"('/home/toffer/Repos/flask-tags/flask-2.0.1/src/flask/helpers.py', 329, 329)"
410,breaks in linear flow,"('/home/toffer/Repos/flask-tags/flask-2.0.1/src/flask/helpers.py', 331, 331)"
411,breaks in linear flow,"('/home/toffer/Repos/flask-tags/flask-2.0.1/src/flask/helpers.py', 340, 340)"
412,breaks in linear flow,"('/home/toffer/Repos/flask-tags/flask-2.0.1/src/flask/helpers.py', 431, 431)"
413,breaks in linear flow,"('/home/toffer/Repos/flask-tags/flask-2.0.1/src/flask/helpers.py', 435, 435)"
414,breaks in linear flow,"('/home/toffer/Repos/flask-tags/flask-2.0.1/src/flask/helpers.py', 437, 437)"
415,breaks in linear flow,"('/home/toffer/Repos/flask-tags/flask-2.0.1/src/flask/helpers.py', 453, 453)"
416,breaks in linear flow,"('/home/toffer/Repos/flask-tags/flask-2.0.1/src/flask/helpers.py', 463, 463)"
417,breaks in linear flow,"('/home/toffer/Repos/flask-tags/flask-2.0.1/src/flask/helpers.py', 472, 472)"
418,breaks in linear flow,"('/home/toffer/Repos/flask-tags/flask-2.0.1/src/flask/helpers.py', 481, 481)"
419,breaks in linear flow,"('/home/toffer/Repos/flask-tags/flask-2.0.1/src/flask/helpers.py', 647, 647)"
420,breaks in linear flow,"('/home/toffer/Repos/flask-tags/flask-2.0.1/src/flask/helpers.py', 691, 691)"
421,breaks in linear flow,"('/home/toffer/Repos/flask-tags/flask-2.0.1/src/flask/helpers.py', 717, 717)"
422,breaks in linear flow,"('/home/toffer/Repos/flask-tags/flask-2.0.1/src/flask/helpers.py', 726, 726)"
423,breaks in linear flow,"('/home/toffer/Repos/flask-tags/flask-2.0.1/src/flask/helpers.py', 729, 729)"
424,breaks in linear flow,"('/home/toffer/Repos/flask-tags/flask-2.0.1/src/flask/helpers.py', 740, 740)"
425,breaks in linear flow,"('/home/toffer/Repos/flask-tags/flask-2.0.1/src/flask/helpers.py', 773, 773)"
426,breaks in linear flow,"('/home/toffer/Repos/flask-tags/flask-2.0.1/src/flask/helpers.py', 818, 818)"
427,breaks in linear flow,"('/home/toffer/Repos/flask-tags/flask-2.0.1/src/flask/helpers.py', 821, 821)"
428,breaks in linear flow,"('/home/toffer/Repos/flask-tags/flask-2.0.1/src/flask/helpers.py', 833, 833)"
429,breaks in linear flow,"('/home/toffer/Repos/flask-tags/flask-2.0.1/src/flask/app.py', 75, 75)"
430,breaks in linear flow,"('/home/toffer/Repos/flask-tags/flask-2.0.1/src/flask/app.py', 81, 81)"
431,breaks in linear flow,"('/home/toffer/Repos/flask-tags/flask-2.0.1/src/flask/app.py', 86, 86)"
432,breaks in linear flow,"('/home/toffer/Repos/flask-tags/flask-2.0.1/src/flask/app.py', 89, 89)"
433,breaks in linear flow,"('/home/toffer/Repos/flask-tags/flask-2.0.1/src/flask/app.py', 96, 96)"
434,breaks in linear flow,"('/home/toffer/Repos/flask-tags/flask-2.0.1/src/flask/app.py', 408, 408)"
435,breaks in linear flow,"('/home/toffer/Repos/flask-tags/flask-2.0.1/src/flask/app.py', 507, 507)"
436,breaks in linear flow,"('/home/toffer/Repos/flask-tags/flask-2.0.1/src/flask/app.py', 538, 538)"
437,breaks in linear flow,"('/home/toffer/Repos/flask-tags/flask-2.0.1/src/flask/app.py', 540, 540)"
438,breaks in linear flow,"('/home/toffer/Repos/flask-tags/flask-2.0.1/src/flask/app.py', 553, 553)"
439,breaks in linear flow,"('/home/toffer/Repos/flask-tags/flask-2.0.1/src/flask/app.py', 566, 566)"
440,breaks in linear flow,"('/home/toffer/Repos/flask-tags/flask-2.0.1/src/flask/app.py', 626, 626)"
441,breaks in linear flow,"('/home/toffer/Repos/flask-tags/flask-2.0.1/src/flask/app.py', 642, 642)"
442,breaks in linear flow,"('/home/toffer/Repos/flask-tags/flask-2.0.1/src/flask/app.py', 691, 691)"
443,breaks in linear flow,"('/home/toffer/Repos/flask-tags/flask-2.0.1/src/flask/app.py', 694, 694)"
444,breaks in linear flow,"('/home/toffer/Repos/flask-tags/flask-2.0.1/src/flask/app.py', 731, 731)"
445,breaks in linear flow,"('/home/toffer/Repos/flask-tags/flask-2.0.1/src/flask/app.py', 750, 750)"
446,breaks in linear flow,"('/home/toffer/Repos/flask-tags/flask-2.0.1/src/flask/app.py', 751, 751)"
447,breaks in linear flow,"('/home/toffer/Repos/flask-tags/flask-2.0.1/src/flask/app.py', 752, 752)"
448,breaks in linear flow,"('/home/toffer/Repos/flask-tags/flask-2.0.1/src/flask/app.py', 755, 755)"
449,breaks in linear flow,"('/home/toffer/Repos/flask-tags/flask-2.0.1/src/flask/app.py', 770, 770)"
450,breaks in linear flow,"('/home/toffer/Repos/flask-tags/flask-2.0.1/src/flask/app.py', 874, 874)"
451,breaks in linear flow,"('/home/toffer/Repos/flask-tags/flask-2.0.1/src/flask/app.py', 880, 880)"
452,breaks in linear flow,"('/home/toffer/Repos/flask-tags/flask-2.0.1/src/flask/app.py', 884, 884)"
453,breaks in linear flow,"('/home/toffer/Repos/flask-tags/flask-2.0.1/src/flask/app.py', 891, 891)"
454,breaks in linear flow,"('/home/toffer/Repos/flask-tags/flask-2.0.1/src/flask/app.py', 897, 897)"
455,breaks in linear flow,"('/home/toffer/Repos/flask-tags/flask-2.0.1/src/flask/app.py', 900, 900)"
456,breaks in linear flow,"('/home/toffer/Repos/flask-tags/flask-2.0.1/src/flask/app.py', 901, 901)"
457,breaks in linear flow,"('/home/toffer/Repos/flask-tags/flask-2.0.1/src/flask/app.py', 906, 906)"
458,breaks in linear flow,"('/home/toffer/Repos/flask-tags/flask-2.0.1/src/flask/app.py', 981, 981)"
459,breaks in linear flow,"('/home/toffer/Repos/flask-tags/flask-2.0.1/src/flask/app.py', 999, 999)"
460,breaks in linear flow,"('/home/toffer/Repos/flask-tags/flask-2.0.1/src/flask/app.py', 1048, 1048)"
461,breaks in linear flow,"('/home/toffer/Repos/flask-tags/flask-2.0.1/src/flask/app.py', 1056, 1056)"
462,breaks in linear flow,"('/home/toffer/Repos/flask-tags/flask-2.0.1/src/flask/app.py', 1058, 1058)"
463,breaks in linear flow,"('/home/toffer/Repos/flask-tags/flask-2.0.1/src/flask/app.py', 1070, 1070)"
464,breaks in linear flow,"('/home/toffer/Repos/flask-tags/flask-2.0.1/src/flask/app.py', 1075, 1075)"
465,breaks in linear flow,"('/home/toffer/Repos/flask-tags/flask-2.0.1/src/flask/app.py', 1076, 1076)"
466,breaks in linear flow,"('/home/toffer/Repos/flask-tags/flask-2.0.1/src/flask/app.py', 1089, 1089)"
467,breaks in linear flow,"('/home/toffer/Repos/flask-tags/flask-2.0.1/src/flask/app.py', 1091, 1091)"
468,breaks in linear flow,"('/home/toffer/Repos/flask-tags/flask-2.0.1/src/flask/app.py', 1276, 1276)"
469,breaks in linear flow,"('/home/toffer/Repos/flask-tags/flask-2.0.1/src/flask/app.py', 1277, 1277)"
470,breaks in linear flow,"('/home/toffer/Repos/flask-tags/flask-2.0.1/src/flask/app.py', 1280, 1280)"
471,breaks in linear flow,"('/home/toffer/Repos/flask-tags/flask-2.0.1/src/flask/app.py', 1281, 1281)"
472,breaks in linear flow,"('/home/toffer/Repos/flask-tags/flask-2.0.1/src/flask/app.py', 1283, 1283)"
473,breaks in linear flow,"('/home/toffer/Repos/flask-tags/flask-2.0.1/src/flask/app.py', 1286, 1286)"
474,breaks in linear flow,"('/home/toffer/Repos/flask-tags/flask-2.0.1/src/flask/app.py', 1311, 1311)"
475,breaks in linear flow,"('/home/toffer/Repos/flask-tags/flask-2.0.1/src/flask/app.py', 1317, 1317)"
476,breaks in linear flow,"('/home/toffer/Repos/flask-tags/flask-2.0.1/src/flask/app.py', 1321, 1321)"
477,breaks in linear flow,"('/home/toffer/Repos/flask-tags/flask-2.0.1/src/flask/app.py', 1342, 1342)"
478,breaks in linear flow,"('/home/toffer/Repos/flask-tags/flask-2.0.1/src/flask/app.py', 1348, 1348)"
479,breaks in linear flow,"('/home/toffer/Repos/flask-tags/flask-2.0.1/src/flask/app.py', 1355, 1355)"
480,breaks in linear flow,"('/home/toffer/Repos/flask-tags/flask-2.0.1/src/flask/app.py', 1377, 1377)"
481,breaks in linear flow,"('/home/toffer/Repos/flask-tags/flask-2.0.1/src/flask/app.py', 1382, 1382)"
482,breaks in linear flow,"('/home/toffer/Repos/flask-tags/flask-2.0.1/src/flask/app.py', 1387, 1387)"
483,breaks in linear flow,"('/home/toffer/Repos/flask-tags/flask-2.0.1/src/flask/app.py', 1423, 1423)"
484,breaks in linear flow,"('/home/toffer/Repos/flask-tags/flask-2.0.1/src/flask/app.py', 1426, 1426)"
485,breaks in linear flow,"('/home/toffer/Repos/flask-tags/flask-2.0.1/src/flask/app.py', 1436, 1436)"
486,breaks in linear flow,"('/home/toffer/Repos/flask-tags/flask-2.0.1/src/flask/app.py', 1466, 1466)"
487,breaks in linear flow,"('/home/toffer/Repos/flask-tags/flask-2.0.1/src/flask/app.py', 1488, 1488)"
488,breaks in linear flow,"('/home/toffer/Repos/flask-tags/flask-2.0.1/src/flask/app.py', 1493, 1493)"
489,breaks in linear flow,"('/home/toffer/Repos/flask-tags/flask-2.0.1/src/flask/app.py', 1512, 1512)"
490,breaks in linear flow,"('/home/toffer/Repos/flask-tags/flask-2.0.1/src/flask/app.py', 1514, 1514)"
491,breaks in linear flow,"('/home/toffer/Repos/flask-tags/flask-2.0.1/src/flask/app.py', 1539, 1539)"
492,breaks in linear flow,"('/home/toffer/Repos/flask-tags/flask-2.0.1/src/flask/app.py', 1540, 1540)"
493,breaks in linear flow,"('/home/toffer/Repos/flask-tags/flask-2.0.1/src/flask/app.py', 1554, 1554)"
494,breaks in linear flow,"('/home/toffer/Repos/flask-tags/flask-2.0.1/src/flask/app.py', 1557, 1557)"
495,breaks in linear flow,"('/home/toffer/Repos/flask-tags/flask-2.0.1/src/flask/app.py', 1559, 1559)"
496,breaks in linear flow,"('/home/toffer/Repos/flask-tags/flask-2.0.1/src/flask/app.py', 1595, 1595)"
497,breaks in linear flow,"('/home/toffer/Repos/flask-tags/flask-2.0.1/src/flask/app.py', 1616, 1616)"
498,breaks in linear flow,"('/home/toffer/Repos/flask-tags/flask-2.0.1/src/flask/app.py', 1622, 1622)"
499,breaks in linear flow,"('/home/toffer/Repos/flask-tags/flask-2.0.1/src/flask/app.py', 1676, 1676)"
500,breaks in linear flow,"('/home/toffer/Repos/flask-tags/flask-2.0.1/src/flask/app.py', 1680, 1680)"
501,breaks in linear flow,"('/home/toffer/Repos/flask-tags/flask-2.0.1/src/flask/app.py', 1684, 1684)"
502,breaks in linear flow,"('/home/toffer/Repos/flask-tags/flask-2.0.1/src/flask/app.py', 1697, 1697)"
503,breaks in linear flow,"('/home/toffer/Repos/flask-tags/flask-2.0.1/src/flask/app.py', 1705, 1705)"
504,breaks in linear flow,"('/home/toffer/Repos/flask-tags/flask-2.0.1/src/flask/app.py', 1706, 1706)"
505,breaks in linear flow,"('/home/toffer/Repos/flask-tags/flask-2.0.1/src/flask/app.py', 1719, 1719)"
506,breaks in linear flow,"('/home/toffer/Repos/flask-tags/flask-2.0.1/src/flask/app.py', 1736, 1736)"
507,breaks in linear flow,"('/home/toffer/Repos/flask-tags/flask-2.0.1/src/flask/app.py', 1737, 1737)"
508,breaks in linear flow,"('/home/toffer/Repos/flask-tags/flask-2.0.1/src/flask/app.py', 1743, 1743)"
509,breaks in linear flow,"('/home/toffer/Repos/flask-tags/flask-2.0.1/src/flask/app.py', 1765, 1765)"
510,breaks in linear flow,"('/home/toffer/Repos/flask-tags/flask-2.0.1/src/flask/app.py', 1769, 1769)"
511,breaks in linear flow,"('/home/toffer/Repos/flask-tags/flask-2.0.1/src/flask/app.py', 1781, 1781)"
512,breaks in linear flow,"('/home/toffer/Repos/flask-tags/flask-2.0.1/src/flask/app.py', 1799, 1799)"
513,breaks in linear flow,"('/home/toffer/Repos/flask-tags/flask-2.0.1/src/flask/app.py', 1806, 1806)"
514,breaks in linear flow,"('/home/toffer/Repos/flask-tags/flask-2.0.1/src/flask/app.py', 1815, 1815)"
515,breaks in linear flow,"('/home/toffer/Repos/flask-tags/flask-2.0.1/src/flask/app.py', 1818, 1818)"
516,breaks in linear flow,"('/home/toffer/Repos/flask-tags/flask-2.0.1/src/flask/app.py', 1822, 1822)"
517,breaks in linear flow,"('/home/toffer/Repos/flask-tags/flask-2.0.1/src/flask/app.py', 1827, 1827)"
518,breaks in linear flow,"('/home/toffer/Repos/flask-tags/flask-2.0.1/src/flask/app.py', 1846, 1846)"
519,breaks in linear flow,"('/home/toffer/Repos/flask-tags/flask-2.0.1/src/flask/app.py', 1847, 1847)"
520,breaks in linear flow,"('/home/toffer/Repos/flask-tags/flask-2.0.1/src/flask/app.py', 1849, 1849)"
521,breaks in linear flow,"('/home/toffer/Repos/flask-tags/flask-2.0.1/src/flask/app.py', 1853, 1853)"
522,breaks in linear flow,"('/home/toffer/Repos/flask-tags/flask-2.0.1/src/flask/app.py', 1854, 1854)"
523,breaks in linear flow,"('/home/toffer/Repos/flask-tags/flask-2.0.1/src/flask/app.py', 1856, 1856)"
524,breaks in linear flow,"('/home/toffer/Repos/flask-tags/flask-2.0.1/src/flask/app.py', 1858, 1858)"
525,breaks in linear flow,"('/home/toffer/Repos/flask-tags/flask-2.0.1/src/flask/app.py', 1878, 1878)"
526,breaks in linear flow,"('/home/toffer/Repos/flask-tags/flask-2.0.1/src/flask/app.py', 1879, 1879)"
527,breaks in linear flow,"('/home/toffer/Repos/flask-tags/flask-2.0.1/src/flask/app.py', 1881, 1881)"
528,breaks in linear flow,"('/home/toffer/Repos/flask-tags/flask-2.0.1/src/flask/app.py', 1883, 1883)"
529,breaks in linear flow,"('/home/toffer/Repos/flask-tags/flask-2.0.1/src/flask/app.py', 1885, 1885)"
530,breaks in linear flow,"('/home/toffer/Repos/flask-tags/flask-2.0.1/src/flask/app.py', 1912, 1912)"
531,breaks in linear flow,"('/home/toffer/Repos/flask-tags/flask-2.0.1/src/flask/app.py', 1917, 1917)"
532,breaks in linear flow,"('/home/toffer/Repos/flask-tags/flask-2.0.1/src/flask/app.py', 1918, 1918)"
533,breaks in linear flow,"('/home/toffer/Repos/flask-tags/flask-2.0.1/src/flask/app.py', 1920, 1920)"
534,breaks in linear flow,"('/home/toffer/Repos/flask-tags/flask-2.0.1/src/flask/app.py', 1941, 1941)"
535,breaks in linear flow,"('/home/toffer/Repos/flask-tags/flask-2.0.1/src/flask/app.py', 1943, 1943)"
536,breaks in linear flow,"('/home/toffer/Repos/flask-tags/flask-2.0.1/src/flask/app.py', 2071, 2071)"
537,breaks in linear flow,"('/home/toffer/Repos/flask-tags/flask-2.0.1/src/flask/app.py', 2074, 2074)"
538,breaks in linear flow,"('/home/toffer/Repos/flask-tags/flask-2.0.1/src/flask/app.py', 2079, 2079)"
539,breaks in linear flow,"('/home/toffer/Repos/flask-tags/flask-2.0.1/src/flask/cli.py', 24, 24)"
540,breaks in linear flow,"('/home/toffer/Repos/flask-tags/flask-2.0.1/src/flask/cli.py', 29, 29)"
541,breaks in linear flow,"('/home/toffer/Repos/flask-tags/flask-2.0.1/src/flask/cli.py', 44, 44)"
542,breaks in linear flow,"('/home/toffer/Repos/flask-tags/flask-2.0.1/src/flask/cli.py', 47, 47)"
543,breaks in linear flow,"('/home/toffer/Repos/flask-tags/flask-2.0.1/src/flask/cli.py', 53, 53)"
544,breaks in linear flow,"('/home/toffer/Repos/flask-tags/flask-2.0.1/src/flask/cli.py', 63, 63)"
545,breaks in linear flow,"('/home/toffer/Repos/flask-tags/flask-2.0.1/src/flask/cli.py', 66, 66)"
546,breaks in linear flow,"('/home/toffer/Repos/flask-tags/flask-2.0.1/src/flask/cli.py', 70, 70)"
547,breaks in linear flow,"('/home/toffer/Repos/flask-tags/flask-2.0.1/src/flask/cli.py', 72, 72)"
548,breaks in linear flow,"('/home/toffer/Repos/flask-tags/flask-2.0.1/src/flask/cli.py', 73, 73)"
549,breaks in linear flow,"('/home/toffer/Repos/flask-tags/flask-2.0.1/src/flask/cli.py', 98, 98)"
550,breaks in linear flow,"('/home/toffer/Repos/flask-tags/flask-2.0.1/src/flask/cli.py', 106, 106)"
551,breaks in linear flow,"('/home/toffer/Repos/flask-tags/flask-2.0.1/src/flask/cli.py', 133, 133)"
552,breaks in linear flow,"('/home/toffer/Repos/flask-tags/flask-2.0.1/src/flask/cli.py', 134, 134)"
553,breaks in linear flow,"('/home/toffer/Repos/flask-tags/flask-2.0.1/src/flask/cli.py', 158, 158)"
554,breaks in linear flow,"('/home/toffer/Repos/flask-tags/flask-2.0.1/src/flask/cli.py', 163, 163)"
555,breaks in linear flow,"('/home/toffer/Repos/flask-tags/flask-2.0.1/src/flask/cli.py', 168, 168)"
556,breaks in linear flow,"('/home/toffer/Repos/flask-tags/flask-2.0.1/src/flask/cli.py', 179, 179)"
557,breaks in linear flow,"('/home/toffer/Repos/flask-tags/flask-2.0.1/src/flask/cli.py', 192, 192)"
558,breaks in linear flow,"('/home/toffer/Repos/flask-tags/flask-2.0.1/src/flask/cli.py', 199, 199)"
559,breaks in linear flow,"('/home/toffer/Repos/flask-tags/flask-2.0.1/src/flask/cli.py', 202, 202)"
560,breaks in linear flow,"('/home/toffer/Repos/flask-tags/flask-2.0.1/src/flask/cli.py', 203, 203)"
561,breaks in linear flow,"('/home/toffer/Repos/flask-tags/flask-2.0.1/src/flask/cli.py', 214, 214)"
562,breaks in linear flow,"('/home/toffer/Repos/flask-tags/flask-2.0.1/src/flask/cli.py', 230, 230)"
563,breaks in linear flow,"('/home/toffer/Repos/flask-tags/flask-2.0.1/src/flask/cli.py', 233, 233)"
564,breaks in linear flow,"('/home/toffer/Repos/flask-tags/flask-2.0.1/src/flask/cli.py', 239, 239)"
565,breaks in linear flow,"('/home/toffer/Repos/flask-tags/flask-2.0.1/src/flask/cli.py', 243, 243)"
566,breaks in linear flow,"('/home/toffer/Repos/flask-tags/flask-2.0.1/src/flask/cli.py', 244, 244)"
567,breaks in linear flow,"('/home/toffer/Repos/flask-tags/flask-2.0.1/src/flask/cli.py', 246, 246)"
568,breaks in linear flow,"('/home/toffer/Repos/flask-tags/flask-2.0.1/src/flask/cli.py', 257, 257)"
569,breaks in linear flow,"('/home/toffer/Repos/flask-tags/flask-2.0.1/src/flask/cli.py', 260, 260)"
570,breaks in linear flow,"('/home/toffer/Repos/flask-tags/flask-2.0.1/src/flask/cli.py', 272, 272)"
571,breaks in linear flow,"('/home/toffer/Repos/flask-tags/flask-2.0.1/src/flask/cli.py', 279, 279)"
572,breaks in linear flow,"('/home/toffer/Repos/flask-tags/flask-2.0.1/src/flask/cli.py', 317, 317)"
573,breaks in linear flow,"('/home/toffer/Repos/flask-tags/flask-2.0.1/src/flask/cli.py', 320, 320)"
574,breaks in linear flow,"('/home/toffer/Repos/flask-tags/flask-2.0.1/src/flask/cli.py', 331, 331)"
575,breaks in linear flow,"('/home/toffer/Repos/flask-tags/flask-2.0.1/src/flask/cli.py', 340, 340)"
576,breaks in linear flow,"('/home/toffer/Repos/flask-tags/flask-2.0.1/src/flask/cli.py', 352, 352)"
577,breaks in linear flow,"('/home/toffer/Repos/flask-tags/flask-2.0.1/src/flask/cli.py', 356, 356)"
578,breaks in linear flow,"('/home/toffer/Repos/flask-tags/flask-2.0.1/src/flask/cli.py', 391, 391)"
579,breaks in linear flow,"('/home/toffer/Repos/flask-tags/flask-2.0.1/src/flask/cli.py', 394, 394)"
580,breaks in linear flow,"('/home/toffer/Repos/flask-tags/flask-2.0.1/src/flask/cli.py', 397, 397)"
581,breaks in linear flow,"('/home/toffer/Repos/flask-tags/flask-2.0.1/src/flask/cli.py', 404, 404)"
582,breaks in linear flow,"('/home/toffer/Repos/flask-tags/flask-2.0.1/src/flask/cli.py', 408, 408)"
583,breaks in linear flow,"('/home/toffer/Repos/flask-tags/flask-2.0.1/src/flask/cli.py', 409, 409)"
584,breaks in linear flow,"('/home/toffer/Repos/flask-tags/flask-2.0.1/src/flask/cli.py', 411, 411)"
585,breaks in linear flow,"('/home/toffer/Repos/flask-tags/flask-2.0.1/src/flask/cli.py', 418, 418)"
586,breaks in linear flow,"('/home/toffer/Repos/flask-tags/flask-2.0.1/src/flask/cli.py', 461, 461)"
587,breaks in linear flow,"('/home/toffer/Repos/flask-tags/flask-2.0.1/src/flask/cli.py', 510, 510)"
588,breaks in linear flow,"('/home/toffer/Repos/flask-tags/flask-2.0.1/src/flask/cli.py', 518, 518)"
589,breaks in linear flow,"('/home/toffer/Repos/flask-tags/flask-2.0.1/src/flask/cli.py', 526, 526)"
590,breaks in linear flow,"('/home/toffer/Repos/flask-tags/flask-2.0.1/src/flask/cli.py', 530, 530)"
591,breaks in linear flow,"('/home/toffer/Repos/flask-tags/flask-2.0.1/src/flask/cli.py', 534, 534)"
592,breaks in linear flow,"('/home/toffer/Repos/flask-tags/flask-2.0.1/src/flask/cli.py', 544, 544)"
593,breaks in linear flow,"('/home/toffer/Repos/flask-tags/flask-2.0.1/src/flask/cli.py', 553, 553)"
594,breaks in linear flow,"('/home/toffer/Repos/flask-tags/flask-2.0.1/src/flask/cli.py', 566, 566)"
595,breaks in linear flow,"('/home/toffer/Repos/flask-tags/flask-2.0.1/src/flask/cli.py', 570, 570)"
596,breaks in linear flow,"('/home/toffer/Repos/flask-tags/flask-2.0.1/src/flask/cli.py', 584, 584)"
597,breaks in linear flow,"('/home/toffer/Repos/flask-tags/flask-2.0.1/src/flask/cli.py', 589, 589)"
598,breaks in linear flow,"('/home/toffer/Repos/flask-tags/flask-2.0.1/src/flask/cli.py', 628, 628)"
599,breaks in linear flow,"('/home/toffer/Repos/flask-tags/flask-2.0.1/src/flask/cli.py', 629, 629)"
600,breaks in linear flow,"('/home/toffer/Repos/flask-tags/flask-2.0.1/src/flask/cli.py', 641, 641)"
601,breaks in linear flow,"('/home/toffer/Repos/flask-tags/flask-2.0.1/src/flask/cli.py', 642, 642)"
602,breaks in linear flow,"('/home/toffer/Repos/flask-tags/flask-2.0.1/src/flask/cli.py', 649, 649)"
603,breaks in linear flow,"('/home/toffer/Repos/flask-tags/flask-2.0.1/src/flask/cli.py', 652, 652)"
604,breaks in linear flow,"('/home/toffer/Repos/flask-tags/flask-2.0.1/src/flask/cli.py', 653, 653)"
605,breaks in linear flow,"('/home/toffer/Repos/flask-tags/flask-2.0.1/src/flask/cli.py', 655, 655)"
606,breaks in linear flow,"('/home/toffer/Repos/flask-tags/flask-2.0.1/src/flask/cli.py', 667, 667)"
607,breaks in linear flow,"('/home/toffer/Repos/flask-tags/flask-2.0.1/src/flask/cli.py', 670, 670)"
608,breaks in linear flow,"('/home/toffer/Repos/flask-tags/flask-2.0.1/src/flask/cli.py', 673, 673)"
609,breaks in linear flow,"('/home/toffer/Repos/flask-tags/flask-2.0.1/src/flask/cli.py', 680, 680)"
610,breaks in linear flow,"('/home/toffer/Repos/flask-tags/flask-2.0.1/src/flask/cli.py', 688, 688)"
611,breaks in linear flow,"('/home/toffer/Repos/flask-tags/flask-2.0.1/src/flask/cli.py', 704, 704)"
612,breaks in linear flow,"('/home/toffer/Repos/flask-tags/flask-2.0.1/src/flask/cli.py', 713, 713)"
613,breaks in linear flow,"('/home/toffer/Repos/flask-tags/flask-2.0.1/src/flask/cli.py', 716, 716)"
614,breaks in linear flow,"('/home/toffer/Repos/flask-tags/flask-2.0.1/src/flask/cli.py', 719, 719)"
615,breaks in linear flow,"('/home/toffer/Repos/flask-tags/flask-2.0.1/src/flask/cli.py', 730, 730)"
616,breaks in linear flow,"('/home/toffer/Repos/flask-tags/flask-2.0.1/src/flask/cli.py', 744, 744)"
617,breaks in linear flow,"('/home/toffer/Repos/flask-tags/flask-2.0.1/src/flask/cli.py', 745, 745)"
618,breaks in linear flow,"('/home/toffer/Repos/flask-tags/flask-2.0.1/src/flask/cli.py', 750, 750)"
619,breaks in linear flow,"('/home/toffer/Repos/flask-tags/flask-2.0.1/src/flask/cli.py', 755, 755)"
620,breaks in linear flow,"('/home/toffer/Repos/flask-tags/flask-2.0.1/src/flask/cli.py', 761, 761)"
621,breaks in linear flow,"('/home/toffer/Repos/flask-tags/flask-2.0.1/src/flask/cli.py', 838, 838)"
622,breaks in linear flow,"('/home/toffer/Repos/flask-tags/flask-2.0.1/src/flask/cli.py', 841, 841)"
623,breaks in linear flow,"('/home/toffer/Repos/flask-tags/flask-2.0.1/src/flask/cli.py', 885, 885)"
624,breaks in linear flow,"('/home/toffer/Repos/flask-tags/flask-2.0.1/src/flask/cli.py', 896, 896)"
625,breaks in linear flow,"('/home/toffer/Repos/flask-tags/flask-2.0.1/src/flask/cli.py', 900, 900)"
626,breaks in linear flow,"('/home/toffer/Repos/flask-tags/flask-2.0.1/src/flask/cli.py', 929, 929)"
627,breaks in linear flow,"('/home/toffer/Repos/flask-tags/flask-2.0.1/src/flask/cli.py', 935, 935)"
628,breaks in linear flow,"('/home/toffer/Repos/flask-tags/flask-2.0.1/src/flask/cli.py', 957, 957)"
629,breaks in linear flow,"('/home/toffer/Repos/flask-tags/flask-2.0.1/src/flask/cli.py', 982, 982)"
630,breaks in linear flow,"('/home/toffer/Repos/flask-tags/flask-2.0.1/src/flask/cli.py', 993, 993)"
631,breaks in linear flow,"('/home/toffer/Repos/flask-tags/flask-2.0.1/src/flask/wrappers.py', 11, 11)"
632,breaks in linear flow,"('/home/toffer/Repos/flask-tags/flask-2.0.1/src/flask/wrappers.py', 56, 56)"
633,breaks in linear flow,"('/home/toffer/Repos/flask-tags/flask-2.0.1/src/flask/wrappers.py', 71, 71)"
634,breaks in linear flow,"('/home/toffer/Repos/flask-tags/flask-2.0.1/src/flask/wrappers.py', 90, 90)"
635,breaks in linear flow,"('/home/toffer/Repos/flask-tags/flask-2.0.1/src/flask/wrappers.py', 107, 107)"
636,breaks in linear flow,"('/home/toffer/Repos/flask-tags/flask-2.0.1/src/flask/wrappers.py', 117, 117)"
637,breaks in linear flow,"('/home/toffer/Repos/flask-tags/flask-2.0.1/src/flask/wrappers.py', 128, 128)"
638,breaks in linear flow,"('/home/toffer/Repos/flask-tags/flask-2.0.1/src/flask/wrappers.py', 163, 163)"
639,breaks in linear flow,"('/home/toffer/Repos/flask-tags/flask-2.0.1/src/flask/testing.py', 17, 17)"
640,breaks in linear flow,"('/home/toffer/Repos/flask-tags/flask-2.0.1/src/flask/testing.py', 60, 60)"
641,breaks in linear flow,"('/home/toffer/Repos/flask-tags/flask-2.0.1/src/flask/testing.py', 64, 64)"
642,breaks in linear flow,"('/home/toffer/Repos/flask-tags/flask-2.0.1/src/flask/testing.py', 67, 67)"
643,breaks in linear flow,"('/home/toffer/Repos/flask-tags/flask-2.0.1/src/flask/testing.py', 77, 77)"
644,breaks in linear flow,"('/home/toffer/Repos/flask-tags/flask-2.0.1/src/flask/testing.py', 139, 139)"
645,breaks in linear flow,"('/home/toffer/Repos/flask-tags/flask-2.0.1/src/flask/testing.py', 150, 150)"
646,breaks in linear flow,"('/home/toffer/Repos/flask-tags/flask-2.0.1/src/flask/testing.py', 169, 169)"
647,breaks in linear flow,"('/home/toffer/Repos/flask-tags/flask-2.0.1/src/flask/testing.py', 192, 192)"
648,breaks in linear flow,"('/home/toffer/Repos/flask-tags/flask-2.0.1/src/flask/testing.py', 195, 195)"
649,breaks in linear flow,"('/home/toffer/Repos/flask-tags/flask-2.0.1/src/flask/testing.py', 207, 207)"
650,breaks in linear flow,"('/home/toffer/Repos/flask-tags/flask-2.0.1/src/flask/testing.py', 224, 224)"
651,breaks in linear flow,"('/home/toffer/Repos/flask-tags/flask-2.0.1/src/flask/testing.py', 238, 238)"
652,breaks in linear flow,"('/home/toffer/Repos/flask-tags/flask-2.0.1/src/flask/testing.py', 241, 241)"
653,breaks in linear flow,"('/home/toffer/Repos/flask-tags/flask-2.0.1/src/flask/testing.py', 244, 244)"
654,breaks in linear flow,"('/home/toffer/Repos/flask-tags/flask-2.0.1/src/flask/testing.py', 274, 274)"
655,breaks in linear flow,"('/home/toffer/Repos/flask-tags/flask-2.0.1/src/flask/testing.py', 277, 277)"
656,breaks in linear flow,"('/home/toffer/Repos/flask-tags/flask-2.0.1/src/flask/debughelpers.py', 31, 31)"
657,breaks in linear flow,"('/home/toffer/Repos/flask-tags/flask-2.0.1/src/flask/debughelpers.py', 58, 58)"
658,breaks in linear flow,"('/home/toffer/Repos/flask-tags/flask-2.0.1/src/flask/debughelpers.py', 86, 86)"
659,breaks in linear flow,"('/home/toffer/Repos/flask-tags/flask-2.0.1/src/flask/debughelpers.py', 87, 87)"
660,breaks in linear flow,"('/home/toffer/Repos/flask-tags/flask-2.0.1/src/flask/debughelpers.py', 98, 98)"
661,breaks in linear flow,"('/home/toffer/Repos/flask-tags/flask-2.0.1/src/flask/debughelpers.py', 99, 99)"
662,breaks in linear flow,"('/home/toffer/Repos/flask-tags/flask-2.0.1/src/flask/debughelpers.py', 100, 100)"
663,breaks in linear flow,"('/home/toffer/Repos/flask-tags/flask-2.0.1/src/flask/debughelpers.py', 101, 101)"
664,breaks in linear flow,"('/home/toffer/Repos/flask-tags/flask-2.0.1/src/flask/debughelpers.py', 102, 102)"
665,breaks in linear flow,"('/home/toffer/Repos/flask-tags/flask-2.0.1/src/flask/debughelpers.py', 103, 103)"
666,breaks in linear flow,"('/home/toffer/Repos/flask-tags/flask-2.0.1/src/flask/debughelpers.py', 105, 105)"
667,breaks in linear flow,"('/home/toffer/Repos/flask-tags/flask-2.0.1/src/flask/debughelpers.py', 107, 107)"
668,breaks in linear flow,"('/home/toffer/Repos/flask-tags/flask-2.0.1/src/flask/debughelpers.py', 109, 109)"
669,breaks in linear flow,"('/home/toffer/Repos/flask-tags/flask-2.0.1/src/flask/debughelpers.py', 119, 119)"
670,breaks in linear flow,"('/home/toffer/Repos/flask-tags/flask-2.0.1/src/flask/debughelpers.py', 122, 122)"
671,breaks in linear flow,"('/home/toffer/Repos/flask-tags/flask-2.0.1/src/flask/debughelpers.py', 123, 123)"
672,breaks in linear flow,"('/home/toffer/Repos/flask-tags/flask-2.0.1/src/flask/debughelpers.py', 132, 132)"
673,breaks in linear flow,"('/home/toffer/Repos/flask-tags/flask-2.0.1/src/flask/debughelpers.py', 135, 135)"
674,breaks in linear flow,"('/home/toffer/Repos/flask-tags/flask-2.0.1/src/flask/debughelpers.py', 143, 143)"
675,breaks in linear flow,"('/home/toffer/Repos/flask-tags/flask-2.0.1/src/flask/debughelpers.py', 150, 150)"
676,breaks in linear flow,"('/home/toffer/Repos/flask-tags/flask-2.0.1/src/flask/debughelpers.py', 162, 162)"
677,breaks in linear flow,"('/home/toffer/Repos/flask-tags/flask-2.0.1/src/flask/logging.py', 9, 9)"
678,breaks in linear flow,"('/home/toffer/Repos/flask-tags/flask-2.0.1/src/flask/logging.py', 33, 33)"
679,breaks in linear flow,"('/home/toffer/Repos/flask-tags/flask-2.0.1/src/flask/logging.py', 34, 34)"
680,breaks in linear flow,"('/home/toffer/Repos/flask-tags/flask-2.0.1/src/flask/logging.py', 37, 37)"
681,breaks in linear flow,"('/home/toffer/Repos/flask-tags/flask-2.0.1/src/flask/logging.py', 38, 38)"
682,breaks in linear flow,"('/home/toffer/Repos/flask-tags/flask-2.0.1/src/flask/logging.py', 68, 68)"
683,breaks in linear flow,"('/home/toffer/Repos/flask-tags/flask-2.0.1/src/flask/logging.py', 71, 71)"
684,breaks in linear flow,"('/home/toffer/Repos/flask-tags/flask-2.0.1/src/flask/config.py', 17, 17)"
685,breaks in linear flow,"('/home/toffer/Repos/flask-tags/flask-2.0.1/src/flask/config.py', 20, 20)"
686,breaks in linear flow,"('/home/toffer/Repos/flask-tags/flask-2.0.1/src/flask/config.py', 89, 89)"
687,breaks in linear flow,"('/home/toffer/Repos/flask-tags/flask-2.0.1/src/flask/config.py', 90, 90)"
688,breaks in linear flow,"('/home/toffer/Repos/flask-tags/flask-2.0.1/src/flask/config.py', 120, 120)"
689,breaks in linear flow,"('/home/toffer/Repos/flask-tags/flask-2.0.1/src/flask/config.py', 121, 121)"
690,breaks in linear flow,"('/home/toffer/Repos/flask-tags/flask-2.0.1/src/flask/config.py', 160, 160)"
691,breaks in linear flow,"('/home/toffer/Repos/flask-tags/flask-2.0.1/src/flask/config.py', 162, 162)"
692,breaks in linear flow,"('/home/toffer/Repos/flask-tags/flask-2.0.1/src/flask/config.py', 163, 163)"
693,breaks in linear flow,"('/home/toffer/Repos/flask-tags/flask-2.0.1/src/flask/config.py', 196, 196)"
694,breaks in linear flow,"('/home/toffer/Repos/flask-tags/flask-2.0.1/src/flask/config.py', 197, 197)"
695,breaks in linear flow,"('/home/toffer/Repos/flask-tags/flask-2.0.1/src/flask/config.py', 239, 239)"
696,breaks in linear flow,"('/home/toffer/Repos/flask-tags/flask-2.0.1/src/flask/config.py', 242, 242)"
697,breaks in linear flow,"('/home/toffer/Repos/flask-tags/flask-2.0.1/src/flask/config.py', 243, 243)"
698,breaks in linear flow,"('/home/toffer/Repos/flask-tags/flask-2.0.1/src/flask/config.py', 278, 278)"
699,breaks in linear flow,"('/home/toffer/Repos/flask-tags/flask-2.0.1/src/flask/config.py', 279, 279)"
700,breaks in linear flow,"('/home/toffer/Repos/flask-tags/flask-2.0.1/src/flask/config.py', 280, 280)"
701,breaks in linear flow,"('/home/toffer/Repos/flask-tags/flask-2.0.1/src/flask/config.py', 281, 281)"
702,breaks in linear flow,"('/home/toffer/Repos/flask-tags/flask-2.0.1/src/flask/config.py', 285, 285)"
703,breaks in linear flow,"('/home/toffer/Repos/flask-tags/flask-2.0.1/src/flask/views.py', 85, 85)"
704,breaks in linear flow,"('/home/toffer/Repos/flask-tags/flask-2.0.1/src/flask/views.py', 88, 88)"
705,breaks in linear flow,"('/home/toffer/Repos/flask-tags/flask-2.0.1/src/flask/views.py', 113, 113)"
706,breaks in linear flow,"('/home/toffer/Repos/flask-tags/flask-2.0.1/src/flask/views.py', 116, 116)"
707,breaks in linear flow,"('/home/toffer/Repos/flask-tags/flask-2.0.1/src/flask/views.py', 117, 117)"
708,breaks in linear flow,"('/home/toffer/Repos/flask-tags/flask-2.0.1/src/flask/views.py', 120, 120)"
709,breaks in linear flow,"('/home/toffer/Repos/flask-tags/flask-2.0.1/src/flask/views.py', 121, 121)"
710,breaks in linear flow,"('/home/toffer/Repos/flask-tags/flask-2.0.1/src/flask/views.py', 128, 128)"
711,breaks in linear flow,"('/home/toffer/Repos/flask-tags/flask-2.0.1/src/flask/views.py', 153, 153)"
712,breaks in linear flow,"('/home/toffer/Repos/flask-tags/flask-2.0.1/src/flask/signals.py', 7, 7)"
713,breaks in linear flow,"('/home/toffer/Repos/flask-tags/flask-2.0.1/src/flask/json/tag.py', 250, 250)"
714,breaks in linear flow,"('/home/toffer/Repos/flask-tags/flask-2.0.1/src/flask/json/tag.py', 275, 275)"
715,breaks in linear flow,"('/home/toffer/Repos/flask-tags/flask-2.0.1/src/flask/json/tag.py', 276, 276)"
716,breaks in linear flow,"('/home/toffer/Repos/flask-tags/flask-2.0.1/src/flask/json/tag.py', 281, 281)"
717,breaks in linear flow,"('/home/toffer/Repos/flask-tags/flask-2.0.1/src/flask/json/tag.py', 288, 288)"
718,breaks in linear flow,"('/home/toffer/Repos/flask-tags/flask-2.0.1/src/flask/json/tag.py', 289, 289)"
719,breaks in linear flow,"('/home/toffer/Repos/flask-tags/flask-2.0.1/src/flask/json/tag.py', 296, 296)"
720,breaks in linear flow,"('/home/toffer/Repos/flask-tags/flask-2.0.1/src/flask/json/tag.py', 301, 301)"
721,breaks in linear flow,"('/home/toffer/Repos/flask-tags/flask-2.0.1/src/flask/json/__init__.py', 14, 14)"
722,breaks in linear flow,"('/home/toffer/Repos/flask-tags/flask-2.0.1/src/flask/json/__init__.py', 20, 20)"
723,breaks in linear flow,"('/home/toffer/Repos/flask-tags/flask-2.0.1/src/flask/json/__init__.py', 48, 48)"
724,breaks in linear flow,"('/home/toffer/Repos/flask-tags/flask-2.0.1/src/flask/json/__init__.py', 50, 50)"
725,breaks in linear flow,"('/home/toffer/Repos/flask-tags/flask-2.0.1/src/flask/json/__init__.py', 52, 52)"
726,breaks in linear flow,"('/home/toffer/Repos/flask-tags/flask-2.0.1/src/flask/json/__init__.py', 54, 54)"
727,breaks in linear flow,"('/home/toffer/Repos/flask-tags/flask-2.0.1/src/flask/json/__init__.py', 74, 74)"
728,breaks in linear flow,"('/home/toffer/Repos/flask-tags/flask-2.0.1/src/flask/json/__init__.py', 77, 77)"
729,breaks in linear flow,"('/home/toffer/Repos/flask-tags/flask-2.0.1/src/flask/json/__init__.py', 80, 80)"
730,breaks in linear flow,"('/home/toffer/Repos/flask-tags/flask-2.0.1/src/flask/json/__init__.py', 95, 95)"
731,breaks in linear flow,"('/home/toffer/Repos/flask-tags/flask-2.0.1/src/flask/json/__init__.py', 98, 98)"
732,breaks in linear flow,"('/home/toffer/Repos/flask-tags/flask-2.0.1/src/flask/json/__init__.py', 101, 101)"
733,breaks in linear flow,"('/home/toffer/Repos/flask-tags/flask-2.0.1/src/flask/json/__init__.py', 131, 131)"
734,breaks in linear flow,"('/home/toffer/Repos/flask-tags/flask-2.0.1/src/flask/json/__init__.py', 138, 138)"
735,breaks in linear flow,"('/home/toffer/Repos/flask-tags/flask-2.0.1/src/flask/json/__init__.py', 168, 168)"
736,breaks in linear flow,"('/home/toffer/Repos/flask-tags/flask-2.0.1/src/flask/json/__init__.py', 172, 172)"
737,breaks in linear flow,"('/home/toffer/Repos/flask-tags/flask-2.0.1/src/flask/json/__init__.py', 205, 205)"
738,breaks in linear flow,"('/home/toffer/Repos/flask-tags/flask-2.0.1/src/flask/json/__init__.py', 213, 213)"
739,breaks in linear flow,"('/home/toffer/Repos/flask-tags/flask-2.0.1/src/flask/json/__init__.py', 237, 237)"
740,breaks in linear flow,"('/home/toffer/Repos/flask-tags/flask-2.0.1/src/flask/json/__init__.py', 246, 246)"
741,breaks in linear flow,"('/home/toffer/Repos/flask-tags/flask-2.0.1/src/flask/json/__init__.py', 336, 336)"
742,breaks in linear flow,"('/home/toffer/Repos/flask-tags/flask-2.0.1/src/flask/json/__init__.py', 340, 340)"
743,recursion,"('/home/toffer/Repos/flask-tags/flask-2.0.1/tests/test_basic.py', 588, 588)"
744,recursion,"('/home/toffer/Repos/flask-tags/flask-2.0.1/tests/test_views.py', 38, 38)"
745,recursion,"('/home/toffer/Repos/flask-tags/flask-2.0.1/src/flask/templating.py', 81, 81)"
