,type,file_start_end
0,method length,"('/home/toffer/Repos/flask-tags/flask-0.7/tests/flaskext_test.py', 122, 149)"
1,method length,"('/home/toffer/Repos/flask-tags/flask-0.7/tests/flask_tests.py', 144, 172)"
2,method length,"('/home/toffer/Repos/flask-tags/flask-0.7/tests/flask_tests.py', 339, 370)"
3,method length,"('/home/toffer/Repos/flask-tags/flask-0.7/tests/flask_tests.py', 384, 411)"
4,method length,"('/home/toffer/Repos/flask-tags/flask-0.7/tests/flask_tests.py', 465, 496)"
5,method length,"('/home/toffer/Repos/flask-tags/flask-0.7/tests/flask_tests.py', 498, 526)"
6,method length,"('/home/toffer/Repos/flask-tags/flask-0.7/tests/flask_tests.py', 669, 714)"
7,method length,"('/home/toffer/Repos/flask-tags/flask-0.7/tests/flask_tests.py', 716, 785)"
8,method length,"('/home/toffer/Repos/flask-tags/flask-0.7/tests/flask_tests.py', 1062, 1095)"
9,method length,"('/home/toffer/Repos/flask-tags/flask-0.7/tests/flask_tests.py', 1156, 1185)"
10,method length,"('/home/toffer/Repos/flask-tags/flask-0.7/tests/flask_tests.py', 1187, 1219)"
11,method length,"('/home/toffer/Repos/flask-tags/flask-0.7/tests/flask_tests.py', 1251, 1289)"
12,method length,"('/home/toffer/Repos/flask-tags/flask-0.7/tests/flask_tests.py', 1312, 1340)"
13,method length,"('/home/toffer/Repos/flask-tags/flask-0.7/tests/flask_tests.py', 1390, 1438)"
14,method length,"('/home/toffer/Repos/flask-tags/flask-0.7/tests/flask_tests.py', 1478, 1507)"
15,method length,"('/home/toffer/Repos/flask-tags/flask-0.7/tests/flask_tests.py', 1698, 1736)"
16,method length,"('/home/toffer/Repos/flask-tags/flask-0.7/flask/blueprints.py', 25, 60)"
17,method length,"('/home/toffer/Repos/flask-tags/flask-0.7/flask/ctx.py', 23, 52)"
18,method length,"('/home/toffer/Repos/flask-tags/flask-0.7/flask/helpers.py', 82, 112)"
19,method length,"('/home/toffer/Repos/flask-tags/flask-0.7/flask/helpers.py', 115, 154)"
20,method length,"('/home/toffer/Repos/flask-tags/flask-0.7/flask/helpers.py', 157, 193)"
21,method length,"('/home/toffer/Repos/flask-tags/flask-0.7/flask/helpers.py', 237, 263)"
22,method length,"('/home/toffer/Repos/flask-tags/flask-0.7/flask/helpers.py', 268, 400)"
23,method length,"('/home/toffer/Repos/flask-tags/flask-0.7/flask/helpers.py', 428, 458)"
24,method length,"('/home/toffer/Repos/flask-tags/flask-0.7/flask/app.py', 215, 368)"
25,method length,"('/home/toffer/Repos/flask-tags/flask-0.7/flask/app.py', 521, 553)"
26,method length,"('/home/toffer/Repos/flask-tags/flask-0.7/flask/app.py', 653, 713)"
27,method length,"('/home/toffer/Repos/flask-tags/flask-0.7/flask/app.py', 715, 785)"
28,method length,"('/home/toffer/Repos/flask-tags/flask-0.7/flask/app.py', 802, 841)"
29,method length,"('/home/toffer/Repos/flask-tags/flask-0.7/flask/app.py', 960, 987)"
30,method length,"('/home/toffer/Repos/flask-tags/flask-0.7/flask/app.py', 989, 1019)"
31,method length,"('/home/toffer/Repos/flask-tags/flask-0.7/flask/app.py', 1084, 1114)"
32,method length,"('/home/toffer/Repos/flask-tags/flask-0.7/flask/app.py', 1210, 1238)"
33,method length,"('/home/toffer/Repos/flask-tags/flask-0.7/flask/app.py', 1259, 1289)"
34,method length,"('/home/toffer/Repos/flask-tags/flask-0.7/flask/testing.py', 26, 58)"
35,method length,"('/home/toffer/Repos/flask-tags/flask-0.7/flask/logging.py', 17, 43)"
36,method length,"('/home/toffer/Repos/flask-tags/flask-0.7/flask/config.py', 135, 162)"
37,method length,"('/home/toffer/Repos/flask-tags/flask-0.7/scripts/make-release.py', 118, 146)"
38,method length,"('/home/toffer/Repos/flask-tags/flask-0.7/scripts/flask-07-upgrade.py', 85, 124)"
39,method length,"('/home/toffer/Repos/flask-tags/flask-0.7/scripts/flask-07-upgrade.py', 128, 169)"
40,method length,"('/home/toffer/Repos/flask-tags/flask-0.7/examples/minitwit/minitwit_tests.py', 107, 145)"
41,file length,"('/home/toffer/Repos/flask-tags/flask-0.7/tests/flask_tests.py', -1, -1)"
42,file length,"('/home/toffer/Repos/flask-tags/flask-0.7/flask/blueprints.py', -1, -1)"
43,file length,"('/home/toffer/Repos/flask-tags/flask-0.7/flask/helpers.py', -1, -1)"
44,file length,"('/home/toffer/Repos/flask-tags/flask-0.7/flask/app.py', -1, -1)"
45,argument count,"('/home/toffer/Repos/flask-tags/flask-0.7/tests/flaskext_test.py', 122, 122)"
46,argument count,"('/home/toffer/Repos/flask-tags/flask-0.7/tests/flask_tests.py', 67, 67)"
47,argument count,"('/home/toffer/Repos/flask-tags/flask-0.7/flask/blueprints.py', 24, 24)"
48,argument count,"('/home/toffer/Repos/flask-tags/flask-0.7/flask/blueprints.py', 62, 62)"
49,argument count,"('/home/toffer/Repos/flask-tags/flask-0.7/flask/blueprints.py', 92, 94)"
50,argument count,"('/home/toffer/Repos/flask-tags/flask-0.7/flask/blueprints.py', 164, 164)"
51,argument count,"('/home/toffer/Repos/flask-tags/flask-0.7/flask/module.py', 32, 33)"
52,argument count,"('/home/toffer/Repos/flask-tags/flask-0.7/flask/helpers.py', 266, 268)"
53,argument count,"('/home/toffer/Repos/flask-tags/flask-0.7/flask/app.py', 214, 215)"
54,argument count,"('/home/toffer/Repos/flask-tags/flask-0.7/flask/app.py', 653, 653)"
55,argument count,"('/home/toffer/Repos/flask-tags/flask-0.7/examples/minitwit/minitwit_tests.py', 32, 32)"
56,method count,"('/home/toffer/Repos/flask-tags/flask-0.7/tests/flask_tests.py', 36, 1872)"
57,method count,"('/home/toffer/Repos/flask-tags/flask-0.7/flask/blueprints.py', 24, 309)"
58,method count,"('/home/toffer/Repos/flask-tags/flask-0.7/flask/helpers.py', 45, 581)"
59,method count,"('/home/toffer/Repos/flask-tags/flask-0.7/flask/app.py', 214, 1299)"
60,Return Statements,"('/home/toffer/Repos/flask-tags/flask-0.7/tests/flask_tests.py', 1098, 1119)"
61,Return Statements,"('/home/toffer/Repos/flask-tags/flask-0.7/scripts/flask-07-upgrade.py', 85, 124)"
62,Return Statements,"('/home/toffer/Repos/flask-tags/flask-0.7/scripts/flask-07-upgrade.py', 127, 169)"
63,nested controlflow,"('/home/toffer/Repos/flask-tags/flask-0.7/flask/templating.py', 91, 98)"
64,nested controlflow,"('/home/toffer/Repos/flask-tags/flask-0.7/scripts/flask-07-upgrade.py', 75, 80)"
65,nested controlflow,"('/home/toffer/Repos/flask-tags/flask-0.7/scripts/flask-07-upgrade.py', 102, 108)"
66,nested controlflow,"('/home/toffer/Repos/flask-tags/flask-0.7/scripts/flask-07-upgrade.py', 248, 262)"
67,breaks in linear flow,"('/home/toffer/Repos/flask-tags/flask-0.7/setup.py', 61, 61)"
68,breaks in linear flow,"('/home/toffer/Repos/flask-tags/flask-0.7/setup.py', 67, 67)"
69,breaks in linear flow,"('/home/toffer/Repos/flask-tags/flask-0.7/setup.py', 71, 71)"
70,breaks in linear flow,"('/home/toffer/Repos/flask-tags/flask-0.7/setup.py', 72, 72)"
71,breaks in linear flow,"('/home/toffer/Repos/flask-tags/flask-0.7/setup.py', 73, 73)"
72,breaks in linear flow,"('/home/toffer/Repos/flask-tags/flask-0.7/setup.py', 75, 75)"
73,breaks in linear flow,"('/home/toffer/Repos/flask-tags/flask-0.7/docs/conf.py', 52, 52)"
74,breaks in linear flow,"('/home/toffer/Repos/flask-tags/flask-0.7/docs/conf.py', 60, 60)"
75,breaks in linear flow,"('/home/toffer/Repos/flask-tags/flask-0.7/docs/conf.py', 257, 257)"
76,breaks in linear flow,"('/home/toffer/Repos/flask-tags/flask-0.7/tests/flaskext_test.py', 33, 33)"
77,breaks in linear flow,"('/home/toffer/Repos/flask-tags/flask-0.7/tests/flaskext_test.py', 135, 135)"
78,breaks in linear flow,"('/home/toffer/Repos/flask-tags/flask-0.7/tests/flaskext_test.py', 143, 143)"
79,breaks in linear flow,"('/home/toffer/Repos/flask-tags/flask-0.7/tests/flaskext_test.py', 146, 146)"
80,breaks in linear flow,"('/home/toffer/Repos/flask-tags/flask-0.7/tests/flaskext_test.py', 155, 155)"
81,breaks in linear flow,"('/home/toffer/Repos/flask-tags/flask-0.7/tests/flaskext_test.py', 169, 169)"
82,breaks in linear flow,"('/home/toffer/Repos/flask-tags/flask-0.7/tests/flaskext_test.py', 178, 178)"
83,breaks in linear flow,"('/home/toffer/Repos/flask-tags/flask-0.7/tests/flaskext_test.py', 190, 190)"
84,breaks in linear flow,"('/home/toffer/Repos/flask-tags/flask-0.7/tests/flaskext_test.py', 192, 192)"
85,breaks in linear flow,"('/home/toffer/Repos/flask-tags/flask-0.7/tests/flaskext_test.py', 193, 193)"
86,breaks in linear flow,"('/home/toffer/Repos/flask-tags/flask-0.7/tests/flaskext_test.py', 213, 213)"
87,breaks in linear flow,"('/home/toffer/Repos/flask-tags/flask-0.7/tests/flaskext_test.py', 224, 224)"
88,breaks in linear flow,"('/home/toffer/Repos/flask-tags/flask-0.7/tests/flaskext_test.py', 225, 225)"
89,breaks in linear flow,"('/home/toffer/Repos/flask-tags/flask-0.7/tests/flaskext_test.py', 261, 261)"
90,breaks in linear flow,"('/home/toffer/Repos/flask-tags/flask-0.7/tests/flaskext_test.py', 264, 264)"
91,breaks in linear flow,"('/home/toffer/Repos/flask-tags/flask-0.7/tests/flaskext_test.py', 295, 295)"
92,breaks in linear flow,"('/home/toffer/Repos/flask-tags/flask-0.7/tests/flaskext_test.py', 304, 304)"
93,breaks in linear flow,"('/home/toffer/Repos/flask-tags/flask-0.7/tests/flaskext_test.py', 310, 310)"
94,breaks in linear flow,"('/home/toffer/Repos/flask-tags/flask-0.7/tests/flask_tests.py', 41, 41)"
95,breaks in linear flow,"('/home/toffer/Repos/flask-tags/flask-0.7/tests/flask_tests.py', 93, 93)"
96,breaks in linear flow,"('/home/toffer/Repos/flask-tags/flask-0.7/tests/flask_tests.py', 139, 139)"
97,breaks in linear flow,"('/home/toffer/Repos/flask-tags/flask-0.7/tests/flask_tests.py', 169, 169)"
98,breaks in linear flow,"('/home/toffer/Repos/flask-tags/flask-0.7/tests/flask_tests.py', 330, 330)"
99,breaks in linear flow,"('/home/toffer/Repos/flask-tags/flask-0.7/tests/flask_tests.py', 477, 477)"
100,breaks in linear flow,"('/home/toffer/Repos/flask-tags/flask-0.7/tests/flask_tests.py', 488, 488)"
101,breaks in linear flow,"('/home/toffer/Repos/flask-tags/flask-0.7/tests/flask_tests.py', 659, 659)"
102,breaks in linear flow,"('/home/toffer/Repos/flask-tags/flask-0.7/tests/flask_tests.py', 692, 692)"
103,breaks in linear flow,"('/home/toffer/Repos/flask-tags/flask-0.7/tests/flask_tests.py', 702, 702)"
104,breaks in linear flow,"('/home/toffer/Repos/flask-tags/flask-0.7/tests/flask_tests.py', 711, 711)"
105,breaks in linear flow,"('/home/toffer/Repos/flask-tags/flask-0.7/tests/flask_tests.py', 732, 732)"
106,breaks in linear flow,"('/home/toffer/Repos/flask-tags/flask-0.7/tests/flask_tests.py', 740, 740)"
107,breaks in linear flow,"('/home/toffer/Repos/flask-tags/flask-0.7/tests/flask_tests.py', 748, 748)"
108,breaks in linear flow,"('/home/toffer/Repos/flask-tags/flask-0.7/tests/flask_tests.py', 757, 757)"
109,breaks in linear flow,"('/home/toffer/Repos/flask-tags/flask-0.7/tests/flask_tests.py', 766, 766)"
110,breaks in linear flow,"('/home/toffer/Repos/flask-tags/flask-0.7/tests/flask_tests.py', 774, 774)"
111,breaks in linear flow,"('/home/toffer/Repos/flask-tags/flask-0.7/tests/flask_tests.py', 782, 782)"
112,breaks in linear flow,"('/home/toffer/Repos/flask-tags/flask-0.7/tests/flask_tests.py', 794, 794)"
113,breaks in linear flow,"('/home/toffer/Repos/flask-tags/flask-0.7/tests/flask_tests.py', 798, 798)"
114,breaks in linear flow,"('/home/toffer/Repos/flask-tags/flask-0.7/tests/flask_tests.py', 809, 809)"
115,breaks in linear flow,"('/home/toffer/Repos/flask-tags/flask-0.7/tests/flask_tests.py', 858, 858)"
116,breaks in linear flow,"('/home/toffer/Repos/flask-tags/flask-0.7/tests/flask_tests.py', 897, 897)"
117,breaks in linear flow,"('/home/toffer/Repos/flask-tags/flask-0.7/tests/flask_tests.py', 1179, 1179)"
118,breaks in linear flow,"('/home/toffer/Repos/flask-tags/flask-0.7/tests/flask_tests.py', 1195, 1195)"
119,breaks in linear flow,"('/home/toffer/Repos/flask-tags/flask-0.7/tests/flask_tests.py', 1201, 1201)"
120,breaks in linear flow,"('/home/toffer/Repos/flask-tags/flask-0.7/tests/flask_tests.py', 1214, 1214)"
121,breaks in linear flow,"('/home/toffer/Repos/flask-tags/flask-0.7/tests/flask_tests.py', 1334, 1334)"
122,breaks in linear flow,"('/home/toffer/Repos/flask-tags/flask-0.7/tests/flask_tests.py', 1504, 1504)"
123,breaks in linear flow,"('/home/toffer/Repos/flask-tags/flask-0.7/tests/flask_tests.py', 1533, 1533)"
124,breaks in linear flow,"('/home/toffer/Repos/flask-tags/flask-0.7/tests/flask_tests.py', 1537, 1537)"
125,breaks in linear flow,"('/home/toffer/Repos/flask-tags/flask-0.7/tests/flask_tests.py', 1546, 1546)"
126,breaks in linear flow,"('/home/toffer/Repos/flask-tags/flask-0.7/tests/flask_tests.py', 1586, 1586)"
127,breaks in linear flow,"('/home/toffer/Repos/flask-tags/flask-0.7/tests/flask_tests.py', 1602, 1602)"
128,breaks in linear flow,"('/home/toffer/Repos/flask-tags/flask-0.7/tests/flask_tests.py', 1867, 1867)"
129,breaks in linear flow,"('/home/toffer/Repos/flask-tags/flask-0.7/tests/flask_tests.py', 1869, 1869)"
130,breaks in linear flow,"('/home/toffer/Repos/flask-tags/flask-0.7/tests/flask_tests.py', 1876, 1876)"
131,breaks in linear flow,"('/home/toffer/Repos/flask-tags/flask-0.7/flask/blueprints.py', 42, 42)"
132,breaks in linear flow,"('/home/toffer/Repos/flask-tags/flask-0.7/flask/blueprints.py', 50, 50)"
133,breaks in linear flow,"('/home/toffer/Repos/flask-tags/flask-0.7/flask/blueprints.py', 67, 67)"
134,breaks in linear flow,"('/home/toffer/Repos/flask-tags/flask-0.7/flask/blueprints.py', 70, 70)"
135,breaks in linear flow,"('/home/toffer/Repos/flask-tags/flask-0.7/flask/blueprints.py', 73, 73)"
136,breaks in linear flow,"('/home/toffer/Repos/flask-tags/flask-0.7/flask/blueprints.py', 103, 103)"
137,breaks in linear flow,"('/home/toffer/Repos/flask-tags/flask-0.7/flask/blueprints.py', 113, 113)"
138,breaks in linear flow,"('/home/toffer/Repos/flask-tags/flask-0.7/flask/blueprints.py', 127, 127)"
139,breaks in linear flow,"('/home/toffer/Repos/flask-tags/flask-0.7/flask/blueprints.py', 147, 147)"
140,breaks in linear flow,"('/home/toffer/Repos/flask-tags/flask-0.7/flask/blueprints.py', 152, 152)"
141,breaks in linear flow,"('/home/toffer/Repos/flask-tags/flask-0.7/flask/globals.py', 18, 18)"
142,breaks in linear flow,"('/home/toffer/Repos/flask-tags/flask-0.7/flask/templating.py', 40, 40)"
143,breaks in linear flow,"('/home/toffer/Repos/flask-tags/flask-0.7/flask/templating.py', 55, 55)"
144,breaks in linear flow,"('/home/toffer/Repos/flask-tags/flask-0.7/flask/templating.py', 58, 58)"
145,breaks in linear flow,"('/home/toffer/Repos/flask-tags/flask-0.7/flask/templating.py', 65, 65)"
146,breaks in linear flow,"('/home/toffer/Repos/flask-tags/flask-0.7/flask/templating.py', 73, 73)"
147,breaks in linear flow,"('/home/toffer/Repos/flask-tags/flask-0.7/flask/templating.py', 75, 75)"
148,breaks in linear flow,"('/home/toffer/Repos/flask-tags/flask-0.7/flask/templating.py', 77, 77)"
149,breaks in linear flow,"('/home/toffer/Repos/flask-tags/flask-0.7/flask/templating.py', 80, 80)"
150,breaks in linear flow,"('/home/toffer/Repos/flask-tags/flask-0.7/flask/templating.py', 82, 82)"
151,breaks in linear flow,"('/home/toffer/Repos/flask-tags/flask-0.7/flask/templating.py', 88, 88)"
152,breaks in linear flow,"('/home/toffer/Repos/flask-tags/flask-0.7/flask/templating.py', 91, 91)"
153,breaks in linear flow,"('/home/toffer/Repos/flask-tags/flask-0.7/flask/templating.py', 93, 93)"
154,breaks in linear flow,"('/home/toffer/Repos/flask-tags/flask-0.7/flask/templating.py', 94, 94)"
155,breaks in linear flow,"('/home/toffer/Repos/flask-tags/flask-0.7/flask/templating.py', 96, 96)"
156,breaks in linear flow,"('/home/toffer/Repos/flask-tags/flask-0.7/flask/templating.py', 120, 120)"
157,breaks in linear flow,"('/home/toffer/Repos/flask-tags/flask-0.7/flask/module.py', 34, 34)"
158,breaks in linear flow,"('/home/toffer/Repos/flask-tags/flask-0.7/flask/module.py', 41, 41)"
159,breaks in linear flow,"('/home/toffer/Repos/flask-tags/flask-0.7/flask/__init__.py', 37, 37)"
160,breaks in linear flow,"('/home/toffer/Repos/flask-tags/flask-0.7/flask/ctx.py', 98, 98)"
161,breaks in linear flow,"('/home/toffer/Repos/flask-tags/flask-0.7/flask/ctx.py', 102, 102)"
162,breaks in linear flow,"('/home/toffer/Repos/flask-tags/flask-0.7/flask/ctx.py', 113, 113)"
163,breaks in linear flow,"('/home/toffer/Repos/flask-tags/flask-0.7/flask/ctx.py', 124, 124)"
164,breaks in linear flow,"('/home/toffer/Repos/flask-tags/flask-0.7/flask/ctx.py', 145, 145)"
165,breaks in linear flow,"('/home/toffer/Repos/flask-tags/flask-0.7/flask/helpers.py', 26, 26)"
166,breaks in linear flow,"('/home/toffer/Repos/flask-tags/flask-0.7/flask/helpers.py', 29, 29)"
167,breaks in linear flow,"('/home/toffer/Repos/flask-tags/flask-0.7/flask/helpers.py', 33, 33)"
168,breaks in linear flow,"('/home/toffer/Repos/flask-tags/flask-0.7/flask/helpers.py', 47, 47)"
169,breaks in linear flow,"('/home/toffer/Repos/flask-tags/flask-0.7/flask/helpers.py', 52, 52)"
170,breaks in linear flow,"('/home/toffer/Repos/flask-tags/flask-0.7/flask/helpers.py', 55, 55)"
171,breaks in linear flow,"('/home/toffer/Repos/flask-tags/flask-0.7/flask/helpers.py', 109, 109)"
172,breaks in linear flow,"('/home/toffer/Repos/flask-tags/flask-0.7/flask/helpers.py', 150, 150)"
173,breaks in linear flow,"('/home/toffer/Repos/flask-tags/flask-0.7/flask/helpers.py', 152, 152)"
174,breaks in linear flow,"('/home/toffer/Repos/flask-tags/flask-0.7/flask/helpers.py', 178, 178)"
175,breaks in linear flow,"('/home/toffer/Repos/flask-tags/flask-0.7/flask/helpers.py', 179, 179)"
176,breaks in linear flow,"('/home/toffer/Repos/flask-tags/flask-0.7/flask/helpers.py', 180, 180)"
177,breaks in linear flow,"('/home/toffer/Repos/flask-tags/flask-0.7/flask/helpers.py', 186, 186)"
178,breaks in linear flow,"('/home/toffer/Repos/flask-tags/flask-0.7/flask/helpers.py', 187, 187)"
179,breaks in linear flow,"('/home/toffer/Repos/flask-tags/flask-0.7/flask/helpers.py', 258, 258)"
180,breaks in linear flow,"('/home/toffer/Repos/flask-tags/flask-0.7/flask/helpers.py', 261, 261)"
181,breaks in linear flow,"('/home/toffer/Repos/flask-tags/flask-0.7/flask/helpers.py', 320, 320)"
182,breaks in linear flow,"('/home/toffer/Repos/flask-tags/flask-0.7/flask/helpers.py', 330, 330)"
183,breaks in linear flow,"('/home/toffer/Repos/flask-tags/flask-0.7/flask/helpers.py', 336, 336)"
184,breaks in linear flow,"('/home/toffer/Repos/flask-tags/flask-0.7/flask/helpers.py', 343, 343)"
185,breaks in linear flow,"('/home/toffer/Repos/flask-tags/flask-0.7/flask/helpers.py', 344, 344)"
186,breaks in linear flow,"('/home/toffer/Repos/flask-tags/flask-0.7/flask/helpers.py', 346, 346)"
187,breaks in linear flow,"('/home/toffer/Repos/flask-tags/flask-0.7/flask/helpers.py', 348, 348)"
188,breaks in linear flow,"('/home/toffer/Repos/flask-tags/flask-0.7/flask/helpers.py', 352, 352)"
189,breaks in linear flow,"('/home/toffer/Repos/flask-tags/flask-0.7/flask/helpers.py', 353, 353)"
190,breaks in linear flow,"('/home/toffer/Repos/flask-tags/flask-0.7/flask/helpers.py', 354, 354)"
191,breaks in linear flow,"('/home/toffer/Repos/flask-tags/flask-0.7/flask/helpers.py', 361, 361)"
192,breaks in linear flow,"('/home/toffer/Repos/flask-tags/flask-0.7/flask/helpers.py', 362, 362)"
193,breaks in linear flow,"('/home/toffer/Repos/flask-tags/flask-0.7/flask/helpers.py', 367, 367)"
194,breaks in linear flow,"('/home/toffer/Repos/flask-tags/flask-0.7/flask/helpers.py', 377, 377)"
195,breaks in linear flow,"('/home/toffer/Repos/flask-tags/flask-0.7/flask/helpers.py', 381, 381)"
196,breaks in linear flow,"('/home/toffer/Repos/flask-tags/flask-0.7/flask/helpers.py', 385, 385)"
197,breaks in linear flow,"('/home/toffer/Repos/flask-tags/flask-0.7/flask/helpers.py', 394, 394)"
198,breaks in linear flow,"('/home/toffer/Repos/flask-tags/flask-0.7/flask/helpers.py', 398, 398)"
199,breaks in linear flow,"('/home/toffer/Repos/flask-tags/flask-0.7/flask/helpers.py', 420, 420)"
200,breaks in linear flow,"('/home/toffer/Repos/flask-tags/flask-0.7/flask/helpers.py', 421, 421)"
201,breaks in linear flow,"('/home/toffer/Repos/flask-tags/flask-0.7/flask/helpers.py', 423, 423)"
202,breaks in linear flow,"('/home/toffer/Repos/flask-tags/flask-0.7/flask/helpers.py', 456, 456)"
203,breaks in linear flow,"('/home/toffer/Repos/flask-tags/flask-0.7/flask/helpers.py', 465, 465)"
204,breaks in linear flow,"('/home/toffer/Repos/flask-tags/flask-0.7/flask/helpers.py', 485, 485)"
205,breaks in linear flow,"('/home/toffer/Repos/flask-tags/flask-0.7/flask/helpers.py', 489, 489)"
206,breaks in linear flow,"('/home/toffer/Repos/flask-tags/flask-0.7/flask/helpers.py', 513, 513)"
207,breaks in linear flow,"('/home/toffer/Repos/flask-tags/flask-0.7/flask/helpers.py', 521, 521)"
208,breaks in linear flow,"('/home/toffer/Repos/flask-tags/flask-0.7/flask/helpers.py', 522, 522)"
209,breaks in linear flow,"('/home/toffer/Repos/flask-tags/flask-0.7/flask/helpers.py', 546, 546)"
210,breaks in linear flow,"('/home/toffer/Repos/flask-tags/flask-0.7/flask/helpers.py', 556, 556)"
211,breaks in linear flow,"('/home/toffer/Repos/flask-tags/flask-0.7/flask/app.py', 218, 218)"
212,breaks in linear flow,"('/home/toffer/Repos/flask-tags/flask-0.7/flask/app.py', 224, 224)"
213,breaks in linear flow,"('/home/toffer/Repos/flask-tags/flask-0.7/flask/app.py', 226, 226)"
214,breaks in linear flow,"('/home/toffer/Repos/flask-tags/flask-0.7/flask/app.py', 365, 365)"
215,breaks in linear flow,"('/home/toffer/Repos/flask-tags/flask-0.7/flask/app.py', 389, 389)"
216,breaks in linear flow,"('/home/toffer/Repos/flask-tags/flask-0.7/flask/app.py', 402, 402)"
217,breaks in linear flow,"('/home/toffer/Repos/flask-tags/flask-0.7/flask/app.py', 419, 419)"
218,breaks in linear flow,"('/home/toffer/Repos/flask-tags/flask-0.7/flask/app.py', 422, 422)"
219,breaks in linear flow,"('/home/toffer/Repos/flask-tags/flask-0.7/flask/app.py', 435, 435)"
220,breaks in linear flow,"('/home/toffer/Repos/flask-tags/flask-0.7/flask/app.py', 456, 456)"
221,breaks in linear flow,"('/home/toffer/Repos/flask-tags/flask-0.7/flask/app.py', 494, 494)"
222,breaks in linear flow,"('/home/toffer/Repos/flask-tags/flask-0.7/flask/app.py', 511, 511)"
223,breaks in linear flow,"('/home/toffer/Repos/flask-tags/flask-0.7/flask/app.py', 514, 514)"
224,breaks in linear flow,"('/home/toffer/Repos/flask-tags/flask-0.7/flask/app.py', 549, 549)"
225,breaks in linear flow,"('/home/toffer/Repos/flask-tags/flask-0.7/flask/app.py', 576, 576)"
226,breaks in linear flow,"('/home/toffer/Repos/flask-tags/flask-0.7/flask/app.py', 588, 588)"
227,breaks in linear flow,"('/home/toffer/Repos/flask-tags/flask-0.7/flask/app.py', 602, 602)"
228,breaks in linear flow,"('/home/toffer/Repos/flask-tags/flask-0.7/flask/app.py', 604, 604)"
229,breaks in linear flow,"('/home/toffer/Repos/flask-tags/flask-0.7/flask/app.py', 622, 622)"
230,breaks in linear flow,"('/home/toffer/Repos/flask-tags/flask-0.7/flask/app.py', 642, 642)"
231,breaks in linear flow,"('/home/toffer/Repos/flask-tags/flask-0.7/flask/app.py', 696, 696)"
232,breaks in linear flow,"('/home/toffer/Repos/flask-tags/flask-0.7/flask/app.py', 703, 703)"
233,breaks in linear flow,"('/home/toffer/Repos/flask-tags/flask-0.7/flask/app.py', 706, 706)"
234,breaks in linear flow,"('/home/toffer/Repos/flask-tags/flask-0.7/flask/app.py', 712, 712)"
235,breaks in linear flow,"('/home/toffer/Repos/flask-tags/flask-0.7/flask/app.py', 853, 853)"
236,breaks in linear flow,"('/home/toffer/Repos/flask-tags/flask-0.7/flask/app.py', 855, 855)"
237,breaks in linear flow,"('/home/toffer/Repos/flask-tags/flask-0.7/flask/app.py', 952, 952)"
238,breaks in linear flow,"('/home/toffer/Repos/flask-tags/flask-0.7/flask/app.py', 956, 956)"
239,breaks in linear flow,"('/home/toffer/Repos/flask-tags/flask-0.7/flask/app.py', 972, 972)"
240,breaks in linear flow,"('/home/toffer/Repos/flask-tags/flask-0.7/flask/app.py', 980, 980)"
241,breaks in linear flow,"('/home/toffer/Repos/flask-tags/flask-0.7/flask/app.py', 983, 983)"
242,breaks in linear flow,"('/home/toffer/Repos/flask-tags/flask-0.7/flask/app.py', 984, 984)"
243,breaks in linear flow,"('/home/toffer/Repos/flask-tags/flask-0.7/flask/app.py', 1003, 1003)"
244,breaks in linear flow,"('/home/toffer/Repos/flask-tags/flask-0.7/flask/app.py', 1008, 1008)"
245,breaks in linear flow,"('/home/toffer/Repos/flask-tags/flask-0.7/flask/app.py', 1017, 1017)"
246,breaks in linear flow,"('/home/toffer/Repos/flask-tags/flask-0.7/flask/app.py', 1032, 1032)"
247,breaks in linear flow,"('/home/toffer/Repos/flask-tags/flask-0.7/flask/app.py', 1037, 1037)"
248,breaks in linear flow,"('/home/toffer/Repos/flask-tags/flask-0.7/flask/app.py', 1053, 1053)"
249,breaks in linear flow,"('/home/toffer/Repos/flask-tags/flask-0.7/flask/app.py', 1055, 1055)"
250,breaks in linear flow,"('/home/toffer/Repos/flask-tags/flask-0.7/flask/app.py', 1076, 1076)"
251,breaks in linear flow,"('/home/toffer/Repos/flask-tags/flask-0.7/flask/app.py', 1078, 1078)"
252,breaks in linear flow,"('/home/toffer/Repos/flask-tags/flask-0.7/flask/app.py', 1106, 1106)"
253,breaks in linear flow,"('/home/toffer/Repos/flask-tags/flask-0.7/flask/app.py', 1108, 1108)"
254,breaks in linear flow,"('/home/toffer/Repos/flask-tags/flask-0.7/flask/app.py', 1110, 1110)"
255,breaks in linear flow,"('/home/toffer/Repos/flask-tags/flask-0.7/flask/app.py', 1112, 1112)"
256,breaks in linear flow,"('/home/toffer/Repos/flask-tags/flask-0.7/flask/app.py', 1134, 1134)"
257,breaks in linear flow,"('/home/toffer/Repos/flask-tags/flask-0.7/flask/app.py', 1137, 1137)"
258,breaks in linear flow,"('/home/toffer/Repos/flask-tags/flask-0.7/flask/app.py', 1153, 1153)"
259,breaks in linear flow,"('/home/toffer/Repos/flask-tags/flask-0.7/flask/app.py', 1155, 1155)"
260,breaks in linear flow,"('/home/toffer/Repos/flask-tags/flask-0.7/flask/app.py', 1159, 1159)"
261,breaks in linear flow,"('/home/toffer/Repos/flask-tags/flask-0.7/flask/app.py', 1161, 1161)"
262,breaks in linear flow,"('/home/toffer/Repos/flask-tags/flask-0.7/flask/app.py', 1163, 1163)"
263,breaks in linear flow,"('/home/toffer/Repos/flask-tags/flask-0.7/flask/app.py', 1181, 1181)"
264,breaks in linear flow,"('/home/toffer/Repos/flask-tags/flask-0.7/flask/app.py', 1184, 1184)"
265,breaks in linear flow,"('/home/toffer/Repos/flask-tags/flask-0.7/flask/app.py', 1186, 1186)"
266,breaks in linear flow,"('/home/toffer/Repos/flask-tags/flask-0.7/flask/app.py', 1188, 1188)"
267,breaks in linear flow,"('/home/toffer/Repos/flask-tags/flask-0.7/flask/app.py', 1201, 1201)"
268,breaks in linear flow,"('/home/toffer/Repos/flask-tags/flask-0.7/flask/app.py', 1204, 1204)"
269,breaks in linear flow,"('/home/toffer/Repos/flask-tags/flask-0.7/flask/app.py', 1206, 1206)"
270,breaks in linear flow,"('/home/toffer/Repos/flask-tags/flask-0.7/flask/app.py', 1247, 1247)"
271,breaks in linear flow,"('/home/toffer/Repos/flask-tags/flask-0.7/flask/app.py', 1249, 1249)"
272,breaks in linear flow,"('/home/toffer/Repos/flask-tags/flask-0.7/flask/app.py', 1287, 1287)"
273,breaks in linear flow,"('/home/toffer/Repos/flask-tags/flask-0.7/flask/wrappers.py', 53, 53)"
274,breaks in linear flow,"('/home/toffer/Repos/flask-tags/flask-0.7/flask/wrappers.py', 63, 63)"
275,breaks in linear flow,"('/home/toffer/Repos/flask-tags/flask-0.7/flask/wrappers.py', 76, 76)"
276,breaks in linear flow,"('/home/toffer/Repos/flask-tags/flask-0.7/flask/wrappers.py', 82, 82)"
277,breaks in linear flow,"('/home/toffer/Repos/flask-tags/flask-0.7/flask/wrappers.py', 90, 90)"
278,breaks in linear flow,"('/home/toffer/Repos/flask-tags/flask-0.7/flask/wrappers.py', 92, 92)"
279,breaks in linear flow,"('/home/toffer/Repos/flask-tags/flask-0.7/flask/wrappers.py', 94, 94)"
280,breaks in linear flow,"('/home/toffer/Repos/flask-tags/flask-0.7/flask/testing.py', 27, 27)"
281,breaks in linear flow,"('/home/toffer/Repos/flask-tags/flask-0.7/flask/testing.py', 39, 39)"
282,breaks in linear flow,"('/home/toffer/Repos/flask-tags/flask-0.7/flask/testing.py', 41, 41)"
283,breaks in linear flow,"('/home/toffer/Repos/flask-tags/flask-0.7/flask/testing.py', 45, 45)"
284,breaks in linear flow,"('/home/toffer/Repos/flask-tags/flask-0.7/flask/testing.py', 47, 47)"
285,breaks in linear flow,"('/home/toffer/Repos/flask-tags/flask-0.7/flask/testing.py', 66, 66)"
286,breaks in linear flow,"('/home/toffer/Repos/flask-tags/flask-0.7/flask/config.py', 28, 28)"
287,breaks in linear flow,"('/home/toffer/Repos/flask-tags/flask-0.7/flask/config.py', 97, 97)"
288,breaks in linear flow,"('/home/toffer/Repos/flask-tags/flask-0.7/flask/config.py', 98, 98)"
289,breaks in linear flow,"('/home/toffer/Repos/flask-tags/flask-0.7/flask/config.py', 127, 127)"
290,breaks in linear flow,"('/home/toffer/Repos/flask-tags/flask-0.7/flask/config.py', 128, 128)"
291,breaks in linear flow,"('/home/toffer/Repos/flask-tags/flask-0.7/flask/config.py', 158, 158)"
292,breaks in linear flow,"('/home/toffer/Repos/flask-tags/flask-0.7/flask/config.py', 160, 160)"
293,breaks in linear flow,"('/home/toffer/Repos/flask-tags/flask-0.7/flask/config.py', 161, 161)"
294,breaks in linear flow,"('/home/toffer/Repos/flask-tags/flask-0.7/flask/views.py', 74, 74)"
295,breaks in linear flow,"('/home/toffer/Repos/flask-tags/flask-0.7/flask/views.py', 76, 76)"
296,breaks in linear flow,"('/home/toffer/Repos/flask-tags/flask-0.7/flask/views.py', 77, 77)"
297,breaks in linear flow,"('/home/toffer/Repos/flask-tags/flask-0.7/flask/views.py', 83, 83)"
298,breaks in linear flow,"('/home/toffer/Repos/flask-tags/flask-0.7/flask/signals.py', 16, 16)"
299,breaks in linear flow,"('/home/toffer/Repos/flask-tags/flask-0.7/scripts/make-release.py', 23, 23)"
300,breaks in linear flow,"('/home/toffer/Repos/flask-tags/flask-0.7/scripts/make-release.py', 25, 25)"
301,breaks in linear flow,"('/home/toffer/Repos/flask-tags/flask-0.7/scripts/make-release.py', 26, 26)"
302,breaks in linear flow,"('/home/toffer/Repos/flask-tags/flask-0.7/scripts/make-release.py', 29, 29)"
303,breaks in linear flow,"('/home/toffer/Repos/flask-tags/flask-0.7/scripts/make-release.py', 30, 30)"
304,breaks in linear flow,"('/home/toffer/Repos/flask-tags/flask-0.7/scripts/make-release.py', 31, 31)"
305,breaks in linear flow,"('/home/toffer/Repos/flask-tags/flask-0.7/scripts/make-release.py', 33, 33)"
306,breaks in linear flow,"('/home/toffer/Repos/flask-tags/flask-0.7/scripts/make-release.py', 34, 34)"
307,breaks in linear flow,"('/home/toffer/Repos/flask-tags/flask-0.7/scripts/make-release.py', 38, 38)"
308,breaks in linear flow,"('/home/toffer/Repos/flask-tags/flask-0.7/scripts/make-release.py', 39, 39)"
309,breaks in linear flow,"('/home/toffer/Repos/flask-tags/flask-0.7/scripts/make-release.py', 48, 48)"
310,breaks in linear flow,"('/home/toffer/Repos/flask-tags/flask-0.7/scripts/make-release.py', 70, 70)"
311,breaks in linear flow,"('/home/toffer/Repos/flask-tags/flask-0.7/scripts/make-release.py', 122, 122)"
312,breaks in linear flow,"('/home/toffer/Repos/flask-tags/flask-0.7/scripts/make-release.py', 132, 132)"
313,breaks in linear flow,"('/home/toffer/Repos/flask-tags/flask-0.7/scripts/make-release.py', 134, 134)"
314,breaks in linear flow,"('/home/toffer/Repos/flask-tags/flask-0.7/scripts/make-release.py', 137, 137)"
315,breaks in linear flow,"('/home/toffer/Repos/flask-tags/flask-0.7/scripts/make-release.py', 149, 149)"
316,breaks in linear flow,"('/home/toffer/Repos/flask-tags/flask-0.7/scripts/flask-07-upgrade.py', 31, 31)"
317,breaks in linear flow,"('/home/toffer/Repos/flask-tags/flask-0.7/scripts/flask-07-upgrade.py', 58, 58)"
318,breaks in linear flow,"('/home/toffer/Repos/flask-tags/flask-0.7/scripts/flask-07-upgrade.py', 67, 67)"
319,breaks in linear flow,"('/home/toffer/Repos/flask-tags/flask-0.7/scripts/flask-07-upgrade.py', 71, 71)"
320,breaks in linear flow,"('/home/toffer/Repos/flask-tags/flask-0.7/scripts/flask-07-upgrade.py', 75, 75)"
321,breaks in linear flow,"('/home/toffer/Repos/flask-tags/flask-0.7/scripts/flask-07-upgrade.py', 76, 76)"
322,breaks in linear flow,"('/home/toffer/Repos/flask-tags/flask-0.7/scripts/flask-07-upgrade.py', 77, 77)"
323,breaks in linear flow,"('/home/toffer/Repos/flask-tags/flask-0.7/scripts/flask-07-upgrade.py', 79, 79)"
324,breaks in linear flow,"('/home/toffer/Repos/flask-tags/flask-0.7/scripts/flask-07-upgrade.py', 86, 86)"
325,breaks in linear flow,"('/home/toffer/Repos/flask-tags/flask-0.7/scripts/flask-07-upgrade.py', 94, 94)"
326,breaks in linear flow,"('/home/toffer/Repos/flask-tags/flask-0.7/scripts/flask-07-upgrade.py', 96, 96)"
327,breaks in linear flow,"('/home/toffer/Repos/flask-tags/flask-0.7/scripts/flask-07-upgrade.py', 102, 102)"
328,breaks in linear flow,"('/home/toffer/Repos/flask-tags/flask-0.7/scripts/flask-07-upgrade.py', 103, 103)"
329,breaks in linear flow,"('/home/toffer/Repos/flask-tags/flask-0.7/scripts/flask-07-upgrade.py', 104, 104)"
330,breaks in linear flow,"('/home/toffer/Repos/flask-tags/flask-0.7/scripts/flask-07-upgrade.py', 106, 106)"
331,breaks in linear flow,"('/home/toffer/Repos/flask-tags/flask-0.7/scripts/flask-07-upgrade.py', 111, 111)"
332,breaks in linear flow,"('/home/toffer/Repos/flask-tags/flask-0.7/scripts/flask-07-upgrade.py', 113, 113)"
333,breaks in linear flow,"('/home/toffer/Repos/flask-tags/flask-0.7/scripts/flask-07-upgrade.py', 117, 117)"
334,breaks in linear flow,"('/home/toffer/Repos/flask-tags/flask-0.7/scripts/flask-07-upgrade.py', 134, 134)"
335,breaks in linear flow,"('/home/toffer/Repos/flask-tags/flask-0.7/scripts/flask-07-upgrade.py', 138, 138)"
336,breaks in linear flow,"('/home/toffer/Repos/flask-tags/flask-0.7/scripts/flask-07-upgrade.py', 143, 143)"
337,breaks in linear flow,"('/home/toffer/Repos/flask-tags/flask-0.7/scripts/flask-07-upgrade.py', 156, 156)"
338,breaks in linear flow,"('/home/toffer/Repos/flask-tags/flask-0.7/scripts/flask-07-upgrade.py', 158, 158)"
339,breaks in linear flow,"('/home/toffer/Repos/flask-tags/flask-0.7/scripts/flask-07-upgrade.py', 160, 160)"
340,breaks in linear flow,"('/home/toffer/Repos/flask-tags/flask-0.7/scripts/flask-07-upgrade.py', 161, 161)"
341,breaks in linear flow,"('/home/toffer/Repos/flask-tags/flask-0.7/scripts/flask-07-upgrade.py', 163, 163)"
342,breaks in linear flow,"('/home/toffer/Repos/flask-tags/flask-0.7/scripts/flask-07-upgrade.py', 165, 165)"
343,breaks in linear flow,"('/home/toffer/Repos/flask-tags/flask-0.7/scripts/flask-07-upgrade.py', 167, 167)"
344,breaks in linear flow,"('/home/toffer/Repos/flask-tags/flask-0.7/scripts/flask-07-upgrade.py', 174, 174)"
345,breaks in linear flow,"('/home/toffer/Repos/flask-tags/flask-0.7/scripts/flask-07-upgrade.py', 181, 181)"
346,breaks in linear flow,"('/home/toffer/Repos/flask-tags/flask-0.7/scripts/flask-07-upgrade.py', 182, 182)"
347,breaks in linear flow,"('/home/toffer/Repos/flask-tags/flask-0.7/scripts/flask-07-upgrade.py', 184, 184)"
348,breaks in linear flow,"('/home/toffer/Repos/flask-tags/flask-0.7/scripts/flask-07-upgrade.py', 185, 185)"
349,breaks in linear flow,"('/home/toffer/Repos/flask-tags/flask-0.7/scripts/flask-07-upgrade.py', 187, 187)"
350,breaks in linear flow,"('/home/toffer/Repos/flask-tags/flask-0.7/scripts/flask-07-upgrade.py', 189, 189)"
351,breaks in linear flow,"('/home/toffer/Repos/flask-tags/flask-0.7/scripts/flask-07-upgrade.py', 190, 190)"
352,breaks in linear flow,"('/home/toffer/Repos/flask-tags/flask-0.7/scripts/flask-07-upgrade.py', 198, 198)"
353,breaks in linear flow,"('/home/toffer/Repos/flask-tags/flask-0.7/scripts/flask-07-upgrade.py', 200, 200)"
354,breaks in linear flow,"('/home/toffer/Repos/flask-tags/flask-0.7/scripts/flask-07-upgrade.py', 214, 214)"
355,breaks in linear flow,"('/home/toffer/Repos/flask-tags/flask-0.7/scripts/flask-07-upgrade.py', 222, 222)"
356,breaks in linear flow,"('/home/toffer/Repos/flask-tags/flask-0.7/scripts/flask-07-upgrade.py', 225, 225)"
357,breaks in linear flow,"('/home/toffer/Repos/flask-tags/flask-0.7/scripts/flask-07-upgrade.py', 232, 232)"
358,breaks in linear flow,"('/home/toffer/Repos/flask-tags/flask-0.7/scripts/flask-07-upgrade.py', 248, 248)"
359,breaks in linear flow,"('/home/toffer/Repos/flask-tags/flask-0.7/scripts/flask-07-upgrade.py', 250, 250)"
360,breaks in linear flow,"('/home/toffer/Repos/flask-tags/flask-0.7/scripts/flask-07-upgrade.py', 252, 252)"
361,breaks in linear flow,"('/home/toffer/Repos/flask-tags/flask-0.7/scripts/flask-07-upgrade.py', 253, 253)"
362,breaks in linear flow,"('/home/toffer/Repos/flask-tags/flask-0.7/scripts/flask-07-upgrade.py', 254, 254)"
363,breaks in linear flow,"('/home/toffer/Repos/flask-tags/flask-0.7/scripts/flask-07-upgrade.py', 261, 261)"
364,breaks in linear flow,"('/home/toffer/Repos/flask-tags/flask-0.7/scripts/flask-07-upgrade.py', 266, 266)"
365,breaks in linear flow,"('/home/toffer/Repos/flask-tags/flask-0.7/scripts/flask-07-upgrade.py', 269, 269)"
366,breaks in linear flow,"('/home/toffer/Repos/flask-tags/flask-0.7/scripts/flask-07-upgrade.py', 286, 286)"
367,breaks in linear flow,"('/home/toffer/Repos/flask-tags/flask-0.7/scripts/flask-07-upgrade.py', 289, 289)"
368,breaks in linear flow,"('/home/toffer/Repos/flask-tags/flask-0.7/scripts/flask-07-upgrade.py', 294, 294)"
369,breaks in linear flow,"('/home/toffer/Repos/flask-tags/flask-0.7/scripts/flask-07-upgrade.py', 298, 298)"
370,breaks in linear flow,"('/home/toffer/Repos/flask-tags/flask-0.7/examples/jqueryexample/jqueryexample.py', 28, 28)"
371,breaks in linear flow,"('/home/toffer/Repos/flask-tags/flask-0.7/examples/flaskr/flaskr.py', 65, 65)"
372,breaks in linear flow,"('/home/toffer/Repos/flask-tags/flask-0.7/examples/flaskr/flaskr.py', 77, 77)"
373,breaks in linear flow,"('/home/toffer/Repos/flask-tags/flask-0.7/examples/flaskr/flaskr.py', 78, 78)"
374,breaks in linear flow,"('/home/toffer/Repos/flask-tags/flask-0.7/examples/flaskr/flaskr.py', 96, 96)"
375,breaks in linear flow,"('/home/toffer/Repos/flask-tags/flask-0.7/examples/flaskr/flaskr_tests.py', 74, 74)"
376,breaks in linear flow,"('/home/toffer/Repos/flask-tags/flask-0.7/examples/minitwit/minitwit.py', 80, 80)"
377,breaks in linear flow,"('/home/toffer/Repos/flask-tags/flask-0.7/examples/minitwit/minitwit.py', 97, 97)"
378,breaks in linear flow,"('/home/toffer/Repos/flask-tags/flask-0.7/examples/minitwit/minitwit.py', 123, 123)"
379,breaks in linear flow,"('/home/toffer/Repos/flask-tags/flask-0.7/examples/minitwit/minitwit.py', 126, 126)"
380,breaks in linear flow,"('/home/toffer/Repos/flask-tags/flask-0.7/examples/minitwit/minitwit.py', 142, 142)"
381,breaks in linear flow,"('/home/toffer/Repos/flask-tags/flask-0.7/examples/minitwit/minitwit.py', 145, 145)"
382,breaks in linear flow,"('/home/toffer/Repos/flask-tags/flask-0.7/examples/minitwit/minitwit.py', 157, 157)"
383,breaks in linear flow,"('/home/toffer/Repos/flask-tags/flask-0.7/examples/minitwit/minitwit.py', 160, 160)"
384,breaks in linear flow,"('/home/toffer/Repos/flask-tags/flask-0.7/examples/minitwit/minitwit.py', 172, 172)"
385,breaks in linear flow,"('/home/toffer/Repos/flask-tags/flask-0.7/examples/minitwit/minitwit.py', 174, 174)"
386,breaks in linear flow,"('/home/toffer/Repos/flask-tags/flask-0.7/examples/minitwit/minitwit.py', 186, 186)"
387,breaks in linear flow,"('/home/toffer/Repos/flask-tags/flask-0.7/examples/minitwit/minitwit.py', 189, 189)"
388,breaks in linear flow,"('/home/toffer/Repos/flask-tags/flask-0.7/examples/minitwit/minitwit.py', 192, 192)"
389,breaks in linear flow,"('/home/toffer/Repos/flask-tags/flask-0.7/examples/minitwit/minitwit.py', 207, 207)"
390,breaks in linear flow,"('/home/toffer/Repos/flask-tags/flask-0.7/examples/minitwit/minitwit.py', 210, 210)"
391,breaks in linear flow,"('/home/toffer/Repos/flask-tags/flask-0.7/examples/minitwit/minitwit.py', 211, 211)"
392,breaks in linear flow,"('/home/toffer/Repos/flask-tags/flask-0.7/examples/minitwit/minitwit.py', 246, 246)"
393,breaks in linear flow,"('/home/toffer/Repos/flask-tags/flask-0.7/examples/minitwit/minitwit_tests.py', 34, 34)"
394,breaks in linear flow,"('/home/toffer/Repos/flask-tags/flask-0.7/examples/minitwit/minitwit_tests.py', 36, 36)"
395,breaks in linear flow,"('/home/toffer/Repos/flask-tags/flask-0.7/examples/minitwit/minitwit_tests.py', 65, 65)"
396,breaks in linear flow,"('/home/toffer/Repos/flask-tags/flask-0.7/examples/minitwit/minitwit_tests.py', 148, 148)"
397,recursion,"('/home/toffer/Repos/flask-tags/flask-0.7/tests/flaskext_test.py', 188, 188)"
398,recursion,"('/home/toffer/Repos/flask-tags/flask-0.7/tests/flaskext_test.py', 249, 249)"
399,recursion,"('/home/toffer/Repos/flask-tags/flask-0.7/scripts/make-release.py', 128, 129)"
400,recursion,"('/home/toffer/Repos/flask-tags/flask-0.7/scripts/make-release.py', 140, 140)"
