,type,file_start_end
0,method length,"('/home/toffer/Repos/flask-tags/flask-0.11/tests/test_helpers.py', 207, 235)"
1,method length,"('/home/toffer/Repos/flask-tags/flask-0.11/tests/test_helpers.py', 256, 325)"
2,method length,"('/home/toffer/Repos/flask-tags/flask-0.11/tests/test_helpers.py', 352, 423)"
3,method length,"('/home/toffer/Repos/flask-tags/flask-0.11/tests/test_helpers.py', 425, 453)"
4,method length,"('/home/toffer/Repos/flask-tags/flask-0.11/tests/test_helpers.py', 455, 495)"
5,method length,"('/home/toffer/Repos/flask-tags/flask-0.11/tests/conftest.py', 37, 64)"
6,method length,"('/home/toffer/Repos/flask-tags/flask-0.11/tests/conftest.py', 93, 119)"
7,method length,"('/home/toffer/Repos/flask-tags/flask-0.11/tests/test_cli.py', 90, 117)"
8,method length,"('/home/toffer/Repos/flask-tags/flask-0.11/tests/test_basic.py', 107, 143)"
9,method length,"('/home/toffer/Repos/flask-tags/flask-0.11/tests/test_basic.py', 318, 350)"
10,method length,"('/home/toffer/Repos/flask-tags/flask-0.11/tests/test_basic.py', 372, 401)"
11,method length,"('/home/toffer/Repos/flask-tags/flask-0.11/tests/test_basic.py', 404, 445)"
12,method length,"('/home/toffer/Repos/flask-tags/flask-0.11/tests/test_basic.py', 467, 546)"
13,method length,"('/home/toffer/Repos/flask-tags/flask-0.11/tests/test_basic.py', 656, 691)"
14,method length,"('/home/toffer/Repos/flask-tags/flask-0.11/tests/test_basic.py', 694, 729)"
15,method length,"('/home/toffer/Repos/flask-tags/flask-0.11/tests/test_basic.py', 732, 768)"
16,method length,"('/home/toffer/Repos/flask-tags/flask-0.11/tests/test_basic.py', 805, 837)"
17,method length,"('/home/toffer/Repos/flask-tags/flask-0.11/tests/test_basic.py', 890, 947)"
18,method length,"('/home/toffer/Repos/flask-tags/flask-0.11/tests/test_basic.py', 1140, 1194)"
19,method length,"('/home/toffer/Repos/flask-tags/flask-0.11/tests/test_basic.py', 1266, 1295)"
20,method length,"('/home/toffer/Repos/flask-tags/flask-0.11/tests/test_basic.py', 1469, 1501)"
21,method length,"('/home/toffer/Repos/flask-tags/flask-0.11/tests/test_signals.py', 73, 110)"
22,method length,"('/home/toffer/Repos/flask-tags/flask-0.11/tests/test_ext.py', 28, 54)"
23,method length,"('/home/toffer/Repos/flask-tags/flask-0.11/tests/test_reqctx.py', 66, 104)"
24,method length,"('/home/toffer/Repos/flask-tags/flask-0.11/tests/test_config.py', 47, 73)"
25,method length,"('/home/toffer/Repos/flask-tags/flask-0.11/tests/test_testing.py', 46, 76)"
26,method length,"('/home/toffer/Repos/flask-tags/flask-0.11/tests/test_testing.py', 129, 158)"
27,method length,"('/home/toffer/Repos/flask-tags/flask-0.11/tests/test_blueprints.py', 21, 59)"
28,method length,"('/home/toffer/Repos/flask-tags/flask-0.11/tests/test_blueprints.py', 61, 92)"
29,method length,"('/home/toffer/Repos/flask-tags/flask-0.11/tests/test_blueprints.py', 142, 182)"
30,method length,"('/home/toffer/Repos/flask-tags/flask-0.11/tests/test_blueprints.py', 273, 304)"
31,method length,"('/home/toffer/Repos/flask-tags/flask-0.11/tests/test_blueprints.py', 306, 356)"
32,method length,"('/home/toffer/Repos/flask-tags/flask-0.11/tests/test_templating.py', 318, 347)"
33,method length,"('/home/toffer/Repos/flask-tags/flask-0.11/tests/test_templating.py', 349, 382)"
34,method length,"('/home/toffer/Repos/flask-tags/flask-0.11/tests/test_user_error_handler.py', 6, 32)"
35,method length,"('/home/toffer/Repos/flask-tags/flask-0.11/tests/test_user_error_handler.py', 35, 73)"
36,method length,"('/home/toffer/Repos/flask-tags/flask-0.11/tests/test_user_error_handler.py', 76, 111)"
37,method length,"('/home/toffer/Repos/flask-tags/flask-0.11/tests/test_user_error_handler.py', 114, 140)"
38,method length,"('/home/toffer/Repos/flask-tags/flask-0.11/flask/blueprints.py', 25, 60)"
39,method length,"('/home/toffer/Repos/flask-tags/flask-0.11/flask/sessions.py', 333, 362)"
40,method length,"('/home/toffer/Repos/flask-tags/flask-0.11/flask/ctx.py', 79, 111)"
41,method length,"('/home/toffer/Repos/flask-tags/flask-0.11/flask/ctx.py', 114, 143)"
42,method length,"('/home/toffer/Repos/flask-tags/flask-0.11/flask/ctx.py', 237, 265)"
43,method length,"('/home/toffer/Repos/flask-tags/flask-0.11/flask/ctx.py', 299, 334)"
44,method length,"('/home/toffer/Repos/flask-tags/flask-0.11/flask/ctx.py', 336, 379)"
45,method length,"('/home/toffer/Repos/flask-tags/flask-0.11/flask/helpers.py', 72, 141)"
46,method length,"('/home/toffer/Repos/flask-tags/flask-0.11/flask/helpers.py', 144, 190)"
47,method length,"('/home/toffer/Repos/flask-tags/flask-0.11/flask/helpers.py', 193, 336)"
48,method length,"('/home/toffer/Repos/flask-tags/flask-0.11/flask/helpers.py', 362, 388)"
49,method length,"('/home/toffer/Repos/flask-tags/flask-0.11/flask/helpers.py', 391, 427)"
50,method length,"('/home/toffer/Repos/flask-tags/flask-0.11/flask/helpers.py', 432, 576)"
51,method length,"('/home/toffer/Repos/flask-tags/flask-0.11/flask/helpers.py', 606, 642)"
52,method length,"('/home/toffer/Repos/flask-tags/flask-0.11/flask/helpers.py', 645, 688)"
53,method length,"('/home/toffer/Repos/flask-tags/flask-0.11/flask/helpers.py', 714, 766)"
54,method length,"('/home/toffer/Repos/flask-tags/flask-0.11/flask/app.py', 343, 550)"
55,method length,"('/home/toffer/Repos/flask-tags/flask-0.11/flask/app.py', 680, 712)"
56,method length,"('/home/toffer/Repos/flask-tags/flask-0.11/flask/app.py', 783, 848)"
57,method length,"('/home/toffer/Repos/flask-tags/flask-0.11/flask/app.py', 850, 904)"
58,method length,"('/home/toffer/Repos/flask-tags/flask-0.11/flask/app.py', 937, 968)"
59,method length,"('/home/toffer/Repos/flask-tags/flask-0.11/flask/app.py', 978, 1069)"
60,method length,"('/home/toffer/Repos/flask-tags/flask-0.11/flask/app.py', 1071, 1099)"
61,method length,"('/home/toffer/Repos/flask-tags/flask-0.11/flask/app.py', 1133, 1177)"
62,method length,"('/home/toffer/Repos/flask-tags/flask-0.11/flask/app.py', 1343, 1379)"
63,method length,"('/home/toffer/Repos/flask-tags/flask-0.11/flask/app.py', 1382, 1410)"
64,method length,"('/home/toffer/Repos/flask-tags/flask-0.11/flask/app.py', 1445, 1481)"
65,method length,"('/home/toffer/Repos/flask-tags/flask-0.11/flask/app.py', 1547, 1574)"
66,method length,"('/home/toffer/Repos/flask-tags/flask-0.11/flask/app.py', 1696, 1756)"
67,method length,"('/home/toffer/Repos/flask-tags/flask-0.11/flask/app.py', 1916, 1944)"
68,method length,"('/home/toffer/Repos/flask-tags/flask-0.11/flask/app.py', 1958, 1996)"
69,method length,"('/home/toffer/Repos/flask-tags/flask-0.11/flask/cli.py', 51, 77)"
70,method length,"('/home/toffer/Repos/flask-tags/flask-0.11/flask/cli.py', 366, 403)"
71,method length,"('/home/toffer/Repos/flask-tags/flask-0.11/flask/cli.py', 408, 437)"
72,method length,"('/home/toffer/Repos/flask-tags/flask-0.11/flask/wrappers.py', 125, 164)"
73,method length,"('/home/toffer/Repos/flask-tags/flask-0.11/flask/testing.py', 52, 99)"
74,method length,"('/home/toffer/Repos/flask-tags/flask-0.11/flask/debughelpers.py', 110, 155)"
75,method length,"('/home/toffer/Repos/flask-tags/flask-0.11/flask/exthook.py', 63, 110)"
76,method length,"('/home/toffer/Repos/flask-tags/flask-0.11/flask/logging.py', 50, 90)"
77,method length,"('/home/toffer/Repos/flask-tags/flask-0.11/flask/json.py', 161, 193)"
78,method length,"('/home/toffer/Repos/flask-tags/flask-0.11/flask/json.py', 201, 268)"
79,method length,"('/home/toffer/Repos/flask-tags/flask-0.11/flask/config.py', 111, 137)"
80,method length,"('/home/toffer/Repos/flask-tags/flask-0.11/flask/config.py', 139, 166)"
81,method length,"('/home/toffer/Repos/flask-tags/flask-0.11/flask/config.py', 216, 255)"
82,method length,"('/home/toffer/Repos/flask-tags/flask-0.11/flask/views.py', 73, 102)"
83,method length,"('/home/toffer/Repos/flask-tags/flask-0.11/scripts/make-release.py', 114, 141)"
84,method length,"('/home/toffer/Repos/flask-tags/flask-0.11/scripts/flaskext_tester.py', 120, 147)"
85,method length,"('/home/toffer/Repos/flask-tags/flask-0.11/scripts/flask-07-upgrade.py', 85, 124)"
86,method length,"('/home/toffer/Repos/flask-tags/flask-0.11/scripts/flask-07-upgrade.py', 128, 169)"
87,method length,"('/home/toffer/Repos/flask-tags/flask-0.11/scripts/flaskext_compat.py', 51, 83)"
88,method length,"('/home/toffer/Repos/flask-tags/flask-0.11/examples/minitwit/test_minitwit.py', 113, 151)"
89,method length,"('/home/toffer/Repos/flask-tags/flask-0.11/examples/minitwit/minitwit.py', 217, 243)"
90,file length,"('/home/toffer/Repos/flask-tags/flask-0.11/tests/test_helpers.py', -1, -1)"
91,file length,"('/home/toffer/Repos/flask-tags/flask-0.11/tests/test_basic.py', -1, -1)"
92,file length,"('/home/toffer/Repos/flask-tags/flask-0.11/tests/test_blueprints.py', -1, -1)"
93,file length,"('/home/toffer/Repos/flask-tags/flask-0.11/tests/test_templating.py', -1, -1)"
94,file length,"('/home/toffer/Repos/flask-tags/flask-0.11/flask/blueprints.py', -1, -1)"
95,file length,"('/home/toffer/Repos/flask-tags/flask-0.11/flask/sessions.py', -1, -1)"
96,file length,"('/home/toffer/Repos/flask-tags/flask-0.11/flask/ctx.py', -1, -1)"
97,file length,"('/home/toffer/Repos/flask-tags/flask-0.11/flask/helpers.py', -1, -1)"
98,file length,"('/home/toffer/Repos/flask-tags/flask-0.11/flask/app.py', -1, -1)"
99,file length,"('/home/toffer/Repos/flask-tags/flask-0.11/flask/cli.py', -1, -1)"
100,argument count,"('/home/toffer/Repos/flask-tags/flask-0.11/docs/flaskdocext.py', 8, 8)"
101,argument count,"('/home/toffer/Repos/flask-tags/flask-0.11/tests/test_basic.py', 1227, 1228)"
102,argument count,"('/home/toffer/Repos/flask-tags/flask-0.11/tests/test_basic.py', 1623, 1623)"
103,argument count,"('/home/toffer/Repos/flask-tags/flask-0.11/tests/test_instance_config.py', 64, 65)"
104,argument count,"('/home/toffer/Repos/flask-tags/flask-0.11/tests/test_instance_config.py', 77, 79)"
105,argument count,"('/home/toffer/Repos/flask-tags/flask-0.11/tests/test_instance_config.py', 93, 95)"
106,argument count,"('/home/toffer/Repos/flask-tags/flask-0.11/flask/blueprints.py', 24, 24)"
107,argument count,"('/home/toffer/Repos/flask-tags/flask-0.11/flask/blueprints.py', 62, 62)"
108,argument count,"('/home/toffer/Repos/flask-tags/flask-0.11/flask/blueprints.py', 92, 95)"
109,argument count,"('/home/toffer/Repos/flask-tags/flask-0.11/flask/blueprints.py', 166, 166)"
110,argument count,"('/home/toffer/Repos/flask-tags/flask-0.11/flask/helpers.py', 430, 432)"
111,argument count,"('/home/toffer/Repos/flask-tags/flask-0.11/flask/app.py', 340, 343)"
112,argument count,"('/home/toffer/Repos/flask-tags/flask-0.11/flask/app.py', 783, 783)"
113,argument count,"('/home/toffer/Repos/flask-tags/flask-0.11/flask/app.py', 978, 978)"
114,argument count,"('/home/toffer/Repos/flask-tags/flask-0.11/flask/cli.py', 365, 366)"
115,argument count,"('/home/toffer/Repos/flask-tags/flask-0.11/flask/testing.py', 23, 23)"
116,argument count,"('/home/toffer/Repos/flask-tags/flask-0.11/scripts/flaskext_tester.py', 120, 120)"
117,argument count,"('/home/toffer/Repos/flask-tags/flask-0.11/examples/minitwit/test_minitwit.py', 32, 32)"
118,method count,"('/home/toffer/Repos/flask-tags/flask-0.11/tests/test_appctx.py', 17, 160)"
119,method count,"('/home/toffer/Repos/flask-tags/flask-0.11/tests/test_helpers.py', 24, 732)"
120,method count,"('/home/toffer/Repos/flask-tags/flask-0.11/tests/test_basic.py', 28, 1623)"
121,method count,"('/home/toffer/Repos/flask-tags/flask-0.11/tests/test_signals.py', 27, 191)"
122,method count,"('/home/toffer/Repos/flask-tags/flask-0.11/tests/test_views.py', 19, 153)"
123,method count,"('/home/toffer/Repos/flask-tags/flask-0.11/tests/test_ext.py', 24, 186)"
124,method count,"('/home/toffer/Repos/flask-tags/flask-0.11/tests/test_reqctx.py', 22, 186)"
125,method count,"('/home/toffer/Repos/flask-tags/flask-0.11/tests/test_testing.py', 18, 226)"
126,method count,"('/home/toffer/Repos/flask-tags/flask-0.11/tests/test_blueprints.py', 21, 571)"
127,method count,"('/home/toffer/Repos/flask-tags/flask-0.11/tests/test_templating.py', 19, 391)"
128,method count,"('/home/toffer/Repos/flask-tags/flask-0.11/tests/test_user_error_handler.py', 6, 132)"
129,method count,"('/home/toffer/Repos/flask-tags/flask-0.11/flask/blueprints.py', 24, 412)"
130,method count,"('/home/toffer/Repos/flask-tags/flask-0.11/flask/sessions.py', 30, 361)"
131,method count,"('/home/toffer/Repos/flask-tags/flask-0.11/flask/ctx.py', 29, 409)"
132,method count,"('/home/toffer/Repos/flask-tags/flask-0.11/flask/helpers.py', 56, 929)"
133,method count,"('/home/toffer/Repos/flask-tags/flask-0.11/flask/app.py', 46, 2005)"
134,method count,"('/home/toffer/Repos/flask-tags/flask-0.11/flask/cli.py', 27, 477)"
135,Return Statements,"('/home/toffer/Repos/flask-tags/flask-0.11/tests/test_helpers.py', 207, 235)"
136,Return Statements,"('/home/toffer/Repos/flask-tags/flask-0.11/tests/test_basic.py', 461, 546)"
137,Return Statements,"('/home/toffer/Repos/flask-tags/flask-0.11/tests/test_basic.py', 890, 947)"
138,Return Statements,"('/home/toffer/Repos/flask-tags/flask-0.11/tests/test_blueprints.py', 272, 304)"
139,Return Statements,"('/home/toffer/Repos/flask-tags/flask-0.11/flask/sessions.py', 52, 76)"
140,Return Statements,"('/home/toffer/Repos/flask-tags/flask-0.11/flask/sessions.py', 87, 103)"
141,Return Statements,"('/home/toffer/Repos/flask-tags/flask-0.11/flask/sessions.py', 88, 102)"
142,Return Statements,"('/home/toffer/Repos/flask-tags/flask-0.11/scripts/flask-07-upgrade.py', 85, 124)"
143,Return Statements,"('/home/toffer/Repos/flask-tags/flask-0.11/scripts/flask-07-upgrade.py', 127, 169)"
144,nested controlflow,"('/home/toffer/Repos/flask-tags/flask-0.11/flask/helpers.py', 275, 283)"
145,nested controlflow,"('/home/toffer/Repos/flask-tags/flask-0.11/scripts/flask-07-upgrade.py', 75, 80)"
146,nested controlflow,"('/home/toffer/Repos/flask-tags/flask-0.11/scripts/flask-07-upgrade.py', 102, 108)"
147,nested controlflow,"('/home/toffer/Repos/flask-tags/flask-0.11/scripts/flask-07-upgrade.py', 248, 262)"
148,breaks in linear flow,"('/home/toffer/Repos/flask-tags/flask-0.11/docs/flaskdocext.py', 10, 10)"
149,breaks in linear flow,"('/home/toffer/Repos/flask-tags/flask-0.11/docs/conf.py', 57, 57)"
150,breaks in linear flow,"('/home/toffer/Repos/flask-tags/flask-0.11/docs/conf.py', 63, 63)"
151,breaks in linear flow,"('/home/toffer/Repos/flask-tags/flask-0.11/docs/conf.py', 262, 262)"
152,breaks in linear flow,"('/home/toffer/Repos/flask-tags/flask-0.11/tests/test_appctx.py', 73, 73)"
153,breaks in linear flow,"('/home/toffer/Repos/flask-tags/flask-0.11/tests/test_appctx.py', 91, 91)"
154,breaks in linear flow,"('/home/toffer/Repos/flask-tags/flask-0.11/tests/test_appctx.py', 166, 166)"
155,breaks in linear flow,"('/home/toffer/Repos/flask-tags/flask-0.11/tests/test_helpers.py', 29, 29)"
156,breaks in linear flow,"('/home/toffer/Repos/flask-tags/flask-0.11/tests/test_helpers.py', 110, 110)"
157,breaks in linear flow,"('/home/toffer/Repos/flask-tags/flask-0.11/tests/test_helpers.py', 132, 132)"
158,breaks in linear flow,"('/home/toffer/Repos/flask-tags/flask-0.11/tests/test_helpers.py', 152, 152)"
159,breaks in linear flow,"('/home/toffer/Repos/flask-tags/flask-0.11/tests/test_helpers.py', 168, 168)"
160,breaks in linear flow,"('/home/toffer/Repos/flask-tags/flask-0.11/tests/test_helpers.py', 213, 213)"
161,breaks in linear flow,"('/home/toffer/Repos/flask-tags/flask-0.11/tests/test_helpers.py', 221, 221)"
162,breaks in linear flow,"('/home/toffer/Repos/flask-tags/flask-0.11/tests/test_helpers.py', 253, 253)"
163,breaks in linear flow,"('/home/toffer/Repos/flask-tags/flask-0.11/tests/test_helpers.py', 324, 324)"
164,breaks in linear flow,"('/home/toffer/Repos/flask-tags/flask-0.11/tests/test_helpers.py', 585, 585)"
165,breaks in linear flow,"('/home/toffer/Repos/flask-tags/flask-0.11/tests/test_helpers.py', 589, 589)"
166,breaks in linear flow,"('/home/toffer/Repos/flask-tags/flask-0.11/tests/test_helpers.py', 598, 598)"
167,breaks in linear flow,"('/home/toffer/Repos/flask-tags/flask-0.11/tests/test_helpers.py', 645, 645)"
168,breaks in linear flow,"('/home/toffer/Repos/flask-tags/flask-0.11/tests/test_helpers.py', 679, 679)"
169,breaks in linear flow,"('/home/toffer/Repos/flask-tags/flask-0.11/tests/conftest.py', 30, 30)"
170,breaks in linear flow,"('/home/toffer/Repos/flask-tags/flask-0.11/tests/conftest.py', 47, 47)"
171,breaks in linear flow,"('/home/toffer/Repos/flask-tags/flask-0.11/tests/conftest.py', 55, 55)"
172,breaks in linear flow,"('/home/toffer/Repos/flask-tags/flask-0.11/tests/conftest.py', 97, 97)"
173,breaks in linear flow,"('/home/toffer/Repos/flask-tags/flask-0.11/tests/test_regression.py', 44, 44)"
174,breaks in linear flow,"('/home/toffer/Repos/flask-tags/flask-0.11/tests/test_regression.py', 67, 67)"
175,breaks in linear flow,"('/home/toffer/Repos/flask-tags/flask-0.11/tests/test_regression.py', 70, 70)"
176,breaks in linear flow,"('/home/toffer/Repos/flask-tags/flask-0.11/tests/test_basic.py', 670, 670)"
177,breaks in linear flow,"('/home/toffer/Repos/flask-tags/flask-0.11/tests/test_basic.py', 682, 682)"
178,breaks in linear flow,"('/home/toffer/Repos/flask-tags/flask-0.11/tests/test_basic.py', 1057, 1057)"
179,breaks in linear flow,"('/home/toffer/Repos/flask-tags/flask-0.11/tests/test_basic.py', 1061, 1061)"
180,breaks in linear flow,"('/home/toffer/Repos/flask-tags/flask-0.11/tests/test_basic.py', 1128, 1128)"
181,breaks in linear flow,"('/home/toffer/Repos/flask-tags/flask-0.11/tests/test_basic.py', 1172, 1172)"
182,breaks in linear flow,"('/home/toffer/Repos/flask-tags/flask-0.11/tests/test_basic.py', 1185, 1185)"
183,breaks in linear flow,"('/home/toffer/Repos/flask-tags/flask-0.11/tests/test_basic.py', 1206, 1206)"
184,breaks in linear flow,"('/home/toffer/Repos/flask-tags/flask-0.11/tests/test_basic.py', 1217, 1217)"
185,breaks in linear flow,"('/home/toffer/Repos/flask-tags/flask-0.11/tests/test_basic.py', 1271, 1271)"
186,breaks in linear flow,"('/home/toffer/Repos/flask-tags/flask-0.11/tests/test_basic.py', 1457, 1457)"
187,breaks in linear flow,"('/home/toffer/Repos/flask-tags/flask-0.11/tests/test_signals.py', 16, 16)"
188,breaks in linear flow,"('/home/toffer/Repos/flask-tags/flask-0.11/tests/test_ext.py', 17, 17)"
189,breaks in linear flow,"('/home/toffer/Repos/flask-tags/flask-0.11/tests/test_ext.py', 29, 29)"
190,breaks in linear flow,"('/home/toffer/Repos/flask-tags/flask-0.11/tests/test_ext.py', 30, 30)"
191,breaks in linear flow,"('/home/toffer/Repos/flask-tags/flask-0.11/tests/test_ext.py', 42, 42)"
192,breaks in linear flow,"('/home/toffer/Repos/flask-tags/flask-0.11/tests/test_ext.py', 44, 44)"
193,breaks in linear flow,"('/home/toffer/Repos/flask-tags/flask-0.11/tests/test_ext.py', 51, 51)"
194,breaks in linear flow,"('/home/toffer/Repos/flask-tags/flask-0.11/tests/test_ext.py', 162, 162)"
195,breaks in linear flow,"('/home/toffer/Repos/flask-tags/flask-0.11/tests/test_ext.py', 172, 172)"
196,breaks in linear flow,"('/home/toffer/Repos/flask-tags/flask-0.11/tests/test_ext.py', 182, 182)"
197,breaks in linear flow,"('/home/toffer/Repos/flask-tags/flask-0.11/tests/test_reqctx.py', 18, 18)"
198,breaks in linear flow,"('/home/toffer/Repos/flask-tags/flask-0.11/tests/test_reqctx.py', 44, 44)"
199,breaks in linear flow,"('/home/toffer/Repos/flask-tags/flask-0.11/tests/test_reqctx.py', 62, 62)"
200,breaks in linear flow,"('/home/toffer/Repos/flask-tags/flask-0.11/tests/test_reqctx.py', 91, 91)"
201,breaks in linear flow,"('/home/toffer/Repos/flask-tags/flask-0.11/tests/test_instance_config.py', 117, 117)"
202,breaks in linear flow,"('/home/toffer/Repos/flask-tags/flask-0.11/tests/test_testing.py', 52, 52)"
203,breaks in linear flow,"('/home/toffer/Repos/flask-tags/flask-0.11/tests/test_testing.py', 72, 72)"
204,breaks in linear flow,"('/home/toffer/Repos/flask-tags/flask-0.11/tests/test_testing.py', 155, 155)"
205,breaks in linear flow,"('/home/toffer/Repos/flask-tags/flask-0.11/tests/test_blueprints.py', 163, 163)"
206,breaks in linear flow,"('/home/toffer/Repos/flask-tags/flask-0.11/tests/test_blueprints.py', 198, 198)"
207,breaks in linear flow,"('/home/toffer/Repos/flask-tags/flask-0.11/tests/test_blueprints.py', 317, 317)"
208,breaks in linear flow,"('/home/toffer/Repos/flask-tags/flask-0.11/tests/test_blueprints.py', 326, 326)"
209,breaks in linear flow,"('/home/toffer/Repos/flask-tags/flask-0.11/flask/blueprints.py', 42, 42)"
210,breaks in linear flow,"('/home/toffer/Repos/flask-tags/flask-0.11/flask/blueprints.py', 50, 50)"
211,breaks in linear flow,"('/home/toffer/Repos/flask-tags/flask-0.11/flask/blueprints.py', 67, 67)"
212,breaks in linear flow,"('/home/toffer/Repos/flask-tags/flask-0.11/flask/blueprints.py', 70, 70)"
213,breaks in linear flow,"('/home/toffer/Repos/flask-tags/flask-0.11/flask/blueprints.py', 73, 73)"
214,breaks in linear flow,"('/home/toffer/Repos/flask-tags/flask-0.11/flask/blueprints.py', 104, 104)"
215,breaks in linear flow,"('/home/toffer/Repos/flask-tags/flask-0.11/flask/blueprints.py', 114, 114)"
216,breaks in linear flow,"('/home/toffer/Repos/flask-tags/flask-0.11/flask/blueprints.py', 128, 128)"
217,breaks in linear flow,"('/home/toffer/Repos/flask-tags/flask-0.11/flask/blueprints.py', 148, 148)"
218,breaks in linear flow,"('/home/toffer/Repos/flask-tags/flask-0.11/flask/blueprints.py', 153, 153)"
219,breaks in linear flow,"('/home/toffer/Repos/flask-tags/flask-0.11/flask/blueprints.py', 170, 170)"
220,breaks in linear flow,"('/home/toffer/Repos/flask-tags/flask-0.11/flask/globals.py', 36, 36)"
221,breaks in linear flow,"('/home/toffer/Repos/flask-tags/flask-0.11/flask/globals.py', 43, 43)"
222,breaks in linear flow,"('/home/toffer/Repos/flask-tags/flask-0.11/flask/globals.py', 50, 50)"
223,breaks in linear flow,"('/home/toffer/Repos/flask-tags/flask-0.11/flask/__main__.py', 13, 13)"
224,breaks in linear flow,"('/home/toffer/Repos/flask-tags/flask-0.11/flask/sessions.py', 53, 53)"
225,breaks in linear flow,"('/home/toffer/Repos/flask-tags/flask-0.11/flask/sessions.py', 70, 70)"
226,breaks in linear flow,"('/home/toffer/Repos/flask-tags/flask-0.11/flask/sessions.py', 89, 89)"
227,breaks in linear flow,"('/home/toffer/Repos/flask-tags/flask-0.11/flask/sessions.py', 92, 92)"
228,breaks in linear flow,"('/home/toffer/Repos/flask-tags/flask-0.11/flask/sessions.py', 202, 202)"
229,breaks in linear flow,"('/home/toffer/Repos/flask-tags/flask-0.11/flask/sessions.py', 204, 204)"
230,breaks in linear flow,"('/home/toffer/Repos/flask-tags/flask-0.11/flask/sessions.py', 211, 211)"
231,breaks in linear flow,"('/home/toffer/Repos/flask-tags/flask-0.11/flask/sessions.py', 217, 217)"
232,breaks in linear flow,"('/home/toffer/Repos/flask-tags/flask-0.11/flask/sessions.py', 219, 219)"
233,breaks in linear flow,"('/home/toffer/Repos/flask-tags/flask-0.11/flask/sessions.py', 252, 252)"
234,breaks in linear flow,"('/home/toffer/Repos/flask-tags/flask-0.11/flask/sessions.py', 268, 268)"
235,breaks in linear flow,"('/home/toffer/Repos/flask-tags/flask-0.11/flask/sessions.py', 309, 309)"
236,breaks in linear flow,"('/home/toffer/Repos/flask-tags/flask-0.11/flask/sessions.py', 321, 321)"
237,breaks in linear flow,"('/home/toffer/Repos/flask-tags/flask-0.11/flask/sessions.py', 324, 324)"
238,breaks in linear flow,"('/home/toffer/Repos/flask-tags/flask-0.11/flask/sessions.py', 330, 330)"
239,breaks in linear flow,"('/home/toffer/Repos/flask-tags/flask-0.11/flask/sessions.py', 340, 340)"
240,breaks in linear flow,"('/home/toffer/Repos/flask-tags/flask-0.11/flask/sessions.py', 341, 341)"
241,breaks in linear flow,"('/home/toffer/Repos/flask-tags/flask-0.11/flask/sessions.py', 353, 353)"
242,breaks in linear flow,"('/home/toffer/Repos/flask-tags/flask-0.11/flask/templating.py', 25, 25)"
243,breaks in linear flow,"('/home/toffer/Repos/flask-tags/flask-0.11/flask/templating.py', 27, 27)"
244,breaks in linear flow,"('/home/toffer/Repos/flask-tags/flask-0.11/flask/templating.py', 40, 40)"
245,breaks in linear flow,"('/home/toffer/Repos/flask-tags/flask-0.11/flask/templating.py', 55, 55)"
246,breaks in linear flow,"('/home/toffer/Repos/flask-tags/flask-0.11/flask/templating.py', 63, 63)"
247,breaks in linear flow,"('/home/toffer/Repos/flask-tags/flask-0.11/flask/templating.py', 66, 66)"
248,breaks in linear flow,"('/home/toffer/Repos/flask-tags/flask-0.11/flask/templating.py', 68, 68)"
249,breaks in linear flow,"('/home/toffer/Repos/flask-tags/flask-0.11/flask/templating.py', 75, 75)"
250,breaks in linear flow,"('/home/toffer/Repos/flask-tags/flask-0.11/flask/templating.py', 80, 80)"
251,breaks in linear flow,"('/home/toffer/Repos/flask-tags/flask-0.11/flask/templating.py', 83, 83)"
252,breaks in linear flow,"('/home/toffer/Repos/flask-tags/flask-0.11/flask/templating.py', 84, 84)"
253,breaks in linear flow,"('/home/toffer/Repos/flask-tags/flask-0.11/flask/templating.py', 89, 89)"
254,breaks in linear flow,"('/home/toffer/Repos/flask-tags/flask-0.11/flask/templating.py', 92, 92)"
255,breaks in linear flow,"('/home/toffer/Repos/flask-tags/flask-0.11/flask/templating.py', 94, 94)"
256,breaks in linear flow,"('/home/toffer/Repos/flask-tags/flask-0.11/flask/templating.py', 100, 100)"
257,breaks in linear flow,"('/home/toffer/Repos/flask-tags/flask-0.11/flask/templating.py', 103, 103)"
258,breaks in linear flow,"('/home/toffer/Repos/flask-tags/flask-0.11/flask/templating.py', 105, 105)"
259,breaks in linear flow,"('/home/toffer/Repos/flask-tags/flask-0.11/flask/templating.py', 106, 106)"
260,breaks in linear flow,"('/home/toffer/Repos/flask-tags/flask-0.11/flask/ctx.py', 33, 33)"
261,breaks in linear flow,"('/home/toffer/Repos/flask-tags/flask-0.11/flask/ctx.py', 49, 49)"
262,breaks in linear flow,"('/home/toffer/Repos/flask-tags/flask-0.11/flask/ctx.py', 103, 103)"
263,breaks in linear flow,"('/home/toffer/Repos/flask-tags/flask-0.11/flask/ctx.py', 177, 177)"
264,breaks in linear flow,"('/home/toffer/Repos/flask-tags/flask-0.11/flask/ctx.py', 186, 186)"
265,breaks in linear flow,"('/home/toffer/Repos/flask-tags/flask-0.11/flask/ctx.py', 187, 187)"
266,breaks in linear flow,"('/home/toffer/Repos/flask-tags/flask-0.11/flask/ctx.py', 203, 203)"
267,breaks in linear flow,"('/home/toffer/Repos/flask-tags/flask-0.11/flask/ctx.py', 239, 239)"
268,breaks in linear flow,"('/home/toffer/Repos/flask-tags/flask-0.11/flask/ctx.py', 296, 296)"
269,breaks in linear flow,"('/home/toffer/Repos/flask-tags/flask-0.11/flask/ctx.py', 310, 310)"
270,breaks in linear flow,"('/home/toffer/Repos/flask-tags/flask-0.11/flask/ctx.py', 316, 316)"
271,breaks in linear flow,"('/home/toffer/Repos/flask-tags/flask-0.11/flask/ctx.py', 323, 323)"
272,breaks in linear flow,"('/home/toffer/Repos/flask-tags/flask-0.11/flask/ctx.py', 333, 333)"
273,breaks in linear flow,"('/home/toffer/Repos/flask-tags/flask-0.11/flask/ctx.py', 348, 348)"
274,breaks in linear flow,"('/home/toffer/Repos/flask-tags/flask-0.11/flask/ctx.py', 351, 351)"
275,breaks in linear flow,"('/home/toffer/Repos/flask-tags/flask-0.11/flask/ctx.py', 359, 359)"
276,breaks in linear flow,"('/home/toffer/Repos/flask-tags/flask-0.11/flask/ctx.py', 363, 363)"
277,breaks in linear flow,"('/home/toffer/Repos/flask-tags/flask-0.11/flask/ctx.py', 371, 371)"
278,breaks in linear flow,"('/home/toffer/Repos/flask-tags/flask-0.11/flask/ctx.py', 375, 375)"
279,breaks in linear flow,"('/home/toffer/Repos/flask-tags/flask-0.11/flask/ctx.py', 382, 382)"
280,breaks in linear flow,"('/home/toffer/Repos/flask-tags/flask-0.11/flask/ctx.py', 401, 401)"
281,breaks in linear flow,"('/home/toffer/Repos/flask-tags/flask-0.11/flask/helpers.py', 25, 25)"
282,breaks in linear flow,"('/home/toffer/Repos/flask-tags/flask-0.11/flask/helpers.py', 34, 34)"
283,breaks in linear flow,"('/home/toffer/Repos/flask-tags/flask-0.11/flask/helpers.py', 58, 58)"
284,breaks in linear flow,"('/home/toffer/Repos/flask-tags/flask-0.11/flask/helpers.py', 108, 108)"
285,breaks in linear flow,"('/home/toffer/Repos/flask-tags/flask-0.11/flask/helpers.py', 116, 116)"
286,breaks in linear flow,"('/home/toffer/Repos/flask-tags/flask-0.11/flask/helpers.py', 129, 129)"
287,breaks in linear flow,"('/home/toffer/Repos/flask-tags/flask-0.11/flask/helpers.py', 132, 132)"
288,breaks in linear flow,"('/home/toffer/Repos/flask-tags/flask-0.11/flask/helpers.py', 186, 186)"
289,breaks in linear flow,"('/home/toffer/Repos/flask-tags/flask-0.11/flask/helpers.py', 188, 188)"
290,breaks in linear flow,"('/home/toffer/Repos/flask-tags/flask-0.11/flask/helpers.py', 268, 268)"
291,breaks in linear flow,"('/home/toffer/Repos/flask-tags/flask-0.11/flask/helpers.py', 275, 275)"
292,breaks in linear flow,"('/home/toffer/Repos/flask-tags/flask-0.11/flask/helpers.py', 278, 278)"
293,breaks in linear flow,"('/home/toffer/Repos/flask-tags/flask-0.11/flask/helpers.py', 279, 279)"
294,breaks in linear flow,"('/home/toffer/Repos/flask-tags/flask-0.11/flask/helpers.py', 280, 280)"
295,breaks in linear flow,"('/home/toffer/Repos/flask-tags/flask-0.11/flask/helpers.py', 286, 286)"
296,breaks in linear flow,"('/home/toffer/Repos/flask-tags/flask-0.11/flask/helpers.py', 287, 287)"
297,breaks in linear flow,"('/home/toffer/Repos/flask-tags/flask-0.11/flask/helpers.py', 297, 297)"
298,breaks in linear flow,"('/home/toffer/Repos/flask-tags/flask-0.11/flask/helpers.py', 313, 313)"
299,breaks in linear flow,"('/home/toffer/Repos/flask-tags/flask-0.11/flask/helpers.py', 314, 314)"
300,breaks in linear flow,"('/home/toffer/Repos/flask-tags/flask-0.11/flask/helpers.py', 324, 324)"
301,breaks in linear flow,"('/home/toffer/Repos/flask-tags/flask-0.11/flask/helpers.py', 326, 326)"
302,breaks in linear flow,"('/home/toffer/Repos/flask-tags/flask-0.11/flask/helpers.py', 334, 334)"
303,breaks in linear flow,"('/home/toffer/Repos/flask-tags/flask-0.11/flask/helpers.py', 420, 420)"
304,breaks in linear flow,"('/home/toffer/Repos/flask-tags/flask-0.11/flask/helpers.py', 423, 423)"
305,breaks in linear flow,"('/home/toffer/Repos/flask-tags/flask-0.11/flask/helpers.py', 425, 425)"
306,breaks in linear flow,"('/home/toffer/Repos/flask-tags/flask-0.11/flask/helpers.py', 487, 487)"
307,breaks in linear flow,"('/home/toffer/Repos/flask-tags/flask-0.11/flask/helpers.py', 497, 497)"
308,breaks in linear flow,"('/home/toffer/Repos/flask-tags/flask-0.11/flask/helpers.py', 503, 503)"
309,breaks in linear flow,"('/home/toffer/Repos/flask-tags/flask-0.11/flask/helpers.py', 510, 510)"
310,breaks in linear flow,"('/home/toffer/Repos/flask-tags/flask-0.11/flask/helpers.py', 511, 511)"
311,breaks in linear flow,"('/home/toffer/Repos/flask-tags/flask-0.11/flask/helpers.py', 513, 513)"
312,breaks in linear flow,"('/home/toffer/Repos/flask-tags/flask-0.11/flask/helpers.py', 515, 515)"
313,breaks in linear flow,"('/home/toffer/Repos/flask-tags/flask-0.11/flask/helpers.py', 519, 519)"
314,breaks in linear flow,"('/home/toffer/Repos/flask-tags/flask-0.11/flask/helpers.py', 520, 520)"
315,breaks in linear flow,"('/home/toffer/Repos/flask-tags/flask-0.11/flask/helpers.py', 521, 521)"
316,breaks in linear flow,"('/home/toffer/Repos/flask-tags/flask-0.11/flask/helpers.py', 528, 528)"
317,breaks in linear flow,"('/home/toffer/Repos/flask-tags/flask-0.11/flask/helpers.py', 529, 529)"
318,breaks in linear flow,"('/home/toffer/Repos/flask-tags/flask-0.11/flask/helpers.py', 535, 535)"
319,breaks in linear flow,"('/home/toffer/Repos/flask-tags/flask-0.11/flask/helpers.py', 546, 546)"
320,breaks in linear flow,"('/home/toffer/Repos/flask-tags/flask-0.11/flask/helpers.py', 550, 550)"
321,breaks in linear flow,"('/home/toffer/Repos/flask-tags/flask-0.11/flask/helpers.py', 552, 552)"
322,breaks in linear flow,"('/home/toffer/Repos/flask-tags/flask-0.11/flask/helpers.py', 556, 556)"
323,breaks in linear flow,"('/home/toffer/Repos/flask-tags/flask-0.11/flask/helpers.py', 566, 566)"
324,breaks in linear flow,"('/home/toffer/Repos/flask-tags/flask-0.11/flask/helpers.py', 570, 570)"
325,breaks in linear flow,"('/home/toffer/Repos/flask-tags/flask-0.11/flask/helpers.py', 574, 574)"
326,breaks in linear flow,"('/home/toffer/Repos/flask-tags/flask-0.11/flask/helpers.py', 596, 596)"
327,breaks in linear flow,"('/home/toffer/Repos/flask-tags/flask-0.11/flask/helpers.py', 597, 597)"
328,breaks in linear flow,"('/home/toffer/Repos/flask-tags/flask-0.11/flask/helpers.py', 599, 599)"
329,breaks in linear flow,"('/home/toffer/Repos/flask-tags/flask-0.11/flask/helpers.py', 634, 634)"
330,breaks in linear flow,"('/home/toffer/Repos/flask-tags/flask-0.11/flask/helpers.py', 637, 637)"
331,breaks in linear flow,"('/home/toffer/Repos/flask-tags/flask-0.11/flask/helpers.py', 639, 639)"
332,breaks in linear flow,"('/home/toffer/Repos/flask-tags/flask-0.11/flask/helpers.py', 653, 653)"
333,breaks in linear flow,"('/home/toffer/Repos/flask-tags/flask-0.11/flask/helpers.py', 662, 662)"
334,breaks in linear flow,"('/home/toffer/Repos/flask-tags/flask-0.11/flask/helpers.py', 667, 667)"
335,breaks in linear flow,"('/home/toffer/Repos/flask-tags/flask-0.11/flask/helpers.py', 678, 678)"
336,breaks in linear flow,"('/home/toffer/Repos/flask-tags/flask-0.11/flask/helpers.py', 697, 697)"
337,breaks in linear flow,"('/home/toffer/Repos/flask-tags/flask-0.11/flask/helpers.py', 724, 724)"
338,breaks in linear flow,"('/home/toffer/Repos/flask-tags/flask-0.11/flask/helpers.py', 729, 729)"
339,breaks in linear flow,"('/home/toffer/Repos/flask-tags/flask-0.11/flask/helpers.py', 747, 747)"
340,breaks in linear flow,"('/home/toffer/Repos/flask-tags/flask-0.11/flask/helpers.py', 753, 753)"
341,breaks in linear flow,"('/home/toffer/Repos/flask-tags/flask-0.11/flask/helpers.py', 758, 758)"
342,breaks in linear flow,"('/home/toffer/Repos/flask-tags/flask-0.11/flask/helpers.py', 785, 785)"
343,breaks in linear flow,"('/home/toffer/Repos/flask-tags/flask-0.11/flask/helpers.py', 789, 789)"
344,breaks in linear flow,"('/home/toffer/Repos/flask-tags/flask-0.11/flask/helpers.py', 806, 806)"
345,breaks in linear flow,"('/home/toffer/Repos/flask-tags/flask-0.11/flask/helpers.py', 816, 816)"
346,breaks in linear flow,"('/home/toffer/Repos/flask-tags/flask-0.11/flask/helpers.py', 826, 826)"
347,breaks in linear flow,"('/home/toffer/Repos/flask-tags/flask-0.11/flask/helpers.py', 828, 828)"
348,breaks in linear flow,"('/home/toffer/Repos/flask-tags/flask-0.11/flask/helpers.py', 850, 850)"
349,breaks in linear flow,"('/home/toffer/Repos/flask-tags/flask-0.11/flask/helpers.py', 886, 886)"
350,breaks in linear flow,"('/home/toffer/Repos/flask-tags/flask-0.11/flask/helpers.py', 917, 917)"
351,breaks in linear flow,"('/home/toffer/Repos/flask-tags/flask-0.11/flask/app.py', 47, 47)"
352,breaks in linear flow,"('/home/toffer/Repos/flask-tags/flask-0.11/flask/app.py', 57, 57)"
353,breaks in linear flow,"('/home/toffer/Repos/flask-tags/flask-0.11/flask/app.py', 347, 347)"
354,breaks in linear flow,"('/home/toffer/Repos/flask-tags/flask-0.11/flask/app.py', 353, 353)"
355,breaks in linear flow,"('/home/toffer/Repos/flask-tags/flask-0.11/flask/app.py', 355, 355)"
356,breaks in linear flow,"('/home/toffer/Repos/flask-tags/flask-0.11/flask/app.py', 357, 357)"
357,breaks in linear flow,"('/home/toffer/Repos/flask-tags/flask-0.11/flask/app.py', 539, 539)"
358,breaks in linear flow,"('/home/toffer/Repos/flask-tags/flask-0.11/flask/app.py', 573, 573)"
359,breaks in linear flow,"('/home/toffer/Repos/flask-tags/flask-0.11/flask/app.py', 575, 575)"
360,breaks in linear flow,"('/home/toffer/Repos/flask-tags/flask-0.11/flask/app.py', 588, 588)"
361,breaks in linear flow,"('/home/toffer/Repos/flask-tags/flask-0.11/flask/app.py', 601, 601)"
362,breaks in linear flow,"('/home/toffer/Repos/flask-tags/flask-0.11/flask/app.py', 618, 618)"
363,breaks in linear flow,"('/home/toffer/Repos/flask-tags/flask-0.11/flask/app.py', 621, 621)"
364,breaks in linear flow,"('/home/toffer/Repos/flask-tags/flask-0.11/flask/app.py', 651, 651)"
365,breaks in linear flow,"('/home/toffer/Repos/flask-tags/flask-0.11/flask/app.py', 664, 664)"
366,breaks in linear flow,"('/home/toffer/Repos/flask-tags/flask-0.11/flask/app.py', 692, 692)"
367,breaks in linear flow,"('/home/toffer/Repos/flask-tags/flask-0.11/flask/app.py', 694, 694)"
368,breaks in linear flow,"('/home/toffer/Repos/flask-tags/flask-0.11/flask/app.py', 695, 695)"
369,breaks in linear flow,"('/home/toffer/Repos/flask-tags/flask-0.11/flask/app.py', 742, 742)"
370,breaks in linear flow,"('/home/toffer/Repos/flask-tags/flask-0.11/flask/app.py', 759, 759)"
371,breaks in linear flow,"('/home/toffer/Repos/flask-tags/flask-0.11/flask/app.py', 761, 761)"
372,breaks in linear flow,"('/home/toffer/Repos/flask-tags/flask-0.11/flask/app.py', 764, 764)"
373,breaks in linear flow,"('/home/toffer/Repos/flask-tags/flask-0.11/flask/app.py', 779, 779)"
374,breaks in linear flow,"('/home/toffer/Repos/flask-tags/flask-0.11/flask/app.py', 829, 829)"
375,breaks in linear flow,"('/home/toffer/Repos/flask-tags/flask-0.11/flask/app.py', 831, 831)"
376,breaks in linear flow,"('/home/toffer/Repos/flask-tags/flask-0.11/flask/app.py', 833, 833)"
377,breaks in linear flow,"('/home/toffer/Repos/flask-tags/flask-0.11/flask/app.py', 837, 837)"
378,breaks in linear flow,"('/home/toffer/Repos/flask-tags/flask-0.11/flask/app.py', 902, 902)"
379,breaks in linear flow,"('/home/toffer/Repos/flask-tags/flask-0.11/flask/app.py', 958, 958)"
380,breaks in linear flow,"('/home/toffer/Repos/flask-tags/flask-0.11/flask/app.py', 1027, 1027)"
381,breaks in linear flow,"('/home/toffer/Repos/flask-tags/flask-0.11/flask/app.py', 1035, 1035)"
382,breaks in linear flow,"('/home/toffer/Repos/flask-tags/flask-0.11/flask/app.py', 1037, 1037)"
383,breaks in linear flow,"('/home/toffer/Repos/flask-tags/flask-0.11/flask/app.py', 1050, 1050)"
384,breaks in linear flow,"('/home/toffer/Repos/flask-tags/flask-0.11/flask/app.py', 1051, 1051)"
385,breaks in linear flow,"('/home/toffer/Repos/flask-tags/flask-0.11/flask/app.py', 1064, 1064)"
386,breaks in linear flow,"('/home/toffer/Repos/flask-tags/flask-0.11/flask/app.py', 1066, 1066)"
387,breaks in linear flow,"('/home/toffer/Repos/flask-tags/flask-0.11/flask/app.py', 1120, 1120)"
388,breaks in linear flow,"('/home/toffer/Repos/flask-tags/flask-0.11/flask/app.py', 1127, 1127)"
389,breaks in linear flow,"('/home/toffer/Repos/flask-tags/flask-0.11/flask/app.py', 1195, 1195)"
390,breaks in linear flow,"('/home/toffer/Repos/flask-tags/flask-0.11/flask/app.py', 1453, 1453)"
391,breaks in linear flow,"('/home/toffer/Repos/flask-tags/flask-0.11/flask/app.py', 1460, 1460)"
392,breaks in linear flow,"('/home/toffer/Repos/flask-tags/flask-0.11/flask/app.py', 1462, 1462)"
393,breaks in linear flow,"('/home/toffer/Repos/flask-tags/flask-0.11/flask/app.py', 1463, 1463)"
394,breaks in linear flow,"('/home/toffer/Repos/flask-tags/flask-0.11/flask/app.py', 1466, 1466)"
395,breaks in linear flow,"('/home/toffer/Repos/flask-tags/flask-0.11/flask/app.py', 1477, 1477)"
396,breaks in linear flow,"('/home/toffer/Repos/flask-tags/flask-0.11/flask/app.py', 1492, 1492)"
397,breaks in linear flow,"('/home/toffer/Repos/flask-tags/flask-0.11/flask/app.py', 1496, 1496)"
398,breaks in linear flow,"('/home/toffer/Repos/flask-tags/flask-0.11/flask/app.py', 1514, 1514)"
399,breaks in linear flow,"('/home/toffer/Repos/flask-tags/flask-0.11/flask/app.py', 1516, 1516)"
400,breaks in linear flow,"('/home/toffer/Repos/flask-tags/flask-0.11/flask/app.py', 1538, 1538)"
401,breaks in linear flow,"('/home/toffer/Repos/flask-tags/flask-0.11/flask/app.py', 1543, 1543)"
402,breaks in linear flow,"('/home/toffer/Repos/flask-tags/flask-0.11/flask/app.py', 1561, 1561)"
403,breaks in linear flow,"('/home/toffer/Repos/flask-tags/flask-0.11/flask/app.py', 1566, 1566)"
404,breaks in linear flow,"('/home/toffer/Repos/flask-tags/flask-0.11/flask/app.py', 1572, 1572)"
405,breaks in linear flow,"('/home/toffer/Repos/flask-tags/flask-0.11/flask/app.py', 1597, 1597)"
406,breaks in linear flow,"('/home/toffer/Repos/flask-tags/flask-0.11/flask/app.py', 1616, 1616)"
407,breaks in linear flow,"('/home/toffer/Repos/flask-tags/flask-0.11/flask/app.py', 1621, 1621)"
408,breaks in linear flow,"('/home/toffer/Repos/flask-tags/flask-0.11/flask/app.py', 1638, 1638)"
409,breaks in linear flow,"('/home/toffer/Repos/flask-tags/flask-0.11/flask/app.py', 1640, 1640)"
410,breaks in linear flow,"('/home/toffer/Repos/flask-tags/flask-0.11/flask/app.py', 1654, 1654)"
411,breaks in linear flow,"('/home/toffer/Repos/flask-tags/flask-0.11/flask/app.py', 1657, 1657)"
412,breaks in linear flow,"('/home/toffer/Repos/flask-tags/flask-0.11/flask/app.py', 1659, 1659)"
413,breaks in linear flow,"('/home/toffer/Repos/flask-tags/flask-0.11/flask/app.py', 1671, 1671)"
414,breaks in linear flow,"('/home/toffer/Repos/flask-tags/flask-0.11/flask/app.py', 1678, 1678)"
415,breaks in linear flow,"('/home/toffer/Repos/flask-tags/flask-0.11/flask/app.py', 1680, 1680)"
416,breaks in linear flow,"('/home/toffer/Repos/flask-tags/flask-0.11/flask/app.py', 1727, 1727)"
417,breaks in linear flow,"('/home/toffer/Repos/flask-tags/flask-0.11/flask/app.py', 1730, 1730)"
418,breaks in linear flow,"('/home/toffer/Repos/flask-tags/flask-0.11/flask/app.py', 1733, 1733)"
419,breaks in linear flow,"('/home/toffer/Repos/flask-tags/flask-0.11/flask/app.py', 1736, 1736)"
420,breaks in linear flow,"('/home/toffer/Repos/flask-tags/flask-0.11/flask/app.py', 1741, 1741)"
421,breaks in linear flow,"('/home/toffer/Repos/flask-tags/flask-0.11/flask/app.py', 1748, 1748)"
422,breaks in linear flow,"('/home/toffer/Repos/flask-tags/flask-0.11/flask/app.py', 1749, 1749)"
423,breaks in linear flow,"('/home/toffer/Repos/flask-tags/flask-0.11/flask/app.py', 1753, 1753)"
424,breaks in linear flow,"('/home/toffer/Repos/flask-tags/flask-0.11/flask/app.py', 1769, 1769)"
425,breaks in linear flow,"('/home/toffer/Repos/flask-tags/flask-0.11/flask/app.py', 1774, 1774)"
426,breaks in linear flow,"('/home/toffer/Repos/flask-tags/flask-0.11/flask/app.py', 1788, 1788)"
427,breaks in linear flow,"('/home/toffer/Repos/flask-tags/flask-0.11/flask/app.py', 1791, 1791)"
428,breaks in linear flow,"('/home/toffer/Repos/flask-tags/flask-0.11/flask/app.py', 1798, 1798)"
429,breaks in linear flow,"('/home/toffer/Repos/flask-tags/flask-0.11/flask/app.py', 1801, 1801)"
430,breaks in linear flow,"('/home/toffer/Repos/flask-tags/flask-0.11/flask/app.py', 1803, 1803)"
431,breaks in linear flow,"('/home/toffer/Repos/flask-tags/flask-0.11/flask/app.py', 1810, 1810)"
432,breaks in linear flow,"('/home/toffer/Repos/flask-tags/flask-0.11/flask/app.py', 1828, 1828)"
433,breaks in linear flow,"('/home/toffer/Repos/flask-tags/flask-0.11/flask/app.py', 1830, 1830)"
434,breaks in linear flow,"('/home/toffer/Repos/flask-tags/flask-0.11/flask/app.py', 1834, 1834)"
435,breaks in linear flow,"('/home/toffer/Repos/flask-tags/flask-0.11/flask/app.py', 1836, 1836)"
436,breaks in linear flow,"('/home/toffer/Repos/flask-tags/flask-0.11/flask/app.py', 1838, 1838)"
437,breaks in linear flow,"('/home/toffer/Repos/flask-tags/flask-0.11/flask/app.py', 1857, 1857)"
438,breaks in linear flow,"('/home/toffer/Repos/flask-tags/flask-0.11/flask/app.py', 1859, 1859)"
439,breaks in linear flow,"('/home/toffer/Repos/flask-tags/flask-0.11/flask/app.py', 1861, 1861)"
440,breaks in linear flow,"('/home/toffer/Repos/flask-tags/flask-0.11/flask/app.py', 1863, 1863)"
441,breaks in linear flow,"('/home/toffer/Repos/flask-tags/flask-0.11/flask/app.py', 1878, 1878)"
442,breaks in linear flow,"('/home/toffer/Repos/flask-tags/flask-0.11/flask/app.py', 1882, 1882)"
443,breaks in linear flow,"('/home/toffer/Repos/flask-tags/flask-0.11/flask/app.py', 1884, 1884)"
444,breaks in linear flow,"('/home/toffer/Repos/flask-tags/flask-0.11/flask/app.py', 1895, 1895)"
445,breaks in linear flow,"('/home/toffer/Repos/flask-tags/flask-0.11/flask/app.py', 1897, 1897)"
446,breaks in linear flow,"('/home/toffer/Repos/flask-tags/flask-0.11/flask/app.py', 1989, 1989)"
447,breaks in linear flow,"('/home/toffer/Repos/flask-tags/flask-0.11/flask/app.py', 1994, 1994)"
448,breaks in linear flow,"('/home/toffer/Repos/flask-tags/flask-0.11/flask/cli.py', 34, 34)"
449,breaks in linear flow,"('/home/toffer/Repos/flask-tags/flask-0.11/flask/cli.py', 36, 36)"
450,breaks in linear flow,"('/home/toffer/Repos/flask-tags/flask-0.11/flask/cli.py', 43, 43)"
451,breaks in linear flow,"('/home/toffer/Repos/flask-tags/flask-0.11/flask/cli.py', 58, 58)"
452,breaks in linear flow,"('/home/toffer/Repos/flask-tags/flask-0.11/flask/cli.py', 70, 70)"
453,breaks in linear flow,"('/home/toffer/Repos/flask-tags/flask-0.11/flask/cli.py', 73, 73)"
454,breaks in linear flow,"('/home/toffer/Repos/flask-tags/flask-0.11/flask/cli.py', 74, 74)"
455,breaks in linear flow,"('/home/toffer/Repos/flask-tags/flask-0.11/flask/cli.py', 83, 83)"
456,breaks in linear flow,"('/home/toffer/Repos/flask-tags/flask-0.11/flask/cli.py', 91, 91)"
457,breaks in linear flow,"('/home/toffer/Repos/flask-tags/flask-0.11/flask/cli.py', 95, 95)"
458,breaks in linear flow,"('/home/toffer/Repos/flask-tags/flask-0.11/flask/cli.py', 104, 104)"
459,breaks in linear flow,"('/home/toffer/Repos/flask-tags/flask-0.11/flask/cli.py', 106, 106)"
460,breaks in linear flow,"('/home/toffer/Repos/flask-tags/flask-0.11/flask/cli.py', 123, 123)"
461,breaks in linear flow,"('/home/toffer/Repos/flask-tags/flask-0.11/flask/cli.py', 134, 134)"
462,breaks in linear flow,"('/home/toffer/Repos/flask-tags/flask-0.11/flask/cli.py', 142, 142)"
463,breaks in linear flow,"('/home/toffer/Repos/flask-tags/flask-0.11/flask/cli.py', 154, 154)"
464,breaks in linear flow,"('/home/toffer/Repos/flask-tags/flask-0.11/flask/cli.py', 158, 158)"
465,breaks in linear flow,"('/home/toffer/Repos/flask-tags/flask-0.11/flask/cli.py', 175, 175)"
466,breaks in linear flow,"('/home/toffer/Repos/flask-tags/flask-0.11/flask/cli.py', 176, 176)"
467,breaks in linear flow,"('/home/toffer/Repos/flask-tags/flask-0.11/flask/cli.py', 198, 198)"
468,breaks in linear flow,"('/home/toffer/Repos/flask-tags/flask-0.11/flask/cli.py', 200, 200)"
469,breaks in linear flow,"('/home/toffer/Repos/flask-tags/flask-0.11/flask/cli.py', 203, 203)"
470,breaks in linear flow,"('/home/toffer/Repos/flask-tags/flask-0.11/flask/cli.py', 211, 211)"
471,breaks in linear flow,"('/home/toffer/Repos/flask-tags/flask-0.11/flask/cli.py', 248, 248)"
472,breaks in linear flow,"('/home/toffer/Repos/flask-tags/flask-0.11/flask/cli.py', 281, 281)"
473,breaks in linear flow,"('/home/toffer/Repos/flask-tags/flask-0.11/flask/cli.py', 288, 288)"
474,breaks in linear flow,"('/home/toffer/Repos/flask-tags/flask-0.11/flask/cli.py', 292, 292)"
475,breaks in linear flow,"('/home/toffer/Repos/flask-tags/flask-0.11/flask/cli.py', 296, 296)"
476,breaks in linear flow,"('/home/toffer/Repos/flask-tags/flask-0.11/flask/cli.py', 311, 311)"
477,breaks in linear flow,"('/home/toffer/Repos/flask-tags/flask-0.11/flask/cli.py', 317, 317)"
478,breaks in linear flow,"('/home/toffer/Repos/flask-tags/flask-0.11/flask/cli.py', 319, 319)"
479,breaks in linear flow,"('/home/toffer/Repos/flask-tags/flask-0.11/flask/cli.py', 331, 331)"
480,breaks in linear flow,"('/home/toffer/Repos/flask-tags/flask-0.11/flask/cli.py', 341, 341)"
481,breaks in linear flow,"('/home/toffer/Repos/flask-tags/flask-0.11/flask/cli.py', 381, 381)"
482,breaks in linear flow,"('/home/toffer/Repos/flask-tags/flask-0.11/flask/cli.py', 383, 383)"
483,breaks in linear flow,"('/home/toffer/Repos/flask-tags/flask-0.11/flask/cli.py', 385, 385)"
484,breaks in linear flow,"('/home/toffer/Repos/flask-tags/flask-0.11/flask/cli.py', 392, 392)"
485,breaks in linear flow,"('/home/toffer/Repos/flask-tags/flask-0.11/flask/cli.py', 397, 397)"
486,breaks in linear flow,"('/home/toffer/Repos/flask-tags/flask-0.11/flask/cli.py', 399, 399)"
487,breaks in linear flow,"('/home/toffer/Repos/flask-tags/flask-0.11/flask/cli.py', 431, 431)"
488,breaks in linear flow,"('/home/toffer/Repos/flask-tags/flask-0.11/flask/cli.py', 465, 465)"
489,breaks in linear flow,"('/home/toffer/Repos/flask-tags/flask-0.11/flask/cli.py', 466, 466)"
490,breaks in linear flow,"('/home/toffer/Repos/flask-tags/flask-0.11/flask/cli.py', 481, 481)"
491,breaks in linear flow,"('/home/toffer/Repos/flask-tags/flask-0.11/flask/wrappers.py', 23, 23)"
492,breaks in linear flow,"('/home/toffer/Repos/flask-tags/flask-0.11/flask/wrappers.py', 66, 66)"
493,breaks in linear flow,"('/home/toffer/Repos/flask-tags/flask-0.11/flask/wrappers.py', 76, 76)"
494,breaks in linear flow,"('/home/toffer/Repos/flask-tags/flask-0.11/flask/wrappers.py', 89, 89)"
495,breaks in linear flow,"('/home/toffer/Repos/flask-tags/flask-0.11/flask/wrappers.py', 95, 95)"
496,breaks in linear flow,"('/home/toffer/Repos/flask-tags/flask-0.11/flask/wrappers.py', 119, 119)"
497,breaks in linear flow,"('/home/toffer/Repos/flask-tags/flask-0.11/flask/wrappers.py', 121, 121)"
498,breaks in linear flow,"('/home/toffer/Repos/flask-tags/flask-0.11/flask/wrappers.py', 140, 140)"
499,breaks in linear flow,"('/home/toffer/Repos/flask-tags/flask-0.11/flask/wrappers.py', 143, 143)"
500,breaks in linear flow,"('/home/toffer/Repos/flask-tags/flask-0.11/flask/wrappers.py', 153, 153)"
501,breaks in linear flow,"('/home/toffer/Repos/flask-tags/flask-0.11/flask/wrappers.py', 157, 157)"
502,breaks in linear flow,"('/home/toffer/Repos/flask-tags/flask-0.11/flask/wrappers.py', 158, 158)"
503,breaks in linear flow,"('/home/toffer/Repos/flask-tags/flask-0.11/flask/wrappers.py', 162, 162)"
504,breaks in linear flow,"('/home/toffer/Repos/flask-tags/flask-0.11/flask/wrappers.py', 179, 179)"
505,breaks in linear flow,"('/home/toffer/Repos/flask-tags/flask-0.11/flask/wrappers.py', 189, 189)"
506,breaks in linear flow,"('/home/toffer/Repos/flask-tags/flask-0.11/flask/testing.py', 19, 19)"
507,breaks in linear flow,"('/home/toffer/Repos/flask-tags/flask-0.11/flask/testing.py', 27, 27)"
508,breaks in linear flow,"('/home/toffer/Repos/flask-tags/flask-0.11/flask/testing.py', 30, 30)"
509,breaks in linear flow,"('/home/toffer/Repos/flask-tags/flask-0.11/flask/testing.py', 32, 32)"
510,breaks in linear flow,"('/home/toffer/Repos/flask-tags/flask-0.11/flask/testing.py', 34, 34)"
511,breaks in linear flow,"('/home/toffer/Repos/flask-tags/flask-0.11/flask/testing.py', 69, 69)"
512,breaks in linear flow,"('/home/toffer/Repos/flask-tags/flask-0.11/flask/testing.py', 78, 78)"
513,breaks in linear flow,"('/home/toffer/Repos/flask-tags/flask-0.11/flask/testing.py', 96, 96)"
514,breaks in linear flow,"('/home/toffer/Repos/flask-tags/flask-0.11/flask/testing.py', 116, 116)"
515,breaks in linear flow,"('/home/toffer/Repos/flask-tags/flask-0.11/flask/testing.py', 128, 128)"
516,breaks in linear flow,"('/home/toffer/Repos/flask-tags/flask-0.11/flask/debughelpers.py', 37, 37)"
517,breaks in linear flow,"('/home/toffer/Repos/flask-tags/flask-0.11/flask/debughelpers.py', 60, 60)"
518,breaks in linear flow,"('/home/toffer/Repos/flask-tags/flask-0.11/flask/debughelpers.py', 84, 84)"
519,breaks in linear flow,"('/home/toffer/Repos/flask-tags/flask-0.11/flask/debughelpers.py', 85, 85)"
520,breaks in linear flow,"('/home/toffer/Repos/flask-tags/flask-0.11/flask/debughelpers.py', 95, 95)"
521,breaks in linear flow,"('/home/toffer/Repos/flask-tags/flask-0.11/flask/debughelpers.py', 96, 96)"
522,breaks in linear flow,"('/home/toffer/Repos/flask-tags/flask-0.11/flask/debughelpers.py', 97, 97)"
523,breaks in linear flow,"('/home/toffer/Repos/flask-tags/flask-0.11/flask/debughelpers.py', 98, 98)"
524,breaks in linear flow,"('/home/toffer/Repos/flask-tags/flask-0.11/flask/debughelpers.py', 99, 99)"
525,breaks in linear flow,"('/home/toffer/Repos/flask-tags/flask-0.11/flask/debughelpers.py', 100, 100)"
526,breaks in linear flow,"('/home/toffer/Repos/flask-tags/flask-0.11/flask/debughelpers.py', 102, 102)"
527,breaks in linear flow,"('/home/toffer/Repos/flask-tags/flask-0.11/flask/debughelpers.py', 104, 104)"
528,breaks in linear flow,"('/home/toffer/Repos/flask-tags/flask-0.11/flask/debughelpers.py', 106, 106)"
529,breaks in linear flow,"('/home/toffer/Repos/flask-tags/flask-0.11/flask/debughelpers.py', 116, 116)"
530,breaks in linear flow,"('/home/toffer/Repos/flask-tags/flask-0.11/flask/debughelpers.py', 119, 119)"
531,breaks in linear flow,"('/home/toffer/Repos/flask-tags/flask-0.11/flask/debughelpers.py', 120, 120)"
532,breaks in linear flow,"('/home/toffer/Repos/flask-tags/flask-0.11/flask/debughelpers.py', 131, 131)"
533,breaks in linear flow,"('/home/toffer/Repos/flask-tags/flask-0.11/flask/debughelpers.py', 134, 134)"
534,breaks in linear flow,"('/home/toffer/Repos/flask-tags/flask-0.11/flask/debughelpers.py', 142, 142)"
535,breaks in linear flow,"('/home/toffer/Repos/flask-tags/flask-0.11/flask/debughelpers.py', 149, 149)"
536,breaks in linear flow,"('/home/toffer/Repos/flask-tags/flask-0.11/flask/exthook.py', 59, 59)"
537,breaks in linear flow,"('/home/toffer/Repos/flask-tags/flask-0.11/flask/exthook.py', 64, 64)"
538,breaks in linear flow,"('/home/toffer/Repos/flask-tags/flask-0.11/flask/exthook.py', 74, 74)"
539,breaks in linear flow,"('/home/toffer/Repos/flask-tags/flask-0.11/flask/exthook.py', 78, 78)"
540,breaks in linear flow,"('/home/toffer/Repos/flask-tags/flask-0.11/flask/exthook.py', 95, 95)"
541,breaks in linear flow,"('/home/toffer/Repos/flask-tags/flask-0.11/flask/exthook.py', 97, 97)"
542,breaks in linear flow,"('/home/toffer/Repos/flask-tags/flask-0.11/flask/exthook.py', 99, 99)"
543,breaks in linear flow,"('/home/toffer/Repos/flask-tags/flask-0.11/flask/exthook.py', 102, 102)"
544,breaks in linear flow,"('/home/toffer/Repos/flask-tags/flask-0.11/flask/exthook.py', 118, 118)"
545,breaks in linear flow,"('/home/toffer/Repos/flask-tags/flask-0.11/flask/exthook.py', 119, 119)"
546,breaks in linear flow,"('/home/toffer/Repos/flask-tags/flask-0.11/flask/exthook.py', 127, 127)"
547,breaks in linear flow,"('/home/toffer/Repos/flask-tags/flask-0.11/flask/exthook.py', 134, 134)"
548,breaks in linear flow,"('/home/toffer/Repos/flask-tags/flask-0.11/flask/logging.py', 38, 38)"
549,breaks in linear flow,"('/home/toffer/Repos/flask-tags/flask-0.11/flask/logging.py', 45, 45)"
550,breaks in linear flow,"('/home/toffer/Repos/flask-tags/flask-0.11/flask/logging.py', 61, 61)"
551,breaks in linear flow,"('/home/toffer/Repos/flask-tags/flask-0.11/flask/logging.py', 67, 67)"
552,breaks in linear flow,"('/home/toffer/Repos/flask-tags/flask-0.11/flask/logging.py', 72, 72)"
553,breaks in linear flow,"('/home/toffer/Repos/flask-tags/flask-0.11/flask/json.py', 24, 24)"
554,breaks in linear flow,"('/home/toffer/Repos/flask-tags/flask-0.11/flask/json.py', 39, 39)"
555,breaks in linear flow,"('/home/toffer/Repos/flask-tags/flask-0.11/flask/json.py', 47, 47)"
556,breaks in linear flow,"('/home/toffer/Repos/flask-tags/flask-0.11/flask/json.py', 77, 77)"
557,breaks in linear flow,"('/home/toffer/Repos/flask-tags/flask-0.11/flask/json.py', 79, 79)"
558,breaks in linear flow,"('/home/toffer/Repos/flask-tags/flask-0.11/flask/json.py', 81, 81)"
559,breaks in linear flow,"('/home/toffer/Repos/flask-tags/flask-0.11/flask/json.py', 96, 96)"
560,breaks in linear flow,"('/home/toffer/Repos/flask-tags/flask-0.11/flask/json.py', 98, 98)"
561,breaks in linear flow,"('/home/toffer/Repos/flask-tags/flask-0.11/flask/json.py', 108, 108)"
562,breaks in linear flow,"('/home/toffer/Repos/flask-tags/flask-0.11/flask/json.py', 127, 127)"
563,breaks in linear flow,"('/home/toffer/Repos/flask-tags/flask-0.11/flask/json.py', 136, 136)"
564,breaks in linear flow,"('/home/toffer/Repos/flask-tags/flask-0.11/flask/json.py', 147, 147)"
565,breaks in linear flow,"('/home/toffer/Repos/flask-tags/flask-0.11/flask/json.py', 156, 156)"
566,breaks in linear flow,"('/home/toffer/Repos/flask-tags/flask-0.11/flask/json.py', 191, 191)"
567,breaks in linear flow,"('/home/toffer/Repos/flask-tags/flask-0.11/flask/json.py', 254, 254)"
568,breaks in linear flow,"('/home/toffer/Repos/flask-tags/flask-0.11/flask/json.py', 258, 258)"
569,breaks in linear flow,"('/home/toffer/Repos/flask-tags/flask-0.11/flask/config.py', 29, 29)"
570,breaks in linear flow,"('/home/toffer/Repos/flask-tags/flask-0.11/flask/config.py', 32, 32)"
571,breaks in linear flow,"('/home/toffer/Repos/flask-tags/flask-0.11/flask/config.py', 101, 101)"
572,breaks in linear flow,"('/home/toffer/Repos/flask-tags/flask-0.11/flask/config.py', 102, 102)"
573,breaks in linear flow,"('/home/toffer/Repos/flask-tags/flask-0.11/flask/config.py', 131, 131)"
574,breaks in linear flow,"('/home/toffer/Repos/flask-tags/flask-0.11/flask/config.py', 132, 132)"
575,breaks in linear flow,"('/home/toffer/Repos/flask-tags/flask-0.11/flask/config.py', 162, 162)"
576,breaks in linear flow,"('/home/toffer/Repos/flask-tags/flask-0.11/flask/config.py', 164, 164)"
577,breaks in linear flow,"('/home/toffer/Repos/flask-tags/flask-0.11/flask/config.py', 165, 165)"
578,breaks in linear flow,"('/home/toffer/Repos/flask-tags/flask-0.11/flask/config.py', 186, 186)"
579,breaks in linear flow,"('/home/toffer/Repos/flask-tags/flask-0.11/flask/config.py', 187, 187)"
580,breaks in linear flow,"('/home/toffer/Repos/flask-tags/flask-0.11/flask/config.py', 200, 200)"
581,breaks in linear flow,"('/home/toffer/Repos/flask-tags/flask-0.11/flask/config.py', 201, 201)"
582,breaks in linear flow,"('/home/toffer/Repos/flask-tags/flask-0.11/flask/config.py', 210, 210)"
583,breaks in linear flow,"('/home/toffer/Repos/flask-tags/flask-0.11/flask/config.py', 211, 211)"
584,breaks in linear flow,"('/home/toffer/Repos/flask-tags/flask-0.11/flask/config.py', 212, 212)"
585,breaks in linear flow,"('/home/toffer/Repos/flask-tags/flask-0.11/flask/config.py', 245, 245)"
586,breaks in linear flow,"('/home/toffer/Repos/flask-tags/flask-0.11/flask/config.py', 246, 246)"
587,breaks in linear flow,"('/home/toffer/Repos/flask-tags/flask-0.11/flask/config.py', 247, 247)"
588,breaks in linear flow,"('/home/toffer/Repos/flask-tags/flask-0.11/flask/config.py', 248, 248)"
589,breaks in linear flow,"('/home/toffer/Repos/flask-tags/flask-0.11/flask/config.py', 252, 252)"
590,breaks in linear flow,"('/home/toffer/Repos/flask-tags/flask-0.11/flask/views.py', 86, 86)"
591,breaks in linear flow,"('/home/toffer/Repos/flask-tags/flask-0.11/flask/views.py', 89, 89)"
592,breaks in linear flow,"('/home/toffer/Repos/flask-tags/flask-0.11/flask/views.py', 109, 109)"
593,breaks in linear flow,"('/home/toffer/Repos/flask-tags/flask-0.11/flask/views.py', 111, 111)"
594,breaks in linear flow,"('/home/toffer/Repos/flask-tags/flask-0.11/flask/views.py', 112, 112)"
595,breaks in linear flow,"('/home/toffer/Repos/flask-tags/flask-0.11/flask/views.py', 118, 118)"
596,breaks in linear flow,"('/home/toffer/Repos/flask-tags/flask-0.11/flask/views.py', 146, 146)"
597,breaks in linear flow,"('/home/toffer/Repos/flask-tags/flask-0.11/flask/signals.py', 16, 16)"
598,breaks in linear flow,"('/home/toffer/Repos/flask-tags/flask-0.11/flask/_compat.py', 19, 19)"
599,breaks in linear flow,"('/home/toffer/Repos/flask-tags/flask-0.11/flask/_compat.py', 31, 31)"
600,breaks in linear flow,"('/home/toffer/Repos/flask-tags/flask-0.11/flask/_compat.py', 73, 73)"
601,breaks in linear flow,"('/home/toffer/Repos/flask-tags/flask-0.11/flask/_compat.py', 83, 83)"
602,breaks in linear flow,"('/home/toffer/Repos/flask-tags/flask-0.11/flask/_compat.py', 85, 85)"
603,breaks in linear flow,"('/home/toffer/Repos/flask-tags/flask-0.11/flask/_compat.py', 87, 87)"
604,breaks in linear flow,"('/home/toffer/Repos/flask-tags/flask-0.11/scripts/make-release.py', 25, 25)"
605,breaks in linear flow,"('/home/toffer/Repos/flask-tags/flask-0.11/scripts/make-release.py', 27, 27)"
606,breaks in linear flow,"('/home/toffer/Repos/flask-tags/flask-0.11/scripts/make-release.py', 28, 28)"
607,breaks in linear flow,"('/home/toffer/Repos/flask-tags/flask-0.11/scripts/make-release.py', 30, 30)"
608,breaks in linear flow,"('/home/toffer/Repos/flask-tags/flask-0.11/scripts/make-release.py', 31, 31)"
609,breaks in linear flow,"('/home/toffer/Repos/flask-tags/flask-0.11/scripts/make-release.py', 32, 32)"
610,breaks in linear flow,"('/home/toffer/Repos/flask-tags/flask-0.11/scripts/make-release.py', 34, 34)"
611,breaks in linear flow,"('/home/toffer/Repos/flask-tags/flask-0.11/scripts/make-release.py', 35, 35)"
612,breaks in linear flow,"('/home/toffer/Repos/flask-tags/flask-0.11/scripts/make-release.py', 39, 39)"
613,breaks in linear flow,"('/home/toffer/Repos/flask-tags/flask-0.11/scripts/make-release.py', 40, 40)"
614,breaks in linear flow,"('/home/toffer/Repos/flask-tags/flask-0.11/scripts/make-release.py', 49, 49)"
615,breaks in linear flow,"('/home/toffer/Repos/flask-tags/flask-0.11/scripts/make-release.py', 71, 71)"
616,breaks in linear flow,"('/home/toffer/Repos/flask-tags/flask-0.11/scripts/make-release.py', 118, 118)"
617,breaks in linear flow,"('/home/toffer/Repos/flask-tags/flask-0.11/scripts/make-release.py', 128, 128)"
618,breaks in linear flow,"('/home/toffer/Repos/flask-tags/flask-0.11/scripts/make-release.py', 130, 130)"
619,breaks in linear flow,"('/home/toffer/Repos/flask-tags/flask-0.11/scripts/make-release.py', 134, 134)"
620,breaks in linear flow,"('/home/toffer/Repos/flask-tags/flask-0.11/scripts/make-release.py', 144, 144)"
621,breaks in linear flow,"('/home/toffer/Repos/flask-tags/flask-0.11/scripts/flaskext_tester.py', 31, 31)"
622,breaks in linear flow,"('/home/toffer/Repos/flask-tags/flask-0.11/scripts/flaskext_tester.py', 133, 133)"
623,breaks in linear flow,"('/home/toffer/Repos/flask-tags/flask-0.11/scripts/flaskext_tester.py', 141, 141)"
624,breaks in linear flow,"('/home/toffer/Repos/flask-tags/flask-0.11/scripts/flaskext_tester.py', 144, 144)"
625,breaks in linear flow,"('/home/toffer/Repos/flask-tags/flask-0.11/scripts/flaskext_tester.py', 153, 153)"
626,breaks in linear flow,"('/home/toffer/Repos/flask-tags/flask-0.11/scripts/flaskext_tester.py', 167, 167)"
627,breaks in linear flow,"('/home/toffer/Repos/flask-tags/flask-0.11/scripts/flaskext_tester.py', 176, 176)"
628,breaks in linear flow,"('/home/toffer/Repos/flask-tags/flask-0.11/scripts/flaskext_tester.py', 188, 188)"
629,breaks in linear flow,"('/home/toffer/Repos/flask-tags/flask-0.11/scripts/flaskext_tester.py', 190, 190)"
630,breaks in linear flow,"('/home/toffer/Repos/flask-tags/flask-0.11/scripts/flaskext_tester.py', 191, 191)"
631,breaks in linear flow,"('/home/toffer/Repos/flask-tags/flask-0.11/scripts/flaskext_tester.py', 211, 211)"
632,breaks in linear flow,"('/home/toffer/Repos/flask-tags/flask-0.11/scripts/flaskext_tester.py', 222, 222)"
633,breaks in linear flow,"('/home/toffer/Repos/flask-tags/flask-0.11/scripts/flaskext_tester.py', 223, 223)"
634,breaks in linear flow,"('/home/toffer/Repos/flask-tags/flask-0.11/scripts/flaskext_tester.py', 259, 259)"
635,breaks in linear flow,"('/home/toffer/Repos/flask-tags/flask-0.11/scripts/flaskext_tester.py', 262, 262)"
636,breaks in linear flow,"('/home/toffer/Repos/flask-tags/flask-0.11/scripts/flaskext_tester.py', 293, 293)"
637,breaks in linear flow,"('/home/toffer/Repos/flask-tags/flask-0.11/scripts/flaskext_tester.py', 302, 302)"
638,breaks in linear flow,"('/home/toffer/Repos/flask-tags/flask-0.11/scripts/flaskext_tester.py', 308, 308)"
639,breaks in linear flow,"('/home/toffer/Repos/flask-tags/flask-0.11/scripts/flask-07-upgrade.py', 31, 31)"
640,breaks in linear flow,"('/home/toffer/Repos/flask-tags/flask-0.11/scripts/flask-07-upgrade.py', 58, 58)"
641,breaks in linear flow,"('/home/toffer/Repos/flask-tags/flask-0.11/scripts/flask-07-upgrade.py', 67, 67)"
642,breaks in linear flow,"('/home/toffer/Repos/flask-tags/flask-0.11/scripts/flask-07-upgrade.py', 71, 71)"
643,breaks in linear flow,"('/home/toffer/Repos/flask-tags/flask-0.11/scripts/flask-07-upgrade.py', 75, 75)"
644,breaks in linear flow,"('/home/toffer/Repos/flask-tags/flask-0.11/scripts/flask-07-upgrade.py', 76, 76)"
645,breaks in linear flow,"('/home/toffer/Repos/flask-tags/flask-0.11/scripts/flask-07-upgrade.py', 77, 77)"
646,breaks in linear flow,"('/home/toffer/Repos/flask-tags/flask-0.11/scripts/flask-07-upgrade.py', 79, 79)"
647,breaks in linear flow,"('/home/toffer/Repos/flask-tags/flask-0.11/scripts/flask-07-upgrade.py', 86, 86)"
648,breaks in linear flow,"('/home/toffer/Repos/flask-tags/flask-0.11/scripts/flask-07-upgrade.py', 94, 94)"
649,breaks in linear flow,"('/home/toffer/Repos/flask-tags/flask-0.11/scripts/flask-07-upgrade.py', 96, 96)"
650,breaks in linear flow,"('/home/toffer/Repos/flask-tags/flask-0.11/scripts/flask-07-upgrade.py', 102, 102)"
651,breaks in linear flow,"('/home/toffer/Repos/flask-tags/flask-0.11/scripts/flask-07-upgrade.py', 103, 103)"
652,breaks in linear flow,"('/home/toffer/Repos/flask-tags/flask-0.11/scripts/flask-07-upgrade.py', 104, 104)"
653,breaks in linear flow,"('/home/toffer/Repos/flask-tags/flask-0.11/scripts/flask-07-upgrade.py', 106, 106)"
654,breaks in linear flow,"('/home/toffer/Repos/flask-tags/flask-0.11/scripts/flask-07-upgrade.py', 111, 111)"
655,breaks in linear flow,"('/home/toffer/Repos/flask-tags/flask-0.11/scripts/flask-07-upgrade.py', 113, 113)"
656,breaks in linear flow,"('/home/toffer/Repos/flask-tags/flask-0.11/scripts/flask-07-upgrade.py', 117, 117)"
657,breaks in linear flow,"('/home/toffer/Repos/flask-tags/flask-0.11/scripts/flask-07-upgrade.py', 134, 134)"
658,breaks in linear flow,"('/home/toffer/Repos/flask-tags/flask-0.11/scripts/flask-07-upgrade.py', 138, 138)"
659,breaks in linear flow,"('/home/toffer/Repos/flask-tags/flask-0.11/scripts/flask-07-upgrade.py', 143, 143)"
660,breaks in linear flow,"('/home/toffer/Repos/flask-tags/flask-0.11/scripts/flask-07-upgrade.py', 156, 156)"
661,breaks in linear flow,"('/home/toffer/Repos/flask-tags/flask-0.11/scripts/flask-07-upgrade.py', 158, 158)"
662,breaks in linear flow,"('/home/toffer/Repos/flask-tags/flask-0.11/scripts/flask-07-upgrade.py', 160, 160)"
663,breaks in linear flow,"('/home/toffer/Repos/flask-tags/flask-0.11/scripts/flask-07-upgrade.py', 161, 161)"
664,breaks in linear flow,"('/home/toffer/Repos/flask-tags/flask-0.11/scripts/flask-07-upgrade.py', 163, 163)"
665,breaks in linear flow,"('/home/toffer/Repos/flask-tags/flask-0.11/scripts/flask-07-upgrade.py', 165, 165)"
666,breaks in linear flow,"('/home/toffer/Repos/flask-tags/flask-0.11/scripts/flask-07-upgrade.py', 167, 167)"
667,breaks in linear flow,"('/home/toffer/Repos/flask-tags/flask-0.11/scripts/flask-07-upgrade.py', 174, 174)"
668,breaks in linear flow,"('/home/toffer/Repos/flask-tags/flask-0.11/scripts/flask-07-upgrade.py', 181, 181)"
669,breaks in linear flow,"('/home/toffer/Repos/flask-tags/flask-0.11/scripts/flask-07-upgrade.py', 182, 182)"
670,breaks in linear flow,"('/home/toffer/Repos/flask-tags/flask-0.11/scripts/flask-07-upgrade.py', 184, 184)"
671,breaks in linear flow,"('/home/toffer/Repos/flask-tags/flask-0.11/scripts/flask-07-upgrade.py', 185, 185)"
672,breaks in linear flow,"('/home/toffer/Repos/flask-tags/flask-0.11/scripts/flask-07-upgrade.py', 187, 187)"
673,breaks in linear flow,"('/home/toffer/Repos/flask-tags/flask-0.11/scripts/flask-07-upgrade.py', 189, 189)"
674,breaks in linear flow,"('/home/toffer/Repos/flask-tags/flask-0.11/scripts/flask-07-upgrade.py', 190, 190)"
675,breaks in linear flow,"('/home/toffer/Repos/flask-tags/flask-0.11/scripts/flask-07-upgrade.py', 198, 198)"
676,breaks in linear flow,"('/home/toffer/Repos/flask-tags/flask-0.11/scripts/flask-07-upgrade.py', 200, 200)"
677,breaks in linear flow,"('/home/toffer/Repos/flask-tags/flask-0.11/scripts/flask-07-upgrade.py', 214, 214)"
678,breaks in linear flow,"('/home/toffer/Repos/flask-tags/flask-0.11/scripts/flask-07-upgrade.py', 222, 222)"
679,breaks in linear flow,"('/home/toffer/Repos/flask-tags/flask-0.11/scripts/flask-07-upgrade.py', 225, 225)"
680,breaks in linear flow,"('/home/toffer/Repos/flask-tags/flask-0.11/scripts/flask-07-upgrade.py', 232, 232)"
681,breaks in linear flow,"('/home/toffer/Repos/flask-tags/flask-0.11/scripts/flask-07-upgrade.py', 248, 248)"
682,breaks in linear flow,"('/home/toffer/Repos/flask-tags/flask-0.11/scripts/flask-07-upgrade.py', 250, 250)"
683,breaks in linear flow,"('/home/toffer/Repos/flask-tags/flask-0.11/scripts/flask-07-upgrade.py', 252, 252)"
684,breaks in linear flow,"('/home/toffer/Repos/flask-tags/flask-0.11/scripts/flask-07-upgrade.py', 253, 253)"
685,breaks in linear flow,"('/home/toffer/Repos/flask-tags/flask-0.11/scripts/flask-07-upgrade.py', 254, 254)"
686,breaks in linear flow,"('/home/toffer/Repos/flask-tags/flask-0.11/scripts/flask-07-upgrade.py', 261, 261)"
687,breaks in linear flow,"('/home/toffer/Repos/flask-tags/flask-0.11/scripts/flask-07-upgrade.py', 266, 266)"
688,breaks in linear flow,"('/home/toffer/Repos/flask-tags/flask-0.11/scripts/flask-07-upgrade.py', 269, 269)"
689,breaks in linear flow,"('/home/toffer/Repos/flask-tags/flask-0.11/scripts/flask-07-upgrade.py', 286, 286)"
690,breaks in linear flow,"('/home/toffer/Repos/flask-tags/flask-0.11/scripts/flask-07-upgrade.py', 289, 289)"
691,breaks in linear flow,"('/home/toffer/Repos/flask-tags/flask-0.11/scripts/flask-07-upgrade.py', 292, 292)"
692,breaks in linear flow,"('/home/toffer/Repos/flask-tags/flask-0.11/scripts/flask-07-upgrade.py', 296, 296)"
693,breaks in linear flow,"('/home/toffer/Repos/flask-tags/flask-0.11/scripts/flaskext_compat.py', 48, 48)"
694,breaks in linear flow,"('/home/toffer/Repos/flask-tags/flask-0.11/scripts/flaskext_compat.py', 52, 52)"
695,breaks in linear flow,"('/home/toffer/Repos/flask-tags/flask-0.11/scripts/flaskext_compat.py', 55, 55)"
696,breaks in linear flow,"('/home/toffer/Repos/flask-tags/flask-0.11/scripts/flaskext_compat.py', 59, 59)"
697,breaks in linear flow,"('/home/toffer/Repos/flask-tags/flask-0.11/scripts/flaskext_compat.py', 76, 76)"
698,breaks in linear flow,"('/home/toffer/Repos/flask-tags/flask-0.11/scripts/flaskext_compat.py', 78, 78)"
699,breaks in linear flow,"('/home/toffer/Repos/flask-tags/flask-0.11/scripts/flaskext_compat.py', 80, 80)"
700,breaks in linear flow,"('/home/toffer/Repos/flask-tags/flask-0.11/scripts/flaskext_compat.py', 91, 91)"
701,breaks in linear flow,"('/home/toffer/Repos/flask-tags/flask-0.11/scripts/flaskext_compat.py', 92, 92)"
702,breaks in linear flow,"('/home/toffer/Repos/flask-tags/flask-0.11/scripts/flaskext_compat.py', 100, 100)"
703,breaks in linear flow,"('/home/toffer/Repos/flask-tags/flask-0.11/scripts/flaskext_compat.py', 107, 107)"
704,breaks in linear flow,"('/home/toffer/Repos/flask-tags/flask-0.11/examples/jqueryexample/jqueryexample.py', 27, 27)"
705,breaks in linear flow,"('/home/toffer/Repos/flask-tags/flask-0.11/examples/blueprintexample/blueprintexample.py', 9, 9)"
706,breaks in linear flow,"('/home/toffer/Repos/flask-tags/flask-0.11/examples/blueprintexample/simple_page/simple_page.py', 12, 12)"
707,breaks in linear flow,"('/home/toffer/Repos/flask-tags/flask-0.11/examples/flaskr/flaskr.py', 59, 59)"
708,breaks in linear flow,"('/home/toffer/Repos/flask-tags/flask-0.11/examples/flaskr/flaskr.py', 67, 67)"
709,breaks in linear flow,"('/home/toffer/Repos/flask-tags/flask-0.11/examples/flaskr/flaskr.py', 81, 81)"
710,breaks in linear flow,"('/home/toffer/Repos/flask-tags/flask-0.11/examples/flaskr/flaskr.py', 94, 94)"
711,breaks in linear flow,"('/home/toffer/Repos/flask-tags/flask-0.11/examples/flaskr/flaskr.py', 95, 95)"
712,breaks in linear flow,"('/home/toffer/Repos/flask-tags/flask-0.11/examples/persona/persona.py', 20, 20)"
713,breaks in linear flow,"('/home/toffer/Repos/flask-tags/flask-0.11/examples/persona/persona.py', 40, 40)"
714,breaks in linear flow,"('/home/toffer/Repos/flask-tags/flask-0.11/examples/persona/persona.py', 42, 42)"
715,breaks in linear flow,"('/home/toffer/Repos/flask-tags/flask-0.11/examples/minitwit/test_minitwit.py', 34, 34)"
716,breaks in linear flow,"('/home/toffer/Repos/flask-tags/flask-0.11/examples/minitwit/test_minitwit.py', 36, 36)"
717,breaks in linear flow,"('/home/toffer/Repos/flask-tags/flask-0.11/examples/minitwit/test_minitwit.py', 69, 69)"
718,breaks in linear flow,"('/home/toffer/Repos/flask-tags/flask-0.11/examples/minitwit/minitwit.py', 38, 38)"
719,breaks in linear flow,"('/home/toffer/Repos/flask-tags/flask-0.11/examples/minitwit/minitwit.py', 48, 48)"
720,breaks in linear flow,"('/home/toffer/Repos/flask-tags/flask-0.11/examples/minitwit/minitwit.py', 95, 95)"
721,breaks in linear flow,"('/home/toffer/Repos/flask-tags/flask-0.11/examples/minitwit/minitwit.py', 106, 106)"
722,breaks in linear flow,"('/home/toffer/Repos/flask-tags/flask-0.11/examples/minitwit/minitwit.py', 132, 132)"
723,breaks in linear flow,"('/home/toffer/Repos/flask-tags/flask-0.11/examples/minitwit/minitwit.py', 135, 135)"
724,breaks in linear flow,"('/home/toffer/Repos/flask-tags/flask-0.11/examples/minitwit/minitwit.py', 151, 151)"
725,breaks in linear flow,"('/home/toffer/Repos/flask-tags/flask-0.11/examples/minitwit/minitwit.py', 154, 154)"
726,breaks in linear flow,"('/home/toffer/Repos/flask-tags/flask-0.11/examples/minitwit/minitwit.py', 167, 167)"
727,breaks in linear flow,"('/home/toffer/Repos/flask-tags/flask-0.11/examples/minitwit/minitwit.py', 170, 170)"
728,breaks in linear flow,"('/home/toffer/Repos/flask-tags/flask-0.11/examples/minitwit/minitwit.py', 183, 183)"
729,breaks in linear flow,"('/home/toffer/Repos/flask-tags/flask-0.11/examples/minitwit/minitwit.py', 185, 185)"
730,breaks in linear flow,"('/home/toffer/Repos/flask-tags/flask-0.11/examples/minitwit/minitwit.py', 198, 198)"
731,breaks in linear flow,"('/home/toffer/Repos/flask-tags/flask-0.11/examples/minitwit/minitwit.py', 201, 201)"
732,breaks in linear flow,"('/home/toffer/Repos/flask-tags/flask-0.11/examples/minitwit/minitwit.py', 204, 204)"
733,breaks in linear flow,"('/home/toffer/Repos/flask-tags/flask-0.11/examples/minitwit/minitwit.py', 219, 219)"
734,breaks in linear flow,"('/home/toffer/Repos/flask-tags/flask-0.11/examples/minitwit/minitwit.py', 222, 222)"
735,breaks in linear flow,"('/home/toffer/Repos/flask-tags/flask-0.11/examples/minitwit/minitwit.py', 223, 223)"
736,recursion,"('/home/toffer/Repos/flask-tags/flask-0.11/tests/test_views.py', 50, 50)"
737,recursion,"('/home/toffer/Repos/flask-tags/flask-0.11/flask/cli.py', 89, 89)"
738,recursion,"('/home/toffer/Repos/flask-tags/flask-0.11/scripts/make-release.py', 124, 125)"
739,recursion,"('/home/toffer/Repos/flask-tags/flask-0.11/scripts/make-release.py', 137, 137)"
740,recursion,"('/home/toffer/Repos/flask-tags/flask-0.11/scripts/flaskext_tester.py', 186, 186)"
741,recursion,"('/home/toffer/Repos/flask-tags/flask-0.11/scripts/flaskext_tester.py', 247, 247)"
