,type,file_start_end
0,method length,"('/home/toffer/Repos/flask-tags/flask-0.7.2/tests/flaskext_test.py', 122, 149)"
1,method length,"('/home/toffer/Repos/flask-tags/flask-0.7.2/tests/flask_tests.py', 144, 172)"
2,method length,"('/home/toffer/Repos/flask-tags/flask-0.7.2/tests/flask_tests.py', 339, 370)"
3,method length,"('/home/toffer/Repos/flask-tags/flask-0.7.2/tests/flask_tests.py', 384, 411)"
4,method length,"('/home/toffer/Repos/flask-tags/flask-0.7.2/tests/flask_tests.py', 465, 496)"
5,method length,"('/home/toffer/Repos/flask-tags/flask-0.7.2/tests/flask_tests.py', 498, 526)"
6,method length,"('/home/toffer/Repos/flask-tags/flask-0.7.2/tests/flask_tests.py', 669, 714)"
7,method length,"('/home/toffer/Repos/flask-tags/flask-0.7.2/tests/flask_tests.py', 716, 785)"
8,method length,"('/home/toffer/Repos/flask-tags/flask-0.7.2/tests/flask_tests.py', 833, 862)"
9,method length,"('/home/toffer/Repos/flask-tags/flask-0.7.2/tests/flask_tests.py', 1093, 1126)"
10,method length,"('/home/toffer/Repos/flask-tags/flask-0.7.2/tests/flask_tests.py', 1187, 1216)"
11,method length,"('/home/toffer/Repos/flask-tags/flask-0.7.2/tests/flask_tests.py', 1218, 1250)"
12,method length,"('/home/toffer/Repos/flask-tags/flask-0.7.2/tests/flask_tests.py', 1282, 1320)"
13,method length,"('/home/toffer/Repos/flask-tags/flask-0.7.2/tests/flask_tests.py', 1370, 1398)"
14,method length,"('/home/toffer/Repos/flask-tags/flask-0.7.2/tests/flask_tests.py', 1463, 1511)"
15,method length,"('/home/toffer/Repos/flask-tags/flask-0.7.2/tests/flask_tests.py', 1551, 1580)"
16,method length,"('/home/toffer/Repos/flask-tags/flask-0.7.2/tests/flask_tests.py', 1771, 1809)"
17,method length,"('/home/toffer/Repos/flask-tags/flask-0.7.2/flask/blueprints.py', 25, 60)"
18,method length,"('/home/toffer/Repos/flask-tags/flask-0.7.2/flask/ctx.py', 23, 52)"
19,method length,"('/home/toffer/Repos/flask-tags/flask-0.7.2/flask/helpers.py', 84, 114)"
20,method length,"('/home/toffer/Repos/flask-tags/flask-0.7.2/flask/helpers.py', 117, 156)"
21,method length,"('/home/toffer/Repos/flask-tags/flask-0.7.2/flask/helpers.py', 159, 195)"
22,method length,"('/home/toffer/Repos/flask-tags/flask-0.7.2/flask/helpers.py', 239, 265)"
23,method length,"('/home/toffer/Repos/flask-tags/flask-0.7.2/flask/helpers.py', 270, 402)"
24,method length,"('/home/toffer/Repos/flask-tags/flask-0.7.2/flask/helpers.py', 430, 460)"
25,method length,"('/home/toffer/Repos/flask-tags/flask-0.7.2/flask/app.py', 215, 368)"
26,method length,"('/home/toffer/Repos/flask-tags/flask-0.7.2/flask/app.py', 521, 553)"
27,method length,"('/home/toffer/Repos/flask-tags/flask-0.7.2/flask/app.py', 653, 719)"
28,method length,"('/home/toffer/Repos/flask-tags/flask-0.7.2/flask/app.py', 721, 791)"
29,method length,"('/home/toffer/Repos/flask-tags/flask-0.7.2/flask/app.py', 808, 847)"
30,method length,"('/home/toffer/Repos/flask-tags/flask-0.7.2/flask/app.py', 966, 993)"
31,method length,"('/home/toffer/Repos/flask-tags/flask-0.7.2/flask/app.py', 995, 1025)"
32,method length,"('/home/toffer/Repos/flask-tags/flask-0.7.2/flask/app.py', 1090, 1120)"
33,method length,"('/home/toffer/Repos/flask-tags/flask-0.7.2/flask/app.py', 1216, 1244)"
34,method length,"('/home/toffer/Repos/flask-tags/flask-0.7.2/flask/app.py', 1265, 1295)"
35,method length,"('/home/toffer/Repos/flask-tags/flask-0.7.2/flask/testing.py', 26, 58)"
36,method length,"('/home/toffer/Repos/flask-tags/flask-0.7.2/flask/logging.py', 17, 43)"
37,method length,"('/home/toffer/Repos/flask-tags/flask-0.7.2/flask/config.py', 135, 162)"
38,method length,"('/home/toffer/Repos/flask-tags/flask-0.7.2/scripts/make-release.py', 118, 146)"
39,method length,"('/home/toffer/Repos/flask-tags/flask-0.7.2/scripts/flask-07-upgrade.py', 85, 124)"
40,method length,"('/home/toffer/Repos/flask-tags/flask-0.7.2/scripts/flask-07-upgrade.py', 128, 169)"
41,method length,"('/home/toffer/Repos/flask-tags/flask-0.7.2/examples/minitwit/minitwit_tests.py', 107, 145)"
42,file length,"('/home/toffer/Repos/flask-tags/flask-0.7.2/tests/flask_tests.py', -1, -1)"
43,file length,"('/home/toffer/Repos/flask-tags/flask-0.7.2/flask/blueprints.py', -1, -1)"
44,file length,"('/home/toffer/Repos/flask-tags/flask-0.7.2/flask/helpers.py', -1, -1)"
45,file length,"('/home/toffer/Repos/flask-tags/flask-0.7.2/flask/app.py', -1, -1)"
46,argument count,"('/home/toffer/Repos/flask-tags/flask-0.7.2/tests/flaskext_test.py', 122, 122)"
47,argument count,"('/home/toffer/Repos/flask-tags/flask-0.7.2/tests/flask_tests.py', 67, 67)"
48,argument count,"('/home/toffer/Repos/flask-tags/flask-0.7.2/flask/blueprints.py', 24, 24)"
49,argument count,"('/home/toffer/Repos/flask-tags/flask-0.7.2/flask/blueprints.py', 62, 62)"
50,argument count,"('/home/toffer/Repos/flask-tags/flask-0.7.2/flask/blueprints.py', 92, 94)"
51,argument count,"('/home/toffer/Repos/flask-tags/flask-0.7.2/flask/blueprints.py', 164, 164)"
52,argument count,"('/home/toffer/Repos/flask-tags/flask-0.7.2/flask/module.py', 32, 33)"
53,argument count,"('/home/toffer/Repos/flask-tags/flask-0.7.2/flask/helpers.py', 268, 270)"
54,argument count,"('/home/toffer/Repos/flask-tags/flask-0.7.2/flask/app.py', 214, 215)"
55,argument count,"('/home/toffer/Repos/flask-tags/flask-0.7.2/flask/app.py', 653, 653)"
56,argument count,"('/home/toffer/Repos/flask-tags/flask-0.7.2/examples/minitwit/minitwit_tests.py', 32, 32)"
57,method count,"('/home/toffer/Repos/flask-tags/flask-0.7.2/tests/flask_tests.py', 36, 1945)"
58,method count,"('/home/toffer/Repos/flask-tags/flask-0.7.2/flask/blueprints.py', 24, 309)"
59,method count,"('/home/toffer/Repos/flask-tags/flask-0.7.2/flask/helpers.py', 47, 583)"
60,method count,"('/home/toffer/Repos/flask-tags/flask-0.7.2/flask/app.py', 214, 1305)"
61,Return Statements,"('/home/toffer/Repos/flask-tags/flask-0.7.2/tests/flask_tests.py', 1129, 1150)"
62,Return Statements,"('/home/toffer/Repos/flask-tags/flask-0.7.2/scripts/flask-07-upgrade.py', 85, 124)"
63,Return Statements,"('/home/toffer/Repos/flask-tags/flask-0.7.2/scripts/flask-07-upgrade.py', 127, 169)"
64,nested controlflow,"('/home/toffer/Repos/flask-tags/flask-0.7.2/flask/templating.py', 91, 98)"
65,nested controlflow,"('/home/toffer/Repos/flask-tags/flask-0.7.2/scripts/flask-07-upgrade.py', 75, 80)"
66,nested controlflow,"('/home/toffer/Repos/flask-tags/flask-0.7.2/scripts/flask-07-upgrade.py', 102, 108)"
67,nested controlflow,"('/home/toffer/Repos/flask-tags/flask-0.7.2/scripts/flask-07-upgrade.py', 248, 262)"
68,breaks in linear flow,"('/home/toffer/Repos/flask-tags/flask-0.7.2/setup.py', 61, 61)"
69,breaks in linear flow,"('/home/toffer/Repos/flask-tags/flask-0.7.2/setup.py', 67, 67)"
70,breaks in linear flow,"('/home/toffer/Repos/flask-tags/flask-0.7.2/setup.py', 71, 71)"
71,breaks in linear flow,"('/home/toffer/Repos/flask-tags/flask-0.7.2/setup.py', 72, 72)"
72,breaks in linear flow,"('/home/toffer/Repos/flask-tags/flask-0.7.2/setup.py', 73, 73)"
73,breaks in linear flow,"('/home/toffer/Repos/flask-tags/flask-0.7.2/setup.py', 75, 75)"
74,breaks in linear flow,"('/home/toffer/Repos/flask-tags/flask-0.7.2/docs/conf.py', 52, 52)"
75,breaks in linear flow,"('/home/toffer/Repos/flask-tags/flask-0.7.2/docs/conf.py', 60, 60)"
76,breaks in linear flow,"('/home/toffer/Repos/flask-tags/flask-0.7.2/docs/conf.py', 257, 257)"
77,breaks in linear flow,"('/home/toffer/Repos/flask-tags/flask-0.7.2/tests/flaskext_test.py', 33, 33)"
78,breaks in linear flow,"('/home/toffer/Repos/flask-tags/flask-0.7.2/tests/flaskext_test.py', 135, 135)"
79,breaks in linear flow,"('/home/toffer/Repos/flask-tags/flask-0.7.2/tests/flaskext_test.py', 143, 143)"
80,breaks in linear flow,"('/home/toffer/Repos/flask-tags/flask-0.7.2/tests/flaskext_test.py', 146, 146)"
81,breaks in linear flow,"('/home/toffer/Repos/flask-tags/flask-0.7.2/tests/flaskext_test.py', 155, 155)"
82,breaks in linear flow,"('/home/toffer/Repos/flask-tags/flask-0.7.2/tests/flaskext_test.py', 169, 169)"
83,breaks in linear flow,"('/home/toffer/Repos/flask-tags/flask-0.7.2/tests/flaskext_test.py', 178, 178)"
84,breaks in linear flow,"('/home/toffer/Repos/flask-tags/flask-0.7.2/tests/flaskext_test.py', 190, 190)"
85,breaks in linear flow,"('/home/toffer/Repos/flask-tags/flask-0.7.2/tests/flaskext_test.py', 192, 192)"
86,breaks in linear flow,"('/home/toffer/Repos/flask-tags/flask-0.7.2/tests/flaskext_test.py', 193, 193)"
87,breaks in linear flow,"('/home/toffer/Repos/flask-tags/flask-0.7.2/tests/flaskext_test.py', 213, 213)"
88,breaks in linear flow,"('/home/toffer/Repos/flask-tags/flask-0.7.2/tests/flaskext_test.py', 224, 224)"
89,breaks in linear flow,"('/home/toffer/Repos/flask-tags/flask-0.7.2/tests/flaskext_test.py', 225, 225)"
90,breaks in linear flow,"('/home/toffer/Repos/flask-tags/flask-0.7.2/tests/flaskext_test.py', 261, 261)"
91,breaks in linear flow,"('/home/toffer/Repos/flask-tags/flask-0.7.2/tests/flaskext_test.py', 264, 264)"
92,breaks in linear flow,"('/home/toffer/Repos/flask-tags/flask-0.7.2/tests/flaskext_test.py', 295, 295)"
93,breaks in linear flow,"('/home/toffer/Repos/flask-tags/flask-0.7.2/tests/flaskext_test.py', 304, 304)"
94,breaks in linear flow,"('/home/toffer/Repos/flask-tags/flask-0.7.2/tests/flaskext_test.py', 310, 310)"
95,breaks in linear flow,"('/home/toffer/Repos/flask-tags/flask-0.7.2/tests/flask_tests.py', 41, 41)"
96,breaks in linear flow,"('/home/toffer/Repos/flask-tags/flask-0.7.2/tests/flask_tests.py', 93, 93)"
97,breaks in linear flow,"('/home/toffer/Repos/flask-tags/flask-0.7.2/tests/flask_tests.py', 139, 139)"
98,breaks in linear flow,"('/home/toffer/Repos/flask-tags/flask-0.7.2/tests/flask_tests.py', 169, 169)"
99,breaks in linear flow,"('/home/toffer/Repos/flask-tags/flask-0.7.2/tests/flask_tests.py', 330, 330)"
100,breaks in linear flow,"('/home/toffer/Repos/flask-tags/flask-0.7.2/tests/flask_tests.py', 477, 477)"
101,breaks in linear flow,"('/home/toffer/Repos/flask-tags/flask-0.7.2/tests/flask_tests.py', 488, 488)"
102,breaks in linear flow,"('/home/toffer/Repos/flask-tags/flask-0.7.2/tests/flask_tests.py', 659, 659)"
103,breaks in linear flow,"('/home/toffer/Repos/flask-tags/flask-0.7.2/tests/flask_tests.py', 692, 692)"
104,breaks in linear flow,"('/home/toffer/Repos/flask-tags/flask-0.7.2/tests/flask_tests.py', 702, 702)"
105,breaks in linear flow,"('/home/toffer/Repos/flask-tags/flask-0.7.2/tests/flask_tests.py', 711, 711)"
106,breaks in linear flow,"('/home/toffer/Repos/flask-tags/flask-0.7.2/tests/flask_tests.py', 732, 732)"
107,breaks in linear flow,"('/home/toffer/Repos/flask-tags/flask-0.7.2/tests/flask_tests.py', 740, 740)"
108,breaks in linear flow,"('/home/toffer/Repos/flask-tags/flask-0.7.2/tests/flask_tests.py', 748, 748)"
109,breaks in linear flow,"('/home/toffer/Repos/flask-tags/flask-0.7.2/tests/flask_tests.py', 757, 757)"
110,breaks in linear flow,"('/home/toffer/Repos/flask-tags/flask-0.7.2/tests/flask_tests.py', 766, 766)"
111,breaks in linear flow,"('/home/toffer/Repos/flask-tags/flask-0.7.2/tests/flask_tests.py', 774, 774)"
112,breaks in linear flow,"('/home/toffer/Repos/flask-tags/flask-0.7.2/tests/flask_tests.py', 782, 782)"
113,breaks in linear flow,"('/home/toffer/Repos/flask-tags/flask-0.7.2/tests/flask_tests.py', 794, 794)"
114,breaks in linear flow,"('/home/toffer/Repos/flask-tags/flask-0.7.2/tests/flask_tests.py', 798, 798)"
115,breaks in linear flow,"('/home/toffer/Repos/flask-tags/flask-0.7.2/tests/flask_tests.py', 809, 809)"
116,breaks in linear flow,"('/home/toffer/Repos/flask-tags/flask-0.7.2/tests/flask_tests.py', 838, 838)"
117,breaks in linear flow,"('/home/toffer/Repos/flask-tags/flask-0.7.2/tests/flask_tests.py', 889, 889)"
118,breaks in linear flow,"('/home/toffer/Repos/flask-tags/flask-0.7.2/tests/flask_tests.py', 928, 928)"
119,breaks in linear flow,"('/home/toffer/Repos/flask-tags/flask-0.7.2/tests/flask_tests.py', 1210, 1210)"
120,breaks in linear flow,"('/home/toffer/Repos/flask-tags/flask-0.7.2/tests/flask_tests.py', 1226, 1226)"
121,breaks in linear flow,"('/home/toffer/Repos/flask-tags/flask-0.7.2/tests/flask_tests.py', 1232, 1232)"
122,breaks in linear flow,"('/home/toffer/Repos/flask-tags/flask-0.7.2/tests/flask_tests.py', 1245, 1245)"
123,breaks in linear flow,"('/home/toffer/Repos/flask-tags/flask-0.7.2/tests/flask_tests.py', 1392, 1392)"
124,breaks in linear flow,"('/home/toffer/Repos/flask-tags/flask-0.7.2/tests/flask_tests.py', 1577, 1577)"
125,breaks in linear flow,"('/home/toffer/Repos/flask-tags/flask-0.7.2/tests/flask_tests.py', 1606, 1606)"
126,breaks in linear flow,"('/home/toffer/Repos/flask-tags/flask-0.7.2/tests/flask_tests.py', 1610, 1610)"
127,breaks in linear flow,"('/home/toffer/Repos/flask-tags/flask-0.7.2/tests/flask_tests.py', 1619, 1619)"
128,breaks in linear flow,"('/home/toffer/Repos/flask-tags/flask-0.7.2/tests/flask_tests.py', 1659, 1659)"
129,breaks in linear flow,"('/home/toffer/Repos/flask-tags/flask-0.7.2/tests/flask_tests.py', 1675, 1675)"
130,breaks in linear flow,"('/home/toffer/Repos/flask-tags/flask-0.7.2/tests/flask_tests.py', 1940, 1940)"
131,breaks in linear flow,"('/home/toffer/Repos/flask-tags/flask-0.7.2/tests/flask_tests.py', 1942, 1942)"
132,breaks in linear flow,"('/home/toffer/Repos/flask-tags/flask-0.7.2/tests/flask_tests.py', 1949, 1949)"
133,breaks in linear flow,"('/home/toffer/Repos/flask-tags/flask-0.7.2/flask/blueprints.py', 42, 42)"
134,breaks in linear flow,"('/home/toffer/Repos/flask-tags/flask-0.7.2/flask/blueprints.py', 50, 50)"
135,breaks in linear flow,"('/home/toffer/Repos/flask-tags/flask-0.7.2/flask/blueprints.py', 67, 67)"
136,breaks in linear flow,"('/home/toffer/Repos/flask-tags/flask-0.7.2/flask/blueprints.py', 70, 70)"
137,breaks in linear flow,"('/home/toffer/Repos/flask-tags/flask-0.7.2/flask/blueprints.py', 73, 73)"
138,breaks in linear flow,"('/home/toffer/Repos/flask-tags/flask-0.7.2/flask/blueprints.py', 103, 103)"
139,breaks in linear flow,"('/home/toffer/Repos/flask-tags/flask-0.7.2/flask/blueprints.py', 113, 113)"
140,breaks in linear flow,"('/home/toffer/Repos/flask-tags/flask-0.7.2/flask/blueprints.py', 127, 127)"
141,breaks in linear flow,"('/home/toffer/Repos/flask-tags/flask-0.7.2/flask/blueprints.py', 147, 147)"
142,breaks in linear flow,"('/home/toffer/Repos/flask-tags/flask-0.7.2/flask/blueprints.py', 152, 152)"
143,breaks in linear flow,"('/home/toffer/Repos/flask-tags/flask-0.7.2/flask/globals.py', 18, 18)"
144,breaks in linear flow,"('/home/toffer/Repos/flask-tags/flask-0.7.2/flask/templating.py', 40, 40)"
145,breaks in linear flow,"('/home/toffer/Repos/flask-tags/flask-0.7.2/flask/templating.py', 55, 55)"
146,breaks in linear flow,"('/home/toffer/Repos/flask-tags/flask-0.7.2/flask/templating.py', 58, 58)"
147,breaks in linear flow,"('/home/toffer/Repos/flask-tags/flask-0.7.2/flask/templating.py', 65, 65)"
148,breaks in linear flow,"('/home/toffer/Repos/flask-tags/flask-0.7.2/flask/templating.py', 73, 73)"
149,breaks in linear flow,"('/home/toffer/Repos/flask-tags/flask-0.7.2/flask/templating.py', 75, 75)"
150,breaks in linear flow,"('/home/toffer/Repos/flask-tags/flask-0.7.2/flask/templating.py', 77, 77)"
151,breaks in linear flow,"('/home/toffer/Repos/flask-tags/flask-0.7.2/flask/templating.py', 80, 80)"
152,breaks in linear flow,"('/home/toffer/Repos/flask-tags/flask-0.7.2/flask/templating.py', 82, 82)"
153,breaks in linear flow,"('/home/toffer/Repos/flask-tags/flask-0.7.2/flask/templating.py', 88, 88)"
154,breaks in linear flow,"('/home/toffer/Repos/flask-tags/flask-0.7.2/flask/templating.py', 91, 91)"
155,breaks in linear flow,"('/home/toffer/Repos/flask-tags/flask-0.7.2/flask/templating.py', 93, 93)"
156,breaks in linear flow,"('/home/toffer/Repos/flask-tags/flask-0.7.2/flask/templating.py', 94, 94)"
157,breaks in linear flow,"('/home/toffer/Repos/flask-tags/flask-0.7.2/flask/templating.py', 96, 96)"
158,breaks in linear flow,"('/home/toffer/Repos/flask-tags/flask-0.7.2/flask/module.py', 34, 34)"
159,breaks in linear flow,"('/home/toffer/Repos/flask-tags/flask-0.7.2/flask/module.py', 41, 41)"
160,breaks in linear flow,"('/home/toffer/Repos/flask-tags/flask-0.7.2/flask/__init__.py', 37, 37)"
161,breaks in linear flow,"('/home/toffer/Repos/flask-tags/flask-0.7.2/flask/ctx.py', 98, 98)"
162,breaks in linear flow,"('/home/toffer/Repos/flask-tags/flask-0.7.2/flask/ctx.py', 102, 102)"
163,breaks in linear flow,"('/home/toffer/Repos/flask-tags/flask-0.7.2/flask/ctx.py', 113, 113)"
164,breaks in linear flow,"('/home/toffer/Repos/flask-tags/flask-0.7.2/flask/ctx.py', 124, 124)"
165,breaks in linear flow,"('/home/toffer/Repos/flask-tags/flask-0.7.2/flask/ctx.py', 145, 145)"
166,breaks in linear flow,"('/home/toffer/Repos/flask-tags/flask-0.7.2/flask/helpers.py', 28, 28)"
167,breaks in linear flow,"('/home/toffer/Repos/flask-tags/flask-0.7.2/flask/helpers.py', 31, 31)"
168,breaks in linear flow,"('/home/toffer/Repos/flask-tags/flask-0.7.2/flask/helpers.py', 35, 35)"
169,breaks in linear flow,"('/home/toffer/Repos/flask-tags/flask-0.7.2/flask/helpers.py', 49, 49)"
170,breaks in linear flow,"('/home/toffer/Repos/flask-tags/flask-0.7.2/flask/helpers.py', 54, 54)"
171,breaks in linear flow,"('/home/toffer/Repos/flask-tags/flask-0.7.2/flask/helpers.py', 57, 57)"
172,breaks in linear flow,"('/home/toffer/Repos/flask-tags/flask-0.7.2/flask/helpers.py', 111, 111)"
173,breaks in linear flow,"('/home/toffer/Repos/flask-tags/flask-0.7.2/flask/helpers.py', 152, 152)"
174,breaks in linear flow,"('/home/toffer/Repos/flask-tags/flask-0.7.2/flask/helpers.py', 154, 154)"
175,breaks in linear flow,"('/home/toffer/Repos/flask-tags/flask-0.7.2/flask/helpers.py', 180, 180)"
176,breaks in linear flow,"('/home/toffer/Repos/flask-tags/flask-0.7.2/flask/helpers.py', 181, 181)"
177,breaks in linear flow,"('/home/toffer/Repos/flask-tags/flask-0.7.2/flask/helpers.py', 182, 182)"
178,breaks in linear flow,"('/home/toffer/Repos/flask-tags/flask-0.7.2/flask/helpers.py', 188, 188)"
179,breaks in linear flow,"('/home/toffer/Repos/flask-tags/flask-0.7.2/flask/helpers.py', 189, 189)"
180,breaks in linear flow,"('/home/toffer/Repos/flask-tags/flask-0.7.2/flask/helpers.py', 260, 260)"
181,breaks in linear flow,"('/home/toffer/Repos/flask-tags/flask-0.7.2/flask/helpers.py', 263, 263)"
182,breaks in linear flow,"('/home/toffer/Repos/flask-tags/flask-0.7.2/flask/helpers.py', 322, 322)"
183,breaks in linear flow,"('/home/toffer/Repos/flask-tags/flask-0.7.2/flask/helpers.py', 332, 332)"
184,breaks in linear flow,"('/home/toffer/Repos/flask-tags/flask-0.7.2/flask/helpers.py', 338, 338)"
185,breaks in linear flow,"('/home/toffer/Repos/flask-tags/flask-0.7.2/flask/helpers.py', 345, 345)"
186,breaks in linear flow,"('/home/toffer/Repos/flask-tags/flask-0.7.2/flask/helpers.py', 346, 346)"
187,breaks in linear flow,"('/home/toffer/Repos/flask-tags/flask-0.7.2/flask/helpers.py', 348, 348)"
188,breaks in linear flow,"('/home/toffer/Repos/flask-tags/flask-0.7.2/flask/helpers.py', 350, 350)"
189,breaks in linear flow,"('/home/toffer/Repos/flask-tags/flask-0.7.2/flask/helpers.py', 354, 354)"
190,breaks in linear flow,"('/home/toffer/Repos/flask-tags/flask-0.7.2/flask/helpers.py', 355, 355)"
191,breaks in linear flow,"('/home/toffer/Repos/flask-tags/flask-0.7.2/flask/helpers.py', 356, 356)"
192,breaks in linear flow,"('/home/toffer/Repos/flask-tags/flask-0.7.2/flask/helpers.py', 363, 363)"
193,breaks in linear flow,"('/home/toffer/Repos/flask-tags/flask-0.7.2/flask/helpers.py', 364, 364)"
194,breaks in linear flow,"('/home/toffer/Repos/flask-tags/flask-0.7.2/flask/helpers.py', 369, 369)"
195,breaks in linear flow,"('/home/toffer/Repos/flask-tags/flask-0.7.2/flask/helpers.py', 379, 379)"
196,breaks in linear flow,"('/home/toffer/Repos/flask-tags/flask-0.7.2/flask/helpers.py', 383, 383)"
197,breaks in linear flow,"('/home/toffer/Repos/flask-tags/flask-0.7.2/flask/helpers.py', 387, 387)"
198,breaks in linear flow,"('/home/toffer/Repos/flask-tags/flask-0.7.2/flask/helpers.py', 396, 396)"
199,breaks in linear flow,"('/home/toffer/Repos/flask-tags/flask-0.7.2/flask/helpers.py', 400, 400)"
200,breaks in linear flow,"('/home/toffer/Repos/flask-tags/flask-0.7.2/flask/helpers.py', 422, 422)"
201,breaks in linear flow,"('/home/toffer/Repos/flask-tags/flask-0.7.2/flask/helpers.py', 423, 423)"
202,breaks in linear flow,"('/home/toffer/Repos/flask-tags/flask-0.7.2/flask/helpers.py', 425, 425)"
203,breaks in linear flow,"('/home/toffer/Repos/flask-tags/flask-0.7.2/flask/helpers.py', 458, 458)"
204,breaks in linear flow,"('/home/toffer/Repos/flask-tags/flask-0.7.2/flask/helpers.py', 467, 467)"
205,breaks in linear flow,"('/home/toffer/Repos/flask-tags/flask-0.7.2/flask/helpers.py', 487, 487)"
206,breaks in linear flow,"('/home/toffer/Repos/flask-tags/flask-0.7.2/flask/helpers.py', 491, 491)"
207,breaks in linear flow,"('/home/toffer/Repos/flask-tags/flask-0.7.2/flask/helpers.py', 515, 515)"
208,breaks in linear flow,"('/home/toffer/Repos/flask-tags/flask-0.7.2/flask/helpers.py', 523, 523)"
209,breaks in linear flow,"('/home/toffer/Repos/flask-tags/flask-0.7.2/flask/helpers.py', 524, 524)"
210,breaks in linear flow,"('/home/toffer/Repos/flask-tags/flask-0.7.2/flask/helpers.py', 548, 548)"
211,breaks in linear flow,"('/home/toffer/Repos/flask-tags/flask-0.7.2/flask/helpers.py', 558, 558)"
212,breaks in linear flow,"('/home/toffer/Repos/flask-tags/flask-0.7.2/flask/app.py', 218, 218)"
213,breaks in linear flow,"('/home/toffer/Repos/flask-tags/flask-0.7.2/flask/app.py', 224, 224)"
214,breaks in linear flow,"('/home/toffer/Repos/flask-tags/flask-0.7.2/flask/app.py', 226, 226)"
215,breaks in linear flow,"('/home/toffer/Repos/flask-tags/flask-0.7.2/flask/app.py', 365, 365)"
216,breaks in linear flow,"('/home/toffer/Repos/flask-tags/flask-0.7.2/flask/app.py', 389, 389)"
217,breaks in linear flow,"('/home/toffer/Repos/flask-tags/flask-0.7.2/flask/app.py', 402, 402)"
218,breaks in linear flow,"('/home/toffer/Repos/flask-tags/flask-0.7.2/flask/app.py', 419, 419)"
219,breaks in linear flow,"('/home/toffer/Repos/flask-tags/flask-0.7.2/flask/app.py', 422, 422)"
220,breaks in linear flow,"('/home/toffer/Repos/flask-tags/flask-0.7.2/flask/app.py', 435, 435)"
221,breaks in linear flow,"('/home/toffer/Repos/flask-tags/flask-0.7.2/flask/app.py', 456, 456)"
222,breaks in linear flow,"('/home/toffer/Repos/flask-tags/flask-0.7.2/flask/app.py', 494, 494)"
223,breaks in linear flow,"('/home/toffer/Repos/flask-tags/flask-0.7.2/flask/app.py', 511, 511)"
224,breaks in linear flow,"('/home/toffer/Repos/flask-tags/flask-0.7.2/flask/app.py', 514, 514)"
225,breaks in linear flow,"('/home/toffer/Repos/flask-tags/flask-0.7.2/flask/app.py', 549, 549)"
226,breaks in linear flow,"('/home/toffer/Repos/flask-tags/flask-0.7.2/flask/app.py', 576, 576)"
227,breaks in linear flow,"('/home/toffer/Repos/flask-tags/flask-0.7.2/flask/app.py', 588, 588)"
228,breaks in linear flow,"('/home/toffer/Repos/flask-tags/flask-0.7.2/flask/app.py', 602, 602)"
229,breaks in linear flow,"('/home/toffer/Repos/flask-tags/flask-0.7.2/flask/app.py', 604, 604)"
230,breaks in linear flow,"('/home/toffer/Repos/flask-tags/flask-0.7.2/flask/app.py', 622, 622)"
231,breaks in linear flow,"('/home/toffer/Repos/flask-tags/flask-0.7.2/flask/app.py', 642, 642)"
232,breaks in linear flow,"('/home/toffer/Repos/flask-tags/flask-0.7.2/flask/app.py', 696, 696)"
233,breaks in linear flow,"('/home/toffer/Repos/flask-tags/flask-0.7.2/flask/app.py', 703, 703)"
234,breaks in linear flow,"('/home/toffer/Repos/flask-tags/flask-0.7.2/flask/app.py', 706, 706)"
235,breaks in linear flow,"('/home/toffer/Repos/flask-tags/flask-0.7.2/flask/app.py', 718, 718)"
236,breaks in linear flow,"('/home/toffer/Repos/flask-tags/flask-0.7.2/flask/app.py', 859, 859)"
237,breaks in linear flow,"('/home/toffer/Repos/flask-tags/flask-0.7.2/flask/app.py', 861, 861)"
238,breaks in linear flow,"('/home/toffer/Repos/flask-tags/flask-0.7.2/flask/app.py', 958, 958)"
239,breaks in linear flow,"('/home/toffer/Repos/flask-tags/flask-0.7.2/flask/app.py', 962, 962)"
240,breaks in linear flow,"('/home/toffer/Repos/flask-tags/flask-0.7.2/flask/app.py', 978, 978)"
241,breaks in linear flow,"('/home/toffer/Repos/flask-tags/flask-0.7.2/flask/app.py', 986, 986)"
242,breaks in linear flow,"('/home/toffer/Repos/flask-tags/flask-0.7.2/flask/app.py', 989, 989)"
243,breaks in linear flow,"('/home/toffer/Repos/flask-tags/flask-0.7.2/flask/app.py', 990, 990)"
244,breaks in linear flow,"('/home/toffer/Repos/flask-tags/flask-0.7.2/flask/app.py', 1009, 1009)"
245,breaks in linear flow,"('/home/toffer/Repos/flask-tags/flask-0.7.2/flask/app.py', 1014, 1014)"
246,breaks in linear flow,"('/home/toffer/Repos/flask-tags/flask-0.7.2/flask/app.py', 1023, 1023)"
247,breaks in linear flow,"('/home/toffer/Repos/flask-tags/flask-0.7.2/flask/app.py', 1038, 1038)"
248,breaks in linear flow,"('/home/toffer/Repos/flask-tags/flask-0.7.2/flask/app.py', 1043, 1043)"
249,breaks in linear flow,"('/home/toffer/Repos/flask-tags/flask-0.7.2/flask/app.py', 1059, 1059)"
250,breaks in linear flow,"('/home/toffer/Repos/flask-tags/flask-0.7.2/flask/app.py', 1061, 1061)"
251,breaks in linear flow,"('/home/toffer/Repos/flask-tags/flask-0.7.2/flask/app.py', 1082, 1082)"
252,breaks in linear flow,"('/home/toffer/Repos/flask-tags/flask-0.7.2/flask/app.py', 1084, 1084)"
253,breaks in linear flow,"('/home/toffer/Repos/flask-tags/flask-0.7.2/flask/app.py', 1112, 1112)"
254,breaks in linear flow,"('/home/toffer/Repos/flask-tags/flask-0.7.2/flask/app.py', 1114, 1114)"
255,breaks in linear flow,"('/home/toffer/Repos/flask-tags/flask-0.7.2/flask/app.py', 1116, 1116)"
256,breaks in linear flow,"('/home/toffer/Repos/flask-tags/flask-0.7.2/flask/app.py', 1118, 1118)"
257,breaks in linear flow,"('/home/toffer/Repos/flask-tags/flask-0.7.2/flask/app.py', 1140, 1140)"
258,breaks in linear flow,"('/home/toffer/Repos/flask-tags/flask-0.7.2/flask/app.py', 1143, 1143)"
259,breaks in linear flow,"('/home/toffer/Repos/flask-tags/flask-0.7.2/flask/app.py', 1159, 1159)"
260,breaks in linear flow,"('/home/toffer/Repos/flask-tags/flask-0.7.2/flask/app.py', 1161, 1161)"
261,breaks in linear flow,"('/home/toffer/Repos/flask-tags/flask-0.7.2/flask/app.py', 1165, 1165)"
262,breaks in linear flow,"('/home/toffer/Repos/flask-tags/flask-0.7.2/flask/app.py', 1167, 1167)"
263,breaks in linear flow,"('/home/toffer/Repos/flask-tags/flask-0.7.2/flask/app.py', 1169, 1169)"
264,breaks in linear flow,"('/home/toffer/Repos/flask-tags/flask-0.7.2/flask/app.py', 1187, 1187)"
265,breaks in linear flow,"('/home/toffer/Repos/flask-tags/flask-0.7.2/flask/app.py', 1190, 1190)"
266,breaks in linear flow,"('/home/toffer/Repos/flask-tags/flask-0.7.2/flask/app.py', 1192, 1192)"
267,breaks in linear flow,"('/home/toffer/Repos/flask-tags/flask-0.7.2/flask/app.py', 1194, 1194)"
268,breaks in linear flow,"('/home/toffer/Repos/flask-tags/flask-0.7.2/flask/app.py', 1207, 1207)"
269,breaks in linear flow,"('/home/toffer/Repos/flask-tags/flask-0.7.2/flask/app.py', 1210, 1210)"
270,breaks in linear flow,"('/home/toffer/Repos/flask-tags/flask-0.7.2/flask/app.py', 1212, 1212)"
271,breaks in linear flow,"('/home/toffer/Repos/flask-tags/flask-0.7.2/flask/app.py', 1253, 1253)"
272,breaks in linear flow,"('/home/toffer/Repos/flask-tags/flask-0.7.2/flask/app.py', 1255, 1255)"
273,breaks in linear flow,"('/home/toffer/Repos/flask-tags/flask-0.7.2/flask/app.py', 1293, 1293)"
274,breaks in linear flow,"('/home/toffer/Repos/flask-tags/flask-0.7.2/flask/wrappers.py', 53, 53)"
275,breaks in linear flow,"('/home/toffer/Repos/flask-tags/flask-0.7.2/flask/wrappers.py', 63, 63)"
276,breaks in linear flow,"('/home/toffer/Repos/flask-tags/flask-0.7.2/flask/wrappers.py', 76, 76)"
277,breaks in linear flow,"('/home/toffer/Repos/flask-tags/flask-0.7.2/flask/wrappers.py', 82, 82)"
278,breaks in linear flow,"('/home/toffer/Repos/flask-tags/flask-0.7.2/flask/wrappers.py', 90, 90)"
279,breaks in linear flow,"('/home/toffer/Repos/flask-tags/flask-0.7.2/flask/wrappers.py', 92, 92)"
280,breaks in linear flow,"('/home/toffer/Repos/flask-tags/flask-0.7.2/flask/wrappers.py', 94, 94)"
281,breaks in linear flow,"('/home/toffer/Repos/flask-tags/flask-0.7.2/flask/testing.py', 27, 27)"
282,breaks in linear flow,"('/home/toffer/Repos/flask-tags/flask-0.7.2/flask/testing.py', 39, 39)"
283,breaks in linear flow,"('/home/toffer/Repos/flask-tags/flask-0.7.2/flask/testing.py', 41, 41)"
284,breaks in linear flow,"('/home/toffer/Repos/flask-tags/flask-0.7.2/flask/testing.py', 45, 45)"
285,breaks in linear flow,"('/home/toffer/Repos/flask-tags/flask-0.7.2/flask/testing.py', 47, 47)"
286,breaks in linear flow,"('/home/toffer/Repos/flask-tags/flask-0.7.2/flask/testing.py', 66, 66)"
287,breaks in linear flow,"('/home/toffer/Repos/flask-tags/flask-0.7.2/flask/config.py', 28, 28)"
288,breaks in linear flow,"('/home/toffer/Repos/flask-tags/flask-0.7.2/flask/config.py', 97, 97)"
289,breaks in linear flow,"('/home/toffer/Repos/flask-tags/flask-0.7.2/flask/config.py', 98, 98)"
290,breaks in linear flow,"('/home/toffer/Repos/flask-tags/flask-0.7.2/flask/config.py', 127, 127)"
291,breaks in linear flow,"('/home/toffer/Repos/flask-tags/flask-0.7.2/flask/config.py', 128, 128)"
292,breaks in linear flow,"('/home/toffer/Repos/flask-tags/flask-0.7.2/flask/config.py', 158, 158)"
293,breaks in linear flow,"('/home/toffer/Repos/flask-tags/flask-0.7.2/flask/config.py', 160, 160)"
294,breaks in linear flow,"('/home/toffer/Repos/flask-tags/flask-0.7.2/flask/config.py', 161, 161)"
295,breaks in linear flow,"('/home/toffer/Repos/flask-tags/flask-0.7.2/flask/views.py', 74, 74)"
296,breaks in linear flow,"('/home/toffer/Repos/flask-tags/flask-0.7.2/flask/views.py', 76, 76)"
297,breaks in linear flow,"('/home/toffer/Repos/flask-tags/flask-0.7.2/flask/views.py', 77, 77)"
298,breaks in linear flow,"('/home/toffer/Repos/flask-tags/flask-0.7.2/flask/views.py', 83, 83)"
299,breaks in linear flow,"('/home/toffer/Repos/flask-tags/flask-0.7.2/flask/signals.py', 16, 16)"
300,breaks in linear flow,"('/home/toffer/Repos/flask-tags/flask-0.7.2/scripts/make-release.py', 23, 23)"
301,breaks in linear flow,"('/home/toffer/Repos/flask-tags/flask-0.7.2/scripts/make-release.py', 25, 25)"
302,breaks in linear flow,"('/home/toffer/Repos/flask-tags/flask-0.7.2/scripts/make-release.py', 26, 26)"
303,breaks in linear flow,"('/home/toffer/Repos/flask-tags/flask-0.7.2/scripts/make-release.py', 29, 29)"
304,breaks in linear flow,"('/home/toffer/Repos/flask-tags/flask-0.7.2/scripts/make-release.py', 30, 30)"
305,breaks in linear flow,"('/home/toffer/Repos/flask-tags/flask-0.7.2/scripts/make-release.py', 31, 31)"
306,breaks in linear flow,"('/home/toffer/Repos/flask-tags/flask-0.7.2/scripts/make-release.py', 33, 33)"
307,breaks in linear flow,"('/home/toffer/Repos/flask-tags/flask-0.7.2/scripts/make-release.py', 34, 34)"
308,breaks in linear flow,"('/home/toffer/Repos/flask-tags/flask-0.7.2/scripts/make-release.py', 38, 38)"
309,breaks in linear flow,"('/home/toffer/Repos/flask-tags/flask-0.7.2/scripts/make-release.py', 39, 39)"
310,breaks in linear flow,"('/home/toffer/Repos/flask-tags/flask-0.7.2/scripts/make-release.py', 48, 48)"
311,breaks in linear flow,"('/home/toffer/Repos/flask-tags/flask-0.7.2/scripts/make-release.py', 70, 70)"
312,breaks in linear flow,"('/home/toffer/Repos/flask-tags/flask-0.7.2/scripts/make-release.py', 122, 122)"
313,breaks in linear flow,"('/home/toffer/Repos/flask-tags/flask-0.7.2/scripts/make-release.py', 132, 132)"
314,breaks in linear flow,"('/home/toffer/Repos/flask-tags/flask-0.7.2/scripts/make-release.py', 134, 134)"
315,breaks in linear flow,"('/home/toffer/Repos/flask-tags/flask-0.7.2/scripts/make-release.py', 137, 137)"
316,breaks in linear flow,"('/home/toffer/Repos/flask-tags/flask-0.7.2/scripts/make-release.py', 149, 149)"
317,breaks in linear flow,"('/home/toffer/Repos/flask-tags/flask-0.7.2/scripts/flask-07-upgrade.py', 31, 31)"
318,breaks in linear flow,"('/home/toffer/Repos/flask-tags/flask-0.7.2/scripts/flask-07-upgrade.py', 58, 58)"
319,breaks in linear flow,"('/home/toffer/Repos/flask-tags/flask-0.7.2/scripts/flask-07-upgrade.py', 67, 67)"
320,breaks in linear flow,"('/home/toffer/Repos/flask-tags/flask-0.7.2/scripts/flask-07-upgrade.py', 71, 71)"
321,breaks in linear flow,"('/home/toffer/Repos/flask-tags/flask-0.7.2/scripts/flask-07-upgrade.py', 75, 75)"
322,breaks in linear flow,"('/home/toffer/Repos/flask-tags/flask-0.7.2/scripts/flask-07-upgrade.py', 76, 76)"
323,breaks in linear flow,"('/home/toffer/Repos/flask-tags/flask-0.7.2/scripts/flask-07-upgrade.py', 77, 77)"
324,breaks in linear flow,"('/home/toffer/Repos/flask-tags/flask-0.7.2/scripts/flask-07-upgrade.py', 79, 79)"
325,breaks in linear flow,"('/home/toffer/Repos/flask-tags/flask-0.7.2/scripts/flask-07-upgrade.py', 86, 86)"
326,breaks in linear flow,"('/home/toffer/Repos/flask-tags/flask-0.7.2/scripts/flask-07-upgrade.py', 94, 94)"
327,breaks in linear flow,"('/home/toffer/Repos/flask-tags/flask-0.7.2/scripts/flask-07-upgrade.py', 96, 96)"
328,breaks in linear flow,"('/home/toffer/Repos/flask-tags/flask-0.7.2/scripts/flask-07-upgrade.py', 102, 102)"
329,breaks in linear flow,"('/home/toffer/Repos/flask-tags/flask-0.7.2/scripts/flask-07-upgrade.py', 103, 103)"
330,breaks in linear flow,"('/home/toffer/Repos/flask-tags/flask-0.7.2/scripts/flask-07-upgrade.py', 104, 104)"
331,breaks in linear flow,"('/home/toffer/Repos/flask-tags/flask-0.7.2/scripts/flask-07-upgrade.py', 106, 106)"
332,breaks in linear flow,"('/home/toffer/Repos/flask-tags/flask-0.7.2/scripts/flask-07-upgrade.py', 111, 111)"
333,breaks in linear flow,"('/home/toffer/Repos/flask-tags/flask-0.7.2/scripts/flask-07-upgrade.py', 113, 113)"
334,breaks in linear flow,"('/home/toffer/Repos/flask-tags/flask-0.7.2/scripts/flask-07-upgrade.py', 117, 117)"
335,breaks in linear flow,"('/home/toffer/Repos/flask-tags/flask-0.7.2/scripts/flask-07-upgrade.py', 134, 134)"
336,breaks in linear flow,"('/home/toffer/Repos/flask-tags/flask-0.7.2/scripts/flask-07-upgrade.py', 138, 138)"
337,breaks in linear flow,"('/home/toffer/Repos/flask-tags/flask-0.7.2/scripts/flask-07-upgrade.py', 143, 143)"
338,breaks in linear flow,"('/home/toffer/Repos/flask-tags/flask-0.7.2/scripts/flask-07-upgrade.py', 156, 156)"
339,breaks in linear flow,"('/home/toffer/Repos/flask-tags/flask-0.7.2/scripts/flask-07-upgrade.py', 158, 158)"
340,breaks in linear flow,"('/home/toffer/Repos/flask-tags/flask-0.7.2/scripts/flask-07-upgrade.py', 160, 160)"
341,breaks in linear flow,"('/home/toffer/Repos/flask-tags/flask-0.7.2/scripts/flask-07-upgrade.py', 161, 161)"
342,breaks in linear flow,"('/home/toffer/Repos/flask-tags/flask-0.7.2/scripts/flask-07-upgrade.py', 163, 163)"
343,breaks in linear flow,"('/home/toffer/Repos/flask-tags/flask-0.7.2/scripts/flask-07-upgrade.py', 165, 165)"
344,breaks in linear flow,"('/home/toffer/Repos/flask-tags/flask-0.7.2/scripts/flask-07-upgrade.py', 167, 167)"
345,breaks in linear flow,"('/home/toffer/Repos/flask-tags/flask-0.7.2/scripts/flask-07-upgrade.py', 174, 174)"
346,breaks in linear flow,"('/home/toffer/Repos/flask-tags/flask-0.7.2/scripts/flask-07-upgrade.py', 181, 181)"
347,breaks in linear flow,"('/home/toffer/Repos/flask-tags/flask-0.7.2/scripts/flask-07-upgrade.py', 182, 182)"
348,breaks in linear flow,"('/home/toffer/Repos/flask-tags/flask-0.7.2/scripts/flask-07-upgrade.py', 184, 184)"
349,breaks in linear flow,"('/home/toffer/Repos/flask-tags/flask-0.7.2/scripts/flask-07-upgrade.py', 185, 185)"
350,breaks in linear flow,"('/home/toffer/Repos/flask-tags/flask-0.7.2/scripts/flask-07-upgrade.py', 187, 187)"
351,breaks in linear flow,"('/home/toffer/Repos/flask-tags/flask-0.7.2/scripts/flask-07-upgrade.py', 189, 189)"
352,breaks in linear flow,"('/home/toffer/Repos/flask-tags/flask-0.7.2/scripts/flask-07-upgrade.py', 190, 190)"
353,breaks in linear flow,"('/home/toffer/Repos/flask-tags/flask-0.7.2/scripts/flask-07-upgrade.py', 198, 198)"
354,breaks in linear flow,"('/home/toffer/Repos/flask-tags/flask-0.7.2/scripts/flask-07-upgrade.py', 200, 200)"
355,breaks in linear flow,"('/home/toffer/Repos/flask-tags/flask-0.7.2/scripts/flask-07-upgrade.py', 214, 214)"
356,breaks in linear flow,"('/home/toffer/Repos/flask-tags/flask-0.7.2/scripts/flask-07-upgrade.py', 222, 222)"
357,breaks in linear flow,"('/home/toffer/Repos/flask-tags/flask-0.7.2/scripts/flask-07-upgrade.py', 225, 225)"
358,breaks in linear flow,"('/home/toffer/Repos/flask-tags/flask-0.7.2/scripts/flask-07-upgrade.py', 232, 232)"
359,breaks in linear flow,"('/home/toffer/Repos/flask-tags/flask-0.7.2/scripts/flask-07-upgrade.py', 248, 248)"
360,breaks in linear flow,"('/home/toffer/Repos/flask-tags/flask-0.7.2/scripts/flask-07-upgrade.py', 250, 250)"
361,breaks in linear flow,"('/home/toffer/Repos/flask-tags/flask-0.7.2/scripts/flask-07-upgrade.py', 252, 252)"
362,breaks in linear flow,"('/home/toffer/Repos/flask-tags/flask-0.7.2/scripts/flask-07-upgrade.py', 253, 253)"
363,breaks in linear flow,"('/home/toffer/Repos/flask-tags/flask-0.7.2/scripts/flask-07-upgrade.py', 254, 254)"
364,breaks in linear flow,"('/home/toffer/Repos/flask-tags/flask-0.7.2/scripts/flask-07-upgrade.py', 261, 261)"
365,breaks in linear flow,"('/home/toffer/Repos/flask-tags/flask-0.7.2/scripts/flask-07-upgrade.py', 266, 266)"
366,breaks in linear flow,"('/home/toffer/Repos/flask-tags/flask-0.7.2/scripts/flask-07-upgrade.py', 269, 269)"
367,breaks in linear flow,"('/home/toffer/Repos/flask-tags/flask-0.7.2/scripts/flask-07-upgrade.py', 286, 286)"
368,breaks in linear flow,"('/home/toffer/Repos/flask-tags/flask-0.7.2/scripts/flask-07-upgrade.py', 289, 289)"
369,breaks in linear flow,"('/home/toffer/Repos/flask-tags/flask-0.7.2/scripts/flask-07-upgrade.py', 294, 294)"
370,breaks in linear flow,"('/home/toffer/Repos/flask-tags/flask-0.7.2/scripts/flask-07-upgrade.py', 298, 298)"
371,breaks in linear flow,"('/home/toffer/Repos/flask-tags/flask-0.7.2/examples/jqueryexample/jqueryexample.py', 28, 28)"
372,breaks in linear flow,"('/home/toffer/Repos/flask-tags/flask-0.7.2/examples/flaskr/flaskr.py', 65, 65)"
373,breaks in linear flow,"('/home/toffer/Repos/flask-tags/flask-0.7.2/examples/flaskr/flaskr.py', 77, 77)"
374,breaks in linear flow,"('/home/toffer/Repos/flask-tags/flask-0.7.2/examples/flaskr/flaskr.py', 78, 78)"
375,breaks in linear flow,"('/home/toffer/Repos/flask-tags/flask-0.7.2/examples/flaskr/flaskr.py', 96, 96)"
376,breaks in linear flow,"('/home/toffer/Repos/flask-tags/flask-0.7.2/examples/flaskr/flaskr_tests.py', 74, 74)"
377,breaks in linear flow,"('/home/toffer/Repos/flask-tags/flask-0.7.2/examples/minitwit/minitwit.py', 80, 80)"
378,breaks in linear flow,"('/home/toffer/Repos/flask-tags/flask-0.7.2/examples/minitwit/minitwit.py', 97, 97)"
379,breaks in linear flow,"('/home/toffer/Repos/flask-tags/flask-0.7.2/examples/minitwit/minitwit.py', 123, 123)"
380,breaks in linear flow,"('/home/toffer/Repos/flask-tags/flask-0.7.2/examples/minitwit/minitwit.py', 126, 126)"
381,breaks in linear flow,"('/home/toffer/Repos/flask-tags/flask-0.7.2/examples/minitwit/minitwit.py', 142, 142)"
382,breaks in linear flow,"('/home/toffer/Repos/flask-tags/flask-0.7.2/examples/minitwit/minitwit.py', 145, 145)"
383,breaks in linear flow,"('/home/toffer/Repos/flask-tags/flask-0.7.2/examples/minitwit/minitwit.py', 157, 157)"
384,breaks in linear flow,"('/home/toffer/Repos/flask-tags/flask-0.7.2/examples/minitwit/minitwit.py', 160, 160)"
385,breaks in linear flow,"('/home/toffer/Repos/flask-tags/flask-0.7.2/examples/minitwit/minitwit.py', 172, 172)"
386,breaks in linear flow,"('/home/toffer/Repos/flask-tags/flask-0.7.2/examples/minitwit/minitwit.py', 174, 174)"
387,breaks in linear flow,"('/home/toffer/Repos/flask-tags/flask-0.7.2/examples/minitwit/minitwit.py', 186, 186)"
388,breaks in linear flow,"('/home/toffer/Repos/flask-tags/flask-0.7.2/examples/minitwit/minitwit.py', 189, 189)"
389,breaks in linear flow,"('/home/toffer/Repos/flask-tags/flask-0.7.2/examples/minitwit/minitwit.py', 192, 192)"
390,breaks in linear flow,"('/home/toffer/Repos/flask-tags/flask-0.7.2/examples/minitwit/minitwit.py', 207, 207)"
391,breaks in linear flow,"('/home/toffer/Repos/flask-tags/flask-0.7.2/examples/minitwit/minitwit.py', 210, 210)"
392,breaks in linear flow,"('/home/toffer/Repos/flask-tags/flask-0.7.2/examples/minitwit/minitwit.py', 211, 211)"
393,breaks in linear flow,"('/home/toffer/Repos/flask-tags/flask-0.7.2/examples/minitwit/minitwit.py', 246, 246)"
394,breaks in linear flow,"('/home/toffer/Repos/flask-tags/flask-0.7.2/examples/minitwit/minitwit_tests.py', 34, 34)"
395,breaks in linear flow,"('/home/toffer/Repos/flask-tags/flask-0.7.2/examples/minitwit/minitwit_tests.py', 36, 36)"
396,breaks in linear flow,"('/home/toffer/Repos/flask-tags/flask-0.7.2/examples/minitwit/minitwit_tests.py', 65, 65)"
397,breaks in linear flow,"('/home/toffer/Repos/flask-tags/flask-0.7.2/examples/minitwit/minitwit_tests.py', 148, 148)"
398,recursion,"('/home/toffer/Repos/flask-tags/flask-0.7.2/tests/flaskext_test.py', 188, 188)"
399,recursion,"('/home/toffer/Repos/flask-tags/flask-0.7.2/tests/flaskext_test.py', 249, 249)"
400,recursion,"('/home/toffer/Repos/flask-tags/flask-0.7.2/scripts/make-release.py', 128, 129)"
401,recursion,"('/home/toffer/Repos/flask-tags/flask-0.7.2/scripts/make-release.py', 140, 140)"
