,type,file_start_end
0,method length,"('/home/toffer/Repos/flask-tags/flask-1.0.1/tests/test_helpers.py', 276, 307)"
1,method length,"('/home/toffer/Repos/flask-tags/flask-1.0.1/tests/test_helpers.py', 309, 345)"
2,method length,"('/home/toffer/Repos/flask-tags/flask-1.0.1/tests/test_helpers.py', 365, 433)"
3,method length,"('/home/toffer/Repos/flask-tags/flask-1.0.1/tests/test_helpers.py', 476, 528)"
4,method length,"('/home/toffer/Repos/flask-tags/flask-1.0.1/tests/test_helpers.py', 534, 587)"
5,method length,"('/home/toffer/Repos/flask-tags/flask-1.0.1/tests/test_helpers.py', 605, 639)"
6,method length,"('/home/toffer/Repos/flask-tags/flask-1.0.1/tests/test_helpers.py', 654, 692)"
7,method length,"('/home/toffer/Repos/flask-tags/flask-1.0.1/tests/test_helpers.py', 822, 852)"
8,method length,"('/home/toffer/Repos/flask-tags/flask-1.0.1/tests/conftest.py', 105, 133)"
9,method length,"('/home/toffer/Repos/flask-tags/flask-1.0.1/tests/conftest.py', 162, 190)"
10,method length,"('/home/toffer/Repos/flask-tags/flask-1.0.1/tests/test_cli.py', 50, 142)"
11,method length,"('/home/toffer/Repos/flask-tags/flask-1.0.1/tests/test_cli.py', 261, 292)"
12,method length,"('/home/toffer/Repos/flask-tags/flask-1.0.1/tests/test_cli.py', 310, 337)"
13,method length,"('/home/toffer/Repos/flask-tags/flask-1.0.1/tests/test_basic.py', 73, 114)"
14,method length,"('/home/toffer/Repos/flask-tags/flask-1.0.1/tests/test_basic.py', 147, 179)"
15,method length,"('/home/toffer/Repos/flask-tags/flask-1.0.1/tests/test_basic.py', 412, 441)"
16,method length,"('/home/toffer/Repos/flask-tags/flask-1.0.1/tests/test_basic.py', 458, 486)"
17,method length,"('/home/toffer/Repos/flask-tags/flask-1.0.1/tests/test_basic.py', 489, 527)"
18,method length,"('/home/toffer/Repos/flask-tags/flask-1.0.1/tests/test_basic.py', 530, 582)"
19,method length,"('/home/toffer/Repos/flask-tags/flask-1.0.1/tests/test_basic.py', 600, 671)"
20,method length,"('/home/toffer/Repos/flask-tags/flask-1.0.1/tests/test_basic.py', 777, 812)"
21,method length,"('/home/toffer/Repos/flask-tags/flask-1.0.1/tests/test_basic.py', 815, 850)"
22,method length,"('/home/toffer/Repos/flask-tags/flask-1.0.1/tests/test_basic.py', 853, 888)"
23,method length,"('/home/toffer/Repos/flask-tags/flask-1.0.1/tests/test_basic.py', 964, 993)"
24,method length,"('/home/toffer/Repos/flask-tags/flask-1.0.1/tests/test_basic.py', 996, 1026)"
25,method length,"('/home/toffer/Repos/flask-tags/flask-1.0.1/tests/test_basic.py', 1029, 1057)"
26,method length,"('/home/toffer/Repos/flask-tags/flask-1.0.1/tests/test_basic.py', 1117, 1191)"
27,method length,"('/home/toffer/Repos/flask-tags/flask-1.0.1/tests/test_basic.py', 1194, 1234)"
28,method length,"('/home/toffer/Repos/flask-tags/flask-1.0.1/tests/test_basic.py', 1445, 1500)"
29,method length,"('/home/toffer/Repos/flask-tags/flask-1.0.1/tests/test_basic.py', 1753, 1782)"
30,method length,"('/home/toffer/Repos/flask-tags/flask-1.0.1/tests/test_basic.py', 1935, 1962)"
31,method length,"('/home/toffer/Repos/flask-tags/flask-1.0.1/tests/test_signals.py', 73, 110)"
32,method length,"('/home/toffer/Repos/flask-tags/flask-1.0.1/tests/test_views.py', 114, 151)"
33,method length,"('/home/toffer/Repos/flask-tags/flask-1.0.1/tests/test_reqctx.py', 70, 107)"
34,method length,"('/home/toffer/Repos/flask-tags/flask-1.0.1/tests/test_config.py', 49, 75)"
35,method length,"('/home/toffer/Repos/flask-tags/flask-1.0.1/tests/test_testing.py', 139, 166)"
36,method length,"('/home/toffer/Repos/flask-tags/flask-1.0.1/tests/test_testing.py', 213, 242)"
37,method length,"('/home/toffer/Repos/flask-tags/flask-1.0.1/tests/test_blueprints.py', 22, 57)"
38,method length,"('/home/toffer/Repos/flask-tags/flask-1.0.1/tests/test_blueprints.py', 60, 91)"
39,method length,"('/home/toffer/Repos/flask-tags/flask-1.0.1/tests/test_blueprints.py', 181, 221)"
40,method length,"('/home/toffer/Repos/flask-tags/flask-1.0.1/tests/test_blueprints.py', 309, 338)"
41,method length,"('/home/toffer/Repos/flask-tags/flask-1.0.1/tests/test_blueprints.py', 341, 400)"
42,method length,"('/home/toffer/Repos/flask-tags/flask-1.0.1/tests/test_blueprints.py', 691, 728)"
43,method length,"('/home/toffer/Repos/flask-tags/flask-1.0.1/tests/test_blueprints.py', 752, 780)"
44,method length,"('/home/toffer/Repos/flask-tags/flask-1.0.1/tests/test_blueprints.py', 783, 823)"
45,method length,"('/home/toffer/Repos/flask-tags/flask-1.0.1/tests/test_templating.py', 357, 385)"
46,method length,"('/home/toffer/Repos/flask-tags/flask-1.0.1/tests/test_templating.py', 402, 432)"
47,method length,"('/home/toffer/Repos/flask-tags/flask-1.0.1/tests/test_user_error_handler.py', 46, 82)"
48,method length,"('/home/toffer/Repos/flask-tags/flask-1.0.1/tests/test_user_error_handler.py', 85, 118)"
49,method length,"('/home/toffer/Repos/flask-tags/flask-1.0.1/tests/test_user_error_handler.py', 148, 193)"
50,method length,"('/home/toffer/Repos/flask-tags/flask-1.0.1/flask/blueprints.py', 25, 61)"
51,method length,"('/home/toffer/Repos/flask-tags/flask-1.0.1/flask/sessions.py', 173, 229)"
52,method length,"('/home/toffer/Repos/flask-tags/flask-1.0.1/flask/sessions.py', 348, 385)"
53,method length,"('/home/toffer/Repos/flask-tags/flask-1.0.1/flask/ctx.py', 121, 153)"
54,method length,"('/home/toffer/Repos/flask-tags/flask-1.0.1/flask/ctx.py', 156, 185)"
55,method length,"('/home/toffer/Repos/flask-tags/flask-1.0.1/flask/ctx.py', 279, 307)"
56,method length,"('/home/toffer/Repos/flask-tags/flask-1.0.1/flask/ctx.py', 341, 381)"
57,method length,"('/home/toffer/Repos/flask-tags/flask-1.0.1/flask/ctx.py', 383, 426)"
58,method length,"('/home/toffer/Repos/flask-tags/flask-1.0.1/flask/helpers.py', 95, 164)"
59,method length,"('/home/toffer/Repos/flask-tags/flask-1.0.1/flask/helpers.py', 167, 213)"
60,method length,"('/home/toffer/Repos/flask-tags/flask-1.0.1/flask/helpers.py', 216, 360)"
61,method length,"('/home/toffer/Repos/flask-tags/flask-1.0.1/flask/helpers.py', 386, 412)"
62,method length,"('/home/toffer/Repos/flask-tags/flask-1.0.1/flask/helpers.py', 415, 451)"
63,method length,"('/home/toffer/Repos/flask-tags/flask-1.0.1/flask/helpers.py', 456, 637)"
64,method length,"('/home/toffer/Repos/flask-tags/flask-1.0.1/flask/helpers.py', 640, 674)"
65,method length,"('/home/toffer/Repos/flask-tags/flask-1.0.1/flask/helpers.py', 677, 713)"
66,method length,"('/home/toffer/Repos/flask-tags/flask-1.0.1/flask/helpers.py', 716, 759)"
67,method length,"('/home/toffer/Repos/flask-tags/flask-1.0.1/flask/helpers.py', 785, 837)"
68,method length,"('/home/toffer/Repos/flask-tags/flask-1.0.1/flask/helpers.py', 1017, 1044)"
69,method length,"('/home/toffer/Repos/flask-tags/flask-1.0.1/flask/app.py', 365, 571)"
70,method length,"('/home/toffer/Repos/flask-tags/flask-1.0.1/flask/app.py', 716, 748)"
71,method length,"('/home/toffer/Repos/flask-tags/flask-1.0.1/flask/app.py', 844, 948)"
72,method length,"('/home/toffer/Repos/flask-tags/flask-1.0.1/flask/app.py', 950, 1004)"
73,method length,"('/home/toffer/Repos/flask-tags/flask-1.0.1/flask/app.py', 1081, 1115)"
74,method length,"('/home/toffer/Repos/flask-tags/flask-1.0.1/flask/app.py', 1126, 1222)"
75,method length,"('/home/toffer/Repos/flask-tags/flask-1.0.1/flask/app.py', 1224, 1252)"
76,method length,"('/home/toffer/Repos/flask-tags/flask-1.0.1/flask/app.py', 1286, 1318)"
77,method length,"('/home/toffer/Repos/flask-tags/flask-1.0.1/flask/app.py', 1494, 1530)"
78,method length,"('/home/toffer/Repos/flask-tags/flask-1.0.1/flask/app.py', 1533, 1563)"
79,method length,"('/home/toffer/Repos/flask-tags/flask-1.0.1/flask/app.py', 1646, 1678)"
80,method length,"('/home/toffer/Repos/flask-tags/flask-1.0.1/flask/app.py', 1680, 1719)"
81,method length,"('/home/toffer/Repos/flask-tags/flask-1.0.1/flask/app.py', 1721, 1748)"
82,method length,"('/home/toffer/Repos/flask-tags/flask-1.0.1/flask/app.py', 1891, 1995)"
83,method length,"('/home/toffer/Repos/flask-tags/flask-1.0.1/flask/app.py', 1997, 2028)"
84,method length,"('/home/toffer/Repos/flask-tags/flask-1.0.1/flask/app.py', 2117, 2146)"
85,method length,"('/home/toffer/Repos/flask-tags/flask-1.0.1/flask/app.py', 2206, 2260)"
86,method length,"('/home/toffer/Repos/flask-tags/flask-1.0.1/flask/app.py', 2262, 2303)"
87,method length,"('/home/toffer/Repos/flask-tags/flask-1.0.1/flask/cli.py', 43, 97)"
88,method length,"('/home/toffer/Repos/flask-tags/flask-1.0.1/flask/cli.py', 143, 200)"
89,method length,"('/home/toffer/Repos/flask-tags/flask-1.0.1/flask/cli.py', 354, 397)"
90,method length,"('/home/toffer/Repos/flask-tags/flask-1.0.1/flask/cli.py', 567, 613)"
91,method length,"('/home/toffer/Repos/flask-tags/flask-1.0.1/flask/cli.py', 683, 719)"
92,method length,"('/home/toffer/Repos/flask-tags/flask-1.0.1/flask/cli.py', 776, 805)"
93,method length,"('/home/toffer/Repos/flask-tags/flask-1.0.1/flask/cli.py', 824, 852)"
94,method length,"('/home/toffer/Repos/flask-tags/flask-1.0.1/flask/wrappers.py', 52, 90)"
95,method length,"('/home/toffer/Repos/flask-tags/flask-1.0.1/flask/testing.py', 27, 88)"
96,method length,"('/home/toffer/Repos/flask-tags/flask-1.0.1/flask/testing.py', 116, 164)"
97,method length,"('/home/toffer/Repos/flask-tags/flask-1.0.1/flask/testing.py', 166, 201)"
98,method length,"('/home/toffer/Repos/flask-tags/flask-1.0.1/flask/debughelpers.py', 114, 159)"
99,method length,"('/home/toffer/Repos/flask-tags/flask-1.0.1/flask/config.py', 111, 139)"
100,method length,"('/home/toffer/Repos/flask-tags/flask-1.0.1/flask/config.py', 141, 173)"
101,method length,"('/home/toffer/Repos/flask-tags/flask-1.0.1/flask/config.py', 223, 262)"
102,method length,"('/home/toffer/Repos/flask-tags/flask-1.0.1/flask/views.py', 77, 107)"
103,method length,"('/home/toffer/Repos/flask-tags/flask-1.0.1/flask/json/tag.py', 246, 272)"
104,method length,"('/home/toffer/Repos/flask-tags/flask-1.0.1/flask/json/__init__.py', 124, 164)"
105,method length,"('/home/toffer/Repos/flask-tags/flask-1.0.1/flask/json/__init__.py', 217, 249)"
106,method length,"('/home/toffer/Repos/flask-tags/flask-1.0.1/flask/json/__init__.py', 257, 323)"
107,method length,"('/home/toffer/Repos/flask-tags/flask-1.0.1/scripts/make-release.py', 13, 43)"
108,method length,"('/home/toffer/Repos/flask-tags/flask-1.0.1/scripts/make-release.py', 122, 160)"
109,method length,"('/home/toffer/Repos/flask-tags/flask-1.0.1/examples/tutorial/flaskr/__init__.py', 6, 48)"
110,method length,"('/home/toffer/Repos/flask-tags/flask-1.0.1/examples/tutorial/flaskr/auth.py', 40, 73)"
111,file length,"('/home/toffer/Repos/flask-tags/flask-1.0.1/tests/test_helpers.py', -1, -1)"
112,file length,"('/home/toffer/Repos/flask-tags/flask-1.0.1/tests/test_cli.py', -1, -1)"
113,file length,"('/home/toffer/Repos/flask-tags/flask-1.0.1/tests/test_basic.py', -1, -1)"
114,file length,"('/home/toffer/Repos/flask-tags/flask-1.0.1/tests/test_testing.py', -1, -1)"
115,file length,"('/home/toffer/Repos/flask-tags/flask-1.0.1/tests/test_blueprints.py', -1, -1)"
116,file length,"('/home/toffer/Repos/flask-tags/flask-1.0.1/tests/test_templating.py', -1, -1)"
117,file length,"('/home/toffer/Repos/flask-tags/flask-1.0.1/flask/blueprints.py', -1, -1)"
118,file length,"('/home/toffer/Repos/flask-tags/flask-1.0.1/flask/sessions.py', -1, -1)"
119,file length,"('/home/toffer/Repos/flask-tags/flask-1.0.1/flask/ctx.py', -1, -1)"
120,file length,"('/home/toffer/Repos/flask-tags/flask-1.0.1/flask/helpers.py', -1, -1)"
121,file length,"('/home/toffer/Repos/flask-tags/flask-1.0.1/flask/app.py', -1, -1)"
122,file length,"('/home/toffer/Repos/flask-tags/flask-1.0.1/flask/cli.py', -1, -1)"
123,argument count,"('/home/toffer/Repos/flask-tags/flask-1.0.1/docs/conf.py', 125, 125)"
124,argument count,"('/home/toffer/Repos/flask-tags/flask-1.0.1/docs/conf.py', 132, 132)"
125,argument count,"('/home/toffer/Repos/flask-tags/flask-1.0.1/docs/conf.py', 143, 145)"
126,argument count,"('/home/toffer/Repos/flask-tags/flask-1.0.1/tests/test_helpers.py', 143, 143)"
127,argument count,"('/home/toffer/Repos/flask-tags/flask-1.0.1/tests/test_helpers.py', 918, 918)"
128,argument count,"('/home/toffer/Repos/flask-tags/flask-1.0.1/tests/test_helpers.py', 932, 932)"
129,argument count,"('/home/toffer/Repos/flask-tags/flask-1.0.1/tests/test_basic.py', 1531, 1532)"
130,argument count,"('/home/toffer/Repos/flask-tags/flask-1.0.1/tests/test_basic.py', 1910, 1910)"
131,argument count,"('/home/toffer/Repos/flask-tags/flask-1.0.1/tests/test_basic.py', 1925, 1925)"
132,argument count,"('/home/toffer/Repos/flask-tags/flask-1.0.1/tests/test_instance_config.py', 65, 66)"
133,argument count,"('/home/toffer/Repos/flask-tags/flask-1.0.1/tests/test_instance_config.py', 78, 80)"
134,argument count,"('/home/toffer/Repos/flask-tags/flask-1.0.1/tests/test_instance_config.py', 94, 96)"
135,argument count,"('/home/toffer/Repos/flask-tags/flask-1.0.1/tests/test_blueprints.py', 125, 125)"
136,argument count,"('/home/toffer/Repos/flask-tags/flask-1.0.1/flask/blueprints.py', 24, 24)"
137,argument count,"('/home/toffer/Repos/flask-tags/flask-1.0.1/flask/blueprints.py', 63, 63)"
138,argument count,"('/home/toffer/Repos/flask-tags/flask-1.0.1/flask/blueprints.py', 115, 118)"
139,argument count,"('/home/toffer/Repos/flask-tags/flask-1.0.1/flask/blueprints.py', 196, 196)"
140,argument count,"('/home/toffer/Repos/flask-tags/flask-1.0.1/flask/helpers.py', 454, 456)"
141,argument count,"('/home/toffer/Repos/flask-tags/flask-1.0.1/flask/app.py', 353, 365)"
142,argument count,"('/home/toffer/Repos/flask-tags/flask-1.0.1/flask/app.py', 843, 844)"
143,argument count,"('/home/toffer/Repos/flask-tags/flask-1.0.1/flask/app.py', 1125, 1126)"
144,argument count,"('/home/toffer/Repos/flask-tags/flask-1.0.1/flask/cli.py', 468, 469)"
145,argument count,"('/home/toffer/Repos/flask-tags/flask-1.0.1/flask/cli.py', 745, 746)"
146,argument count,"('/home/toffer/Repos/flask-tags/flask-1.0.1/flask/testing.py', 24, 27)"
147,method count,"('/home/toffer/Repos/flask-tags/flask-1.0.1/tests/test_appctx.py', 17, 209)"
148,method count,"('/home/toffer/Repos/flask-tags/flask-1.0.1/tests/test_helpers.py', 30, 946)"
149,method count,"('/home/toffer/Repos/flask-tags/flask-1.0.1/tests/test_cli.py', 40, 540)"
150,method count,"('/home/toffer/Repos/flask-tags/flask-1.0.1/tests/test_basic.py', 28, 1951)"
151,method count,"('/home/toffer/Repos/flask-tags/flask-1.0.1/tests/test_signals.py', 27, 192)"
152,method count,"('/home/toffer/Repos/flask-tags/flask-1.0.1/tests/test_views.py', 20, 229)"
153,method count,"('/home/toffer/Repos/flask-tags/flask-1.0.1/tests/test_reqctx.py', 23, 221)"
154,method count,"('/home/toffer/Repos/flask-tags/flask-1.0.1/tests/test_testing.py', 23, 380)"
155,method count,"('/home/toffer/Repos/flask-tags/flask-1.0.1/tests/test_blueprints.py', 22, 844)"
156,method count,"('/home/toffer/Repos/flask-tags/flask-1.0.1/tests/test_templating.py', 20, 442)"
157,method count,"('/home/toffer/Repos/flask-tags/flask-1.0.1/tests/test_user_error_handler.py', 19, 184)"
158,method count,"('/home/toffer/Repos/flask-tags/flask-1.0.1/flask/blueprints.py', 24, 444)"
159,method count,"('/home/toffer/Repos/flask-tags/flask-1.0.1/flask/sessions.py', 28, 384)"
160,method count,"('/home/toffer/Repos/flask-tags/flask-1.0.1/flask/ctx.py', 46, 456)"
161,method count,"('/home/toffer/Repos/flask-tags/flask-1.0.1/flask/helpers.py', 49, 1043)"
162,method count,"('/home/toffer/Repos/flask-tags/flask-1.0.1/flask/app.py', 47, 2314)"
163,method count,"('/home/toffer/Repos/flask-tags/flask-1.0.1/flask/cli.py', 43, 889)"
164,method count,"('/home/toffer/Repos/flask-tags/flask-1.0.1/flask/json/tag.py', 65, 299)"
165,Return Statements,"('/home/toffer/Repos/flask-tags/flask-1.0.1/tests/test_helpers.py', 276, 307)"
166,Return Statements,"('/home/toffer/Repos/flask-tags/flask-1.0.1/tests/test_helpers.py', 309, 345)"
167,Return Statements,"('/home/toffer/Repos/flask-tags/flask-1.0.1/tests/test_cli.py', 50, 142)"
168,Return Statements,"('/home/toffer/Repos/flask-tags/flask-1.0.1/tests/test_basic.py', 530, 582)"
169,Return Statements,"('/home/toffer/Repos/flask-tags/flask-1.0.1/tests/test_basic.py', 594, 671)"
170,Return Statements,"('/home/toffer/Repos/flask-tags/flask-1.0.1/tests/test_basic.py', 1117, 1191)"
171,Return Statements,"('/home/toffer/Repos/flask-tags/flask-1.0.1/tests/test_blueprints.py', 309, 338)"
172,Return Statements,"('/home/toffer/Repos/flask-tags/flask-1.0.1/flask/json/__init__.py', 56, 81)"
173,Return Statements,"('/home/toffer/Repos/flask-tags/flask-1.0.1/flask/json/__init__.py', 124, 164)"
174,nested controlflow,"('/home/toffer/Repos/flask-tags/flask-1.0.1/flask/cli.py', 368, 380)"
175,breaks in linear flow,"('/home/toffer/Repos/flask-tags/flask-1.0.1/docs/conf.py', 128, 128)"
176,breaks in linear flow,"('/home/toffer/Repos/flask-tags/flask-1.0.1/docs/conf.py', 134, 134)"
177,breaks in linear flow,"('/home/toffer/Repos/flask-tags/flask-1.0.1/docs/conf.py', 150, 150)"
178,breaks in linear flow,"('/home/toffer/Repos/flask-tags/flask-1.0.1/docs/conf.py', 156, 156)"
179,breaks in linear flow,"('/home/toffer/Repos/flask-tags/flask-1.0.1/docs/conf.py', 161, 161)"
180,breaks in linear flow,"('/home/toffer/Repos/flask-tags/flask-1.0.1/tests/test_appctx.py', 75, 75)"
181,breaks in linear flow,"('/home/toffer/Repos/flask-tags/flask-1.0.1/tests/test_appctx.py', 94, 94)"
182,breaks in linear flow,"('/home/toffer/Repos/flask-tags/flask-1.0.1/tests/test_appctx.py', 215, 215)"
183,breaks in linear flow,"('/home/toffer/Repos/flask-tags/flask-1.0.1/tests/test_helpers.py', 35, 35)"
184,breaks in linear flow,"('/home/toffer/Repos/flask-tags/flask-1.0.1/tests/test_helpers.py', 183, 183)"
185,breaks in linear flow,"('/home/toffer/Repos/flask-tags/flask-1.0.1/tests/test_helpers.py', 204, 204)"
186,breaks in linear flow,"('/home/toffer/Repos/flask-tags/flask-1.0.1/tests/test_helpers.py', 216, 216)"
187,breaks in linear flow,"('/home/toffer/Repos/flask-tags/flask-1.0.1/tests/test_helpers.py', 283, 283)"
188,breaks in linear flow,"('/home/toffer/Repos/flask-tags/flask-1.0.1/tests/test_helpers.py', 293, 293)"
189,breaks in linear flow,"('/home/toffer/Repos/flask-tags/flask-1.0.1/tests/test_helpers.py', 316, 316)"
190,breaks in linear flow,"('/home/toffer/Repos/flask-tags/flask-1.0.1/tests/test_helpers.py', 327, 327)"
191,breaks in linear flow,"('/home/toffer/Repos/flask-tags/flask-1.0.1/tests/test_helpers.py', 362, 362)"
192,breaks in linear flow,"('/home/toffer/Repos/flask-tags/flask-1.0.1/tests/test_helpers.py', 432, 432)"
193,breaks in linear flow,"('/home/toffer/Repos/flask-tags/flask-1.0.1/tests/test_helpers.py', 753, 753)"
194,breaks in linear flow,"('/home/toffer/Repos/flask-tags/flask-1.0.1/tests/test_helpers.py', 788, 788)"
195,breaks in linear flow,"('/home/toffer/Repos/flask-tags/flask-1.0.1/tests/test_helpers.py', 889, 889)"
196,breaks in linear flow,"('/home/toffer/Repos/flask-tags/flask-1.0.1/tests/test_helpers.py', 905, 905)"
197,breaks in linear flow,"('/home/toffer/Repos/flask-tags/flask-1.0.1/tests/test_helpers.py', 920, 920)"
198,breaks in linear flow,"('/home/toffer/Repos/flask-tags/flask-1.0.1/tests/conftest.py', 38, 38)"
199,breaks in linear flow,"('/home/toffer/Repos/flask-tags/flask-1.0.1/tests/conftest.py', 39, 39)"
200,breaks in linear flow,"('/home/toffer/Repos/flask-tags/flask-1.0.1/tests/conftest.py', 99, 99)"
201,breaks in linear flow,"('/home/toffer/Repos/flask-tags/flask-1.0.1/tests/conftest.py', 115, 115)"
202,breaks in linear flow,"('/home/toffer/Repos/flask-tags/flask-1.0.1/tests/conftest.py', 123, 123)"
203,breaks in linear flow,"('/home/toffer/Repos/flask-tags/flask-1.0.1/tests/conftest.py', 167, 167)"
204,breaks in linear flow,"('/home/toffer/Repos/flask-tags/flask-1.0.1/tests/test_regression.py', 43, 43)"
205,breaks in linear flow,"('/home/toffer/Repos/flask-tags/flask-1.0.1/tests/test_regression.py', 66, 66)"
206,breaks in linear flow,"('/home/toffer/Repos/flask-tags/flask-1.0.1/tests/test_regression.py', 69, 69)"
207,breaks in linear flow,"('/home/toffer/Repos/flask-tags/flask-1.0.1/tests/test_cli.py', 398, 398)"
208,breaks in linear flow,"('/home/toffer/Repos/flask-tags/flask-1.0.1/tests/test_cli.py', 442, 442)"
209,breaks in linear flow,"('/home/toffer/Repos/flask-tags/flask-1.0.1/tests/test_cli.py', 461, 461)"
210,breaks in linear flow,"('/home/toffer/Repos/flask-tags/flask-1.0.1/tests/test_cli.py', 524, 524)"
211,breaks in linear flow,"('/home/toffer/Repos/flask-tags/flask-1.0.1/tests/test_cli.py', 529, 529)"
212,breaks in linear flow,"('/home/toffer/Repos/flask-tags/flask-1.0.1/tests/test_basic.py', 92, 92)"
213,breaks in linear flow,"('/home/toffer/Repos/flask-tags/flask-1.0.1/tests/test_basic.py', 109, 109)"
214,breaks in linear flow,"('/home/toffer/Repos/flask-tags/flask-1.0.1/tests/test_basic.py', 569, 569)"
215,breaks in linear flow,"('/home/toffer/Repos/flask-tags/flask-1.0.1/tests/test_basic.py', 790, 790)"
216,breaks in linear flow,"('/home/toffer/Repos/flask-tags/flask-1.0.1/tests/test_basic.py', 802, 802)"
217,breaks in linear flow,"('/home/toffer/Repos/flask-tags/flask-1.0.1/tests/test_basic.py', 1076, 1076)"
218,breaks in linear flow,"('/home/toffer/Repos/flask-tags/flask-1.0.1/tests/test_basic.py', 1081, 1081)"
219,breaks in linear flow,"('/home/toffer/Repos/flask-tags/flask-1.0.1/tests/test_basic.py', 1093, 1093)"
220,breaks in linear flow,"('/home/toffer/Repos/flask-tags/flask-1.0.1/tests/test_basic.py', 1336, 1336)"
221,breaks in linear flow,"('/home/toffer/Repos/flask-tags/flask-1.0.1/tests/test_basic.py', 1340, 1340)"
222,breaks in linear flow,"('/home/toffer/Repos/flask-tags/flask-1.0.1/tests/test_basic.py', 1478, 1478)"
223,breaks in linear flow,"('/home/toffer/Repos/flask-tags/flask-1.0.1/tests/test_basic.py', 1491, 1491)"
224,breaks in linear flow,"('/home/toffer/Repos/flask-tags/flask-1.0.1/tests/test_basic.py', 1510, 1510)"
225,breaks in linear flow,"('/home/toffer/Repos/flask-tags/flask-1.0.1/tests/test_basic.py', 1521, 1521)"
226,breaks in linear flow,"('/home/toffer/Repos/flask-tags/flask-1.0.1/tests/test_basic.py', 1569, 1569)"
227,breaks in linear flow,"('/home/toffer/Repos/flask-tags/flask-1.0.1/tests/test_basic.py', 1741, 1741)"
228,breaks in linear flow,"('/home/toffer/Repos/flask-tags/flask-1.0.1/tests/test_signals.py', 16, 16)"
229,breaks in linear flow,"('/home/toffer/Repos/flask-tags/flask-1.0.1/tests/test_reqctx.py', 19, 19)"
230,breaks in linear flow,"('/home/toffer/Repos/flask-tags/flask-1.0.1/tests/test_reqctx.py', 46, 46)"
231,breaks in linear flow,"('/home/toffer/Repos/flask-tags/flask-1.0.1/tests/test_reqctx.py', 65, 65)"
232,breaks in linear flow,"('/home/toffer/Repos/flask-tags/flask-1.0.1/tests/test_reqctx.py', 94, 94)"
233,breaks in linear flow,"('/home/toffer/Repos/flask-tags/flask-1.0.1/tests/test_config.py', 205, 205)"
234,breaks in linear flow,"('/home/toffer/Repos/flask-tags/flask-1.0.1/tests/test_logging.py', 41, 41)"
235,breaks in linear flow,"('/home/toffer/Repos/flask-tags/flask-1.0.1/tests/test_instance_config.py', 118, 118)"
236,breaks in linear flow,"('/home/toffer/Repos/flask-tags/flask-1.0.1/tests/test_testing.py', 142, 142)"
237,breaks in linear flow,"('/home/toffer/Repos/flask-tags/flask-1.0.1/tests/test_testing.py', 162, 162)"
238,breaks in linear flow,"('/home/toffer/Repos/flask-tags/flask-1.0.1/tests/test_testing.py', 239, 239)"
239,breaks in linear flow,"('/home/toffer/Repos/flask-tags/flask-1.0.1/tests/test_blueprints.py', 202, 202)"
240,breaks in linear flow,"('/home/toffer/Repos/flask-tags/flask-1.0.1/tests/test_blueprints.py', 237, 237)"
241,breaks in linear flow,"('/home/toffer/Repos/flask-tags/flask-1.0.1/tests/test_blueprints.py', 352, 352)"
242,breaks in linear flow,"('/home/toffer/Repos/flask-tags/flask-1.0.1/tests/test_blueprints.py', 361, 361)"
243,breaks in linear flow,"('/home/toffer/Repos/flask-tags/flask-1.0.1/flask/blueprints.py', 42, 42)"
244,breaks in linear flow,"('/home/toffer/Repos/flask-tags/flask-1.0.1/flask/blueprints.py', 50, 50)"
245,breaks in linear flow,"('/home/toffer/Repos/flask-tags/flask-1.0.1/flask/blueprints.py', 52, 52)"
246,breaks in linear flow,"('/home/toffer/Repos/flask-tags/flask-1.0.1/flask/blueprints.py', 68, 68)"
247,breaks in linear flow,"('/home/toffer/Repos/flask-tags/flask-1.0.1/flask/blueprints.py', 71, 71)"
248,breaks in linear flow,"('/home/toffer/Repos/flask-tags/flask-1.0.1/flask/blueprints.py', 74, 74)"
249,breaks in linear flow,"('/home/toffer/Repos/flask-tags/flask-1.0.1/flask/blueprints.py', 127, 127)"
250,breaks in linear flow,"('/home/toffer/Repos/flask-tags/flask-1.0.1/flask/blueprints.py', 137, 137)"
251,breaks in linear flow,"('/home/toffer/Repos/flask-tags/flask-1.0.1/flask/blueprints.py', 151, 151)"
252,breaks in linear flow,"('/home/toffer/Repos/flask-tags/flask-1.0.1/flask/blueprints.py', 177, 177)"
253,breaks in linear flow,"('/home/toffer/Repos/flask-tags/flask-1.0.1/flask/blueprints.py', 183, 183)"
254,breaks in linear flow,"('/home/toffer/Repos/flask-tags/flask-1.0.1/flask/blueprints.py', 200, 200)"
255,breaks in linear flow,"('/home/toffer/Repos/flask-tags/flask-1.0.1/flask/blueprints.py', 202, 202)"
256,breaks in linear flow,"('/home/toffer/Repos/flask-tags/flask-1.0.1/flask/globals.py', 36, 36)"
257,breaks in linear flow,"('/home/toffer/Repos/flask-tags/flask-1.0.1/flask/globals.py', 43, 43)"
258,breaks in linear flow,"('/home/toffer/Repos/flask-tags/flask-1.0.1/flask/globals.py', 50, 50)"
259,breaks in linear flow,"('/home/toffer/Repos/flask-tags/flask-1.0.1/flask/__main__.py', 12, 12)"
260,breaks in linear flow,"('/home/toffer/Repos/flask-tags/flask-1.0.1/flask/sessions.py', 187, 187)"
261,breaks in linear flow,"('/home/toffer/Repos/flask-tags/flask-1.0.1/flask/sessions.py', 193, 193)"
262,breaks in linear flow,"('/home/toffer/Repos/flask-tags/flask-1.0.1/flask/sessions.py', 201, 201)"
263,breaks in linear flow,"('/home/toffer/Repos/flask-tags/flask-1.0.1/flask/sessions.py', 215, 215)"
264,breaks in linear flow,"('/home/toffer/Repos/flask-tags/flask-1.0.1/flask/sessions.py', 225, 225)"
265,breaks in linear flow,"('/home/toffer/Repos/flask-tags/flask-1.0.1/flask/sessions.py', 266, 266)"
266,breaks in linear flow,"('/home/toffer/Repos/flask-tags/flask-1.0.1/flask/sessions.py', 324, 324)"
267,breaks in linear flow,"('/home/toffer/Repos/flask-tags/flask-1.0.1/flask/sessions.py', 336, 336)"
268,breaks in linear flow,"('/home/toffer/Repos/flask-tags/flask-1.0.1/flask/sessions.py', 339, 339)"
269,breaks in linear flow,"('/home/toffer/Repos/flask-tags/flask-1.0.1/flask/sessions.py', 345, 345)"
270,breaks in linear flow,"('/home/toffer/Repos/flask-tags/flask-1.0.1/flask/sessions.py', 354, 354)"
271,breaks in linear flow,"('/home/toffer/Repos/flask-tags/flask-1.0.1/flask/sessions.py', 355, 355)"
272,breaks in linear flow,"('/home/toffer/Repos/flask-tags/flask-1.0.1/flask/sessions.py', 365, 365)"
273,breaks in linear flow,"('/home/toffer/Repos/flask-tags/flask-1.0.1/flask/sessions.py', 368, 368)"
274,breaks in linear flow,"('/home/toffer/Repos/flask-tags/flask-1.0.1/flask/templating.py', 26, 26)"
275,breaks in linear flow,"('/home/toffer/Repos/flask-tags/flask-1.0.1/flask/templating.py', 28, 28)"
276,breaks in linear flow,"('/home/toffer/Repos/flask-tags/flask-1.0.1/flask/templating.py', 41, 41)"
277,breaks in linear flow,"('/home/toffer/Repos/flask-tags/flask-1.0.1/flask/templating.py', 56, 56)"
278,breaks in linear flow,"('/home/toffer/Repos/flask-tags/flask-1.0.1/flask/templating.py', 64, 64)"
279,breaks in linear flow,"('/home/toffer/Repos/flask-tags/flask-1.0.1/flask/templating.py', 67, 67)"
280,breaks in linear flow,"('/home/toffer/Repos/flask-tags/flask-1.0.1/flask/templating.py', 69, 69)"
281,breaks in linear flow,"('/home/toffer/Repos/flask-tags/flask-1.0.1/flask/templating.py', 76, 76)"
282,breaks in linear flow,"('/home/toffer/Repos/flask-tags/flask-1.0.1/flask/templating.py', 81, 81)"
283,breaks in linear flow,"('/home/toffer/Repos/flask-tags/flask-1.0.1/flask/templating.py', 84, 84)"
284,breaks in linear flow,"('/home/toffer/Repos/flask-tags/flask-1.0.1/flask/templating.py', 85, 85)"
285,breaks in linear flow,"('/home/toffer/Repos/flask-tags/flask-1.0.1/flask/templating.py', 90, 90)"
286,breaks in linear flow,"('/home/toffer/Repos/flask-tags/flask-1.0.1/flask/templating.py', 93, 93)"
287,breaks in linear flow,"('/home/toffer/Repos/flask-tags/flask-1.0.1/flask/templating.py', 95, 95)"
288,breaks in linear flow,"('/home/toffer/Repos/flask-tags/flask-1.0.1/flask/templating.py', 101, 101)"
289,breaks in linear flow,"('/home/toffer/Repos/flask-tags/flask-1.0.1/flask/templating.py', 104, 104)"
290,breaks in linear flow,"('/home/toffer/Repos/flask-tags/flask-1.0.1/flask/templating.py', 106, 106)"
291,breaks in linear flow,"('/home/toffer/Repos/flask-tags/flask-1.0.1/flask/templating.py', 107, 107)"
292,breaks in linear flow,"('/home/toffer/Repos/flask-tags/flask-1.0.1/flask/ctx.py', 66, 66)"
293,breaks in linear flow,"('/home/toffer/Repos/flask-tags/flask-1.0.1/flask/ctx.py', 91, 91)"
294,breaks in linear flow,"('/home/toffer/Repos/flask-tags/flask-1.0.1/flask/ctx.py', 145, 145)"
295,breaks in linear flow,"('/home/toffer/Repos/flask-tags/flask-1.0.1/flask/ctx.py', 219, 219)"
296,breaks in linear flow,"('/home/toffer/Repos/flask-tags/flask-1.0.1/flask/ctx.py', 228, 228)"
297,breaks in linear flow,"('/home/toffer/Repos/flask-tags/flask-1.0.1/flask/ctx.py', 229, 229)"
298,breaks in linear flow,"('/home/toffer/Repos/flask-tags/flask-1.0.1/flask/ctx.py', 245, 245)"
299,breaks in linear flow,"('/home/toffer/Repos/flask-tags/flask-1.0.1/flask/ctx.py', 281, 281)"
300,breaks in linear flow,"('/home/toffer/Repos/flask-tags/flask-1.0.1/flask/ctx.py', 338, 338)"
301,breaks in linear flow,"('/home/toffer/Repos/flask-tags/flask-1.0.1/flask/ctx.py', 352, 352)"
302,breaks in linear flow,"('/home/toffer/Repos/flask-tags/flask-1.0.1/flask/ctx.py', 358, 358)"
303,breaks in linear flow,"('/home/toffer/Repos/flask-tags/flask-1.0.1/flask/ctx.py', 365, 365)"
304,breaks in linear flow,"('/home/toffer/Repos/flask-tags/flask-1.0.1/flask/ctx.py', 374, 374)"
305,breaks in linear flow,"('/home/toffer/Repos/flask-tags/flask-1.0.1/flask/ctx.py', 380, 380)"
306,breaks in linear flow,"('/home/toffer/Repos/flask-tags/flask-1.0.1/flask/ctx.py', 395, 395)"
307,breaks in linear flow,"('/home/toffer/Repos/flask-tags/flask-1.0.1/flask/ctx.py', 398, 398)"
308,breaks in linear flow,"('/home/toffer/Repos/flask-tags/flask-1.0.1/flask/ctx.py', 406, 406)"
309,breaks in linear flow,"('/home/toffer/Repos/flask-tags/flask-1.0.1/flask/ctx.py', 410, 410)"
310,breaks in linear flow,"('/home/toffer/Repos/flask-tags/flask-1.0.1/flask/ctx.py', 418, 418)"
311,breaks in linear flow,"('/home/toffer/Repos/flask-tags/flask-1.0.1/flask/ctx.py', 422, 422)"
312,breaks in linear flow,"('/home/toffer/Repos/flask-tags/flask-1.0.1/flask/ctx.py', 429, 429)"
313,breaks in linear flow,"('/home/toffer/Repos/flask-tags/flask-1.0.1/flask/ctx.py', 448, 448)"
314,breaks in linear flow,"('/home/toffer/Repos/flask-tags/flask-1.0.1/flask/helpers.py', 65, 65)"
315,breaks in linear flow,"('/home/toffer/Repos/flask-tags/flask-1.0.1/flask/helpers.py', 80, 80)"
316,breaks in linear flow,"('/home/toffer/Repos/flask-tags/flask-1.0.1/flask/helpers.py', 131, 131)"
317,breaks in linear flow,"('/home/toffer/Repos/flask-tags/flask-1.0.1/flask/helpers.py', 139, 139)"
318,breaks in linear flow,"('/home/toffer/Repos/flask-tags/flask-1.0.1/flask/helpers.py', 152, 152)"
319,breaks in linear flow,"('/home/toffer/Repos/flask-tags/flask-1.0.1/flask/helpers.py', 155, 155)"
320,breaks in linear flow,"('/home/toffer/Repos/flask-tags/flask-1.0.1/flask/helpers.py', 209, 209)"
321,breaks in linear flow,"('/home/toffer/Repos/flask-tags/flask-1.0.1/flask/helpers.py', 211, 211)"
322,breaks in linear flow,"('/home/toffer/Repos/flask-tags/flask-1.0.1/flask/helpers.py', 292, 292)"
323,breaks in linear flow,"('/home/toffer/Repos/flask-tags/flask-1.0.1/flask/helpers.py', 301, 301)"
324,breaks in linear flow,"('/home/toffer/Repos/flask-tags/flask-1.0.1/flask/helpers.py', 305, 305)"
325,breaks in linear flow,"('/home/toffer/Repos/flask-tags/flask-1.0.1/flask/helpers.py', 306, 306)"
326,breaks in linear flow,"('/home/toffer/Repos/flask-tags/flask-1.0.1/flask/helpers.py', 318, 318)"
327,breaks in linear flow,"('/home/toffer/Repos/flask-tags/flask-1.0.1/flask/helpers.py', 336, 336)"
328,breaks in linear flow,"('/home/toffer/Repos/flask-tags/flask-1.0.1/flask/helpers.py', 337, 337)"
329,breaks in linear flow,"('/home/toffer/Repos/flask-tags/flask-1.0.1/flask/helpers.py', 347, 347)"
330,breaks in linear flow,"('/home/toffer/Repos/flask-tags/flask-1.0.1/flask/helpers.py', 349, 349)"
331,breaks in linear flow,"('/home/toffer/Repos/flask-tags/flask-1.0.1/flask/helpers.py', 358, 358)"
332,breaks in linear flow,"('/home/toffer/Repos/flask-tags/flask-1.0.1/flask/helpers.py', 444, 444)"
333,breaks in linear flow,"('/home/toffer/Repos/flask-tags/flask-1.0.1/flask/helpers.py', 447, 447)"
334,breaks in linear flow,"('/home/toffer/Repos/flask-tags/flask-1.0.1/flask/helpers.py', 449, 449)"
335,breaks in linear flow,"('/home/toffer/Repos/flask-tags/flask-1.0.1/flask/helpers.py', 537, 537)"
336,breaks in linear flow,"('/home/toffer/Repos/flask-tags/flask-1.0.1/flask/helpers.py', 539, 539)"
337,breaks in linear flow,"('/home/toffer/Repos/flask-tags/flask-1.0.1/flask/helpers.py', 542, 542)"
338,breaks in linear flow,"('/home/toffer/Repos/flask-tags/flask-1.0.1/flask/helpers.py', 548, 548)"
339,breaks in linear flow,"('/home/toffer/Repos/flask-tags/flask-1.0.1/flask/helpers.py', 549, 549)"
340,breaks in linear flow,"('/home/toffer/Repos/flask-tags/flask-1.0.1/flask/helpers.py', 553, 553)"
341,breaks in linear flow,"('/home/toffer/Repos/flask-tags/flask-1.0.1/flask/helpers.py', 561, 561)"
342,breaks in linear flow,"('/home/toffer/Repos/flask-tags/flask-1.0.1/flask/helpers.py', 562, 562)"
343,breaks in linear flow,"('/home/toffer/Repos/flask-tags/flask-1.0.1/flask/helpers.py', 568, 568)"
344,breaks in linear flow,"('/home/toffer/Repos/flask-tags/flask-1.0.1/flask/helpers.py', 579, 579)"
345,breaks in linear flow,"('/home/toffer/Repos/flask-tags/flask-1.0.1/flask/helpers.py', 580, 580)"
346,breaks in linear flow,"('/home/toffer/Repos/flask-tags/flask-1.0.1/flask/helpers.py', 587, 587)"
347,breaks in linear flow,"('/home/toffer/Repos/flask-tags/flask-1.0.1/flask/helpers.py', 597, 597)"
348,breaks in linear flow,"('/home/toffer/Repos/flask-tags/flask-1.0.1/flask/helpers.py', 603, 603)"
349,breaks in linear flow,"('/home/toffer/Repos/flask-tags/flask-1.0.1/flask/helpers.py', 605, 605)"
350,breaks in linear flow,"('/home/toffer/Repos/flask-tags/flask-1.0.1/flask/helpers.py', 609, 609)"
351,breaks in linear flow,"('/home/toffer/Repos/flask-tags/flask-1.0.1/flask/helpers.py', 621, 621)"
352,breaks in linear flow,"('/home/toffer/Repos/flask-tags/flask-1.0.1/flask/helpers.py', 625, 625)"
353,breaks in linear flow,"('/home/toffer/Repos/flask-tags/flask-1.0.1/flask/helpers.py', 629, 629)"
354,breaks in linear flow,"('/home/toffer/Repos/flask-tags/flask-1.0.1/flask/helpers.py', 630, 630)"
355,breaks in linear flow,"('/home/toffer/Repos/flask-tags/flask-1.0.1/flask/helpers.py', 635, 635)"
356,breaks in linear flow,"('/home/toffer/Repos/flask-tags/flask-1.0.1/flask/helpers.py', 660, 660)"
357,breaks in linear flow,"('/home/toffer/Repos/flask-tags/flask-1.0.1/flask/helpers.py', 661, 661)"
358,breaks in linear flow,"('/home/toffer/Repos/flask-tags/flask-1.0.1/flask/helpers.py', 664, 664)"
359,breaks in linear flow,"('/home/toffer/Repos/flask-tags/flask-1.0.1/flask/helpers.py', 705, 705)"
360,breaks in linear flow,"('/home/toffer/Repos/flask-tags/flask-1.0.1/flask/helpers.py', 708, 708)"
361,breaks in linear flow,"('/home/toffer/Repos/flask-tags/flask-1.0.1/flask/helpers.py', 710, 710)"
362,breaks in linear flow,"('/home/toffer/Repos/flask-tags/flask-1.0.1/flask/helpers.py', 724, 724)"
363,breaks in linear flow,"('/home/toffer/Repos/flask-tags/flask-1.0.1/flask/helpers.py', 733, 733)"
364,breaks in linear flow,"('/home/toffer/Repos/flask-tags/flask-1.0.1/flask/helpers.py', 738, 738)"
365,breaks in linear flow,"('/home/toffer/Repos/flask-tags/flask-1.0.1/flask/helpers.py', 749, 749)"
366,breaks in linear flow,"('/home/toffer/Repos/flask-tags/flask-1.0.1/flask/helpers.py', 768, 768)"
367,breaks in linear flow,"('/home/toffer/Repos/flask-tags/flask-1.0.1/flask/helpers.py', 795, 795)"
368,breaks in linear flow,"('/home/toffer/Repos/flask-tags/flask-1.0.1/flask/helpers.py', 800, 800)"
369,breaks in linear flow,"('/home/toffer/Repos/flask-tags/flask-1.0.1/flask/helpers.py', 818, 818)"
370,breaks in linear flow,"('/home/toffer/Repos/flask-tags/flask-1.0.1/flask/helpers.py', 824, 824)"
371,breaks in linear flow,"('/home/toffer/Repos/flask-tags/flask-1.0.1/flask/helpers.py', 829, 829)"
372,breaks in linear flow,"('/home/toffer/Repos/flask-tags/flask-1.0.1/flask/helpers.py', 856, 856)"
373,breaks in linear flow,"('/home/toffer/Repos/flask-tags/flask-1.0.1/flask/helpers.py', 860, 860)"
374,breaks in linear flow,"('/home/toffer/Repos/flask-tags/flask-1.0.1/flask/helpers.py', 883, 883)"
375,breaks in linear flow,"('/home/toffer/Repos/flask-tags/flask-1.0.1/flask/helpers.py', 891, 891)"
376,breaks in linear flow,"('/home/toffer/Repos/flask-tags/flask-1.0.1/flask/helpers.py', 904, 904)"
377,breaks in linear flow,"('/home/toffer/Repos/flask-tags/flask-1.0.1/flask/helpers.py', 907, 907)"
378,breaks in linear flow,"('/home/toffer/Repos/flask-tags/flask-1.0.1/flask/helpers.py', 934, 934)"
379,breaks in linear flow,"('/home/toffer/Repos/flask-tags/flask-1.0.1/flask/helpers.py', 970, 970)"
380,breaks in linear flow,"('/home/toffer/Repos/flask-tags/flask-1.0.1/flask/helpers.py', 1001, 1001)"
381,breaks in linear flow,"('/home/toffer/Repos/flask-tags/flask-1.0.1/flask/helpers.py', 1029, 1029)"
382,breaks in linear flow,"('/home/toffer/Repos/flask-tags/flask-1.0.1/flask/helpers.py', 1033, 1033)"
383,breaks in linear flow,"('/home/toffer/Repos/flask-tags/flask-1.0.1/flask/helpers.py', 1036, 1036)"
384,breaks in linear flow,"('/home/toffer/Repos/flask-tags/flask-1.0.1/flask/helpers.py', 1039, 1039)"
385,breaks in linear flow,"('/home/toffer/Repos/flask-tags/flask-1.0.1/flask/app.py', 48, 48)"
386,breaks in linear flow,"('/home/toffer/Repos/flask-tags/flask-1.0.1/flask/app.py', 58, 58)"
387,breaks in linear flow,"('/home/toffer/Repos/flask-tags/flask-1.0.1/flask/app.py', 373, 373)"
388,breaks in linear flow,"('/home/toffer/Repos/flask-tags/flask-1.0.1/flask/app.py', 376, 376)"
389,breaks in linear flow,"('/home/toffer/Repos/flask-tags/flask-1.0.1/flask/app.py', 379, 379)"
390,breaks in linear flow,"('/home/toffer/Repos/flask-tags/flask-1.0.1/flask/app.py', 556, 556)"
391,breaks in linear flow,"('/home/toffer/Repos/flask-tags/flask-1.0.1/flask/app.py', 583, 583)"
392,breaks in linear flow,"('/home/toffer/Repos/flask-tags/flask-1.0.1/flask/app.py', 585, 585)"
393,breaks in linear flow,"('/home/toffer/Repos/flask-tags/flask-1.0.1/flask/app.py', 598, 598)"
394,breaks in linear flow,"('/home/toffer/Repos/flask-tags/flask-1.0.1/flask/app.py', 611, 611)"
395,breaks in linear flow,"('/home/toffer/Repos/flask-tags/flask-1.0.1/flask/app.py', 662, 662)"
396,breaks in linear flow,"('/home/toffer/Repos/flask-tags/flask-1.0.1/flask/app.py', 678, 678)"
397,breaks in linear flow,"('/home/toffer/Repos/flask-tags/flask-1.0.1/flask/app.py', 729, 729)"
398,breaks in linear flow,"('/home/toffer/Repos/flask-tags/flask-1.0.1/flask/app.py', 732, 732)"
399,breaks in linear flow,"('/home/toffer/Repos/flask-tags/flask-1.0.1/flask/app.py', 769, 769)"
400,breaks in linear flow,"('/home/toffer/Repos/flask-tags/flask-1.0.1/flask/app.py', 786, 786)"
401,breaks in linear flow,"('/home/toffer/Repos/flask-tags/flask-1.0.1/flask/app.py', 788, 788)"
402,breaks in linear flow,"('/home/toffer/Repos/flask-tags/flask-1.0.1/flask/app.py', 791, 791)"
403,breaks in linear flow,"('/home/toffer/Repos/flask-tags/flask-1.0.1/flask/app.py', 806, 806)"
404,breaks in linear flow,"('/home/toffer/Repos/flask-tags/flask-1.0.1/flask/app.py', 904, 904)"
405,breaks in linear flow,"('/home/toffer/Repos/flask-tags/flask-1.0.1/flask/app.py', 909, 909)"
406,breaks in linear flow,"('/home/toffer/Repos/flask-tags/flask-1.0.1/flask/app.py', 913, 913)"
407,breaks in linear flow,"('/home/toffer/Repos/flask-tags/flask-1.0.1/flask/app.py', 920, 920)"
408,breaks in linear flow,"('/home/toffer/Repos/flask-tags/flask-1.0.1/flask/app.py', 928, 928)"
409,breaks in linear flow,"('/home/toffer/Repos/flask-tags/flask-1.0.1/flask/app.py', 1002, 1002)"
410,breaks in linear flow,"('/home/toffer/Repos/flask-tags/flask-1.0.1/flask/app.py', 1018, 1018)"
411,breaks in linear flow,"('/home/toffer/Repos/flask-tags/flask-1.0.1/flask/app.py', 1102, 1102)"
412,breaks in linear flow,"('/home/toffer/Repos/flask-tags/flask-1.0.1/flask/app.py', 1179, 1179)"
413,breaks in linear flow,"('/home/toffer/Repos/flask-tags/flask-1.0.1/flask/app.py', 1187, 1187)"
414,breaks in linear flow,"('/home/toffer/Repos/flask-tags/flask-1.0.1/flask/app.py', 1189, 1189)"
415,breaks in linear flow,"('/home/toffer/Repos/flask-tags/flask-1.0.1/flask/app.py', 1199, 1199)"
416,breaks in linear flow,"('/home/toffer/Repos/flask-tags/flask-1.0.1/flask/app.py', 1203, 1203)"
417,breaks in linear flow,"('/home/toffer/Repos/flask-tags/flask-1.0.1/flask/app.py', 1204, 1204)"
418,breaks in linear flow,"('/home/toffer/Repos/flask-tags/flask-1.0.1/flask/app.py', 1217, 1217)"
419,breaks in linear flow,"('/home/toffer/Repos/flask-tags/flask-1.0.1/flask/app.py', 1219, 1219)"
420,breaks in linear flow,"('/home/toffer/Repos/flask-tags/flask-1.0.1/flask/app.py', 1273, 1273)"
421,breaks in linear flow,"('/home/toffer/Repos/flask-tags/flask-1.0.1/flask/app.py', 1280, 1280)"
422,breaks in linear flow,"('/home/toffer/Repos/flask-tags/flask-1.0.1/flask/app.py', 1337, 1337)"
423,breaks in linear flow,"('/home/toffer/Repos/flask-tags/flask-1.0.1/flask/app.py', 1346, 1346)"
424,breaks in linear flow,"('/home/toffer/Repos/flask-tags/flask-1.0.1/flask/app.py', 1614, 1614)"
425,breaks in linear flow,"('/home/toffer/Repos/flask-tags/flask-1.0.1/flask/app.py', 1620, 1620)"
426,breaks in linear flow,"('/home/toffer/Repos/flask-tags/flask-1.0.1/flask/app.py', 1621, 1621)"
427,breaks in linear flow,"('/home/toffer/Repos/flask-tags/flask-1.0.1/flask/app.py', 1623, 1623)"
428,breaks in linear flow,"('/home/toffer/Repos/flask-tags/flask-1.0.1/flask/app.py', 1626, 1626)"
429,breaks in linear flow,"('/home/toffer/Repos/flask-tags/flask-1.0.1/flask/app.py', 1638, 1638)"
430,breaks in linear flow,"('/home/toffer/Repos/flask-tags/flask-1.0.1/flask/app.py', 1642, 1642)"
431,breaks in linear flow,"('/home/toffer/Repos/flask-tags/flask-1.0.1/flask/app.py', 1663, 1663)"
432,breaks in linear flow,"('/home/toffer/Repos/flask-tags/flask-1.0.1/flask/app.py', 1669, 1669)"
433,breaks in linear flow,"('/home/toffer/Repos/flask-tags/flask-1.0.1/flask/app.py', 1675, 1675)"
434,breaks in linear flow,"('/home/toffer/Repos/flask-tags/flask-1.0.1/flask/app.py', 1704, 1704)"
435,breaks in linear flow,"('/home/toffer/Repos/flask-tags/flask-1.0.1/flask/app.py', 1712, 1712)"
436,breaks in linear flow,"('/home/toffer/Repos/flask-tags/flask-1.0.1/flask/app.py', 1717, 1717)"
437,breaks in linear flow,"('/home/toffer/Repos/flask-tags/flask-1.0.1/flask/app.py', 1735, 1735)"
438,breaks in linear flow,"('/home/toffer/Repos/flask-tags/flask-1.0.1/flask/app.py', 1740, 1740)"
439,breaks in linear flow,"('/home/toffer/Repos/flask-tags/flask-1.0.1/flask/app.py', 1746, 1746)"
440,breaks in linear flow,"('/home/toffer/Repos/flask-tags/flask-1.0.1/flask/app.py', 1771, 1771)"
441,breaks in linear flow,"('/home/toffer/Repos/flask-tags/flask-1.0.1/flask/app.py', 1790, 1790)"
442,breaks in linear flow,"('/home/toffer/Repos/flask-tags/flask-1.0.1/flask/app.py', 1795, 1795)"
443,breaks in linear flow,"('/home/toffer/Repos/flask-tags/flask-1.0.1/flask/app.py', 1812, 1812)"
444,breaks in linear flow,"('/home/toffer/Repos/flask-tags/flask-1.0.1/flask/app.py', 1814, 1814)"
445,breaks in linear flow,"('/home/toffer/Repos/flask-tags/flask-1.0.1/flask/app.py', 1835, 1835)"
446,breaks in linear flow,"('/home/toffer/Repos/flask-tags/flask-1.0.1/flask/app.py', 1836, 1836)"
447,breaks in linear flow,"('/home/toffer/Repos/flask-tags/flask-1.0.1/flask/app.py', 1849, 1849)"
448,breaks in linear flow,"('/home/toffer/Repos/flask-tags/flask-1.0.1/flask/app.py', 1852, 1852)"
449,breaks in linear flow,"('/home/toffer/Repos/flask-tags/flask-1.0.1/flask/app.py', 1854, 1854)"
450,breaks in linear flow,"('/home/toffer/Repos/flask-tags/flask-1.0.1/flask/app.py', 1866, 1866)"
451,breaks in linear flow,"('/home/toffer/Repos/flask-tags/flask-1.0.1/flask/app.py', 1873, 1873)"
452,breaks in linear flow,"('/home/toffer/Repos/flask-tags/flask-1.0.1/flask/app.py', 1875, 1875)"
453,breaks in linear flow,"('/home/toffer/Repos/flask-tags/flask-1.0.1/flask/app.py', 1934, 1934)"
454,breaks in linear flow,"('/home/toffer/Repos/flask-tags/flask-1.0.1/flask/app.py', 1938, 1938)"
455,breaks in linear flow,"('/home/toffer/Repos/flask-tags/flask-1.0.1/flask/app.py', 1942, 1942)"
456,breaks in linear flow,"('/home/toffer/Repos/flask-tags/flask-1.0.1/flask/app.py', 1955, 1955)"
457,breaks in linear flow,"('/home/toffer/Repos/flask-tags/flask-1.0.1/flask/app.py', 1963, 1963)"
458,breaks in linear flow,"('/home/toffer/Repos/flask-tags/flask-1.0.1/flask/app.py', 1964, 1964)"
459,breaks in linear flow,"('/home/toffer/Repos/flask-tags/flask-1.0.1/flask/app.py', 1975, 1975)"
460,breaks in linear flow,"('/home/toffer/Repos/flask-tags/flask-1.0.1/flask/app.py', 1985, 1985)"
461,breaks in linear flow,"('/home/toffer/Repos/flask-tags/flask-1.0.1/flask/app.py', 1986, 1986)"
462,breaks in linear flow,"('/home/toffer/Repos/flask-tags/flask-1.0.1/flask/app.py', 1992, 1992)"
463,breaks in linear flow,"('/home/toffer/Repos/flask-tags/flask-1.0.1/flask/app.py', 2012, 2012)"
464,breaks in linear flow,"('/home/toffer/Repos/flask-tags/flask-1.0.1/flask/app.py', 2024, 2024)"
465,breaks in linear flow,"('/home/toffer/Repos/flask-tags/flask-1.0.1/flask/app.py', 2038, 2038)"
466,breaks in linear flow,"('/home/toffer/Repos/flask-tags/flask-1.0.1/flask/app.py', 2041, 2041)"
467,breaks in linear flow,"('/home/toffer/Repos/flask-tags/flask-1.0.1/flask/app.py', 2048, 2048)"
468,breaks in linear flow,"('/home/toffer/Repos/flask-tags/flask-1.0.1/flask/app.py', 2051, 2051)"
469,breaks in linear flow,"('/home/toffer/Repos/flask-tags/flask-1.0.1/flask/app.py', 2053, 2053)"
470,breaks in linear flow,"('/home/toffer/Repos/flask-tags/flask-1.0.1/flask/app.py', 2060, 2060)"
471,breaks in linear flow,"('/home/toffer/Repos/flask-tags/flask-1.0.1/flask/app.py', 2078, 2078)"
472,breaks in linear flow,"('/home/toffer/Repos/flask-tags/flask-1.0.1/flask/app.py', 2080, 2080)"
473,breaks in linear flow,"('/home/toffer/Repos/flask-tags/flask-1.0.1/flask/app.py', 2084, 2084)"
474,breaks in linear flow,"('/home/toffer/Repos/flask-tags/flask-1.0.1/flask/app.py', 2086, 2086)"
475,breaks in linear flow,"('/home/toffer/Repos/flask-tags/flask-1.0.1/flask/app.py', 2088, 2088)"
476,breaks in linear flow,"('/home/toffer/Repos/flask-tags/flask-1.0.1/flask/app.py', 2107, 2107)"
477,breaks in linear flow,"('/home/toffer/Repos/flask-tags/flask-1.0.1/flask/app.py', 2109, 2109)"
478,breaks in linear flow,"('/home/toffer/Repos/flask-tags/flask-1.0.1/flask/app.py', 2111, 2111)"
479,breaks in linear flow,"('/home/toffer/Repos/flask-tags/flask-1.0.1/flask/app.py', 2113, 2113)"
480,breaks in linear flow,"('/home/toffer/Repos/flask-tags/flask-1.0.1/flask/app.py', 2138, 2138)"
481,breaks in linear flow,"('/home/toffer/Repos/flask-tags/flask-1.0.1/flask/app.py', 2142, 2142)"
482,breaks in linear flow,"('/home/toffer/Repos/flask-tags/flask-1.0.1/flask/app.py', 2144, 2144)"
483,breaks in linear flow,"('/home/toffer/Repos/flask-tags/flask-1.0.1/flask/app.py', 2163, 2163)"
484,breaks in linear flow,"('/home/toffer/Repos/flask-tags/flask-1.0.1/flask/app.py', 2165, 2165)"
485,breaks in linear flow,"('/home/toffer/Repos/flask-tags/flask-1.0.1/flask/app.py', 2293, 2293)"
486,breaks in linear flow,"('/home/toffer/Repos/flask-tags/flask-1.0.1/flask/app.py', 2296, 2296)"
487,breaks in linear flow,"('/home/toffer/Repos/flask-tags/flask-1.0.1/flask/app.py', 2301, 2301)"
488,breaks in linear flow,"('/home/toffer/Repos/flask-tags/flask-1.0.1/flask/cli.py', 35, 35)"
489,breaks in linear flow,"('/home/toffer/Repos/flask-tags/flask-1.0.1/flask/cli.py', 50, 50)"
490,breaks in linear flow,"('/home/toffer/Repos/flask-tags/flask-1.0.1/flask/cli.py', 53, 53)"
491,breaks in linear flow,"('/home/toffer/Repos/flask-tags/flask-1.0.1/flask/cli.py', 61, 61)"
492,breaks in linear flow,"('/home/toffer/Repos/flask-tags/flask-1.0.1/flask/cli.py', 71, 71)"
493,breaks in linear flow,"('/home/toffer/Repos/flask-tags/flask-1.0.1/flask/cli.py', 74, 74)"
494,breaks in linear flow,"('/home/toffer/Repos/flask-tags/flask-1.0.1/flask/cli.py', 78, 78)"
495,breaks in linear flow,"('/home/toffer/Repos/flask-tags/flask-1.0.1/flask/cli.py', 80, 80)"
496,breaks in linear flow,"('/home/toffer/Repos/flask-tags/flask-1.0.1/flask/cli.py', 81, 81)"
497,breaks in linear flow,"('/home/toffer/Repos/flask-tags/flask-1.0.1/flask/cli.py', 109, 109)"
498,breaks in linear flow,"('/home/toffer/Repos/flask-tags/flask-1.0.1/flask/cli.py', 130, 130)"
499,breaks in linear flow,"('/home/toffer/Repos/flask-tags/flask-1.0.1/flask/cli.py', 131, 131)"
500,breaks in linear flow,"('/home/toffer/Repos/flask-tags/flask-1.0.1/flask/cli.py', 152, 152)"
501,breaks in linear flow,"('/home/toffer/Repos/flask-tags/flask-1.0.1/flask/cli.py', 162, 162)"
502,breaks in linear flow,"('/home/toffer/Repos/flask-tags/flask-1.0.1/flask/cli.py', 165, 165)"
503,breaks in linear flow,"('/home/toffer/Repos/flask-tags/flask-1.0.1/flask/cli.py', 166, 166)"
504,breaks in linear flow,"('/home/toffer/Repos/flask-tags/flask-1.0.1/flask/cli.py', 169, 169)"
505,breaks in linear flow,"('/home/toffer/Repos/flask-tags/flask-1.0.1/flask/cli.py', 179, 179)"
506,breaks in linear flow,"('/home/toffer/Repos/flask-tags/flask-1.0.1/flask/cli.py', 180, 180)"
507,breaks in linear flow,"('/home/toffer/Repos/flask-tags/flask-1.0.1/flask/cli.py', 192, 192)"
508,breaks in linear flow,"('/home/toffer/Repos/flask-tags/flask-1.0.1/flask/cli.py', 209, 209)"
509,breaks in linear flow,"('/home/toffer/Repos/flask-tags/flask-1.0.1/flask/cli.py', 212, 212)"
510,breaks in linear flow,"('/home/toffer/Repos/flask-tags/flask-1.0.1/flask/cli.py', 218, 218)"
511,breaks in linear flow,"('/home/toffer/Repos/flask-tags/flask-1.0.1/flask/cli.py', 222, 222)"
512,breaks in linear flow,"('/home/toffer/Repos/flask-tags/flask-1.0.1/flask/cli.py', 223, 223)"
513,breaks in linear flow,"('/home/toffer/Repos/flask-tags/flask-1.0.1/flask/cli.py', 225, 225)"
514,breaks in linear flow,"('/home/toffer/Repos/flask-tags/flask-1.0.1/flask/cli.py', 236, 236)"
515,breaks in linear flow,"('/home/toffer/Repos/flask-tags/flask-1.0.1/flask/cli.py', 239, 239)"
516,breaks in linear flow,"('/home/toffer/Repos/flask-tags/flask-1.0.1/flask/cli.py', 253, 253)"
517,breaks in linear flow,"('/home/toffer/Repos/flask-tags/flask-1.0.1/flask/cli.py', 260, 260)"
518,breaks in linear flow,"('/home/toffer/Repos/flask-tags/flask-1.0.1/flask/cli.py', 292, 292)"
519,breaks in linear flow,"('/home/toffer/Repos/flask-tags/flask-1.0.1/flask/cli.py', 303, 303)"
520,breaks in linear flow,"('/home/toffer/Repos/flask-tags/flask-1.0.1/flask/cli.py', 311, 311)"
521,breaks in linear flow,"('/home/toffer/Repos/flask-tags/flask-1.0.1/flask/cli.py', 323, 323)"
522,breaks in linear flow,"('/home/toffer/Repos/flask-tags/flask-1.0.1/flask/cli.py', 327, 327)"
523,breaks in linear flow,"('/home/toffer/Repos/flask-tags/flask-1.0.1/flask/cli.py', 361, 361)"
524,breaks in linear flow,"('/home/toffer/Repos/flask-tags/flask-1.0.1/flask/cli.py', 366, 366)"
525,breaks in linear flow,"('/home/toffer/Repos/flask-tags/flask-1.0.1/flask/cli.py', 369, 369)"
526,breaks in linear flow,"('/home/toffer/Repos/flask-tags/flask-1.0.1/flask/cli.py', 374, 374)"
527,breaks in linear flow,"('/home/toffer/Repos/flask-tags/flask-1.0.1/flask/cli.py', 379, 379)"
528,breaks in linear flow,"('/home/toffer/Repos/flask-tags/flask-1.0.1/flask/cli.py', 380, 380)"
529,breaks in linear flow,"('/home/toffer/Repos/flask-tags/flask-1.0.1/flask/cli.py', 382, 382)"
530,breaks in linear flow,"('/home/toffer/Repos/flask-tags/flask-1.0.1/flask/cli.py', 393, 393)"
531,breaks in linear flow,"('/home/toffer/Repos/flask-tags/flask-1.0.1/flask/cli.py', 431, 431)"
532,breaks in linear flow,"('/home/toffer/Repos/flask-tags/flask-1.0.1/flask/cli.py', 472, 472)"
533,breaks in linear flow,"('/home/toffer/Repos/flask-tags/flask-1.0.1/flask/cli.py', 479, 479)"
534,breaks in linear flow,"('/home/toffer/Repos/flask-tags/flask-1.0.1/flask/cli.py', 487, 487)"
535,breaks in linear flow,"('/home/toffer/Repos/flask-tags/flask-1.0.1/flask/cli.py', 491, 491)"
536,breaks in linear flow,"('/home/toffer/Repos/flask-tags/flask-1.0.1/flask/cli.py', 495, 495)"
537,breaks in linear flow,"('/home/toffer/Repos/flask-tags/flask-1.0.1/flask/cli.py', 510, 510)"
538,breaks in linear flow,"('/home/toffer/Repos/flask-tags/flask-1.0.1/flask/cli.py', 516, 516)"
539,breaks in linear flow,"('/home/toffer/Repos/flask-tags/flask-1.0.1/flask/cli.py', 518, 518)"
540,breaks in linear flow,"('/home/toffer/Repos/flask-tags/flask-1.0.1/flask/cli.py', 530, 530)"
541,breaks in linear flow,"('/home/toffer/Repos/flask-tags/flask-1.0.1/flask/cli.py', 547, 547)"
542,breaks in linear flow,"('/home/toffer/Repos/flask-tags/flask-1.0.1/flask/cli.py', 552, 552)"
543,breaks in linear flow,"('/home/toffer/Repos/flask-tags/flask-1.0.1/flask/cli.py', 586, 586)"
544,breaks in linear flow,"('/home/toffer/Repos/flask-tags/flask-1.0.1/flask/cli.py', 587, 587)"
545,breaks in linear flow,"('/home/toffer/Repos/flask-tags/flask-1.0.1/flask/cli.py', 594, 594)"
546,breaks in linear flow,"('/home/toffer/Repos/flask-tags/flask-1.0.1/flask/cli.py', 599, 599)"
547,breaks in linear flow,"('/home/toffer/Repos/flask-tags/flask-1.0.1/flask/cli.py', 602, 602)"
548,breaks in linear flow,"('/home/toffer/Repos/flask-tags/flask-1.0.1/flask/cli.py', 603, 603)"
549,breaks in linear flow,"('/home/toffer/Repos/flask-tags/flask-1.0.1/flask/cli.py', 605, 605)"
550,breaks in linear flow,"('/home/toffer/Repos/flask-tags/flask-1.0.1/flask/cli.py', 610, 610)"
551,breaks in linear flow,"('/home/toffer/Repos/flask-tags/flask-1.0.1/flask/cli.py', 620, 620)"
552,breaks in linear flow,"('/home/toffer/Repos/flask-tags/flask-1.0.1/flask/cli.py', 623, 623)"
553,breaks in linear flow,"('/home/toffer/Repos/flask-tags/flask-1.0.1/flask/cli.py', 626, 626)"
554,breaks in linear flow,"('/home/toffer/Repos/flask-tags/flask-1.0.1/flask/cli.py', 633, 633)"
555,breaks in linear flow,"('/home/toffer/Repos/flask-tags/flask-1.0.1/flask/cli.py', 639, 639)"
556,breaks in linear flow,"('/home/toffer/Repos/flask-tags/flask-1.0.1/flask/cli.py', 658, 658)"
557,breaks in linear flow,"('/home/toffer/Repos/flask-tags/flask-1.0.1/flask/cli.py', 661, 661)"
558,breaks in linear flow,"('/home/toffer/Repos/flask-tags/flask-1.0.1/flask/cli.py', 664, 664)"
559,breaks in linear flow,"('/home/toffer/Repos/flask-tags/flask-1.0.1/flask/cli.py', 673, 673)"
560,breaks in linear flow,"('/home/toffer/Repos/flask-tags/flask-1.0.1/flask/cli.py', 674, 674)"
561,breaks in linear flow,"('/home/toffer/Repos/flask-tags/flask-1.0.1/flask/cli.py', 677, 677)"
562,breaks in linear flow,"('/home/toffer/Repos/flask-tags/flask-1.0.1/flask/cli.py', 690, 690)"
563,breaks in linear flow,"('/home/toffer/Repos/flask-tags/flask-1.0.1/flask/cli.py', 695, 695)"
564,breaks in linear flow,"('/home/toffer/Repos/flask-tags/flask-1.0.1/flask/cli.py', 696, 696)"
565,breaks in linear flow,"('/home/toffer/Repos/flask-tags/flask-1.0.1/flask/cli.py', 701, 701)"
566,breaks in linear flow,"('/home/toffer/Repos/flask-tags/flask-1.0.1/flask/cli.py', 706, 706)"
567,breaks in linear flow,"('/home/toffer/Repos/flask-tags/flask-1.0.1/flask/cli.py', 714, 714)"
568,breaks in linear flow,"('/home/toffer/Repos/flask-tags/flask-1.0.1/flask/cli.py', 757, 757)"
569,breaks in linear flow,"('/home/toffer/Repos/flask-tags/flask-1.0.1/flask/cli.py', 760, 760)"
570,breaks in linear flow,"('/home/toffer/Repos/flask-tags/flask-1.0.1/flask/cli.py', 763, 763)"
571,breaks in linear flow,"('/home/toffer/Repos/flask-tags/flask-1.0.1/flask/cli.py', 799, 799)"
572,breaks in linear flow,"('/home/toffer/Repos/flask-tags/flask-1.0.1/flask/cli.py', 830, 830)"
573,breaks in linear flow,"('/home/toffer/Repos/flask-tags/flask-1.0.1/flask/cli.py', 851, 851)"
574,breaks in linear flow,"('/home/toffer/Repos/flask-tags/flask-1.0.1/flask/cli.py', 876, 876)"
575,breaks in linear flow,"('/home/toffer/Repos/flask-tags/flask-1.0.1/flask/cli.py', 879, 879)"
576,breaks in linear flow,"('/home/toffer/Repos/flask-tags/flask-1.0.1/flask/cli.py', 893, 893)"
577,breaks in linear flow,"('/home/toffer/Repos/flask-tags/flask-1.0.1/flask/wrappers.py', 65, 65)"
578,breaks in linear flow,"('/home/toffer/Repos/flask-tags/flask-1.0.1/flask/wrappers.py', 68, 68)"
579,breaks in linear flow,"('/home/toffer/Repos/flask-tags/flask-1.0.1/flask/wrappers.py', 75, 75)"
580,breaks in linear flow,"('/home/toffer/Repos/flask-tags/flask-1.0.1/flask/wrappers.py', 76, 76)"
581,breaks in linear flow,"('/home/toffer/Repos/flask-tags/flask-1.0.1/flask/wrappers.py', 78, 78)"
582,breaks in linear flow,"('/home/toffer/Repos/flask-tags/flask-1.0.1/flask/wrappers.py', 83, 83)"
583,breaks in linear flow,"('/home/toffer/Repos/flask-tags/flask-1.0.1/flask/wrappers.py', 87, 87)"
584,breaks in linear flow,"('/home/toffer/Repos/flask-tags/flask-1.0.1/flask/wrappers.py', 105, 105)"
585,breaks in linear flow,"('/home/toffer/Repos/flask-tags/flask-1.0.1/flask/wrappers.py', 148, 148)"
586,breaks in linear flow,"('/home/toffer/Repos/flask-tags/flask-1.0.1/flask/wrappers.py', 158, 158)"
587,breaks in linear flow,"('/home/toffer/Repos/flask-tags/flask-1.0.1/flask/wrappers.py', 164, 164)"
588,breaks in linear flow,"('/home/toffer/Repos/flask-tags/flask-1.0.1/flask/wrappers.py', 172, 172)"
589,breaks in linear flow,"('/home/toffer/Repos/flask-tags/flask-1.0.1/flask/wrappers.py', 212, 212)"
590,breaks in linear flow,"('/home/toffer/Repos/flask-tags/flask-1.0.1/flask/testing.py', 54, 54)"
591,breaks in linear flow,"('/home/toffer/Repos/flask-tags/flask-1.0.1/flask/testing.py', 58, 58)"
592,breaks in linear flow,"('/home/toffer/Repos/flask-tags/flask-1.0.1/flask/testing.py', 61, 61)"
593,breaks in linear flow,"('/home/toffer/Repos/flask-tags/flask-1.0.1/flask/testing.py', 72, 72)"
594,breaks in linear flow,"('/home/toffer/Repos/flask-tags/flask-1.0.1/flask/testing.py', 76, 76)"
595,breaks in linear flow,"('/home/toffer/Repos/flask-tags/flask-1.0.1/flask/testing.py', 85, 85)"
596,breaks in linear flow,"('/home/toffer/Repos/flask-tags/flask-1.0.1/flask/testing.py', 133, 133)"
597,breaks in linear flow,"('/home/toffer/Repos/flask-tags/flask-1.0.1/flask/testing.py', 143, 143)"
598,breaks in linear flow,"('/home/toffer/Repos/flask-tags/flask-1.0.1/flask/testing.py', 161, 161)"
599,breaks in linear flow,"('/home/toffer/Repos/flask-tags/flask-1.0.1/flask/testing.py', 171, 171)"
600,breaks in linear flow,"('/home/toffer/Repos/flask-tags/flask-1.0.1/flask/testing.py', 177, 177)"
601,breaks in linear flow,"('/home/toffer/Repos/flask-tags/flask-1.0.1/flask/testing.py', 204, 204)"
602,breaks in linear flow,"('/home/toffer/Repos/flask-tags/flask-1.0.1/flask/testing.py', 216, 216)"
603,breaks in linear flow,"('/home/toffer/Repos/flask-tags/flask-1.0.1/flask/testing.py', 244, 244)"
604,breaks in linear flow,"('/home/toffer/Repos/flask-tags/flask-1.0.1/flask/testing.py', 247, 247)"
605,breaks in linear flow,"('/home/toffer/Repos/flask-tags/flask-1.0.1/flask/debughelpers.py', 41, 41)"
606,breaks in linear flow,"('/home/toffer/Repos/flask-tags/flask-1.0.1/flask/debughelpers.py', 64, 64)"
607,breaks in linear flow,"('/home/toffer/Repos/flask-tags/flask-1.0.1/flask/debughelpers.py', 88, 88)"
608,breaks in linear flow,"('/home/toffer/Repos/flask-tags/flask-1.0.1/flask/debughelpers.py', 89, 89)"
609,breaks in linear flow,"('/home/toffer/Repos/flask-tags/flask-1.0.1/flask/debughelpers.py', 99, 99)"
610,breaks in linear flow,"('/home/toffer/Repos/flask-tags/flask-1.0.1/flask/debughelpers.py', 100, 100)"
611,breaks in linear flow,"('/home/toffer/Repos/flask-tags/flask-1.0.1/flask/debughelpers.py', 101, 101)"
612,breaks in linear flow,"('/home/toffer/Repos/flask-tags/flask-1.0.1/flask/debughelpers.py', 102, 102)"
613,breaks in linear flow,"('/home/toffer/Repos/flask-tags/flask-1.0.1/flask/debughelpers.py', 103, 103)"
614,breaks in linear flow,"('/home/toffer/Repos/flask-tags/flask-1.0.1/flask/debughelpers.py', 104, 104)"
615,breaks in linear flow,"('/home/toffer/Repos/flask-tags/flask-1.0.1/flask/debughelpers.py', 106, 106)"
616,breaks in linear flow,"('/home/toffer/Repos/flask-tags/flask-1.0.1/flask/debughelpers.py', 108, 108)"
617,breaks in linear flow,"('/home/toffer/Repos/flask-tags/flask-1.0.1/flask/debughelpers.py', 110, 110)"
618,breaks in linear flow,"('/home/toffer/Repos/flask-tags/flask-1.0.1/flask/debughelpers.py', 120, 120)"
619,breaks in linear flow,"('/home/toffer/Repos/flask-tags/flask-1.0.1/flask/debughelpers.py', 123, 123)"
620,breaks in linear flow,"('/home/toffer/Repos/flask-tags/flask-1.0.1/flask/debughelpers.py', 124, 124)"
621,breaks in linear flow,"('/home/toffer/Repos/flask-tags/flask-1.0.1/flask/debughelpers.py', 135, 135)"
622,breaks in linear flow,"('/home/toffer/Repos/flask-tags/flask-1.0.1/flask/debughelpers.py', 138, 138)"
623,breaks in linear flow,"('/home/toffer/Repos/flask-tags/flask-1.0.1/flask/debughelpers.py', 146, 146)"
624,breaks in linear flow,"('/home/toffer/Repos/flask-tags/flask-1.0.1/flask/debughelpers.py', 153, 153)"
625,breaks in linear flow,"('/home/toffer/Repos/flask-tags/flask-1.0.1/flask/debughelpers.py', 163, 163)"
626,breaks in linear flow,"('/home/toffer/Repos/flask-tags/flask-1.0.1/flask/logging.py', 40, 40)"
627,breaks in linear flow,"('/home/toffer/Repos/flask-tags/flask-1.0.1/flask/logging.py', 41, 41)"
628,breaks in linear flow,"('/home/toffer/Repos/flask-tags/flask-1.0.1/flask/logging.py', 44, 44)"
629,breaks in linear flow,"('/home/toffer/Repos/flask-tags/flask-1.0.1/flask/logging.py', 45, 45)"
630,breaks in linear flow,"('/home/toffer/Repos/flask-tags/flask-1.0.1/flask/logging.py', 72, 72)"
631,breaks in linear flow,"('/home/toffer/Repos/flask-tags/flask-1.0.1/flask/logging.py', 75, 75)"
632,breaks in linear flow,"('/home/toffer/Repos/flask-tags/flask-1.0.1/flask/config.py', 29, 29)"
633,breaks in linear flow,"('/home/toffer/Repos/flask-tags/flask-1.0.1/flask/config.py', 32, 32)"
634,breaks in linear flow,"('/home/toffer/Repos/flask-tags/flask-1.0.1/flask/config.py', 101, 101)"
635,breaks in linear flow,"('/home/toffer/Repos/flask-tags/flask-1.0.1/flask/config.py', 102, 102)"
636,breaks in linear flow,"('/home/toffer/Repos/flask-tags/flask-1.0.1/flask/config.py', 131, 131)"
637,breaks in linear flow,"('/home/toffer/Repos/flask-tags/flask-1.0.1/flask/config.py', 132, 132)"
638,breaks in linear flow,"('/home/toffer/Repos/flask-tags/flask-1.0.1/flask/config.py', 169, 169)"
639,breaks in linear flow,"('/home/toffer/Repos/flask-tags/flask-1.0.1/flask/config.py', 171, 171)"
640,breaks in linear flow,"('/home/toffer/Repos/flask-tags/flask-1.0.1/flask/config.py', 172, 172)"
641,breaks in linear flow,"('/home/toffer/Repos/flask-tags/flask-1.0.1/flask/config.py', 193, 193)"
642,breaks in linear flow,"('/home/toffer/Repos/flask-tags/flask-1.0.1/flask/config.py', 194, 194)"
643,breaks in linear flow,"('/home/toffer/Repos/flask-tags/flask-1.0.1/flask/config.py', 207, 207)"
644,breaks in linear flow,"('/home/toffer/Repos/flask-tags/flask-1.0.1/flask/config.py', 208, 208)"
645,breaks in linear flow,"('/home/toffer/Repos/flask-tags/flask-1.0.1/flask/config.py', 217, 217)"
646,breaks in linear flow,"('/home/toffer/Repos/flask-tags/flask-1.0.1/flask/config.py', 218, 218)"
647,breaks in linear flow,"('/home/toffer/Repos/flask-tags/flask-1.0.1/flask/config.py', 219, 219)"
648,breaks in linear flow,"('/home/toffer/Repos/flask-tags/flask-1.0.1/flask/config.py', 252, 252)"
649,breaks in linear flow,"('/home/toffer/Repos/flask-tags/flask-1.0.1/flask/config.py', 253, 253)"
650,breaks in linear flow,"('/home/toffer/Repos/flask-tags/flask-1.0.1/flask/config.py', 254, 254)"
651,breaks in linear flow,"('/home/toffer/Repos/flask-tags/flask-1.0.1/flask/config.py', 255, 255)"
652,breaks in linear flow,"('/home/toffer/Repos/flask-tags/flask-1.0.1/flask/config.py', 259, 259)"
653,breaks in linear flow,"('/home/toffer/Repos/flask-tags/flask-1.0.1/flask/views.py', 90, 90)"
654,breaks in linear flow,"('/home/toffer/Repos/flask-tags/flask-1.0.1/flask/views.py', 93, 93)"
655,breaks in linear flow,"('/home/toffer/Repos/flask-tags/flask-1.0.1/flask/views.py', 118, 118)"
656,breaks in linear flow,"('/home/toffer/Repos/flask-tags/flask-1.0.1/flask/views.py', 121, 121)"
657,breaks in linear flow,"('/home/toffer/Repos/flask-tags/flask-1.0.1/flask/views.py', 122, 122)"
658,breaks in linear flow,"('/home/toffer/Repos/flask-tags/flask-1.0.1/flask/views.py', 129, 129)"
659,breaks in linear flow,"('/home/toffer/Repos/flask-tags/flask-1.0.1/flask/views.py', 154, 154)"
660,breaks in linear flow,"('/home/toffer/Repos/flask-tags/flask-1.0.1/flask/signals.py', 17, 17)"
661,breaks in linear flow,"('/home/toffer/Repos/flask-tags/flask-1.0.1/flask/_compat.py', 20, 20)"
662,breaks in linear flow,"('/home/toffer/Repos/flask-tags/flask-1.0.1/flask/_compat.py', 33, 33)"
663,breaks in linear flow,"('/home/toffer/Repos/flask-tags/flask-1.0.1/flask/_compat.py', 82, 82)"
664,breaks in linear flow,"('/home/toffer/Repos/flask-tags/flask-1.0.1/flask/_compat.py', 87, 87)"
665,breaks in linear flow,"('/home/toffer/Repos/flask-tags/flask-1.0.1/flask/_compat.py', 94, 94)"
666,breaks in linear flow,"('/home/toffer/Repos/flask-tags/flask-1.0.1/flask/_compat.py', 96, 96)"
667,breaks in linear flow,"('/home/toffer/Repos/flask-tags/flask-1.0.1/flask/_compat.py', 98, 98)"
668,breaks in linear flow,"('/home/toffer/Repos/flask-tags/flask-1.0.1/flask/json/tag.py', 243, 243)"
669,breaks in linear flow,"('/home/toffer/Repos/flask-tags/flask-1.0.1/flask/json/tag.py', 263, 263)"
670,breaks in linear flow,"('/home/toffer/Repos/flask-tags/flask-1.0.1/flask/json/tag.py', 264, 264)"
671,breaks in linear flow,"('/home/toffer/Repos/flask-tags/flask-1.0.1/flask/json/tag.py', 269, 269)"
672,breaks in linear flow,"('/home/toffer/Repos/flask-tags/flask-1.0.1/flask/json/tag.py', 276, 276)"
673,breaks in linear flow,"('/home/toffer/Repos/flask-tags/flask-1.0.1/flask/json/tag.py', 277, 277)"
674,breaks in linear flow,"('/home/toffer/Repos/flask-tags/flask-1.0.1/flask/json/tag.py', 284, 284)"
675,breaks in linear flow,"('/home/toffer/Repos/flask-tags/flask-1.0.1/flask/json/tag.py', 289, 289)"
676,breaks in linear flow,"('/home/toffer/Repos/flask-tags/flask-1.0.1/flask/json/__init__.py', 35, 35)"
677,breaks in linear flow,"('/home/toffer/Repos/flask-tags/flask-1.0.1/flask/json/__init__.py', 43, 43)"
678,breaks in linear flow,"('/home/toffer/Repos/flask-tags/flask-1.0.1/flask/json/__init__.py', 73, 73)"
679,breaks in linear flow,"('/home/toffer/Repos/flask-tags/flask-1.0.1/flask/json/__init__.py', 75, 75)"
680,breaks in linear flow,"('/home/toffer/Repos/flask-tags/flask-1.0.1/flask/json/__init__.py', 77, 77)"
681,breaks in linear flow,"('/home/toffer/Repos/flask-tags/flask-1.0.1/flask/json/__init__.py', 79, 79)"
682,breaks in linear flow,"('/home/toffer/Repos/flask-tags/flask-1.0.1/flask/json/__init__.py', 94, 94)"
683,breaks in linear flow,"('/home/toffer/Repos/flask-tags/flask-1.0.1/flask/json/__init__.py', 102, 102)"
684,breaks in linear flow,"('/home/toffer/Repos/flask-tags/flask-1.0.1/flask/json/__init__.py', 113, 113)"
685,breaks in linear flow,"('/home/toffer/Repos/flask-tags/flask-1.0.1/flask/json/__init__.py', 136, 136)"
686,breaks in linear flow,"('/home/toffer/Repos/flask-tags/flask-1.0.1/flask/json/__init__.py', 139, 139)"
687,breaks in linear flow,"('/home/toffer/Repos/flask-tags/flask-1.0.1/flask/json/__init__.py', 142, 142)"
688,breaks in linear flow,"('/home/toffer/Repos/flask-tags/flask-1.0.1/flask/json/__init__.py', 145, 145)"
689,breaks in linear flow,"('/home/toffer/Repos/flask-tags/flask-1.0.1/flask/json/__init__.py', 148, 148)"
690,breaks in linear flow,"('/home/toffer/Repos/flask-tags/flask-1.0.1/flask/json/__init__.py', 149, 149)"
691,breaks in linear flow,"('/home/toffer/Repos/flask-tags/flask-1.0.1/flask/json/__init__.py', 152, 152)"
692,breaks in linear flow,"('/home/toffer/Repos/flask-tags/flask-1.0.1/flask/json/__init__.py', 155, 155)"
693,breaks in linear flow,"('/home/toffer/Repos/flask-tags/flask-1.0.1/flask/json/__init__.py', 158, 158)"
694,breaks in linear flow,"('/home/toffer/Repos/flask-tags/flask-1.0.1/flask/json/__init__.py', 161, 161)"
695,breaks in linear flow,"('/home/toffer/Repos/flask-tags/flask-1.0.1/flask/json/__init__.py', 180, 180)"
696,breaks in linear flow,"('/home/toffer/Repos/flask-tags/flask-1.0.1/flask/json/__init__.py', 189, 189)"
697,breaks in linear flow,"('/home/toffer/Repos/flask-tags/flask-1.0.1/flask/json/__init__.py', 200, 200)"
698,breaks in linear flow,"('/home/toffer/Repos/flask-tags/flask-1.0.1/flask/json/__init__.py', 202, 202)"
699,breaks in linear flow,"('/home/toffer/Repos/flask-tags/flask-1.0.1/flask/json/__init__.py', 212, 212)"
700,breaks in linear flow,"('/home/toffer/Repos/flask-tags/flask-1.0.1/flask/json/__init__.py', 247, 247)"
701,breaks in linear flow,"('/home/toffer/Repos/flask-tags/flask-1.0.1/flask/json/__init__.py', 309, 309)"
702,breaks in linear flow,"('/home/toffer/Repos/flask-tags/flask-1.0.1/flask/json/__init__.py', 313, 313)"
703,breaks in linear flow,"('/home/toffer/Repos/flask-tags/flask-1.0.1/scripts/make-release.py', 16, 16)"
704,breaks in linear flow,"('/home/toffer/Repos/flask-tags/flask-1.0.1/scripts/make-release.py', 19, 19)"
705,breaks in linear flow,"('/home/toffer/Repos/flask-tags/flask-1.0.1/scripts/make-release.py', 20, 20)"
706,breaks in linear flow,"('/home/toffer/Repos/flask-tags/flask-1.0.1/scripts/make-release.py', 24, 24)"
707,breaks in linear flow,"('/home/toffer/Repos/flask-tags/flask-1.0.1/scripts/make-release.py', 25, 25)"
708,breaks in linear flow,"('/home/toffer/Repos/flask-tags/flask-1.0.1/scripts/make-release.py', 27, 27)"
709,breaks in linear flow,"('/home/toffer/Repos/flask-tags/flask-1.0.1/scripts/make-release.py', 30, 30)"
710,breaks in linear flow,"('/home/toffer/Repos/flask-tags/flask-1.0.1/scripts/make-release.py', 31, 31)"
711,breaks in linear flow,"('/home/toffer/Repos/flask-tags/flask-1.0.1/scripts/make-release.py', 39, 39)"
712,breaks in linear flow,"('/home/toffer/Repos/flask-tags/flask-1.0.1/scripts/make-release.py', 40, 40)"
713,breaks in linear flow,"('/home/toffer/Repos/flask-tags/flask-1.0.1/scripts/make-release.py', 49, 49)"
714,breaks in linear flow,"('/home/toffer/Repos/flask-tags/flask-1.0.1/scripts/make-release.py', 76, 76)"
715,breaks in linear flow,"('/home/toffer/Repos/flask-tags/flask-1.0.1/scripts/make-release.py', 127, 127)"
716,breaks in linear flow,"('/home/toffer/Repos/flask-tags/flask-1.0.1/scripts/make-release.py', 139, 139)"
717,breaks in linear flow,"('/home/toffer/Repos/flask-tags/flask-1.0.1/scripts/make-release.py', 142, 142)"
718,breaks in linear flow,"('/home/toffer/Repos/flask-tags/flask-1.0.1/scripts/make-release.py', 148, 148)"
719,breaks in linear flow,"('/home/toffer/Repos/flask-tags/flask-1.0.1/scripts/make-release.py', 153, 153)"
720,breaks in linear flow,"('/home/toffer/Repos/flask-tags/flask-1.0.1/scripts/make-release.py', 163, 163)"
721,breaks in linear flow,"('/home/toffer/Repos/flask-tags/flask-1.0.1/examples/tutorial/flaskr/__init__.py', 16, 16)"
722,breaks in linear flow,"('/home/toffer/Repos/flask-tags/flask-1.0.1/examples/tutorial/flaskr/__init__.py', 26, 26)"
723,breaks in linear flow,"('/home/toffer/Repos/flask-tags/flask-1.0.1/examples/tutorial/flaskr/auth.py', 17, 17)"
724,breaks in linear flow,"('/home/toffer/Repos/flask-tags/flask-1.0.1/examples/tutorial/flaskr/auth.py', 31, 31)"
725,breaks in linear flow,"('/home/toffer/Repos/flask-tags/flask-1.0.1/examples/tutorial/flaskr/auth.py', 46, 46)"
726,breaks in linear flow,"('/home/toffer/Repos/flask-tags/flask-1.0.1/examples/tutorial/flaskr/auth.py', 52, 52)"
727,breaks in linear flow,"('/home/toffer/Repos/flask-tags/flask-1.0.1/examples/tutorial/flaskr/auth.py', 61, 61)"
728,breaks in linear flow,"('/home/toffer/Repos/flask-tags/flask-1.0.1/examples/tutorial/flaskr/auth.py', 79, 79)"
729,breaks in linear flow,"('/home/toffer/Repos/flask-tags/flask-1.0.1/examples/tutorial/flaskr/auth.py', 88, 88)"
730,breaks in linear flow,"('/home/toffer/Repos/flask-tags/flask-1.0.1/examples/tutorial/flaskr/auth.py', 93, 93)"
731,breaks in linear flow,"('/home/toffer/Repos/flask-tags/flask-1.0.1/examples/tutorial/flaskr/blog.py', 43, 43)"
732,breaks in linear flow,"('/home/toffer/Repos/flask-tags/flask-1.0.1/examples/tutorial/flaskr/blog.py', 46, 46)"
733,breaks in linear flow,"('/home/toffer/Repos/flask-tags/flask-1.0.1/examples/tutorial/flaskr/blog.py', 56, 56)"
734,breaks in linear flow,"('/home/toffer/Repos/flask-tags/flask-1.0.1/examples/tutorial/flaskr/blog.py', 61, 61)"
735,breaks in linear flow,"('/home/toffer/Repos/flask-tags/flask-1.0.1/examples/tutorial/flaskr/blog.py', 64, 64)"
736,breaks in linear flow,"('/home/toffer/Repos/flask-tags/flask-1.0.1/examples/tutorial/flaskr/blog.py', 85, 85)"
737,breaks in linear flow,"('/home/toffer/Repos/flask-tags/flask-1.0.1/examples/tutorial/flaskr/blog.py', 90, 90)"
738,breaks in linear flow,"('/home/toffer/Repos/flask-tags/flask-1.0.1/examples/tutorial/flaskr/blog.py', 93, 93)"
739,breaks in linear flow,"('/home/toffer/Repos/flask-tags/flask-1.0.1/examples/tutorial/flaskr/db.py', 13, 13)"
740,breaks in linear flow,"('/home/toffer/Repos/flask-tags/flask-1.0.1/examples/tutorial/flaskr/db.py', 29, 29)"
741,recursion,"('/home/toffer/Repos/flask-tags/flask-1.0.1/tests/test_basic.py', 576, 576)"
742,recursion,"('/home/toffer/Repos/flask-tags/flask-1.0.1/tests/test_views.py', 51, 51)"
743,recursion,"('/home/toffer/Repos/flask-tags/flask-1.0.1/scripts/make-release.py', 133, 136)"
744,recursion,"('/home/toffer/Repos/flask-tags/flask-1.0.1/scripts/make-release.py', 156, 156)"
