,type,file_start_end
0,method length,"('/home/toffer/Repos/flask-tags/flask-0.9/flask/blueprints.py', 25, 60)"
1,method length,"('/home/toffer/Repos/flask-tags/flask-0.9/flask/ctx.py', 50, 79)"
2,method length,"('/home/toffer/Repos/flask-tags/flask-0.9/flask/ctx.py', 163, 196)"
3,method length,"('/home/toffer/Repos/flask-tags/flask-0.9/flask/ctx.py', 209, 240)"
4,method length,"('/home/toffer/Repos/flask-tags/flask-0.9/flask/ctx.py', 242, 271)"
5,method length,"('/home/toffer/Repos/flask-tags/flask-0.9/flask/helpers.py', 96, 165)"
6,method length,"('/home/toffer/Repos/flask-tags/flask-0.9/flask/helpers.py', 168, 198)"
7,method length,"('/home/toffer/Repos/flask-tags/flask-0.9/flask/helpers.py', 201, 247)"
8,method length,"('/home/toffer/Repos/flask-tags/flask-0.9/flask/helpers.py', 250, 367)"
9,method length,"('/home/toffer/Repos/flask-tags/flask-0.9/flask/helpers.py', 420, 456)"
10,method length,"('/home/toffer/Repos/flask-tags/flask-0.9/flask/helpers.py', 461, 602)"
11,method length,"('/home/toffer/Repos/flask-tags/flask-0.9/flask/helpers.py', 630, 661)"
12,method length,"('/home/toffer/Repos/flask-tags/flask-0.9/flask/helpers.py', 664, 694)"
13,method length,"('/home/toffer/Repos/flask-tags/flask-0.9/flask/helpers.py', 697, 745)"
14,method length,"('/home/toffer/Repos/flask-tags/flask-0.9/flask/app.py', 289, 481)"
15,method length,"('/home/toffer/Repos/flask-tags/flask-0.9/flask/app.py', 698, 744)"
16,method length,"('/home/toffer/Repos/flask-tags/flask-0.9/flask/app.py', 746, 782)"
17,method length,"('/home/toffer/Repos/flask-tags/flask-0.9/flask/app.py', 859, 947)"
18,method length,"('/home/toffer/Repos/flask-tags/flask-0.9/flask/app.py', 949, 979)"
19,method length,"('/home/toffer/Repos/flask-tags/flask-0.9/flask/app.py', 998, 1037)"
20,method length,"('/home/toffer/Repos/flask-tags/flask-0.9/flask/app.py', 1117, 1144)"
21,method length,"('/home/toffer/Repos/flask-tags/flask-0.9/flask/app.py', 1147, 1173)"
22,method length,"('/home/toffer/Repos/flask-tags/flask-0.9/flask/app.py', 1235, 1264)"
23,method length,"('/home/toffer/Repos/flask-tags/flask-0.9/flask/app.py', 1266, 1293)"
24,method length,"('/home/toffer/Repos/flask-tags/flask-0.9/flask/app.py', 1405, 1460)"
25,method length,"('/home/toffer/Repos/flask-tags/flask-0.9/flask/app.py', 1618, 1646)"
26,method length,"('/home/toffer/Repos/flask-tags/flask-0.9/flask/app.py', 1660, 1690)"
27,method length,"('/home/toffer/Repos/flask-tags/flask-0.9/flask/testing.py', 43, 88)"
28,method length,"('/home/toffer/Repos/flask-tags/flask-0.9/flask/exthook.py', 54, 86)"
29,method length,"('/home/toffer/Repos/flask-tags/flask-0.9/flask/logging.py', 17, 45)"
30,method length,"('/home/toffer/Repos/flask-tags/flask-0.9/flask/config.py', 138, 165)"
31,method length,"('/home/toffer/Repos/flask-tags/flask-0.9/flask/views.py', 72, 101)"
32,method length,"('/home/toffer/Repos/flask-tags/flask-0.9/flask/testsuite/blueprints.py', 69, 102)"
33,method length,"('/home/toffer/Repos/flask-tags/flask-0.9/flask/testsuite/blueprints.py', 163, 192)"
34,method length,"('/home/toffer/Repos/flask-tags/flask-0.9/flask/testsuite/blueprints.py', 194, 226)"
35,method length,"('/home/toffer/Repos/flask-tags/flask-0.9/flask/testsuite/blueprints.py', 258, 296)"
36,method length,"('/home/toffer/Repos/flask-tags/flask-0.9/flask/testsuite/blueprints.py', 346, 387)"
37,method length,"('/home/toffer/Repos/flask-tags/flask-0.9/flask/testsuite/blueprints.py', 459, 490)"
38,method length,"('/home/toffer/Repos/flask-tags/flask-0.9/flask/testsuite/blueprints.py', 492, 542)"
39,method length,"('/home/toffer/Repos/flask-tags/flask-0.9/flask/testsuite/helpers.py', 142, 190)"
40,method length,"('/home/toffer/Repos/flask-tags/flask-0.9/flask/testsuite/helpers.py', 219, 253)"
41,method length,"('/home/toffer/Repos/flask-tags/flask-0.9/flask/testsuite/helpers.py', 266, 295)"
42,method length,"('/home/toffer/Repos/flask-tags/flask-0.9/flask/testsuite/testing.py', 49, 79)"
43,method length,"('/home/toffer/Repos/flask-tags/flask-0.9/flask/testsuite/testing.py', 138, 166)"
44,method length,"('/home/toffer/Repos/flask-tags/flask-0.9/flask/testsuite/signals.py', 39, 77)"
45,method length,"('/home/toffer/Repos/flask-tags/flask-0.9/flask/testsuite/basic.py', 250, 281)"
46,method length,"('/home/toffer/Repos/flask-tags/flask-0.9/flask/testsuite/basic.py', 318, 391)"
47,method length,"('/home/toffer/Repos/flask-tags/flask-0.9/flask/testsuite/basic.py', 460, 491)"
48,method length,"('/home/toffer/Repos/flask-tags/flask-0.9/flask/testsuite/basic.py', 493, 521)"
49,method length,"('/home/toffer/Repos/flask-tags/flask-0.9/flask/testsuite/basic.py', 782, 827)"
50,method length,"('/home/toffer/Repos/flask-tags/flask-0.9/flask/testsuite/basic.py', 829, 878)"
51,method length,"('/home/toffer/Repos/flask-tags/flask-0.9/flask/testsuite/basic.py', 926, 955)"
52,method length,"('/home/toffer/Repos/flask-tags/flask-0.9/scripts/make-release.py', 119, 147)"
53,method length,"('/home/toffer/Repos/flask-tags/flask-0.9/scripts/flaskext_test.py', 122, 149)"
54,method length,"('/home/toffer/Repos/flask-tags/flask-0.9/scripts/flask-07-upgrade.py', 85, 124)"
55,method length,"('/home/toffer/Repos/flask-tags/flask-0.9/scripts/flask-07-upgrade.py', 128, 169)"
56,method length,"('/home/toffer/Repos/flask-tags/flask-0.9/scripts/flaskext_compat.py', 51, 83)"
57,method length,"('/home/toffer/Repos/flask-tags/flask-0.9/examples/minitwit/minitwit_tests.py', 107, 145)"
58,file length,"('/home/toffer/Repos/flask-tags/flask-0.9/flask/blueprints.py', -1, -1)"
59,file length,"('/home/toffer/Repos/flask-tags/flask-0.9/flask/helpers.py', -1, -1)"
60,file length,"('/home/toffer/Repos/flask-tags/flask-0.9/flask/app.py', -1, -1)"
61,file length,"('/home/toffer/Repos/flask-tags/flask-0.9/flask/testsuite/blueprints.py', -1, -1)"
62,file length,"('/home/toffer/Repos/flask-tags/flask-0.9/flask/testsuite/helpers.py', -1, -1)"
63,file length,"('/home/toffer/Repos/flask-tags/flask-0.9/flask/testsuite/config.py', -1, -1)"
64,file length,"('/home/toffer/Repos/flask-tags/flask-0.9/flask/testsuite/basic.py', -1, -1)"
65,argument count,"('/home/toffer/Repos/flask-tags/flask-0.9/docs/flaskdocext.py', 8, 8)"
66,argument count,"('/home/toffer/Repos/flask-tags/flask-0.9/flask/blueprints.py', 24, 24)"
67,argument count,"('/home/toffer/Repos/flask-tags/flask-0.9/flask/blueprints.py', 62, 62)"
68,argument count,"('/home/toffer/Repos/flask-tags/flask-0.9/flask/blueprints.py', 92, 94)"
69,argument count,"('/home/toffer/Repos/flask-tags/flask-0.9/flask/blueprints.py', 165, 165)"
70,argument count,"('/home/toffer/Repos/flask-tags/flask-0.9/flask/module.py', 32, 33)"
71,argument count,"('/home/toffer/Repos/flask-tags/flask-0.9/flask/helpers.py', 459, 461)"
72,argument count,"('/home/toffer/Repos/flask-tags/flask-0.9/flask/app.py', 287, 289)"
73,argument count,"('/home/toffer/Repos/flask-tags/flask-0.9/flask/app.py', 698, 698)"
74,argument count,"('/home/toffer/Repos/flask-tags/flask-0.9/flask/app.py', 859, 859)"
75,argument count,"('/home/toffer/Repos/flask-tags/flask-0.9/flask/testing.py', 20, 20)"
76,argument count,"('/home/toffer/Repos/flask-tags/flask-0.9/flask/testsuite/__init__.py', 76, 76)"
77,argument count,"('/home/toffer/Repos/flask-tags/flask-0.9/flask/testsuite/__init__.py', 135, 135)"
78,argument count,"('/home/toffer/Repos/flask-tags/flask-0.9/scripts/flaskext_test.py', 122, 122)"
79,argument count,"('/home/toffer/Repos/flask-tags/flask-0.9/examples/minitwit/minitwit_tests.py', 32, 32)"
80,method count,"('/home/toffer/Repos/flask-tags/flask-0.9/flask/blueprints.py', 24, 343)"
81,method count,"('/home/toffer/Repos/flask-tags/flask-0.9/flask/helpers.py', 58, 892)"
82,method count,"('/home/toffer/Repos/flask-tags/flask-0.9/flask/app.py', 44, 1700)"
83,method count,"('/home/toffer/Repos/flask-tags/flask-0.9/flask/testsuite/blueprints.py', 33, 657)"
84,method count,"('/home/toffer/Repos/flask-tags/flask-0.9/flask/testsuite/templating.py', 21, 202)"
85,method count,"('/home/toffer/Repos/flask-tags/flask-0.9/flask/testsuite/__init__.py', 26, 220)"
86,method count,"('/home/toffer/Repos/flask-tags/flask-0.9/flask/testsuite/helpers.py', 23, 465)"
87,method count,"('/home/toffer/Repos/flask-tags/flask-0.9/flask/testsuite/config.py', 29, 299)"
88,method count,"('/home/toffer/Repos/flask-tags/flask-0.9/flask/testsuite/views.py', 20, 151)"
89,method count,"('/home/toffer/Repos/flask-tags/flask-0.9/flask/testsuite/basic.py', 27, 1210)"
90,Return Statements,"('/home/toffer/Repos/flask-tags/flask-0.9/flask/testsuite/blueprints.py', 105, 126)"
91,Return Statements,"('/home/toffer/Repos/flask-tags/flask-0.9/flask/testsuite/blueprints.py', 458, 490)"
92,Return Statements,"('/home/toffer/Repos/flask-tags/flask-0.9/flask/testsuite/basic.py', 312, 391)"
93,Return Statements,"('/home/toffer/Repos/flask-tags/flask-0.9/scripts/flask-07-upgrade.py', 85, 124)"
94,Return Statements,"('/home/toffer/Repos/flask-tags/flask-0.9/scripts/flask-07-upgrade.py', 127, 169)"
95,nested controlflow,"('/home/toffer/Repos/flask-tags/flask-0.9/setup.py', 68, 72)"
96,nested controlflow,"('/home/toffer/Repos/flask-tags/flask-0.9/flask/templating.py', 93, 100)"
97,nested controlflow,"('/home/toffer/Repos/flask-tags/flask-0.9/flask/helpers.py', 320, 328)"
98,nested controlflow,"('/home/toffer/Repos/flask-tags/flask-0.9/scripts/flask-07-upgrade.py', 75, 80)"
99,nested controlflow,"('/home/toffer/Repos/flask-tags/flask-0.9/scripts/flask-07-upgrade.py', 102, 108)"
100,nested controlflow,"('/home/toffer/Repos/flask-tags/flask-0.9/scripts/flask-07-upgrade.py', 248, 262)"
101,breaks in linear flow,"('/home/toffer/Repos/flask-tags/flask-0.9/setup.py', 61, 61)"
102,breaks in linear flow,"('/home/toffer/Repos/flask-tags/flask-0.9/setup.py', 68, 68)"
103,breaks in linear flow,"('/home/toffer/Repos/flask-tags/flask-0.9/setup.py', 69, 69)"
104,breaks in linear flow,"('/home/toffer/Repos/flask-tags/flask-0.9/setup.py', 70, 70)"
105,breaks in linear flow,"('/home/toffer/Repos/flask-tags/flask-0.9/setup.py', 71, 71)"
106,breaks in linear flow,"('/home/toffer/Repos/flask-tags/flask-0.9/setup.py', 73, 73)"
107,breaks in linear flow,"('/home/toffer/Repos/flask-tags/flask-0.9/docs/flaskdocext.py', 10, 10)"
108,breaks in linear flow,"('/home/toffer/Repos/flask-tags/flask-0.9/docs/conf.py', 54, 54)"
109,breaks in linear flow,"('/home/toffer/Repos/flask-tags/flask-0.9/docs/conf.py', 62, 62)"
110,breaks in linear flow,"('/home/toffer/Repos/flask-tags/flask-0.9/docs/conf.py', 259, 259)"
111,breaks in linear flow,"('/home/toffer/Repos/flask-tags/flask-0.9/flask/blueprints.py', 42, 42)"
112,breaks in linear flow,"('/home/toffer/Repos/flask-tags/flask-0.9/flask/blueprints.py', 50, 50)"
113,breaks in linear flow,"('/home/toffer/Repos/flask-tags/flask-0.9/flask/blueprints.py', 67, 67)"
114,breaks in linear flow,"('/home/toffer/Repos/flask-tags/flask-0.9/flask/blueprints.py', 70, 70)"
115,breaks in linear flow,"('/home/toffer/Repos/flask-tags/flask-0.9/flask/blueprints.py', 73, 73)"
116,breaks in linear flow,"('/home/toffer/Repos/flask-tags/flask-0.9/flask/blueprints.py', 103, 103)"
117,breaks in linear flow,"('/home/toffer/Repos/flask-tags/flask-0.9/flask/blueprints.py', 113, 113)"
118,breaks in linear flow,"('/home/toffer/Repos/flask-tags/flask-0.9/flask/blueprints.py', 127, 127)"
119,breaks in linear flow,"('/home/toffer/Repos/flask-tags/flask-0.9/flask/blueprints.py', 147, 147)"
120,breaks in linear flow,"('/home/toffer/Repos/flask-tags/flask-0.9/flask/blueprints.py', 152, 152)"
121,breaks in linear flow,"('/home/toffer/Repos/flask-tags/flask-0.9/flask/blueprints.py', 169, 169)"
122,breaks in linear flow,"('/home/toffer/Repos/flask-tags/flask-0.9/flask/globals.py', 18, 18)"
123,breaks in linear flow,"('/home/toffer/Repos/flask-tags/flask-0.9/flask/globals.py', 25, 25)"
124,breaks in linear flow,"('/home/toffer/Repos/flask-tags/flask-0.9/flask/sessions.py', 126, 126)"
125,breaks in linear flow,"('/home/toffer/Repos/flask-tags/flask-0.9/flask/sessions.py', 128, 128)"
126,breaks in linear flow,"('/home/toffer/Repos/flask-tags/flask-0.9/flask/sessions.py', 160, 160)"
127,breaks in linear flow,"('/home/toffer/Repos/flask-tags/flask-0.9/flask/sessions.py', 188, 188)"
128,breaks in linear flow,"('/home/toffer/Repos/flask-tags/flask-0.9/flask/sessions.py', 199, 199)"
129,breaks in linear flow,"('/home/toffer/Repos/flask-tags/flask-0.9/flask/templating.py', 40, 40)"
130,breaks in linear flow,"('/home/toffer/Repos/flask-tags/flask-0.9/flask/templating.py', 55, 55)"
131,breaks in linear flow,"('/home/toffer/Repos/flask-tags/flask-0.9/flask/templating.py', 58, 58)"
132,breaks in linear flow,"('/home/toffer/Repos/flask-tags/flask-0.9/flask/templating.py', 65, 65)"
133,breaks in linear flow,"('/home/toffer/Repos/flask-tags/flask-0.9/flask/templating.py', 73, 73)"
134,breaks in linear flow,"('/home/toffer/Repos/flask-tags/flask-0.9/flask/templating.py', 75, 75)"
135,breaks in linear flow,"('/home/toffer/Repos/flask-tags/flask-0.9/flask/templating.py', 77, 77)"
136,breaks in linear flow,"('/home/toffer/Repos/flask-tags/flask-0.9/flask/templating.py', 80, 80)"
137,breaks in linear flow,"('/home/toffer/Repos/flask-tags/flask-0.9/flask/templating.py', 81, 81)"
138,breaks in linear flow,"('/home/toffer/Repos/flask-tags/flask-0.9/flask/templating.py', 82, 82)"
139,breaks in linear flow,"('/home/toffer/Repos/flask-tags/flask-0.9/flask/templating.py', 84, 84)"
140,breaks in linear flow,"('/home/toffer/Repos/flask-tags/flask-0.9/flask/templating.py', 90, 90)"
141,breaks in linear flow,"('/home/toffer/Repos/flask-tags/flask-0.9/flask/templating.py', 93, 93)"
142,breaks in linear flow,"('/home/toffer/Repos/flask-tags/flask-0.9/flask/templating.py', 95, 95)"
143,breaks in linear flow,"('/home/toffer/Repos/flask-tags/flask-0.9/flask/templating.py', 96, 96)"
144,breaks in linear flow,"('/home/toffer/Repos/flask-tags/flask-0.9/flask/templating.py', 98, 98)"
145,breaks in linear flow,"('/home/toffer/Repos/flask-tags/flask-0.9/flask/module.py', 34, 34)"
146,breaks in linear flow,"('/home/toffer/Repos/flask-tags/flask-0.9/flask/module.py', 41, 41)"
147,breaks in linear flow,"('/home/toffer/Repos/flask-tags/flask-0.9/flask/__init__.py', 40, 40)"
148,breaks in linear flow,"('/home/toffer/Repos/flask-tags/flask-0.9/flask/ctx.py', 117, 117)"
149,breaks in linear flow,"('/home/toffer/Repos/flask-tags/flask-0.9/flask/ctx.py', 118, 118)"
150,breaks in linear flow,"('/home/toffer/Repos/flask-tags/flask-0.9/flask/ctx.py', 191, 191)"
151,breaks in linear flow,"('/home/toffer/Repos/flask-tags/flask-0.9/flask/ctx.py', 195, 195)"
152,breaks in linear flow,"('/home/toffer/Repos/flask-tags/flask-0.9/flask/ctx.py', 206, 206)"
153,breaks in linear flow,"('/home/toffer/Repos/flask-tags/flask-0.9/flask/ctx.py', 220, 220)"
154,breaks in linear flow,"('/home/toffer/Repos/flask-tags/flask-0.9/flask/ctx.py', 226, 226)"
155,breaks in linear flow,"('/home/toffer/Repos/flask-tags/flask-0.9/flask/ctx.py', 239, 239)"
156,breaks in linear flow,"('/home/toffer/Repos/flask-tags/flask-0.9/flask/ctx.py', 253, 253)"
157,breaks in linear flow,"('/home/toffer/Repos/flask-tags/flask-0.9/flask/ctx.py', 255, 255)"
158,breaks in linear flow,"('/home/toffer/Repos/flask-tags/flask-0.9/flask/ctx.py', 266, 266)"
159,breaks in linear flow,"('/home/toffer/Repos/flask-tags/flask-0.9/flask/ctx.py', 270, 270)"
160,breaks in linear flow,"('/home/toffer/Repos/flask-tags/flask-0.9/flask/ctx.py', 283, 283)"
161,breaks in linear flow,"('/home/toffer/Repos/flask-tags/flask-0.9/flask/helpers.py', 32, 32)"
162,breaks in linear flow,"('/home/toffer/Repos/flask-tags/flask-0.9/flask/helpers.py', 35, 35)"
163,breaks in linear flow,"('/home/toffer/Repos/flask-tags/flask-0.9/flask/helpers.py', 39, 39)"
164,breaks in linear flow,"('/home/toffer/Repos/flask-tags/flask-0.9/flask/helpers.py', 49, 49)"
165,breaks in linear flow,"('/home/toffer/Repos/flask-tags/flask-0.9/flask/helpers.py', 60, 60)"
166,breaks in linear flow,"('/home/toffer/Repos/flask-tags/flask-0.9/flask/helpers.py', 66, 66)"
167,breaks in linear flow,"('/home/toffer/Repos/flask-tags/flask-0.9/flask/helpers.py', 69, 69)"
168,breaks in linear flow,"('/home/toffer/Repos/flask-tags/flask-0.9/flask/helpers.py', 132, 132)"
169,breaks in linear flow,"('/home/toffer/Repos/flask-tags/flask-0.9/flask/helpers.py', 140, 140)"
170,breaks in linear flow,"('/home/toffer/Repos/flask-tags/flask-0.9/flask/helpers.py', 153, 153)"
171,breaks in linear flow,"('/home/toffer/Repos/flask-tags/flask-0.9/flask/helpers.py', 156, 156)"
172,breaks in linear flow,"('/home/toffer/Repos/flask-tags/flask-0.9/flask/helpers.py', 195, 195)"
173,breaks in linear flow,"('/home/toffer/Repos/flask-tags/flask-0.9/flask/helpers.py', 243, 243)"
174,breaks in linear flow,"('/home/toffer/Repos/flask-tags/flask-0.9/flask/helpers.py', 245, 245)"
175,breaks in linear flow,"('/home/toffer/Repos/flask-tags/flask-0.9/flask/helpers.py', 314, 314)"
176,breaks in linear flow,"('/home/toffer/Repos/flask-tags/flask-0.9/flask/helpers.py', 320, 320)"
177,breaks in linear flow,"('/home/toffer/Repos/flask-tags/flask-0.9/flask/helpers.py', 323, 323)"
178,breaks in linear flow,"('/home/toffer/Repos/flask-tags/flask-0.9/flask/helpers.py', 324, 324)"
179,breaks in linear flow,"('/home/toffer/Repos/flask-tags/flask-0.9/flask/helpers.py', 325, 325)"
180,breaks in linear flow,"('/home/toffer/Repos/flask-tags/flask-0.9/flask/helpers.py', 331, 331)"
181,breaks in linear flow,"('/home/toffer/Repos/flask-tags/flask-0.9/flask/helpers.py', 332, 332)"
182,breaks in linear flow,"('/home/toffer/Repos/flask-tags/flask-0.9/flask/helpers.py', 342, 342)"
183,breaks in linear flow,"('/home/toffer/Repos/flask-tags/flask-0.9/flask/helpers.py', 355, 355)"
184,breaks in linear flow,"('/home/toffer/Repos/flask-tags/flask-0.9/flask/helpers.py', 365, 365)"
185,breaks in linear flow,"('/home/toffer/Repos/flask-tags/flask-0.9/flask/helpers.py', 449, 449)"
186,breaks in linear flow,"('/home/toffer/Repos/flask-tags/flask-0.9/flask/helpers.py', 452, 452)"
187,breaks in linear flow,"('/home/toffer/Repos/flask-tags/flask-0.9/flask/helpers.py', 454, 454)"
188,breaks in linear flow,"('/home/toffer/Repos/flask-tags/flask-0.9/flask/helpers.py', 520, 520)"
189,breaks in linear flow,"('/home/toffer/Repos/flask-tags/flask-0.9/flask/helpers.py', 530, 530)"
190,breaks in linear flow,"('/home/toffer/Repos/flask-tags/flask-0.9/flask/helpers.py', 536, 536)"
191,breaks in linear flow,"('/home/toffer/Repos/flask-tags/flask-0.9/flask/helpers.py', 543, 543)"
192,breaks in linear flow,"('/home/toffer/Repos/flask-tags/flask-0.9/flask/helpers.py', 544, 544)"
193,breaks in linear flow,"('/home/toffer/Repos/flask-tags/flask-0.9/flask/helpers.py', 546, 546)"
194,breaks in linear flow,"('/home/toffer/Repos/flask-tags/flask-0.9/flask/helpers.py', 548, 548)"
195,breaks in linear flow,"('/home/toffer/Repos/flask-tags/flask-0.9/flask/helpers.py', 552, 552)"
196,breaks in linear flow,"('/home/toffer/Repos/flask-tags/flask-0.9/flask/helpers.py', 553, 553)"
197,breaks in linear flow,"('/home/toffer/Repos/flask-tags/flask-0.9/flask/helpers.py', 554, 554)"
198,breaks in linear flow,"('/home/toffer/Repos/flask-tags/flask-0.9/flask/helpers.py', 561, 561)"
199,breaks in linear flow,"('/home/toffer/Repos/flask-tags/flask-0.9/flask/helpers.py', 562, 562)"
200,breaks in linear flow,"('/home/toffer/Repos/flask-tags/flask-0.9/flask/helpers.py', 567, 567)"
201,breaks in linear flow,"('/home/toffer/Repos/flask-tags/flask-0.9/flask/helpers.py', 577, 577)"
202,breaks in linear flow,"('/home/toffer/Repos/flask-tags/flask-0.9/flask/helpers.py', 581, 581)"
203,breaks in linear flow,"('/home/toffer/Repos/flask-tags/flask-0.9/flask/helpers.py', 583, 583)"
204,breaks in linear flow,"('/home/toffer/Repos/flask-tags/flask-0.9/flask/helpers.py', 587, 587)"
205,breaks in linear flow,"('/home/toffer/Repos/flask-tags/flask-0.9/flask/helpers.py', 596, 596)"
206,breaks in linear flow,"('/home/toffer/Repos/flask-tags/flask-0.9/flask/helpers.py', 600, 600)"
207,breaks in linear flow,"('/home/toffer/Repos/flask-tags/flask-0.9/flask/helpers.py', 622, 622)"
208,breaks in linear flow,"('/home/toffer/Repos/flask-tags/flask-0.9/flask/helpers.py', 623, 623)"
209,breaks in linear flow,"('/home/toffer/Repos/flask-tags/flask-0.9/flask/helpers.py', 625, 625)"
210,breaks in linear flow,"('/home/toffer/Repos/flask-tags/flask-0.9/flask/helpers.py', 658, 658)"
211,breaks in linear flow,"('/home/toffer/Repos/flask-tags/flask-0.9/flask/helpers.py', 672, 672)"
212,breaks in linear flow,"('/home/toffer/Repos/flask-tags/flask-0.9/flask/helpers.py', 681, 681)"
213,breaks in linear flow,"('/home/toffer/Repos/flask-tags/flask-0.9/flask/helpers.py', 686, 686)"
214,breaks in linear flow,"('/home/toffer/Repos/flask-tags/flask-0.9/flask/helpers.py', 707, 707)"
215,breaks in linear flow,"('/home/toffer/Repos/flask-tags/flask-0.9/flask/helpers.py', 712, 712)"
216,breaks in linear flow,"('/home/toffer/Repos/flask-tags/flask-0.9/flask/helpers.py', 727, 727)"
217,breaks in linear flow,"('/home/toffer/Repos/flask-tags/flask-0.9/flask/helpers.py', 732, 732)"
218,breaks in linear flow,"('/home/toffer/Repos/flask-tags/flask-0.9/flask/helpers.py', 737, 737)"
219,breaks in linear flow,"('/home/toffer/Repos/flask-tags/flask-0.9/flask/helpers.py', 764, 764)"
220,breaks in linear flow,"('/home/toffer/Repos/flask-tags/flask-0.9/flask/helpers.py', 768, 768)"
221,breaks in linear flow,"('/home/toffer/Repos/flask-tags/flask-0.9/flask/helpers.py', 792, 792)"
222,breaks in linear flow,"('/home/toffer/Repos/flask-tags/flask-0.9/flask/helpers.py', 800, 800)"
223,breaks in linear flow,"('/home/toffer/Repos/flask-tags/flask-0.9/flask/helpers.py', 801, 801)"
224,breaks in linear flow,"('/home/toffer/Repos/flask-tags/flask-0.9/flask/helpers.py', 825, 825)"
225,breaks in linear flow,"('/home/toffer/Repos/flask-tags/flask-0.9/flask/helpers.py', 861, 861)"
226,breaks in linear flow,"('/home/toffer/Repos/flask-tags/flask-0.9/flask/helpers.py', 891, 891)"
227,breaks in linear flow,"('/home/toffer/Repos/flask-tags/flask-0.9/flask/app.py', 45, 45)"
228,breaks in linear flow,"('/home/toffer/Repos/flask-tags/flask-0.9/flask/app.py', 55, 55)"
229,breaks in linear flow,"('/home/toffer/Repos/flask-tags/flask-0.9/flask/app.py', 292, 292)"
230,breaks in linear flow,"('/home/toffer/Repos/flask-tags/flask-0.9/flask/app.py', 298, 298)"
231,breaks in linear flow,"('/home/toffer/Repos/flask-tags/flask-0.9/flask/app.py', 300, 300)"
232,breaks in linear flow,"('/home/toffer/Repos/flask-tags/flask-0.9/flask/app.py', 302, 302)"
233,breaks in linear flow,"('/home/toffer/Repos/flask-tags/flask-0.9/flask/app.py', 478, 478)"
234,breaks in linear flow,"('/home/toffer/Repos/flask-tags/flask-0.9/flask/app.py', 504, 504)"
235,breaks in linear flow,"('/home/toffer/Repos/flask-tags/flask-0.9/flask/app.py', 506, 506)"
236,breaks in linear flow,"('/home/toffer/Repos/flask-tags/flask-0.9/flask/app.py', 519, 519)"
237,breaks in linear flow,"('/home/toffer/Repos/flask-tags/flask-0.9/flask/app.py', 532, 532)"
238,breaks in linear flow,"('/home/toffer/Repos/flask-tags/flask-0.9/flask/app.py', 549, 549)"
239,breaks in linear flow,"('/home/toffer/Repos/flask-tags/flask-0.9/flask/app.py', 552, 552)"
240,breaks in linear flow,"('/home/toffer/Repos/flask-tags/flask-0.9/flask/app.py', 565, 565)"
241,breaks in linear flow,"('/home/toffer/Repos/flask-tags/flask-0.9/flask/app.py', 596, 596)"
242,breaks in linear flow,"('/home/toffer/Repos/flask-tags/flask-0.9/flask/app.py', 609, 609)"
243,breaks in linear flow,"('/home/toffer/Repos/flask-tags/flask-0.9/flask/app.py', 633, 633)"
244,breaks in linear flow,"('/home/toffer/Repos/flask-tags/flask-0.9/flask/app.py', 671, 671)"
245,breaks in linear flow,"('/home/toffer/Repos/flask-tags/flask-0.9/flask/app.py', 688, 688)"
246,breaks in linear flow,"('/home/toffer/Repos/flask-tags/flask-0.9/flask/app.py', 691, 691)"
247,breaks in linear flow,"('/home/toffer/Repos/flask-tags/flask-0.9/flask/app.py', 730, 730)"
248,breaks in linear flow,"('/home/toffer/Repos/flask-tags/flask-0.9/flask/app.py', 732, 732)"
249,breaks in linear flow,"('/home/toffer/Repos/flask-tags/flask-0.9/flask/app.py', 734, 734)"
250,breaks in linear flow,"('/home/toffer/Repos/flask-tags/flask-0.9/flask/app.py', 780, 780)"
251,breaks in linear flow,"('/home/toffer/Repos/flask-tags/flask-0.9/flask/app.py', 826, 826)"
252,breaks in linear flow,"('/home/toffer/Repos/flask-tags/flask-0.9/flask/app.py', 847, 847)"
253,breaks in linear flow,"('/home/toffer/Repos/flask-tags/flask-0.9/flask/app.py', 908, 908)"
254,breaks in linear flow,"('/home/toffer/Repos/flask-tags/flask-0.9/flask/app.py', 916, 916)"
255,breaks in linear flow,"('/home/toffer/Repos/flask-tags/flask-0.9/flask/app.py', 928, 928)"
256,breaks in linear flow,"('/home/toffer/Repos/flask-tags/flask-0.9/flask/app.py', 929, 929)"
257,breaks in linear flow,"('/home/toffer/Repos/flask-tags/flask-0.9/flask/app.py', 946, 946)"
258,breaks in linear flow,"('/home/toffer/Repos/flask-tags/flask-0.9/flask/app.py', 1050, 1050)"
259,breaks in linear flow,"('/home/toffer/Repos/flask-tags/flask-0.9/flask/app.py', 1052, 1052)"
260,breaks in linear flow,"('/home/toffer/Repos/flask-tags/flask-0.9/flask/app.py', 1207, 1207)"
261,breaks in linear flow,"('/home/toffer/Repos/flask-tags/flask-0.9/flask/app.py', 1211, 1211)"
262,breaks in linear flow,"('/home/toffer/Repos/flask-tags/flask-0.9/flask/app.py', 1229, 1229)"
263,breaks in linear flow,"('/home/toffer/Repos/flask-tags/flask-0.9/flask/app.py', 1231, 1231)"
264,breaks in linear flow,"('/home/toffer/Repos/flask-tags/flask-0.9/flask/app.py', 1252, 1252)"
265,breaks in linear flow,"('/home/toffer/Repos/flask-tags/flask-0.9/flask/app.py', 1257, 1257)"
266,breaks in linear flow,"('/home/toffer/Repos/flask-tags/flask-0.9/flask/app.py', 1260, 1260)"
267,breaks in linear flow,"('/home/toffer/Repos/flask-tags/flask-0.9/flask/app.py', 1261, 1261)"
268,breaks in linear flow,"('/home/toffer/Repos/flask-tags/flask-0.9/flask/app.py', 1280, 1280)"
269,breaks in linear flow,"('/home/toffer/Repos/flask-tags/flask-0.9/flask/app.py', 1285, 1285)"
270,breaks in linear flow,"('/home/toffer/Repos/flask-tags/flask-0.9/flask/app.py', 1291, 1291)"
271,breaks in linear flow,"('/home/toffer/Repos/flask-tags/flask-0.9/flask/app.py', 1316, 1316)"
272,breaks in linear flow,"('/home/toffer/Repos/flask-tags/flask-0.9/flask/app.py', 1335, 1335)"
273,breaks in linear flow,"('/home/toffer/Repos/flask-tags/flask-0.9/flask/app.py', 1340, 1340)"
274,breaks in linear flow,"('/home/toffer/Repos/flask-tags/flask-0.9/flask/app.py', 1357, 1357)"
275,breaks in linear flow,"('/home/toffer/Repos/flask-tags/flask-0.9/flask/app.py', 1359, 1359)"
276,breaks in linear flow,"('/home/toffer/Repos/flask-tags/flask-0.9/flask/app.py', 1373, 1373)"
277,breaks in linear flow,"('/home/toffer/Repos/flask-tags/flask-0.9/flask/app.py', 1376, 1376)"
278,breaks in linear flow,"('/home/toffer/Repos/flask-tags/flask-0.9/flask/app.py', 1379, 1379)"
279,breaks in linear flow,"('/home/toffer/Repos/flask-tags/flask-0.9/flask/app.py', 1390, 1390)"
280,breaks in linear flow,"('/home/toffer/Repos/flask-tags/flask-0.9/flask/app.py', 1397, 1397)"
281,breaks in linear flow,"('/home/toffer/Repos/flask-tags/flask-0.9/flask/app.py', 1399, 1399)"
282,breaks in linear flow,"('/home/toffer/Repos/flask-tags/flask-0.9/flask/app.py', 1435, 1435)"
283,breaks in linear flow,"('/home/toffer/Repos/flask-tags/flask-0.9/flask/app.py', 1438, 1438)"
284,breaks in linear flow,"('/home/toffer/Repos/flask-tags/flask-0.9/flask/app.py', 1441, 1441)"
285,breaks in linear flow,"('/home/toffer/Repos/flask-tags/flask-0.9/flask/app.py', 1446, 1446)"
286,breaks in linear flow,"('/home/toffer/Repos/flask-tags/flask-0.9/flask/app.py', 1452, 1452)"
287,breaks in linear flow,"('/home/toffer/Repos/flask-tags/flask-0.9/flask/app.py', 1453, 1453)"
288,breaks in linear flow,"('/home/toffer/Repos/flask-tags/flask-0.9/flask/app.py', 1457, 1457)"
289,breaks in linear flow,"('/home/toffer/Repos/flask-tags/flask-0.9/flask/app.py', 1473, 1473)"
290,breaks in linear flow,"('/home/toffer/Repos/flask-tags/flask-0.9/flask/app.py', 1478, 1478)"
291,breaks in linear flow,"('/home/toffer/Repos/flask-tags/flask-0.9/flask/app.py', 1492, 1492)"
292,breaks in linear flow,"('/home/toffer/Repos/flask-tags/flask-0.9/flask/app.py', 1495, 1495)"
293,breaks in linear flow,"('/home/toffer/Repos/flask-tags/flask-0.9/flask/app.py', 1502, 1502)"
294,breaks in linear flow,"('/home/toffer/Repos/flask-tags/flask-0.9/flask/app.py', 1505, 1505)"
295,breaks in linear flow,"('/home/toffer/Repos/flask-tags/flask-0.9/flask/app.py', 1507, 1507)"
296,breaks in linear flow,"('/home/toffer/Repos/flask-tags/flask-0.9/flask/app.py', 1513, 1513)"
297,breaks in linear flow,"('/home/toffer/Repos/flask-tags/flask-0.9/flask/app.py', 1530, 1530)"
298,breaks in linear flow,"('/home/toffer/Repos/flask-tags/flask-0.9/flask/app.py', 1532, 1532)"
299,breaks in linear flow,"('/home/toffer/Repos/flask-tags/flask-0.9/flask/app.py', 1536, 1536)"
300,breaks in linear flow,"('/home/toffer/Repos/flask-tags/flask-0.9/flask/app.py', 1538, 1538)"
301,breaks in linear flow,"('/home/toffer/Repos/flask-tags/flask-0.9/flask/app.py', 1540, 1540)"
302,breaks in linear flow,"('/home/toffer/Repos/flask-tags/flask-0.9/flask/app.py', 1559, 1559)"
303,breaks in linear flow,"('/home/toffer/Repos/flask-tags/flask-0.9/flask/app.py', 1561, 1561)"
304,breaks in linear flow,"('/home/toffer/Repos/flask-tags/flask-0.9/flask/app.py', 1563, 1563)"
305,breaks in linear flow,"('/home/toffer/Repos/flask-tags/flask-0.9/flask/app.py', 1565, 1565)"
306,breaks in linear flow,"('/home/toffer/Repos/flask-tags/flask-0.9/flask/app.py', 1580, 1580)"
307,breaks in linear flow,"('/home/toffer/Repos/flask-tags/flask-0.9/flask/app.py', 1584, 1584)"
308,breaks in linear flow,"('/home/toffer/Repos/flask-tags/flask-0.9/flask/app.py', 1586, 1586)"
309,breaks in linear flow,"('/home/toffer/Repos/flask-tags/flask-0.9/flask/app.py', 1597, 1597)"
310,breaks in linear flow,"('/home/toffer/Repos/flask-tags/flask-0.9/flask/app.py', 1599, 1599)"
311,breaks in linear flow,"('/home/toffer/Repos/flask-tags/flask-0.9/flask/app.py', 1688, 1688)"
312,breaks in linear flow,"('/home/toffer/Repos/flask-tags/flask-0.9/flask/wrappers.py', 59, 59)"
313,breaks in linear flow,"('/home/toffer/Repos/flask-tags/flask-0.9/flask/wrappers.py', 69, 69)"
314,breaks in linear flow,"('/home/toffer/Repos/flask-tags/flask-0.9/flask/wrappers.py', 82, 82)"
315,breaks in linear flow,"('/home/toffer/Repos/flask-tags/flask-0.9/flask/wrappers.py', 88, 88)"
316,breaks in linear flow,"('/home/toffer/Repos/flask-tags/flask-0.9/flask/wrappers.py', 98, 98)"
317,breaks in linear flow,"('/home/toffer/Repos/flask-tags/flask-0.9/flask/wrappers.py', 100, 100)"
318,breaks in linear flow,"('/home/toffer/Repos/flask-tags/flask-0.9/flask/wrappers.py', 103, 103)"
319,breaks in linear flow,"('/home/toffer/Repos/flask-tags/flask-0.9/flask/wrappers.py', 106, 106)"
320,breaks in linear flow,"('/home/toffer/Repos/flask-tags/flask-0.9/flask/wrappers.py', 134, 134)"
321,breaks in linear flow,"('/home/toffer/Repos/flask-tags/flask-0.9/flask/testing.py', 24, 24)"
322,breaks in linear flow,"('/home/toffer/Repos/flask-tags/flask-0.9/flask/testing.py', 26, 26)"
323,breaks in linear flow,"('/home/toffer/Repos/flask-tags/flask-0.9/flask/testing.py', 58, 58)"
324,breaks in linear flow,"('/home/toffer/Repos/flask-tags/flask-0.9/flask/testing.py', 67, 67)"
325,breaks in linear flow,"('/home/toffer/Repos/flask-tags/flask-0.9/flask/testing.py', 85, 85)"
326,breaks in linear flow,"('/home/toffer/Repos/flask-tags/flask-0.9/flask/testing.py', 105, 105)"
327,breaks in linear flow,"('/home/toffer/Repos/flask-tags/flask-0.9/flask/testing.py', 117, 117)"
328,breaks in linear flow,"('/home/toffer/Repos/flask-tags/flask-0.9/flask/debughelpers.py', 26, 26)"
329,breaks in linear flow,"('/home/toffer/Repos/flask-tags/flask-0.9/flask/debughelpers.py', 49, 49)"
330,breaks in linear flow,"('/home/toffer/Repos/flask-tags/flask-0.9/flask/debughelpers.py', 73, 73)"
331,breaks in linear flow,"('/home/toffer/Repos/flask-tags/flask-0.9/flask/debughelpers.py', 74, 74)"
332,breaks in linear flow,"('/home/toffer/Repos/flask-tags/flask-0.9/flask/exthook.py', 51, 51)"
333,breaks in linear flow,"('/home/toffer/Repos/flask-tags/flask-0.9/flask/exthook.py', 55, 55)"
334,breaks in linear flow,"('/home/toffer/Repos/flask-tags/flask-0.9/flask/exthook.py', 58, 58)"
335,breaks in linear flow,"('/home/toffer/Repos/flask-tags/flask-0.9/flask/exthook.py', 62, 62)"
336,breaks in linear flow,"('/home/toffer/Repos/flask-tags/flask-0.9/flask/exthook.py', 79, 79)"
337,breaks in linear flow,"('/home/toffer/Repos/flask-tags/flask-0.9/flask/exthook.py', 81, 81)"
338,breaks in linear flow,"('/home/toffer/Repos/flask-tags/flask-0.9/flask/exthook.py', 83, 83)"
339,breaks in linear flow,"('/home/toffer/Repos/flask-tags/flask-0.9/flask/exthook.py', 94, 94)"
340,breaks in linear flow,"('/home/toffer/Repos/flask-tags/flask-0.9/flask/exthook.py', 95, 95)"
341,breaks in linear flow,"('/home/toffer/Repos/flask-tags/flask-0.9/flask/exthook.py', 103, 103)"
342,breaks in linear flow,"('/home/toffer/Repos/flask-tags/flask-0.9/flask/exthook.py', 110, 110)"
343,breaks in linear flow,"('/home/toffer/Repos/flask-tags/flask-0.9/flask/logging.py', 28, 28)"
344,breaks in linear flow,"('/home/toffer/Repos/flask-tags/flask-0.9/flask/config.py', 29, 29)"
345,breaks in linear flow,"('/home/toffer/Repos/flask-tags/flask-0.9/flask/config.py', 32, 32)"
346,breaks in linear flow,"('/home/toffer/Repos/flask-tags/flask-0.9/flask/config.py', 101, 101)"
347,breaks in linear flow,"('/home/toffer/Repos/flask-tags/flask-0.9/flask/config.py', 102, 102)"
348,breaks in linear flow,"('/home/toffer/Repos/flask-tags/flask-0.9/flask/config.py', 130, 130)"
349,breaks in linear flow,"('/home/toffer/Repos/flask-tags/flask-0.9/flask/config.py', 131, 131)"
350,breaks in linear flow,"('/home/toffer/Repos/flask-tags/flask-0.9/flask/config.py', 161, 161)"
351,breaks in linear flow,"('/home/toffer/Repos/flask-tags/flask-0.9/flask/config.py', 163, 163)"
352,breaks in linear flow,"('/home/toffer/Repos/flask-tags/flask-0.9/flask/config.py', 164, 164)"
353,breaks in linear flow,"('/home/toffer/Repos/flask-tags/flask-0.9/flask/views.py', 85, 85)"
354,breaks in linear flow,"('/home/toffer/Repos/flask-tags/flask-0.9/flask/views.py', 88, 88)"
355,breaks in linear flow,"('/home/toffer/Repos/flask-tags/flask-0.9/flask/views.py', 108, 108)"
356,breaks in linear flow,"('/home/toffer/Repos/flask-tags/flask-0.9/flask/views.py', 110, 110)"
357,breaks in linear flow,"('/home/toffer/Repos/flask-tags/flask-0.9/flask/views.py', 111, 111)"
358,breaks in linear flow,"('/home/toffer/Repos/flask-tags/flask-0.9/flask/views.py', 117, 117)"
359,breaks in linear flow,"('/home/toffer/Repos/flask-tags/flask-0.9/flask/views.py', 147, 147)"
360,breaks in linear flow,"('/home/toffer/Repos/flask-tags/flask-0.9/flask/signals.py', 16, 16)"
361,breaks in linear flow,"('/home/toffer/Repos/flask-tags/flask-0.9/flask/testsuite/blueprints.py', 186, 186)"
362,breaks in linear flow,"('/home/toffer/Repos/flask-tags/flask-0.9/flask/testsuite/blueprints.py', 202, 202)"
363,breaks in linear flow,"('/home/toffer/Repos/flask-tags/flask-0.9/flask/testsuite/blueprints.py', 208, 208)"
364,breaks in linear flow,"('/home/toffer/Repos/flask-tags/flask-0.9/flask/testsuite/blueprints.py', 221, 221)"
365,breaks in linear flow,"('/home/toffer/Repos/flask-tags/flask-0.9/flask/testsuite/blueprints.py', 365, 365)"
366,breaks in linear flow,"('/home/toffer/Repos/flask-tags/flask-0.9/flask/testsuite/blueprints.py', 381, 381)"
367,breaks in linear flow,"('/home/toffer/Repos/flask-tags/flask-0.9/flask/testsuite/blueprints.py', 403, 403)"
368,breaks in linear flow,"('/home/toffer/Repos/flask-tags/flask-0.9/flask/testsuite/blueprints.py', 503, 503)"
369,breaks in linear flow,"('/home/toffer/Repos/flask-tags/flask-0.9/flask/testsuite/blueprints.py', 512, 512)"
370,breaks in linear flow,"('/home/toffer/Repos/flask-tags/flask-0.9/flask/testsuite/__init__.py', 31, 31)"
371,breaks in linear flow,"('/home/toffer/Repos/flask-tags/flask-0.9/flask/testsuite/__init__.py', 37, 37)"
372,breaks in linear flow,"('/home/toffer/Repos/flask-tags/flask-0.9/flask/testsuite/__init__.py', 45, 45)"
373,breaks in linear flow,"('/home/toffer/Repos/flask-tags/flask-0.9/flask/testsuite/__init__.py', 47, 47)"
374,breaks in linear flow,"('/home/toffer/Repos/flask-tags/flask-0.9/flask/testsuite/__init__.py', 54, 54)"
375,breaks in linear flow,"('/home/toffer/Repos/flask-tags/flask-0.9/flask/testsuite/__init__.py', 58, 58)"
376,breaks in linear flow,"('/home/toffer/Repos/flask-tags/flask-0.9/flask/testsuite/__init__.py', 102, 102)"
377,breaks in linear flow,"('/home/toffer/Repos/flask-tags/flask-0.9/flask/testsuite/__init__.py', 137, 137)"
378,breaks in linear flow,"('/home/toffer/Repos/flask-tags/flask-0.9/flask/testsuite/__init__.py', 154, 154)"
379,breaks in linear flow,"('/home/toffer/Repos/flask-tags/flask-0.9/flask/testsuite/__init__.py', 176, 176)"
380,breaks in linear flow,"('/home/toffer/Repos/flask-tags/flask-0.9/flask/testsuite/__init__.py', 180, 180)"
381,breaks in linear flow,"('/home/toffer/Repos/flask-tags/flask-0.9/flask/testsuite/__init__.py', 181, 181)"
382,breaks in linear flow,"('/home/toffer/Repos/flask-tags/flask-0.9/flask/testsuite/__init__.py', 187, 187)"
383,breaks in linear flow,"('/home/toffer/Repos/flask-tags/flask-0.9/flask/testsuite/__init__.py', 190, 190)"
384,breaks in linear flow,"('/home/toffer/Repos/flask-tags/flask-0.9/flask/testsuite/__init__.py', 193, 193)"
385,breaks in linear flow,"('/home/toffer/Repos/flask-tags/flask-0.9/flask/testsuite/__init__.py', 211, 211)"
386,breaks in linear flow,"('/home/toffer/Repos/flask-tags/flask-0.9/flask/testsuite/__init__.py', 220, 220)"
387,breaks in linear flow,"('/home/toffer/Repos/flask-tags/flask-0.9/flask/testsuite/helpers.py', 28, 28)"
388,breaks in linear flow,"('/home/toffer/Repos/flask-tags/flask-0.9/flask/testsuite/helpers.py', 77, 77)"
389,breaks in linear flow,"('/home/toffer/Repos/flask-tags/flask-0.9/flask/testsuite/helpers.py', 116, 116)"
390,breaks in linear flow,"('/home/toffer/Repos/flask-tags/flask-0.9/flask/testsuite/helpers.py', 292, 292)"
391,breaks in linear flow,"('/home/toffer/Repos/flask-tags/flask-0.9/flask/testsuite/helpers.py', 328, 328)"
392,breaks in linear flow,"('/home/toffer/Repos/flask-tags/flask-0.9/flask/testsuite/helpers.py', 332, 332)"
393,breaks in linear flow,"('/home/toffer/Repos/flask-tags/flask-0.9/flask/testsuite/helpers.py', 341, 341)"
394,breaks in linear flow,"('/home/toffer/Repos/flask-tags/flask-0.9/flask/testsuite/helpers.py', 360, 360)"
395,breaks in linear flow,"('/home/toffer/Repos/flask-tags/flask-0.9/flask/testsuite/helpers.py', 396, 396)"
396,breaks in linear flow,"('/home/toffer/Repos/flask-tags/flask-0.9/flask/testsuite/helpers.py', 460, 460)"
397,breaks in linear flow,"('/home/toffer/Repos/flask-tags/flask-0.9/flask/testsuite/regression.py', 46, 46)"
398,breaks in linear flow,"('/home/toffer/Repos/flask-tags/flask-0.9/flask/testsuite/regression.py', 49, 49)"
399,breaks in linear flow,"('/home/toffer/Repos/flask-tags/flask-0.9/flask/testsuite/regression.py', 76, 76)"
400,breaks in linear flow,"('/home/toffer/Repos/flask-tags/flask-0.9/flask/testsuite/regression.py', 79, 79)"
401,breaks in linear flow,"('/home/toffer/Repos/flask-tags/flask-0.9/flask/testsuite/testing.py', 55, 55)"
402,breaks in linear flow,"('/home/toffer/Repos/flask-tags/flask-0.9/flask/testsuite/testing.py', 75, 75)"
403,breaks in linear flow,"('/home/toffer/Repos/flask-tags/flask-0.9/flask/testsuite/testing.py', 109, 109)"
404,breaks in linear flow,"('/home/toffer/Repos/flask-tags/flask-0.9/flask/testsuite/testing.py', 133, 133)"
405,breaks in linear flow,"('/home/toffer/Repos/flask-tags/flask-0.9/flask/testsuite/testing.py', 163, 163)"
406,breaks in linear flow,"('/home/toffer/Repos/flask-tags/flask-0.9/flask/testsuite/ext.py', 25, 25)"
407,breaks in linear flow,"('/home/toffer/Repos/flask-tags/flask-0.9/flask/testsuite/ext.py', 26, 26)"
408,breaks in linear flow,"('/home/toffer/Repos/flask-tags/flask-0.9/flask/testsuite/ext.py', 36, 36)"
409,breaks in linear flow,"('/home/toffer/Repos/flask-tags/flask-0.9/flask/testsuite/ext.py', 38, 38)"
410,breaks in linear flow,"('/home/toffer/Repos/flask-tags/flask-0.9/flask/testsuite/ext.py', 45, 45)"
411,breaks in linear flow,"('/home/toffer/Repos/flask-tags/flask-0.9/flask/testsuite/ext.py', 103, 103)"
412,breaks in linear flow,"('/home/toffer/Repos/flask-tags/flask-0.9/flask/testsuite/ext.py', 110, 110)"
413,breaks in linear flow,"('/home/toffer/Repos/flask-tags/flask-0.9/flask/testsuite/config.py', 60, 60)"
414,breaks in linear flow,"('/home/toffer/Repos/flask-tags/flask-0.9/flask/testsuite/config.py', 79, 79)"
415,breaks in linear flow,"('/home/toffer/Repos/flask-tags/flask-0.9/flask/testsuite/config.py', 94, 94)"
416,breaks in linear flow,"('/home/toffer/Repos/flask-tags/flask-0.9/flask/testsuite/config.py', 114, 114)"
417,breaks in linear flow,"('/home/toffer/Repos/flask-tags/flask-0.9/flask/testsuite/config.py', 144, 144)"
418,breaks in linear flow,"('/home/toffer/Repos/flask-tags/flask-0.9/flask/testsuite/config.py', 157, 157)"
419,breaks in linear flow,"('/home/toffer/Repos/flask-tags/flask-0.9/flask/testsuite/config.py', 184, 184)"
420,breaks in linear flow,"('/home/toffer/Repos/flask-tags/flask-0.9/flask/testsuite/config.py', 202, 202)"
421,breaks in linear flow,"('/home/toffer/Repos/flask-tags/flask-0.9/flask/testsuite/config.py', 219, 219)"
422,breaks in linear flow,"('/home/toffer/Repos/flask-tags/flask-0.9/flask/testsuite/config.py', 237, 237)"
423,breaks in linear flow,"('/home/toffer/Repos/flask-tags/flask-0.9/flask/testsuite/config.py', 254, 254)"
424,breaks in linear flow,"('/home/toffer/Repos/flask-tags/flask-0.9/flask/testsuite/config.py', 272, 272)"
425,breaks in linear flow,"('/home/toffer/Repos/flask-tags/flask-0.9/flask/testsuite/config.py', 292, 292)"
426,breaks in linear flow,"('/home/toffer/Repos/flask-tags/flask-0.9/flask/testsuite/examples.py', 28, 28)"
427,breaks in linear flow,"('/home/toffer/Repos/flask-tags/flask-0.9/flask/testsuite/examples.py', 34, 34)"
428,breaks in linear flow,"('/home/toffer/Repos/flask-tags/flask-0.9/flask/testsuite/signals.py', 101, 101)"
429,breaks in linear flow,"('/home/toffer/Repos/flask-tags/flask-0.9/flask/testsuite/basic.py', 241, 241)"
430,breaks in linear flow,"('/home/toffer/Repos/flask-tags/flask-0.9/flask/testsuite/basic.py', 472, 472)"
431,breaks in linear flow,"('/home/toffer/Repos/flask-tags/flask-0.9/flask/testsuite/basic.py', 483, 483)"
432,breaks in linear flow,"('/home/toffer/Repos/flask-tags/flask-0.9/flask/testsuite/basic.py', 586, 586)"
433,breaks in linear flow,"('/home/toffer/Repos/flask-tags/flask-0.9/flask/testsuite/basic.py', 602, 602)"
434,breaks in linear flow,"('/home/toffer/Repos/flask-tags/flask-0.9/flask/testsuite/basic.py', 621, 621)"
435,breaks in linear flow,"('/home/toffer/Repos/flask-tags/flask-0.9/flask/testsuite/basic.py', 725, 725)"
436,breaks in linear flow,"('/home/toffer/Repos/flask-tags/flask-0.9/flask/testsuite/basic.py', 729, 729)"
437,breaks in linear flow,"('/home/toffer/Repos/flask-tags/flask-0.9/flask/testsuite/basic.py', 772, 772)"
438,breaks in linear flow,"('/home/toffer/Repos/flask-tags/flask-0.9/flask/testsuite/basic.py', 805, 805)"
439,breaks in linear flow,"('/home/toffer/Repos/flask-tags/flask-0.9/flask/testsuite/basic.py', 815, 815)"
440,breaks in linear flow,"('/home/toffer/Repos/flask-tags/flask-0.9/flask/testsuite/basic.py', 824, 824)"
441,breaks in linear flow,"('/home/toffer/Repos/flask-tags/flask-0.9/flask/testsuite/basic.py', 860, 860)"
442,breaks in linear flow,"('/home/toffer/Repos/flask-tags/flask-0.9/flask/testsuite/basic.py', 871, 871)"
443,breaks in linear flow,"('/home/toffer/Repos/flask-tags/flask-0.9/flask/testsuite/basic.py', 887, 887)"
444,breaks in linear flow,"('/home/toffer/Repos/flask-tags/flask-0.9/flask/testsuite/basic.py', 891, 891)"
445,breaks in linear flow,"('/home/toffer/Repos/flask-tags/flask-0.9/flask/testsuite/basic.py', 902, 902)"
446,breaks in linear flow,"('/home/toffer/Repos/flask-tags/flask-0.9/flask/testsuite/basic.py', 931, 931)"
447,breaks in linear flow,"('/home/toffer/Repos/flask-tags/flask-0.9/flask/testsuite/basic.py', 992, 992)"
448,breaks in linear flow,"('/home/toffer/Repos/flask-tags/flask-0.9/flask/testsuite/basic.py', 1026, 1026)"
449,breaks in linear flow,"('/home/toffer/Repos/flask-tags/flask-0.9/flask/testsuite/basic.py', 1076, 1076)"
450,breaks in linear flow,"('/home/toffer/Repos/flask-tags/flask-0.9/flask/testsuite/basic.py', 1126, 1126)"
451,breaks in linear flow,"('/home/toffer/Repos/flask-tags/flask-0.9/scripts/make-release.py', 25, 25)"
452,breaks in linear flow,"('/home/toffer/Repos/flask-tags/flask-0.9/scripts/make-release.py', 27, 27)"
453,breaks in linear flow,"('/home/toffer/Repos/flask-tags/flask-0.9/scripts/make-release.py', 28, 28)"
454,breaks in linear flow,"('/home/toffer/Repos/flask-tags/flask-0.9/scripts/make-release.py', 31, 31)"
455,breaks in linear flow,"('/home/toffer/Repos/flask-tags/flask-0.9/scripts/make-release.py', 32, 32)"
456,breaks in linear flow,"('/home/toffer/Repos/flask-tags/flask-0.9/scripts/make-release.py', 33, 33)"
457,breaks in linear flow,"('/home/toffer/Repos/flask-tags/flask-0.9/scripts/make-release.py', 35, 35)"
458,breaks in linear flow,"('/home/toffer/Repos/flask-tags/flask-0.9/scripts/make-release.py', 36, 36)"
459,breaks in linear flow,"('/home/toffer/Repos/flask-tags/flask-0.9/scripts/make-release.py', 40, 40)"
460,breaks in linear flow,"('/home/toffer/Repos/flask-tags/flask-0.9/scripts/make-release.py', 41, 41)"
461,breaks in linear flow,"('/home/toffer/Repos/flask-tags/flask-0.9/scripts/make-release.py', 50, 50)"
462,breaks in linear flow,"('/home/toffer/Repos/flask-tags/flask-0.9/scripts/make-release.py', 71, 71)"
463,breaks in linear flow,"('/home/toffer/Repos/flask-tags/flask-0.9/scripts/make-release.py', 123, 123)"
464,breaks in linear flow,"('/home/toffer/Repos/flask-tags/flask-0.9/scripts/make-release.py', 133, 133)"
465,breaks in linear flow,"('/home/toffer/Repos/flask-tags/flask-0.9/scripts/make-release.py', 135, 135)"
466,breaks in linear flow,"('/home/toffer/Repos/flask-tags/flask-0.9/scripts/make-release.py', 138, 138)"
467,breaks in linear flow,"('/home/toffer/Repos/flask-tags/flask-0.9/scripts/make-release.py', 150, 150)"
468,breaks in linear flow,"('/home/toffer/Repos/flask-tags/flask-0.9/scripts/flaskext_test.py', 33, 33)"
469,breaks in linear flow,"('/home/toffer/Repos/flask-tags/flask-0.9/scripts/flaskext_test.py', 135, 135)"
470,breaks in linear flow,"('/home/toffer/Repos/flask-tags/flask-0.9/scripts/flaskext_test.py', 143, 143)"
471,breaks in linear flow,"('/home/toffer/Repos/flask-tags/flask-0.9/scripts/flaskext_test.py', 146, 146)"
472,breaks in linear flow,"('/home/toffer/Repos/flask-tags/flask-0.9/scripts/flaskext_test.py', 155, 155)"
473,breaks in linear flow,"('/home/toffer/Repos/flask-tags/flask-0.9/scripts/flaskext_test.py', 169, 169)"
474,breaks in linear flow,"('/home/toffer/Repos/flask-tags/flask-0.9/scripts/flaskext_test.py', 178, 178)"
475,breaks in linear flow,"('/home/toffer/Repos/flask-tags/flask-0.9/scripts/flaskext_test.py', 190, 190)"
476,breaks in linear flow,"('/home/toffer/Repos/flask-tags/flask-0.9/scripts/flaskext_test.py', 192, 192)"
477,breaks in linear flow,"('/home/toffer/Repos/flask-tags/flask-0.9/scripts/flaskext_test.py', 193, 193)"
478,breaks in linear flow,"('/home/toffer/Repos/flask-tags/flask-0.9/scripts/flaskext_test.py', 213, 213)"
479,breaks in linear flow,"('/home/toffer/Repos/flask-tags/flask-0.9/scripts/flaskext_test.py', 224, 224)"
480,breaks in linear flow,"('/home/toffer/Repos/flask-tags/flask-0.9/scripts/flaskext_test.py', 225, 225)"
481,breaks in linear flow,"('/home/toffer/Repos/flask-tags/flask-0.9/scripts/flaskext_test.py', 261, 261)"
482,breaks in linear flow,"('/home/toffer/Repos/flask-tags/flask-0.9/scripts/flaskext_test.py', 264, 264)"
483,breaks in linear flow,"('/home/toffer/Repos/flask-tags/flask-0.9/scripts/flaskext_test.py', 295, 295)"
484,breaks in linear flow,"('/home/toffer/Repos/flask-tags/flask-0.9/scripts/flaskext_test.py', 304, 304)"
485,breaks in linear flow,"('/home/toffer/Repos/flask-tags/flask-0.9/scripts/flaskext_test.py', 310, 310)"
486,breaks in linear flow,"('/home/toffer/Repos/flask-tags/flask-0.9/scripts/flask-07-upgrade.py', 31, 31)"
487,breaks in linear flow,"('/home/toffer/Repos/flask-tags/flask-0.9/scripts/flask-07-upgrade.py', 58, 58)"
488,breaks in linear flow,"('/home/toffer/Repos/flask-tags/flask-0.9/scripts/flask-07-upgrade.py', 67, 67)"
489,breaks in linear flow,"('/home/toffer/Repos/flask-tags/flask-0.9/scripts/flask-07-upgrade.py', 71, 71)"
490,breaks in linear flow,"('/home/toffer/Repos/flask-tags/flask-0.9/scripts/flask-07-upgrade.py', 75, 75)"
491,breaks in linear flow,"('/home/toffer/Repos/flask-tags/flask-0.9/scripts/flask-07-upgrade.py', 76, 76)"
492,breaks in linear flow,"('/home/toffer/Repos/flask-tags/flask-0.9/scripts/flask-07-upgrade.py', 77, 77)"
493,breaks in linear flow,"('/home/toffer/Repos/flask-tags/flask-0.9/scripts/flask-07-upgrade.py', 79, 79)"
494,breaks in linear flow,"('/home/toffer/Repos/flask-tags/flask-0.9/scripts/flask-07-upgrade.py', 86, 86)"
495,breaks in linear flow,"('/home/toffer/Repos/flask-tags/flask-0.9/scripts/flask-07-upgrade.py', 94, 94)"
496,breaks in linear flow,"('/home/toffer/Repos/flask-tags/flask-0.9/scripts/flask-07-upgrade.py', 96, 96)"
497,breaks in linear flow,"('/home/toffer/Repos/flask-tags/flask-0.9/scripts/flask-07-upgrade.py', 102, 102)"
498,breaks in linear flow,"('/home/toffer/Repos/flask-tags/flask-0.9/scripts/flask-07-upgrade.py', 103, 103)"
499,breaks in linear flow,"('/home/toffer/Repos/flask-tags/flask-0.9/scripts/flask-07-upgrade.py', 104, 104)"
500,breaks in linear flow,"('/home/toffer/Repos/flask-tags/flask-0.9/scripts/flask-07-upgrade.py', 106, 106)"
501,breaks in linear flow,"('/home/toffer/Repos/flask-tags/flask-0.9/scripts/flask-07-upgrade.py', 111, 111)"
502,breaks in linear flow,"('/home/toffer/Repos/flask-tags/flask-0.9/scripts/flask-07-upgrade.py', 113, 113)"
503,breaks in linear flow,"('/home/toffer/Repos/flask-tags/flask-0.9/scripts/flask-07-upgrade.py', 117, 117)"
504,breaks in linear flow,"('/home/toffer/Repos/flask-tags/flask-0.9/scripts/flask-07-upgrade.py', 134, 134)"
505,breaks in linear flow,"('/home/toffer/Repos/flask-tags/flask-0.9/scripts/flask-07-upgrade.py', 138, 138)"
506,breaks in linear flow,"('/home/toffer/Repos/flask-tags/flask-0.9/scripts/flask-07-upgrade.py', 143, 143)"
507,breaks in linear flow,"('/home/toffer/Repos/flask-tags/flask-0.9/scripts/flask-07-upgrade.py', 156, 156)"
508,breaks in linear flow,"('/home/toffer/Repos/flask-tags/flask-0.9/scripts/flask-07-upgrade.py', 158, 158)"
509,breaks in linear flow,"('/home/toffer/Repos/flask-tags/flask-0.9/scripts/flask-07-upgrade.py', 160, 160)"
510,breaks in linear flow,"('/home/toffer/Repos/flask-tags/flask-0.9/scripts/flask-07-upgrade.py', 161, 161)"
511,breaks in linear flow,"('/home/toffer/Repos/flask-tags/flask-0.9/scripts/flask-07-upgrade.py', 163, 163)"
512,breaks in linear flow,"('/home/toffer/Repos/flask-tags/flask-0.9/scripts/flask-07-upgrade.py', 165, 165)"
513,breaks in linear flow,"('/home/toffer/Repos/flask-tags/flask-0.9/scripts/flask-07-upgrade.py', 167, 167)"
514,breaks in linear flow,"('/home/toffer/Repos/flask-tags/flask-0.9/scripts/flask-07-upgrade.py', 174, 174)"
515,breaks in linear flow,"('/home/toffer/Repos/flask-tags/flask-0.9/scripts/flask-07-upgrade.py', 181, 181)"
516,breaks in linear flow,"('/home/toffer/Repos/flask-tags/flask-0.9/scripts/flask-07-upgrade.py', 182, 182)"
517,breaks in linear flow,"('/home/toffer/Repos/flask-tags/flask-0.9/scripts/flask-07-upgrade.py', 184, 184)"
518,breaks in linear flow,"('/home/toffer/Repos/flask-tags/flask-0.9/scripts/flask-07-upgrade.py', 185, 185)"
519,breaks in linear flow,"('/home/toffer/Repos/flask-tags/flask-0.9/scripts/flask-07-upgrade.py', 187, 187)"
520,breaks in linear flow,"('/home/toffer/Repos/flask-tags/flask-0.9/scripts/flask-07-upgrade.py', 189, 189)"
521,breaks in linear flow,"('/home/toffer/Repos/flask-tags/flask-0.9/scripts/flask-07-upgrade.py', 190, 190)"
522,breaks in linear flow,"('/home/toffer/Repos/flask-tags/flask-0.9/scripts/flask-07-upgrade.py', 198, 198)"
523,breaks in linear flow,"('/home/toffer/Repos/flask-tags/flask-0.9/scripts/flask-07-upgrade.py', 200, 200)"
524,breaks in linear flow,"('/home/toffer/Repos/flask-tags/flask-0.9/scripts/flask-07-upgrade.py', 214, 214)"
525,breaks in linear flow,"('/home/toffer/Repos/flask-tags/flask-0.9/scripts/flask-07-upgrade.py', 222, 222)"
526,breaks in linear flow,"('/home/toffer/Repos/flask-tags/flask-0.9/scripts/flask-07-upgrade.py', 225, 225)"
527,breaks in linear flow,"('/home/toffer/Repos/flask-tags/flask-0.9/scripts/flask-07-upgrade.py', 232, 232)"
528,breaks in linear flow,"('/home/toffer/Repos/flask-tags/flask-0.9/scripts/flask-07-upgrade.py', 248, 248)"
529,breaks in linear flow,"('/home/toffer/Repos/flask-tags/flask-0.9/scripts/flask-07-upgrade.py', 250, 250)"
530,breaks in linear flow,"('/home/toffer/Repos/flask-tags/flask-0.9/scripts/flask-07-upgrade.py', 252, 252)"
531,breaks in linear flow,"('/home/toffer/Repos/flask-tags/flask-0.9/scripts/flask-07-upgrade.py', 253, 253)"
532,breaks in linear flow,"('/home/toffer/Repos/flask-tags/flask-0.9/scripts/flask-07-upgrade.py', 254, 254)"
533,breaks in linear flow,"('/home/toffer/Repos/flask-tags/flask-0.9/scripts/flask-07-upgrade.py', 261, 261)"
534,breaks in linear flow,"('/home/toffer/Repos/flask-tags/flask-0.9/scripts/flask-07-upgrade.py', 266, 266)"
535,breaks in linear flow,"('/home/toffer/Repos/flask-tags/flask-0.9/scripts/flask-07-upgrade.py', 269, 269)"
536,breaks in linear flow,"('/home/toffer/Repos/flask-tags/flask-0.9/scripts/flask-07-upgrade.py', 286, 286)"
537,breaks in linear flow,"('/home/toffer/Repos/flask-tags/flask-0.9/scripts/flask-07-upgrade.py', 289, 289)"
538,breaks in linear flow,"('/home/toffer/Repos/flask-tags/flask-0.9/scripts/flask-07-upgrade.py', 294, 294)"
539,breaks in linear flow,"('/home/toffer/Repos/flask-tags/flask-0.9/scripts/flask-07-upgrade.py', 298, 298)"
540,breaks in linear flow,"('/home/toffer/Repos/flask-tags/flask-0.9/scripts/flaskext_compat.py', 48, 48)"
541,breaks in linear flow,"('/home/toffer/Repos/flask-tags/flask-0.9/scripts/flaskext_compat.py', 52, 52)"
542,breaks in linear flow,"('/home/toffer/Repos/flask-tags/flask-0.9/scripts/flaskext_compat.py', 55, 55)"
543,breaks in linear flow,"('/home/toffer/Repos/flask-tags/flask-0.9/scripts/flaskext_compat.py', 59, 59)"
544,breaks in linear flow,"('/home/toffer/Repos/flask-tags/flask-0.9/scripts/flaskext_compat.py', 76, 76)"
545,breaks in linear flow,"('/home/toffer/Repos/flask-tags/flask-0.9/scripts/flaskext_compat.py', 78, 78)"
546,breaks in linear flow,"('/home/toffer/Repos/flask-tags/flask-0.9/scripts/flaskext_compat.py', 80, 80)"
547,breaks in linear flow,"('/home/toffer/Repos/flask-tags/flask-0.9/scripts/flaskext_compat.py', 91, 91)"
548,breaks in linear flow,"('/home/toffer/Repos/flask-tags/flask-0.9/scripts/flaskext_compat.py', 92, 92)"
549,breaks in linear flow,"('/home/toffer/Repos/flask-tags/flask-0.9/scripts/flaskext_compat.py', 100, 100)"
550,breaks in linear flow,"('/home/toffer/Repos/flask-tags/flask-0.9/scripts/flaskext_compat.py', 107, 107)"
551,breaks in linear flow,"('/home/toffer/Repos/flask-tags/flask-0.9/examples/jqueryexample/jqueryexample.py', 28, 28)"
552,breaks in linear flow,"('/home/toffer/Repos/flask-tags/flask-0.9/examples/blueprintexample/blueprintexample_test.py', 35, 35)"
553,breaks in linear flow,"('/home/toffer/Repos/flask-tags/flask-0.9/examples/blueprintexample/blueprintexample.py', 10, 10)"
554,breaks in linear flow,"('/home/toffer/Repos/flask-tags/flask-0.9/examples/blueprintexample/simple_page/simple_page.py', 12, 12)"
555,breaks in linear flow,"('/home/toffer/Repos/flask-tags/flask-0.9/examples/flaskr/flaskr.py', 53, 53)"
556,breaks in linear flow,"('/home/toffer/Repos/flask-tags/flask-0.9/examples/flaskr/flaskr.py', 66, 66)"
557,breaks in linear flow,"('/home/toffer/Repos/flask-tags/flask-0.9/examples/flaskr/flaskr.py', 78, 78)"
558,breaks in linear flow,"('/home/toffer/Repos/flask-tags/flask-0.9/examples/flaskr/flaskr.py', 79, 79)"
559,breaks in linear flow,"('/home/toffer/Repos/flask-tags/flask-0.9/examples/flaskr/flaskr.py', 97, 97)"
560,breaks in linear flow,"('/home/toffer/Repos/flask-tags/flask-0.9/examples/flaskr/flaskr_tests.py', 74, 74)"
561,breaks in linear flow,"('/home/toffer/Repos/flask-tags/flask-0.9/examples/minitwit/minitwit.py', 80, 80)"
562,breaks in linear flow,"('/home/toffer/Repos/flask-tags/flask-0.9/examples/minitwit/minitwit.py', 88, 88)"
563,breaks in linear flow,"('/home/toffer/Repos/flask-tags/flask-0.9/examples/minitwit/minitwit.py', 98, 98)"
564,breaks in linear flow,"('/home/toffer/Repos/flask-tags/flask-0.9/examples/minitwit/minitwit.py', 124, 124)"
565,breaks in linear flow,"('/home/toffer/Repos/flask-tags/flask-0.9/examples/minitwit/minitwit.py', 127, 127)"
566,breaks in linear flow,"('/home/toffer/Repos/flask-tags/flask-0.9/examples/minitwit/minitwit.py', 143, 143)"
567,breaks in linear flow,"('/home/toffer/Repos/flask-tags/flask-0.9/examples/minitwit/minitwit.py', 146, 146)"
568,breaks in linear flow,"('/home/toffer/Repos/flask-tags/flask-0.9/examples/minitwit/minitwit.py', 158, 158)"
569,breaks in linear flow,"('/home/toffer/Repos/flask-tags/flask-0.9/examples/minitwit/minitwit.py', 161, 161)"
570,breaks in linear flow,"('/home/toffer/Repos/flask-tags/flask-0.9/examples/minitwit/minitwit.py', 173, 173)"
571,breaks in linear flow,"('/home/toffer/Repos/flask-tags/flask-0.9/examples/minitwit/minitwit.py', 175, 175)"
572,breaks in linear flow,"('/home/toffer/Repos/flask-tags/flask-0.9/examples/minitwit/minitwit.py', 187, 187)"
573,breaks in linear flow,"('/home/toffer/Repos/flask-tags/flask-0.9/examples/minitwit/minitwit.py', 190, 190)"
574,breaks in linear flow,"('/home/toffer/Repos/flask-tags/flask-0.9/examples/minitwit/minitwit.py', 193, 193)"
575,breaks in linear flow,"('/home/toffer/Repos/flask-tags/flask-0.9/examples/minitwit/minitwit.py', 208, 208)"
576,breaks in linear flow,"('/home/toffer/Repos/flask-tags/flask-0.9/examples/minitwit/minitwit.py', 211, 211)"
577,breaks in linear flow,"('/home/toffer/Repos/flask-tags/flask-0.9/examples/minitwit/minitwit.py', 212, 212)"
578,breaks in linear flow,"('/home/toffer/Repos/flask-tags/flask-0.9/examples/minitwit/minitwit.py', 247, 247)"
579,breaks in linear flow,"('/home/toffer/Repos/flask-tags/flask-0.9/examples/minitwit/minitwit_tests.py', 34, 34)"
580,breaks in linear flow,"('/home/toffer/Repos/flask-tags/flask-0.9/examples/minitwit/minitwit_tests.py', 36, 36)"
581,breaks in linear flow,"('/home/toffer/Repos/flask-tags/flask-0.9/examples/minitwit/minitwit_tests.py', 65, 65)"
582,breaks in linear flow,"('/home/toffer/Repos/flask-tags/flask-0.9/examples/minitwit/minitwit_tests.py', 148, 148)"
583,recursion,"('/home/toffer/Repos/flask-tags/flask-0.9/scripts/make-release.py', 129, 130)"
584,recursion,"('/home/toffer/Repos/flask-tags/flask-0.9/scripts/make-release.py', 141, 141)"
585,recursion,"('/home/toffer/Repos/flask-tags/flask-0.9/scripts/flaskext_test.py', 188, 188)"
586,recursion,"('/home/toffer/Repos/flask-tags/flask-0.9/scripts/flaskext_test.py', 249, 249)"
