,type,file_start_end
0,method length,"('/home/toffer/Repos/flask-tags/flask-2.2.1/tests/test_helpers.py', 48, 90)"
1,method length,"('/home/toffer/Repos/flask-tags/flask-2.2.1/tests/test_helpers.py', 257, 286)"
2,method length,"('/home/toffer/Repos/flask-tags/flask-2.2.1/tests/test_async.py', 41, 78)"
3,method length,"('/home/toffer/Repos/flask-tags/flask-2.2.1/tests/test_async.py', 97, 154)"
4,method length,"('/home/toffer/Repos/flask-tags/flask-2.2.1/tests/conftest.py', 102, 129)"
5,method length,"('/home/toffer/Repos/flask-tags/flask-2.2.1/tests/conftest.py', 159, 191)"
6,method length,"('/home/toffer/Repos/flask-tags/flask-2.2.1/tests/conftest.py', 163, 189)"
7,method length,"('/home/toffer/Repos/flask-tags/flask-2.2.1/tests/test_regression.py', 4, 30)"
8,method length,"('/home/toffer/Repos/flask-tags/flask-2.2.1/tests/test_cli.py', 46, 130)"
9,method length,"('/home/toffer/Repos/flask-tags/flask-2.2.1/tests/test_cli.py', 249, 288)"
10,method length,"('/home/toffer/Repos/flask-tags/flask-2.2.1/tests/test_cli.py', 629, 669)"
11,method length,"('/home/toffer/Repos/flask-tags/flask-2.2.1/tests/test_basic.py', 92, 126)"
12,method length,"('/home/toffer/Repos/flask-tags/flask-2.2.1/tests/test_basic.py', 157, 190)"
13,method length,"('/home/toffer/Repos/flask-tags/flask-2.2.1/tests/test_basic.py', 317, 352)"
14,method length,"('/home/toffer/Repos/flask-tags/flask-2.2.1/tests/test_basic.py', 423, 452)"
15,method length,"('/home/toffer/Repos/flask-tags/flask-2.2.1/tests/test_basic.py', 469, 497)"
16,method length,"('/home/toffer/Repos/flask-tags/flask-2.2.1/tests/test_basic.py', 500, 538)"
17,method length,"('/home/toffer/Repos/flask-tags/flask-2.2.1/tests/test_basic.py', 541, 593)"
18,method length,"('/home/toffer/Repos/flask-tags/flask-2.2.1/tests/test_basic.py', 611, 683)"
19,method length,"('/home/toffer/Repos/flask-tags/flask-2.2.1/tests/test_basic.py', 789, 824)"
20,method length,"('/home/toffer/Repos/flask-tags/flask-2.2.1/tests/test_basic.py', 827, 862)"
21,method length,"('/home/toffer/Repos/flask-tags/flask-2.2.1/tests/test_basic.py', 865, 900)"
22,method length,"('/home/toffer/Repos/flask-tags/flask-2.2.1/tests/test_basic.py', 965, 994)"
23,method length,"('/home/toffer/Repos/flask-tags/flask-2.2.1/tests/test_basic.py', 997, 1027)"
24,method length,"('/home/toffer/Repos/flask-tags/flask-2.2.1/tests/test_basic.py', 1034, 1062)"
25,method length,"('/home/toffer/Repos/flask-tags/flask-2.2.1/tests/test_basic.py', 1119, 1210)"
26,method length,"('/home/toffer/Repos/flask-tags/flask-2.2.1/tests/test_basic.py', 1213, 1259)"
27,method length,"('/home/toffer/Repos/flask-tags/flask-2.2.1/tests/test_basic.py', 1491, 1533)"
28,method length,"('/home/toffer/Repos/flask-tags/flask-2.2.1/tests/test_basic.py', 1592, 1618)"
29,method length,"('/home/toffer/Repos/flask-tags/flask-2.2.1/tests/test_basic.py', 1915, 1942)"
30,method length,"('/home/toffer/Repos/flask-tags/flask-2.2.1/tests/test_signals.py', 61, 103)"
31,method length,"('/home/toffer/Repos/flask-tags/flask-2.2.1/tests/test_views.py', 101, 138)"
32,method length,"('/home/toffer/Repos/flask-tags/flask-2.2.1/tests/test_reqctx.py', 63, 104)"
33,method length,"('/home/toffer/Repos/flask-tags/flask-2.2.1/tests/test_reqctx.py', 150, 177)"
34,method length,"('/home/toffer/Repos/flask-tags/flask-2.2.1/tests/test_reqctx.py', 232, 278)"
35,method length,"('/home/toffer/Repos/flask-tags/flask-2.2.1/tests/test_config.py', 71, 99)"
36,method length,"('/home/toffer/Repos/flask-tags/flask-2.2.1/tests/test_testing.py', 215, 244)"
37,method length,"('/home/toffer/Repos/flask-tags/flask-2.2.1/tests/test_blueprints.py', 8, 43)"
38,method length,"('/home/toffer/Repos/flask-tags/flask-2.2.1/tests/test_blueprints.py', 46, 77)"
39,method length,"('/home/toffer/Repos/flask-tags/flask-2.2.1/tests/test_blueprints.py', 176, 220)"
40,method length,"('/home/toffer/Repos/flask-tags/flask-2.2.1/tests/test_blueprints.py', 290, 319)"
41,method length,"('/home/toffer/Repos/flask-tags/flask-2.2.1/tests/test_blueprints.py', 629, 666)"
42,method length,"('/home/toffer/Repos/flask-tags/flask-2.2.1/tests/test_blueprints.py', 690, 718)"
43,method length,"('/home/toffer/Repos/flask-tags/flask-2.2.1/tests/test_blueprints.py', 721, 763)"
44,method length,"('/home/toffer/Repos/flask-tags/flask-2.2.1/tests/test_blueprints.py', 793, 839)"
45,method length,"('/home/toffer/Repos/flask-tags/flask-2.2.1/tests/test_blueprints.py', 842, 919)"
46,method length,"('/home/toffer/Repos/flask-tags/flask-2.2.1/tests/test_blueprints.py', 976, 1005)"
47,method length,"('/home/toffer/Repos/flask-tags/flask-2.2.1/tests/test_templating.py', 362, 390)"
48,method length,"('/home/toffer/Repos/flask-tags/flask-2.2.1/tests/test_templating.py', 406, 439)"
49,method length,"('/home/toffer/Repos/flask-tags/flask-2.2.1/tests/test_user_error_handler.py', 10, 58)"
50,method length,"('/home/toffer/Repos/flask-tags/flask-2.2.1/tests/test_user_error_handler.py', 61, 97)"
51,method length,"('/home/toffer/Repos/flask-tags/flask-2.2.1/tests/test_user_error_handler.py', 100, 133)"
52,method length,"('/home/toffer/Repos/flask-tags/flask-2.2.1/tests/test_user_error_handler.py', 163, 214)"
53,method length,"('/home/toffer/Repos/flask-tags/flask-2.2.1/tests/test_json.py', 223, 257)"
54,method length,"('/home/toffer/Repos/flask-tags/flask-2.2.1/tests/test_json.py', 289, 356)"
55,method length,"('/home/toffer/Repos/flask-tags/flask-2.2.1/examples/tutorial/flaskr/__init__.py', 6, 50)"
56,method length,"('/home/toffer/Repos/flask-tags/flask-2.2.1/examples/tutorial/flaskr/auth.py', 47, 81)"
57,method length,"('/home/toffer/Repos/flask-tags/flask-2.2.1/examples/tutorial/flaskr/blog.py', 28, 57)"
58,method length,"('/home/toffer/Repos/flask-tags/flask-2.2.1/src/flask/scaffold.py', 100, 237)"
59,method length,"('/home/toffer/Repos/flask-tags/flask-2.2.1/src/flask/scaffold.py', 423, 452)"
60,method length,"('/home/toffer/Repos/flask-tags/flask-2.2.1/src/flask/scaffold.py', 462, 520)"
61,method length,"('/home/toffer/Repos/flask-tags/flask-2.2.1/src/flask/scaffold.py', 585, 611)"
62,method length,"('/home/toffer/Repos/flask-tags/flask-2.2.1/src/flask/scaffold.py', 654, 688)"
63,method length,"('/home/toffer/Repos/flask-tags/flask-2.2.1/src/flask/scaffold.py', 708, 747)"
64,method length,"('/home/toffer/Repos/flask-tags/flask-2.2.1/src/flask/scaffold.py', 792, 857)"
65,method length,"('/home/toffer/Repos/flask-tags/flask-2.2.1/src/flask/scaffold.py', 860, 898)"
66,method length,"('/home/toffer/Repos/flask-tags/flask-2.2.1/src/flask/blueprints.py', 50, 87)"
67,method length,"('/home/toffer/Repos/flask-tags/flask-2.2.1/src/flask/blueprints.py', 350, 470)"
68,method length,"('/home/toffer/Repos/flask-tags/flask-2.2.1/src/flask/sessions.py', 183, 239)"
69,method length,"('/home/toffer/Repos/flask-tags/flask-2.2.1/src/flask/sessions.py', 378, 419)"
70,method length,"('/home/toffer/Repos/flask-tags/flask-2.2.1/src/flask/ctx.py', 113, 143)"
71,method length,"('/home/toffer/Repos/flask-tags/flask-2.2.1/src/flask/ctx.py', 146, 184)"
72,method length,"('/home/toffer/Repos/flask-tags/flask-2.2.1/src/flask/ctx.py', 187, 216)"
73,method length,"('/home/toffer/Repos/flask-tags/flask-2.2.1/src/flask/ctx.py', 385, 420)"
74,method length,"('/home/toffer/Repos/flask-tags/flask-2.2.1/src/flask/helpers.py', 88, 160)"
75,method length,"('/home/toffer/Repos/flask-tags/flask-2.2.1/src/flask/helpers.py', 163, 209)"
76,method length,"('/home/toffer/Repos/flask-tags/flask-2.2.1/src/flask/helpers.py', 220, 263)"
77,method length,"('/home/toffer/Repos/flask-tags/flask-2.2.1/src/flask/helpers.py', 337, 366)"
78,method length,"('/home/toffer/Repos/flask-tags/flask-2.2.1/src/flask/helpers.py', 371, 408)"
79,method length,"('/home/toffer/Repos/flask-tags/flask-2.2.1/src/flask/helpers.py', 435, 549)"
80,method length,"('/home/toffer/Repos/flask-tags/flask-2.2.1/src/flask/helpers.py', 556, 592)"
81,method length,"('/home/toffer/Repos/flask-tags/flask-2.2.1/src/flask/helpers.py', 595, 641)"
82,method length,"('/home/toffer/Repos/flask-tags/flask-2.2.1/src/flask/app.py', 565, 718)"
83,method length,"('/home/toffer/Repos/flask-tags/flask-2.2.1/src/flask/app.py', 907, 945)"
84,method length,"('/home/toffer/Repos/flask-tags/flask-2.2.1/src/flask/app.py', 970, 996)"
85,method length,"('/home/toffer/Repos/flask-tags/flask-2.2.1/src/flask/app.py', 1071, 1193)"
86,method length,"('/home/toffer/Repos/flask-tags/flask-2.2.1/src/flask/app.py', 1195, 1251)"
87,method length,"('/home/toffer/Repos/flask-tags/flask-2.2.1/src/flask/app.py', 1313, 1362)"
88,method length,"('/home/toffer/Repos/flask-tags/flask-2.2.1/src/flask/app.py', 1506, 1537)"
89,method length,"('/home/toffer/Repos/flask-tags/flask-2.2.1/src/flask/app.py', 1575, 1606)"
90,method length,"('/home/toffer/Repos/flask-tags/flask-2.2.1/src/flask/app.py', 1608, 1641)"
91,method length,"('/home/toffer/Repos/flask-tags/flask-2.2.1/src/flask/app.py', 1645, 1673)"
92,method length,"('/home/toffer/Repos/flask-tags/flask-2.2.1/src/flask/app.py', 1675, 1726)"
93,method length,"('/home/toffer/Repos/flask-tags/flask-2.2.1/src/flask/app.py', 1745, 1771)"
94,method length,"('/home/toffer/Repos/flask-tags/flask-2.2.1/src/flask/app.py', 1923, 2036)"
95,method length,"('/home/toffer/Repos/flask-tags/flask-2.2.1/src/flask/app.py', 2052, 2190)"
96,method length,"('/home/toffer/Repos/flask-tags/flask-2.2.1/src/flask/app.py', 2194, 2232)"
97,method length,"('/home/toffer/Repos/flask-tags/flask-2.2.1/src/flask/app.py', 2257, 2287)"
98,method length,"('/home/toffer/Repos/flask-tags/flask-2.2.1/src/flask/app.py', 2316, 2342)"
99,method length,"('/home/toffer/Repos/flask-tags/flask-2.2.1/src/flask/app.py', 2346, 2375)"
100,method length,"('/home/toffer/Repos/flask-tags/flask-2.2.1/src/flask/app.py', 2439, 2493)"
101,method length,"('/home/toffer/Repos/flask-tags/flask-2.2.1/src/flask/app.py', 2495, 2541)"
102,method length,"('/home/toffer/Repos/flask-tags/flask-2.2.1/src/flask/cli.py', 32, 82)"
103,method length,"('/home/toffer/Repos/flask-tags/flask-2.2.1/src/flask/cli.py', 111, 184)"
104,method length,"('/home/toffer/Repos/flask-tags/flask-2.2.1/src/flask/cli.py', 187, 213)"
105,method length,"('/home/toffer/Repos/flask-tags/flask-2.2.1/src/flask/cli.py', 292, 331)"
106,method length,"('/home/toffer/Repos/flask-tags/flask-2.2.1/src/flask/cli.py', 518, 545)"
107,method length,"('/home/toffer/Repos/flask-tags/flask-2.2.1/src/flask/cli.py', 654, 712)"
108,method length,"('/home/toffer/Repos/flask-tags/flask-2.2.1/src/flask/cli.py', 747, 779)"
109,method length,"('/home/toffer/Repos/flask-tags/flask-2.2.1/src/flask/cli.py', 782, 816)"
110,method length,"('/home/toffer/Repos/flask-tags/flask-2.2.1/src/flask/cli.py', 894, 940)"
111,method length,"('/home/toffer/Repos/flask-tags/flask-2.2.1/src/flask/cli.py', 945, 989)"
112,method length,"('/home/toffer/Repos/flask-tags/flask-2.2.1/src/flask/cli.py', 1005, 1038)"
113,method length,"('/home/toffer/Repos/flask-tags/flask-2.2.1/src/flask/testing.py', 54, 83)"
114,method length,"('/home/toffer/Repos/flask-tags/flask-2.2.1/src/flask/testing.py', 123, 173)"
115,method length,"('/home/toffer/Repos/flask-tags/flask-2.2.1/src/flask/testing.py', 198, 235)"
116,method length,"('/home/toffer/Repos/flask-tags/flask-2.2.1/src/flask/debughelpers.py', 114, 158)"
117,method length,"('/home/toffer/Repos/flask-tags/flask-2.2.1/src/flask/config.py', 103, 163)"
118,method length,"('/home/toffer/Repos/flask-tags/flask-2.2.1/src/flask/config.py', 165, 192)"
119,method length,"('/home/toffer/Repos/flask-tags/flask-2.2.1/src/flask/config.py', 194, 230)"
120,method length,"('/home/toffer/Repos/flask-tags/flask-2.2.1/src/flask/config.py', 237, 273)"
121,method length,"('/home/toffer/Repos/flask-tags/flask-2.2.1/src/flask/config.py', 295, 334)"
122,method length,"('/home/toffer/Repos/flask-tags/flask-2.2.1/src/flask/views.py', 85, 132)"
123,method length,"('/home/toffer/Repos/flask-tags/flask-2.2.1/src/flask/json/tag.py', 258, 284)"
124,method length,"('/home/toffer/Repos/flask-tags/flask-2.2.1/src/flask/json/__init__.py', 84, 127)"
125,method length,"('/home/toffer/Repos/flask-tags/flask-2.2.1/src/flask/json/__init__.py', 132, 171)"
126,method length,"('/home/toffer/Repos/flask-tags/flask-2.2.1/src/flask/json/__init__.py', 174, 214)"
127,method length,"('/home/toffer/Repos/flask-tags/flask-2.2.1/src/flask/json/__init__.py', 217, 253)"
128,method length,"('/home/toffer/Repos/flask-tags/flask-2.2.1/src/flask/json/__init__.py', 256, 288)"
129,method length,"('/home/toffer/Repos/flask-tags/flask-2.2.1/src/flask/json/__init__.py', 310, 342)"
130,method length,"('/home/toffer/Repos/flask-tags/flask-2.2.1/src/flask/json/provider.py', 169, 230)"
131,method length,"('/home/toffer/Repos/flask-tags/flask-2.2.1/src/flask/json/provider.py', 257, 310)"
132,file length,"('/home/toffer/Repos/flask-tags/flask-2.2.1/tests/test_cli.py', -1, -1)"
133,file length,"('/home/toffer/Repos/flask-tags/flask-2.2.1/tests/test_basic.py', -1, -1)"
134,file length,"('/home/toffer/Repos/flask-tags/flask-2.2.1/tests/test_testing.py', -1, -1)"
135,file length,"('/home/toffer/Repos/flask-tags/flask-2.2.1/tests/test_blueprints.py', -1, -1)"
136,file length,"('/home/toffer/Repos/flask-tags/flask-2.2.1/tests/test_templating.py', -1, -1)"
137,file length,"('/home/toffer/Repos/flask-tags/flask-2.2.1/tests/test_json.py', -1, -1)"
138,file length,"('/home/toffer/Repos/flask-tags/flask-2.2.1/src/flask/scaffold.py', -1, -1)"
139,file length,"('/home/toffer/Repos/flask-tags/flask-2.2.1/src/flask/blueprints.py', -1, -1)"
140,file length,"('/home/toffer/Repos/flask-tags/flask-2.2.1/src/flask/sessions.py', -1, -1)"
141,file length,"('/home/toffer/Repos/flask-tags/flask-2.2.1/src/flask/ctx.py', -1, -1)"
142,file length,"('/home/toffer/Repos/flask-tags/flask-2.2.1/src/flask/helpers.py', -1, -1)"
143,file length,"('/home/toffer/Repos/flask-tags/flask-2.2.1/src/flask/app.py', -1, -1)"
144,file length,"('/home/toffer/Repos/flask-tags/flask-2.2.1/src/flask/cli.py', -1, -1)"
145,file length,"('/home/toffer/Repos/flask-tags/flask-2.2.1/src/flask/config.py', -1, -1)"
146,file length,"('/home/toffer/Repos/flask-tags/flask-2.2.1/src/flask/json/__init__.py', -1, -1)"
147,argument count,"('/home/toffer/Repos/flask-tags/flask-2.2.1/docs/conf.py', 69, 69)"
148,argument count,"('/home/toffer/Repos/flask-tags/flask-2.2.1/tests/test_helpers.py', 314, 316)"
149,argument count,"('/home/toffer/Repos/flask-tags/flask-2.2.1/tests/test_basic.py', 1034, 1034)"
150,argument count,"('/home/toffer/Repos/flask-tags/flask-2.2.1/tests/test_basic.py', 1557, 1559)"
151,argument count,"('/home/toffer/Repos/flask-tags/flask-2.2.1/tests/test_basic.py', 1882, 1882)"
152,argument count,"('/home/toffer/Repos/flask-tags/flask-2.2.1/tests/test_basic.py', 1903, 1905)"
153,argument count,"('/home/toffer/Repos/flask-tags/flask-2.2.1/tests/test_instance_config.py', 66, 68)"
154,argument count,"('/home/toffer/Repos/flask-tags/flask-2.2.1/tests/test_instance_config.py', 79, 81)"
155,argument count,"('/home/toffer/Repos/flask-tags/flask-2.2.1/tests/test_instance_config.py', 97, 99)"
156,argument count,"('/home/toffer/Repos/flask-tags/flask-2.2.1/tests/test_blueprints.py', 120, 120)"
157,argument count,"('/home/toffer/Repos/flask-tags/flask-2.2.1/tests/test_blueprints.py', 931, 938)"
158,argument count,"('/home/toffer/Repos/flask-tags/flask-2.2.1/src/flask/scaffold.py', 91, 98)"
159,argument count,"('/home/toffer/Repos/flask-tags/flask-2.2.1/src/flask/scaffold.py', 455, 462)"
160,argument count,"('/home/toffer/Repos/flask-tags/flask-2.2.1/src/flask/blueprints.py', 43, 49)"
161,argument count,"('/home/toffer/Repos/flask-tags/flask-2.2.1/src/flask/blueprints.py', 89, 95)"
162,argument count,"('/home/toffer/Repos/flask-tags/flask-2.2.1/src/flask/blueprints.py', 247, 259)"
163,argument count,"('/home/toffer/Repos/flask-tags/flask-2.2.1/src/flask/blueprints.py', 473, 480)"
164,argument count,"('/home/toffer/Repos/flask-tags/flask-2.2.1/src/flask/ctx.py', 300, 306)"
165,argument count,"('/home/toffer/Repos/flask-tags/flask-2.2.1/src/flask/helpers.py', 212, 220)"
166,argument count,"('/home/toffer/Repos/flask-tags/flask-2.2.1/src/flask/helpers.py', 424, 435)"
167,argument count,"('/home/toffer/Repos/flask-tags/flask-2.2.1/src/flask/app.py', 553, 565)"
168,argument count,"('/home/toffer/Repos/flask-tags/flask-2.2.1/src/flask/app.py', 1064, 1071)"
169,argument count,"('/home/toffer/Repos/flask-tags/flask-2.2.1/src/flask/app.py', 1306, 1313)"
170,argument count,"('/home/toffer/Repos/flask-tags/flask-2.2.1/src/flask/app.py', 1914, 1923)"
171,argument count,"('/home/toffer/Repos/flask-tags/flask-2.2.1/src/flask/cli.py', 510, 518)"
172,argument count,"('/home/toffer/Repos/flask-tags/flask-2.2.1/src/flask/cli.py', 612, 618)"
173,argument count,"('/home/toffer/Repos/flask-tags/flask-2.2.1/src/flask/cli.py', 884, 894)"
174,argument count,"('/home/toffer/Repos/flask-tags/flask-2.2.1/src/flask/testing.py', 45, 54)"
175,argument count,"('/home/toffer/Repos/flask-tags/flask-2.2.1/src/flask/testing.py', 192, 198)"
176,argument count,"('/home/toffer/Repos/flask-tags/flask-2.2.1/src/flask/testing.py', 263, 265)"
177,argument count,"('/home/toffer/Repos/flask-tags/flask-2.2.1/src/flask/json/__init__.py', 130, 132)"
178,method count,"('/home/toffer/Repos/flask-tags/flask-2.2.1/tests/test_appctx.py', 8, 202)"
179,method count,"('/home/toffer/Repos/flask-tags/flask-2.2.1/tests/test_helpers.py', 18, 347)"
180,method count,"('/home/toffer/Repos/flask-tags/flask-2.2.1/tests/test_cli.py', 35, 677)"
181,method count,"('/home/toffer/Repos/flask-tags/flask-2.2.1/tests/test_basic.py', 30, 1957)"
182,method count,"('/home/toffer/Repos/flask-tags/flask-2.2.1/tests/test_signals.py', 15, 182)"
183,method count,"('/home/toffer/Repos/flask-tags/flask-2.2.1/tests/test_views.py', 7, 255)"
184,method count,"('/home/toffer/Repos/flask-tags/flask-2.2.1/tests/test_reqctx.py', 16, 322)"
185,method count,"('/home/toffer/Repos/flask-tags/flask-2.2.1/tests/test_testing.py', 19, 392)"
186,method count,"('/home/toffer/Repos/flask-tags/flask-2.2.1/tests/test_blueprints.py', 8, 993)"
187,method count,"('/home/toffer/Repos/flask-tags/flask-2.2.1/tests/test_templating.py', 10, 449)"
188,method count,"('/home/toffer/Repos/flask-tags/flask-2.2.1/tests/test_user_error_handler.py', 10, 289)"
189,method count,"('/home/toffer/Repos/flask-tags/flask-2.2.1/tests/test_json.py', 15, 361)"
190,method count,"('/home/toffer/Repos/flask-tags/flask-2.2.1/src/flask/scaffold.py', 45, 897)"
191,method count,"('/home/toffer/Repos/flask-tags/flask-2.2.1/src/flask/blueprints.py', 43, 705)"
192,method count,"('/home/toffer/Repos/flask-tags/flask-2.2.1/src/flask/sessions.py', 25, 418)"
193,method count,"('/home/toffer/Repos/flask-tags/flask-2.2.1/src/flask/ctx.py', 48, 437)"
194,method count,"('/home/toffer/Repos/flask-tags/flask-2.2.1/src/flask/helpers.py', 28, 704)"
195,method count,"('/home/toffer/Repos/flask-tags/flask-2.2.1/src/flask/app.py', 93, 2547)"
196,method count,"('/home/toffer/Repos/flask-tags/flask-2.2.1/src/flask/cli.py', 32, 1053)"
197,method count,"('/home/toffer/Repos/flask-tags/flask-2.2.1/src/flask/json/tag.py', 66, 311)"
198,Return Statements,"('/home/toffer/Repos/flask-tags/flask-2.2.1/tests/test_async.py', 41, 78)"
199,Return Statements,"('/home/toffer/Repos/flask-tags/flask-2.2.1/tests/test_cli.py', 46, 130)"
200,Return Statements,"('/home/toffer/Repos/flask-tags/flask-2.2.1/tests/test_basic.py', 541, 593)"
201,Return Statements,"('/home/toffer/Repos/flask-tags/flask-2.2.1/tests/test_basic.py', 605, 683)"
202,Return Statements,"('/home/toffer/Repos/flask-tags/flask-2.2.1/tests/test_basic.py', 1119, 1210)"
203,Return Statements,"('/home/toffer/Repos/flask-tags/flask-2.2.1/tests/test_reqctx.py', 229, 278)"
204,Return Statements,"('/home/toffer/Repos/flask-tags/flask-2.2.1/tests/test_blueprints.py', 290, 319)"
205,Return Statements,"('/home/toffer/Repos/flask-tags/flask-2.2.1/tests/test_blueprints.py', 793, 839)"
206,Return Statements,"('/home/toffer/Repos/flask-tags/flask-2.2.1/tests/test_blueprints.py', 842, 919)"
207,Return Statements,"('/home/toffer/Repos/flask-tags/flask-2.2.1/tests/test_user_error_handler.py', 163, 214)"
208,Return Statements,"('/home/toffer/Repos/flask-tags/flask-2.2.1/tests/test_json.py', 223, 257)"
209,Return Statements,"('/home/toffer/Repos/flask-tags/flask-2.2.1/src/flask/scaffold.py', 792, 857)"
210,Return Statements,"('/home/toffer/Repos/flask-tags/flask-2.2.1/src/flask/scaffold.py', 860, 898)"
211,nested controlflow,"('/home/toffer/Repos/flask-tags/flask-2.2.1/src/flask/app.py', 1559, 1570)"
212,nested controlflow,"('/home/toffer/Repos/flask-tags/flask-2.2.1/src/flask/app.py', 2306, 2312)"
213,nested controlflow,"('/home/toffer/Repos/flask-tags/flask-2.2.1/src/flask/cli.py', 302, 315)"
214,breaks in linear flow,"('/home/toffer/Repos/flask-tags/flask-2.2.1/docs/conf.py', 74, 74)"
215,breaks in linear flow,"('/home/toffer/Repos/flask-tags/flask-2.2.1/docs/conf.py', 80, 80)"
216,breaks in linear flow,"('/home/toffer/Repos/flask-tags/flask-2.2.1/docs/conf.py', 85, 85)"
217,breaks in linear flow,"('/home/toffer/Repos/flask-tags/flask-2.2.1/tests/test_appctx.py', 66, 66)"
218,breaks in linear flow,"('/home/toffer/Repos/flask-tags/flask-2.2.1/tests/test_appctx.py', 85, 85)"
219,breaks in linear flow,"('/home/toffer/Repos/flask-tags/flask-2.2.1/tests/test_appctx.py', 208, 208)"
220,breaks in linear flow,"('/home/toffer/Repos/flask-tags/flask-2.2.1/tests/test_helpers.py', 148, 148)"
221,breaks in linear flow,"('/home/toffer/Repos/flask-tags/flask-2.2.1/tests/test_helpers.py', 225, 225)"
222,breaks in linear flow,"('/home/toffer/Repos/flask-tags/flask-2.2.1/tests/test_helpers.py', 318, 318)"
223,breaks in linear flow,"('/home/toffer/Repos/flask-tags/flask-2.2.1/tests/conftest.py', 29, 29)"
224,breaks in linear flow,"('/home/toffer/Repos/flask-tags/flask-2.2.1/tests/conftest.py', 30, 30)"
225,breaks in linear flow,"('/home/toffer/Repos/flask-tags/flask-2.2.1/tests/conftest.py', 83, 83)"
226,breaks in linear flow,"('/home/toffer/Repos/flask-tags/flask-2.2.1/tests/conftest.py', 94, 94)"
227,breaks in linear flow,"('/home/toffer/Repos/flask-tags/flask-2.2.1/tests/conftest.py', 112, 112)"
228,breaks in linear flow,"('/home/toffer/Repos/flask-tags/flask-2.2.1/tests/conftest.py', 120, 120)"
229,breaks in linear flow,"('/home/toffer/Repos/flask-tags/flask-2.2.1/tests/test_regression.py', 24, 24)"
230,breaks in linear flow,"('/home/toffer/Repos/flask-tags/flask-2.2.1/tests/test_cli.py', 466, 466)"
231,breaks in linear flow,"('/home/toffer/Repos/flask-tags/flask-2.2.1/tests/test_cli.py', 505, 505)"
232,breaks in linear flow,"('/home/toffer/Repos/flask-tags/flask-2.2.1/tests/test_cli.py', 519, 519)"
233,breaks in linear flow,"('/home/toffer/Repos/flask-tags/flask-2.2.1/tests/test_cli.py', 542, 542)"
234,breaks in linear flow,"('/home/toffer/Repos/flask-tags/flask-2.2.1/tests/test_basic.py', 580, 580)"
235,breaks in linear flow,"('/home/toffer/Repos/flask-tags/flask-2.2.1/tests/test_basic.py', 802, 802)"
236,breaks in linear flow,"('/home/toffer/Repos/flask-tags/flask-2.2.1/tests/test_basic.py', 814, 814)"
237,breaks in linear flow,"('/home/toffer/Repos/flask-tags/flask-2.2.1/tests/test_basic.py', 1046, 1046)"
238,breaks in linear flow,"('/home/toffer/Repos/flask-tags/flask-2.2.1/tests/test_basic.py', 1057, 1057)"
239,breaks in linear flow,"('/home/toffer/Repos/flask-tags/flask-2.2.1/tests/test_basic.py', 1081, 1081)"
240,breaks in linear flow,"('/home/toffer/Repos/flask-tags/flask-2.2.1/tests/test_basic.py', 1086, 1086)"
241,breaks in linear flow,"('/home/toffer/Repos/flask-tags/flask-2.2.1/tests/test_basic.py', 1098, 1098)"
242,breaks in linear flow,"('/home/toffer/Repos/flask-tags/flask-2.2.1/tests/test_basic.py', 1357, 1357)"
243,breaks in linear flow,"('/home/toffer/Repos/flask-tags/flask-2.2.1/tests/test_basic.py', 1361, 1361)"
244,breaks in linear flow,"('/home/toffer/Repos/flask-tags/flask-2.2.1/tests/test_basic.py', 1517, 1517)"
245,breaks in linear flow,"('/home/toffer/Repos/flask-tags/flask-2.2.1/tests/test_basic.py', 1544, 1544)"
246,breaks in linear flow,"('/home/toffer/Repos/flask-tags/flask-2.2.1/tests/test_basic.py', 1595, 1595)"
247,breaks in linear flow,"('/home/toffer/Repos/flask-tags/flask-2.2.1/tests/test_signals.py', 5, 5)"
248,breaks in linear flow,"('/home/toffer/Repos/flask-tags/flask-2.2.1/tests/test_reqctx.py', 12, 12)"
249,breaks in linear flow,"('/home/toffer/Repos/flask-tags/flask-2.2.1/tests/test_reqctx.py', 39, 39)"
250,breaks in linear flow,"('/home/toffer/Repos/flask-tags/flask-2.2.1/tests/test_reqctx.py', 58, 58)"
251,breaks in linear flow,"('/home/toffer/Repos/flask-tags/flask-2.2.1/tests/test_reqctx.py', 235, 235)"
252,breaks in linear flow,"('/home/toffer/Repos/flask-tags/flask-2.2.1/tests/test_config.py', 81, 81)"
253,breaks in linear flow,"('/home/toffer/Repos/flask-tags/flask-2.2.1/tests/test_logging.py', 32, 32)"
254,breaks in linear flow,"('/home/toffer/Repos/flask-tags/flask-2.2.1/tests/test_instance_config.py', 124, 124)"
255,breaks in linear flow,"('/home/toffer/Repos/flask-tags/flask-2.2.1/tests/test_testing.py', 15, 15)"
256,breaks in linear flow,"('/home/toffer/Repos/flask-tags/flask-2.2.1/tests/test_testing.py', 147, 147)"
257,breaks in linear flow,"('/home/toffer/Repos/flask-tags/flask-2.2.1/tests/test_testing.py', 241, 241)"
258,breaks in linear flow,"('/home/toffer/Repos/flask-tags/flask-2.2.1/tests/test_blueprints.py', 198, 198)"
259,breaks in linear flow,"('/home/toffer/Repos/flask-tags/flask-2.2.1/tests/test_blueprints.py', 236, 236)"
260,breaks in linear flow,"('/home/toffer/Repos/flask-tags/flask-2.2.1/tests/test_user_error_handler.py', 33, 33)"
261,breaks in linear flow,"('/home/toffer/Repos/flask-tags/flask-2.2.1/tests/test_user_error_handler.py', 247, 247)"
262,breaks in linear flow,"('/home/toffer/Repos/flask-tags/flask-2.2.1/tests/test_json.py', 99, 99)"
263,breaks in linear flow,"('/home/toffer/Repos/flask-tags/flask-2.2.1/tests/test_json.py', 127, 127)"
264,breaks in linear flow,"('/home/toffer/Repos/flask-tags/flask-2.2.1/tests/test_json.py', 229, 229)"
265,breaks in linear flow,"('/home/toffer/Repos/flask-tags/flask-2.2.1/tests/test_json.py', 236, 236)"
266,breaks in linear flow,"('/home/toffer/Repos/flask-tags/flask-2.2.1/tests/test_json.py', 266, 266)"
267,breaks in linear flow,"('/home/toffer/Repos/flask-tags/flask-2.2.1/tests/test_json.py', 355, 355)"
268,breaks in linear flow,"('/home/toffer/Repos/flask-tags/flask-2.2.1/tests/typing/typing_route.py', 55, 55)"
269,breaks in linear flow,"('/home/toffer/Repos/flask-tags/flask-2.2.1/examples/tutorial/flaskr/__init__.py', 16, 16)"
270,breaks in linear flow,"('/home/toffer/Repos/flask-tags/flask-2.2.1/examples/tutorial/flaskr/__init__.py', 26, 26)"
271,breaks in linear flow,"('/home/toffer/Repos/flask-tags/flask-2.2.1/examples/tutorial/flaskr/auth.py', 24, 24)"
272,breaks in linear flow,"('/home/toffer/Repos/flask-tags/flask-2.2.1/examples/tutorial/flaskr/auth.py', 38, 38)"
273,breaks in linear flow,"('/home/toffer/Repos/flask-tags/flask-2.2.1/examples/tutorial/flaskr/auth.py', 53, 53)"
274,breaks in linear flow,"('/home/toffer/Repos/flask-tags/flask-2.2.1/examples/tutorial/flaskr/auth.py', 59, 59)"
275,breaks in linear flow,"('/home/toffer/Repos/flask-tags/flask-2.2.1/examples/tutorial/flaskr/auth.py', 64, 64)"
276,breaks in linear flow,"('/home/toffer/Repos/flask-tags/flask-2.2.1/examples/tutorial/flaskr/auth.py', 71, 71)"
277,breaks in linear flow,"('/home/toffer/Repos/flask-tags/flask-2.2.1/examples/tutorial/flaskr/auth.py', 87, 87)"
278,breaks in linear flow,"('/home/toffer/Repos/flask-tags/flask-2.2.1/examples/tutorial/flaskr/auth.py', 96, 96)"
279,breaks in linear flow,"('/home/toffer/Repos/flask-tags/flask-2.2.1/examples/tutorial/flaskr/auth.py', 101, 101)"
280,breaks in linear flow,"('/home/toffer/Repos/flask-tags/flask-2.2.1/examples/tutorial/flaskr/blog.py', 51, 51)"
281,breaks in linear flow,"('/home/toffer/Repos/flask-tags/flask-2.2.1/examples/tutorial/flaskr/blog.py', 54, 54)"
282,breaks in linear flow,"('/home/toffer/Repos/flask-tags/flask-2.2.1/examples/tutorial/flaskr/blog.py', 64, 64)"
283,breaks in linear flow,"('/home/toffer/Repos/flask-tags/flask-2.2.1/examples/tutorial/flaskr/blog.py', 69, 69)"
284,breaks in linear flow,"('/home/toffer/Repos/flask-tags/flask-2.2.1/examples/tutorial/flaskr/blog.py', 72, 72)"
285,breaks in linear flow,"('/home/toffer/Repos/flask-tags/flask-2.2.1/examples/tutorial/flaskr/blog.py', 92, 92)"
286,breaks in linear flow,"('/home/toffer/Repos/flask-tags/flask-2.2.1/examples/tutorial/flaskr/blog.py', 97, 97)"
287,breaks in linear flow,"('/home/toffer/Repos/flask-tags/flask-2.2.1/examples/tutorial/flaskr/blog.py', 100, 100)"
288,breaks in linear flow,"('/home/toffer/Repos/flask-tags/flask-2.2.1/examples/tutorial/flaskr/db.py', 13, 13)"
289,breaks in linear flow,"('/home/toffer/Repos/flask-tags/flask-2.2.1/examples/tutorial/flaskr/db.py', 28, 28)"
290,breaks in linear flow,"('/home/toffer/Repos/flask-tags/flask-2.2.1/src/flask/scaffold.py', 24, 24)"
291,breaks in linear flow,"('/home/toffer/Repos/flask-tags/flask-2.2.1/src/flask/scaffold.py', 111, 111)"
292,breaks in linear flow,"('/home/toffer/Repos/flask-tags/flask-2.2.1/src/flask/scaffold.py', 250, 250)"
293,breaks in linear flow,"('/home/toffer/Repos/flask-tags/flask-2.2.1/src/flask/scaffold.py', 257, 257)"
294,breaks in linear flow,"('/home/toffer/Repos/flask-tags/flask-2.2.1/src/flask/scaffold.py', 277, 277)"
295,breaks in linear flow,"('/home/toffer/Repos/flask-tags/flask-2.2.1/src/flask/scaffold.py', 280, 280)"
296,breaks in linear flow,"('/home/toffer/Repos/flask-tags/flask-2.2.1/src/flask/scaffold.py', 288, 288)"
297,breaks in linear flow,"('/home/toffer/Repos/flask-tags/flask-2.2.1/src/flask/scaffold.py', 309, 309)"
298,breaks in linear flow,"('/home/toffer/Repos/flask-tags/flask-2.2.1/src/flask/scaffold.py', 312, 312)"
299,breaks in linear flow,"('/home/toffer/Repos/flask-tags/flask-2.2.1/src/flask/scaffold.py', 325, 325)"
300,breaks in linear flow,"('/home/toffer/Repos/flask-tags/flask-2.2.1/src/flask/scaffold.py', 343, 343)"
301,breaks in linear flow,"('/home/toffer/Repos/flask-tags/flask-2.2.1/src/flask/scaffold.py', 366, 366)"
302,breaks in linear flow,"('/home/toffer/Repos/flask-tags/flask-2.2.1/src/flask/scaffold.py', 377, 377)"
303,breaks in linear flow,"('/home/toffer/Repos/flask-tags/flask-2.2.1/src/flask/scaffold.py', 718, 718)"
304,breaks in linear flow,"('/home/toffer/Repos/flask-tags/flask-2.2.1/src/flask/scaffold.py', 721, 721)"
305,breaks in linear flow,"('/home/toffer/Repos/flask-tags/flask-2.2.1/src/flask/scaffold.py', 730, 730)"
306,breaks in linear flow,"('/home/toffer/Repos/flask-tags/flask-2.2.1/src/flask/scaffold.py', 737, 737)"
307,breaks in linear flow,"('/home/toffer/Repos/flask-tags/flask-2.2.1/src/flask/scaffold.py', 744, 744)"
308,breaks in linear flow,"('/home/toffer/Repos/flask-tags/flask-2.2.1/src/flask/scaffold.py', 765, 765)"
309,breaks in linear flow,"('/home/toffer/Repos/flask-tags/flask-2.2.1/src/flask/scaffold.py', 772, 772)"
310,breaks in linear flow,"('/home/toffer/Repos/flask-tags/flask-2.2.1/src/flask/scaffold.py', 788, 788)"
311,breaks in linear flow,"('/home/toffer/Repos/flask-tags/flask-2.2.1/src/flask/scaffold.py', 799, 799)"
312,breaks in linear flow,"('/home/toffer/Repos/flask-tags/flask-2.2.1/src/flask/scaffold.py', 806, 806)"
313,breaks in linear flow,"('/home/toffer/Repos/flask-tags/flask-2.2.1/src/flask/scaffold.py', 810, 810)"
314,breaks in linear flow,"('/home/toffer/Repos/flask-tags/flask-2.2.1/src/flask/scaffold.py', 812, 812)"
315,breaks in linear flow,"('/home/toffer/Repos/flask-tags/flask-2.2.1/src/flask/scaffold.py', 836, 836)"
316,breaks in linear flow,"('/home/toffer/Repos/flask-tags/flask-2.2.1/src/flask/scaffold.py', 840, 840)"
317,breaks in linear flow,"('/home/toffer/Repos/flask-tags/flask-2.2.1/src/flask/scaffold.py', 854, 854)"
318,breaks in linear flow,"('/home/toffer/Repos/flask-tags/flask-2.2.1/src/flask/scaffold.py', 877, 877)"
319,breaks in linear flow,"('/home/toffer/Repos/flask-tags/flask-2.2.1/src/flask/scaffold.py', 883, 883)"
320,breaks in linear flow,"('/home/toffer/Repos/flask-tags/flask-2.2.1/src/flask/scaffold.py', 887, 887)"
321,breaks in linear flow,"('/home/toffer/Repos/flask-tags/flask-2.2.1/src/flask/scaffold.py', 891, 891)"
322,breaks in linear flow,"('/home/toffer/Repos/flask-tags/flask-2.2.1/src/flask/blueprints.py', 13, 13)"
323,breaks in linear flow,"('/home/toffer/Repos/flask-tags/flask-2.2.1/src/flask/blueprints.py', 67, 67)"
324,breaks in linear flow,"('/home/toffer/Repos/flask-tags/flask-2.2.1/src/flask/blueprints.py', 75, 75)"
325,breaks in linear flow,"('/home/toffer/Repos/flask-tags/flask-2.2.1/src/flask/blueprints.py', 100, 100)"
326,breaks in linear flow,"('/home/toffer/Repos/flask-tags/flask-2.2.1/src/flask/blueprints.py', 101, 101)"
327,breaks in linear flow,"('/home/toffer/Repos/flask-tags/flask-2.2.1/src/flask/blueprints.py', 106, 106)"
328,breaks in linear flow,"('/home/toffer/Repos/flask-tags/flask-2.2.1/src/flask/blueprints.py', 109, 109)"
329,breaks in linear flow,"('/home/toffer/Repos/flask-tags/flask-2.2.1/src/flask/blueprints.py', 268, 268)"
330,breaks in linear flow,"('/home/toffer/Repos/flask-tags/flask-2.2.1/src/flask/blueprints.py', 276, 276)"
331,breaks in linear flow,"('/home/toffer/Repos/flask-tags/flask-2.2.1/src/flask/blueprints.py', 284, 284)"
332,breaks in linear flow,"('/home/toffer/Repos/flask-tags/flask-2.2.1/src/flask/blueprints.py', 318, 318)"
333,breaks in linear flow,"('/home/toffer/Repos/flask-tags/flask-2.2.1/src/flask/blueprints.py', 346, 346)"
334,breaks in linear flow,"('/home/toffer/Repos/flask-tags/flask-2.2.1/src/flask/blueprints.py', 380, 380)"
335,breaks in linear flow,"('/home/toffer/Repos/flask-tags/flask-2.2.1/src/flask/blueprints.py', 397, 397)"
336,breaks in linear flow,"('/home/toffer/Repos/flask-tags/flask-2.2.1/src/flask/blueprints.py', 405, 405)"
337,breaks in linear flow,"('/home/toffer/Repos/flask-tags/flask-2.2.1/src/flask/blueprints.py', 408, 408)"
338,breaks in linear flow,"('/home/toffer/Repos/flask-tags/flask-2.2.1/src/flask/blueprints.py', 412, 412)"
339,breaks in linear flow,"('/home/toffer/Repos/flask-tags/flask-2.2.1/src/flask/blueprints.py', 425, 425)"
340,breaks in linear flow,"('/home/toffer/Repos/flask-tags/flask-2.2.1/src/flask/blueprints.py', 438, 438)"
341,breaks in linear flow,"('/home/toffer/Repos/flask-tags/flask-2.2.1/src/flask/blueprints.py', 443, 443)"
342,breaks in linear flow,"('/home/toffer/Repos/flask-tags/flask-2.2.1/src/flask/blueprints.py', 444, 444)"
343,breaks in linear flow,"('/home/toffer/Repos/flask-tags/flask-2.2.1/src/flask/blueprints.py', 453, 453)"
344,breaks in linear flow,"('/home/toffer/Repos/flask-tags/flask-2.2.1/src/flask/blueprints.py', 457, 457)"
345,breaks in linear flow,"('/home/toffer/Repos/flask-tags/flask-2.2.1/src/flask/blueprints.py', 460, 460)"
346,breaks in linear flow,"('/home/toffer/Repos/flask-tags/flask-2.2.1/src/flask/blueprints.py', 484, 484)"
347,breaks in linear flow,"('/home/toffer/Repos/flask-tags/flask-2.2.1/src/flask/blueprints.py', 487, 487)"
348,breaks in linear flow,"('/home/toffer/Repos/flask-tags/flask-2.2.1/src/flask/globals.py', 6, 6)"
349,breaks in linear flow,"('/home/toffer/Repos/flask-tags/flask-2.2.1/src/flask/globals.py', 87, 87)"
350,breaks in linear flow,"('/home/toffer/Repos/flask-tags/flask-2.2.1/src/flask/globals.py', 97, 97)"
351,breaks in linear flow,"('/home/toffer/Repos/flask-tags/flask-2.2.1/src/flask/typing.py', 3, 3)"
352,breaks in linear flow,"('/home/toffer/Repos/flask-tags/flask-2.2.1/src/flask/sessions.py', 15, 15)"
353,breaks in linear flow,"('/home/toffer/Repos/flask-tags/flask-2.2.1/src/flask/sessions.py', 197, 197)"
354,breaks in linear flow,"('/home/toffer/Repos/flask-tags/flask-2.2.1/src/flask/sessions.py', 203, 203)"
355,breaks in linear flow,"('/home/toffer/Repos/flask-tags/flask-2.2.1/src/flask/sessions.py', 211, 211)"
356,breaks in linear flow,"('/home/toffer/Repos/flask-tags/flask-2.2.1/src/flask/sessions.py', 225, 225)"
357,breaks in linear flow,"('/home/toffer/Repos/flask-tags/flask-2.2.1/src/flask/sessions.py', 235, 235)"
358,breaks in linear flow,"('/home/toffer/Repos/flask-tags/flask-2.2.1/src/flask/sessions.py', 277, 277)"
359,breaks in linear flow,"('/home/toffer/Repos/flask-tags/flask-2.2.1/src/flask/sessions.py', 348, 348)"
360,breaks in linear flow,"('/home/toffer/Repos/flask-tags/flask-2.2.1/src/flask/sessions.py', 364, 364)"
361,breaks in linear flow,"('/home/toffer/Repos/flask-tags/flask-2.2.1/src/flask/sessions.py', 367, 367)"
362,breaks in linear flow,"('/home/toffer/Repos/flask-tags/flask-2.2.1/src/flask/sessions.py', 373, 373)"
363,breaks in linear flow,"('/home/toffer/Repos/flask-tags/flask-2.2.1/src/flask/sessions.py', 388, 388)"
364,breaks in linear flow,"('/home/toffer/Repos/flask-tags/flask-2.2.1/src/flask/sessions.py', 389, 389)"
365,breaks in linear flow,"('/home/toffer/Repos/flask-tags/flask-2.2.1/src/flask/sessions.py', 402, 402)"
366,breaks in linear flow,"('/home/toffer/Repos/flask-tags/flask-2.2.1/src/flask/sessions.py', 405, 405)"
367,breaks in linear flow,"('/home/toffer/Repos/flask-tags/flask-2.2.1/src/flask/templating.py', 16, 16)"
368,breaks in linear flow,"('/home/toffer/Repos/flask-tags/flask-2.2.1/src/flask/templating.py', 28, 28)"
369,breaks in linear flow,"('/home/toffer/Repos/flask-tags/flask-2.2.1/src/flask/templating.py', 30, 30)"
370,breaks in linear flow,"('/home/toffer/Repos/flask-tags/flask-2.2.1/src/flask/templating.py', 43, 43)"
371,breaks in linear flow,"('/home/toffer/Repos/flask-tags/flask-2.2.1/src/flask/templating.py', 60, 60)"
372,breaks in linear flow,"('/home/toffer/Repos/flask-tags/flask-2.2.1/src/flask/templating.py', 73, 73)"
373,breaks in linear flow,"('/home/toffer/Repos/flask-tags/flask-2.2.1/src/flask/templating.py', 76, 76)"
374,breaks in linear flow,"('/home/toffer/Repos/flask-tags/flask-2.2.1/src/flask/templating.py', 78, 78)"
375,breaks in linear flow,"('/home/toffer/Repos/flask-tags/flask-2.2.1/src/flask/templating.py', 86, 86)"
376,breaks in linear flow,"('/home/toffer/Repos/flask-tags/flask-2.2.1/src/flask/templating.py', 93, 93)"
377,breaks in linear flow,"('/home/toffer/Repos/flask-tags/flask-2.2.1/src/flask/templating.py', 96, 96)"
378,breaks in linear flow,"('/home/toffer/Repos/flask-tags/flask-2.2.1/src/flask/templating.py', 97, 97)"
379,breaks in linear flow,"('/home/toffer/Repos/flask-tags/flask-2.2.1/src/flask/templating.py', 104, 104)"
380,breaks in linear flow,"('/home/toffer/Repos/flask-tags/flask-2.2.1/src/flask/templating.py', 107, 107)"
381,breaks in linear flow,"('/home/toffer/Repos/flask-tags/flask-2.2.1/src/flask/templating.py', 109, 109)"
382,breaks in linear flow,"('/home/toffer/Repos/flask-tags/flask-2.2.1/src/flask/templating.py', 115, 115)"
383,breaks in linear flow,"('/home/toffer/Repos/flask-tags/flask-2.2.1/src/flask/templating.py', 118, 118)"
384,breaks in linear flow,"('/home/toffer/Repos/flask-tags/flask-2.2.1/src/flask/templating.py', 120, 120)"
385,breaks in linear flow,"('/home/toffer/Repos/flask-tags/flask-2.2.1/src/flask/templating.py', 121, 121)"
386,breaks in linear flow,"('/home/toffer/Repos/flask-tags/flask-2.2.1/src/flask/templating.py', 175, 175)"
387,breaks in linear flow,"('/home/toffer/Repos/flask-tags/flask-2.2.1/src/flask/__init__.py', 49, 49)"
388,breaks in linear flow,"('/home/toffer/Repos/flask-tags/flask-2.2.1/src/flask/__init__.py', 60, 60)"
389,breaks in linear flow,"('/home/toffer/Repos/flask-tags/flask-2.2.1/src/flask/ctx.py', 15, 15)"
390,breaks in linear flow,"('/home/toffer/Repos/flask-tags/flask-2.2.1/src/flask/ctx.py', 51, 51)"
391,breaks in linear flow,"('/home/toffer/Repos/flask-tags/flask-2.2.1/src/flask/ctx.py', 60, 60)"
392,breaks in linear flow,"('/home/toffer/Repos/flask-tags/flask-2.2.1/src/flask/ctx.py', 83, 83)"
393,breaks in linear flow,"('/home/toffer/Repos/flask-tags/flask-2.2.1/src/flask/ctx.py', 108, 108)"
394,breaks in linear flow,"('/home/toffer/Repos/flask-tags/flask-2.2.1/src/flask/ctx.py', 136, 136)"
395,breaks in linear flow,"('/home/toffer/Repos/flask-tags/flask-2.2.1/src/flask/ctx.py', 172, 172)"
396,breaks in linear flow,"('/home/toffer/Repos/flask-tags/flask-2.2.1/src/flask/ctx.py', 250, 250)"
397,breaks in linear flow,"('/home/toffer/Repos/flask-tags/flask-2.2.1/src/flask/ctx.py', 251, 251)"
398,breaks in linear flow,"('/home/toffer/Repos/flask-tags/flask-2.2.1/src/flask/ctx.py', 258, 258)"
399,breaks in linear flow,"('/home/toffer/Repos/flask-tags/flask-2.2.1/src/flask/ctx.py', 308, 308)"
400,breaks in linear flow,"('/home/toffer/Repos/flask-tags/flask-2.2.1/src/flask/ctx.py', 315, 315)"
401,breaks in linear flow,"('/home/toffer/Repos/flask-tags/flask-2.2.1/src/flask/ctx.py', 353, 353)"
402,breaks in linear flow,"('/home/toffer/Repos/flask-tags/flask-2.2.1/src/flask/ctx.py', 361, 361)"
403,breaks in linear flow,"('/home/toffer/Repos/flask-tags/flask-2.2.1/src/flask/ctx.py', 373, 373)"
404,breaks in linear flow,"('/home/toffer/Repos/flask-tags/flask-2.2.1/src/flask/ctx.py', 377, 377)"
405,breaks in linear flow,"('/home/toffer/Repos/flask-tags/flask-2.2.1/src/flask/ctx.py', 382, 382)"
406,breaks in linear flow,"('/home/toffer/Repos/flask-tags/flask-2.2.1/src/flask/ctx.py', 396, 396)"
407,breaks in linear flow,"('/home/toffer/Repos/flask-tags/flask-2.2.1/src/flask/ctx.py', 397, 397)"
408,breaks in linear flow,"('/home/toffer/Repos/flask-tags/flask-2.2.1/src/flask/ctx.py', 402, 402)"
409,breaks in linear flow,"('/home/toffer/Repos/flask-tags/flask-2.2.1/src/flask/ctx.py', 411, 411)"
410,breaks in linear flow,"('/home/toffer/Repos/flask-tags/flask-2.2.1/src/flask/ctx.py', 414, 414)"
411,breaks in linear flow,"('/home/toffer/Repos/flask-tags/flask-2.2.1/src/flask/ctx.py', 417, 417)"
412,breaks in linear flow,"('/home/toffer/Repos/flask-tags/flask-2.2.1/src/flask/helpers.py', 22, 22)"
413,breaks in linear flow,"('/home/toffer/Repos/flask-tags/flask-2.2.1/src/flask/helpers.py', 53, 53)"
414,breaks in linear flow,"('/home/toffer/Repos/flask-tags/flask-2.2.1/src/flask/helpers.py', 56, 56)"
415,breaks in linear flow,"('/home/toffer/Repos/flask-tags/flask-2.2.1/src/flask/helpers.py', 78, 78)"
416,breaks in linear flow,"('/home/toffer/Repos/flask-tags/flask-2.2.1/src/flask/helpers.py', 124, 124)"
417,breaks in linear flow,"('/home/toffer/Repos/flask-tags/flask-2.2.1/src/flask/helpers.py', 134, 134)"
418,breaks in linear flow,"('/home/toffer/Repos/flask-tags/flask-2.2.1/src/flask/helpers.py', 151, 151)"
419,breaks in linear flow,"('/home/toffer/Repos/flask-tags/flask-2.2.1/src/flask/helpers.py', 205, 205)"
420,breaks in linear flow,"('/home/toffer/Repos/flask-tags/flask-2.2.1/src/flask/helpers.py', 207, 207)"
421,breaks in linear flow,"('/home/toffer/Repos/flask-tags/flask-2.2.1/src/flask/helpers.py', 284, 284)"
422,breaks in linear flow,"('/home/toffer/Repos/flask-tags/flask-2.2.1/src/flask/helpers.py', 309, 309)"
423,breaks in linear flow,"('/home/toffer/Repos/flask-tags/flask-2.2.1/src/flask/helpers.py', 401, 401)"
424,breaks in linear flow,"('/home/toffer/Repos/flask-tags/flask-2.2.1/src/flask/helpers.py', 404, 404)"
425,breaks in linear flow,"('/home/toffer/Repos/flask-tags/flask-2.2.1/src/flask/helpers.py', 406, 406)"
426,breaks in linear flow,"('/home/toffer/Repos/flask-tags/flask-2.2.1/src/flask/helpers.py', 412, 412)"
427,breaks in linear flow,"('/home/toffer/Repos/flask-tags/flask-2.2.1/src/flask/helpers.py', 607, 607)"
428,breaks in linear flow,"('/home/toffer/Repos/flask-tags/flask-2.2.1/src/flask/helpers.py', 616, 616)"
429,breaks in linear flow,"('/home/toffer/Repos/flask-tags/flask-2.2.1/src/flask/helpers.py', 619, 619)"
430,breaks in linear flow,"('/home/toffer/Repos/flask-tags/flask-2.2.1/src/flask/helpers.py', 630, 630)"
431,breaks in linear flow,"('/home/toffer/Repos/flask-tags/flask-2.2.1/src/flask/helpers.py', 663, 663)"
432,breaks in linear flow,"('/home/toffer/Repos/flask-tags/flask-2.2.1/src/flask/helpers.py', 687, 687)"
433,breaks in linear flow,"('/home/toffer/Repos/flask-tags/flask-2.2.1/src/flask/helpers.py', 690, 690)"
434,breaks in linear flow,"('/home/toffer/Repos/flask-tags/flask-2.2.1/src/flask/helpers.py', 702, 702)"
435,breaks in linear flow,"('/home/toffer/Repos/flask-tags/flask-2.2.1/src/flask/app.py', 72, 72)"
436,breaks in linear flow,"('/home/toffer/Repos/flask-tags/flask-2.2.1/src/flask/app.py', 89, 89)"
437,breaks in linear flow,"('/home/toffer/Repos/flask-tags/flask-2.2.1/src/flask/app.py', 94, 94)"
438,breaks in linear flow,"('/home/toffer/Repos/flask-tags/flask-2.2.1/src/flask/app.py', 97, 97)"
439,breaks in linear flow,"('/home/toffer/Repos/flask-tags/flask-2.2.1/src/flask/app.py', 104, 104)"
440,breaks in linear flow,"('/home/toffer/Repos/flask-tags/flask-2.2.1/src/flask/app.py', 406, 406)"
441,breaks in linear flow,"('/home/toffer/Repos/flask-tags/flask-2.2.1/src/flask/app.py', 445, 445)"
442,breaks in linear flow,"('/home/toffer/Repos/flask-tags/flask-2.2.1/src/flask/app.py', 574, 574)"
443,breaks in linear flow,"('/home/toffer/Repos/flask-tags/flask-2.2.1/src/flask/app.py', 702, 702)"
444,breaks in linear flow,"('/home/toffer/Repos/flask-tags/flask-2.2.1/src/flask/app.py', 721, 721)"
445,breaks in linear flow,"('/home/toffer/Repos/flask-tags/flask-2.2.1/src/flask/app.py', 742, 742)"
446,breaks in linear flow,"('/home/toffer/Repos/flask-tags/flask-2.2.1/src/flask/app.py', 744, 744)"
447,breaks in linear flow,"('/home/toffer/Repos/flask-tags/flask-2.2.1/src/flask/app.py', 767, 767)"
448,breaks in linear flow,"('/home/toffer/Repos/flask-tags/flask-2.2.1/src/flask/app.py', 827, 827)"
449,breaks in linear flow,"('/home/toffer/Repos/flask-tags/flask-2.2.1/src/flask/app.py', 855, 855)"
450,breaks in linear flow,"('/home/toffer/Repos/flask-tags/flask-2.2.1/src/flask/app.py', 921, 921)"
451,breaks in linear flow,"('/home/toffer/Repos/flask-tags/flask-2.2.1/src/flask/app.py', 924, 924)"
452,breaks in linear flow,"('/home/toffer/Repos/flask-tags/flask-2.2.1/src/flask/app.py', 927, 927)"
453,breaks in linear flow,"('/home/toffer/Repos/flask-tags/flask-2.2.1/src/flask/app.py', 966, 966)"
454,breaks in linear flow,"('/home/toffer/Repos/flask-tags/flask-2.2.1/src/flask/app.py', 984, 984)"
455,breaks in linear flow,"('/home/toffer/Repos/flask-tags/flask-2.2.1/src/flask/app.py', 991, 991)"
456,breaks in linear flow,"('/home/toffer/Repos/flask-tags/flask-2.2.1/src/flask/app.py', 992, 992)"
457,breaks in linear flow,"('/home/toffer/Repos/flask-tags/flask-2.2.1/src/flask/app.py', 993, 993)"
458,breaks in linear flow,"('/home/toffer/Repos/flask-tags/flask-2.2.1/src/flask/app.py', 1006, 1006)"
459,breaks in linear flow,"('/home/toffer/Repos/flask-tags/flask-2.2.1/src/flask/app.py', 1061, 1061)"
460,breaks in linear flow,"('/home/toffer/Repos/flask-tags/flask-2.2.1/src/flask/app.py', 1129, 1129)"
461,breaks in linear flow,"('/home/toffer/Repos/flask-tags/flask-2.2.1/src/flask/app.py', 1130, 1130)"
462,breaks in linear flow,"('/home/toffer/Repos/flask-tags/flask-2.2.1/src/flask/app.py', 1141, 1141)"
463,breaks in linear flow,"('/home/toffer/Repos/flask-tags/flask-2.2.1/src/flask/app.py', 1145, 1145)"
464,breaks in linear flow,"('/home/toffer/Repos/flask-tags/flask-2.2.1/src/flask/app.py', 1157, 1157)"
465,breaks in linear flow,"('/home/toffer/Repos/flask-tags/flask-2.2.1/src/flask/app.py', 1163, 1163)"
466,breaks in linear flow,"('/home/toffer/Repos/flask-tags/flask-2.2.1/src/flask/app.py', 1166, 1166)"
467,breaks in linear flow,"('/home/toffer/Repos/flask-tags/flask-2.2.1/src/flask/app.py', 1167, 1167)"
468,breaks in linear flow,"('/home/toffer/Repos/flask-tags/flask-2.2.1/src/flask/app.py', 1172, 1172)"
469,breaks in linear flow,"('/home/toffer/Repos/flask-tags/flask-2.2.1/src/flask/app.py', 1247, 1247)"
470,breaks in linear flow,"('/home/toffer/Repos/flask-tags/flask-2.2.1/src/flask/app.py', 1265, 1265)"
471,breaks in linear flow,"('/home/toffer/Repos/flask-tags/flask-2.2.1/src/flask/app.py', 1314, 1314)"
472,breaks in linear flow,"('/home/toffer/Repos/flask-tags/flask-2.2.1/src/flask/app.py', 1322, 1322)"
473,breaks in linear flow,"('/home/toffer/Repos/flask-tags/flask-2.2.1/src/flask/app.py', 1324, 1324)"
474,breaks in linear flow,"('/home/toffer/Repos/flask-tags/flask-2.2.1/src/flask/app.py', 1336, 1336)"
475,breaks in linear flow,"('/home/toffer/Repos/flask-tags/flask-2.2.1/src/flask/app.py', 1341, 1341)"
476,breaks in linear flow,"('/home/toffer/Repos/flask-tags/flask-2.2.1/src/flask/app.py', 1342, 1342)"
477,breaks in linear flow,"('/home/toffer/Repos/flask-tags/flask-2.2.1/src/flask/app.py', 1355, 1355)"
478,breaks in linear flow,"('/home/toffer/Repos/flask-tags/flask-2.2.1/src/flask/app.py', 1357, 1357)"
479,breaks in linear flow,"('/home/toffer/Repos/flask-tags/flask-2.2.1/src/flask/app.py', 1559, 1559)"
480,breaks in linear flow,"('/home/toffer/Repos/flask-tags/flask-2.2.1/src/flask/app.py', 1560, 1560)"
481,breaks in linear flow,"('/home/toffer/Repos/flask-tags/flask-2.2.1/src/flask/app.py', 1563, 1563)"
482,breaks in linear flow,"('/home/toffer/Repos/flask-tags/flask-2.2.1/src/flask/app.py', 1564, 1564)"
483,breaks in linear flow,"('/home/toffer/Repos/flask-tags/flask-2.2.1/src/flask/app.py', 1566, 1566)"
484,breaks in linear flow,"('/home/toffer/Repos/flask-tags/flask-2.2.1/src/flask/app.py', 1569, 1569)"
485,breaks in linear flow,"('/home/toffer/Repos/flask-tags/flask-2.2.1/src/flask/app.py', 1594, 1594)"
486,breaks in linear flow,"('/home/toffer/Repos/flask-tags/flask-2.2.1/src/flask/app.py', 1600, 1600)"
487,breaks in linear flow,"('/home/toffer/Repos/flask-tags/flask-2.2.1/src/flask/app.py', 1604, 1604)"
488,breaks in linear flow,"('/home/toffer/Repos/flask-tags/flask-2.2.1/src/flask/app.py', 1625, 1625)"
489,breaks in linear flow,"('/home/toffer/Repos/flask-tags/flask-2.2.1/src/flask/app.py', 1631, 1631)"
490,breaks in linear flow,"('/home/toffer/Repos/flask-tags/flask-2.2.1/src/flask/app.py', 1638, 1638)"
491,breaks in linear flow,"('/home/toffer/Repos/flask-tags/flask-2.2.1/src/flask/app.py', 1660, 1660)"
492,breaks in linear flow,"('/home/toffer/Repos/flask-tags/flask-2.2.1/src/flask/app.py', 1665, 1665)"
493,breaks in linear flow,"('/home/toffer/Repos/flask-tags/flask-2.2.1/src/flask/app.py', 1670, 1670)"
494,breaks in linear flow,"('/home/toffer/Repos/flask-tags/flask-2.2.1/src/flask/app.py', 1707, 1707)"
495,breaks in linear flow,"('/home/toffer/Repos/flask-tags/flask-2.2.1/src/flask/app.py', 1710, 1710)"
496,breaks in linear flow,"('/home/toffer/Repos/flask-tags/flask-2.2.1/src/flask/app.py', 1713, 1713)"
497,breaks in linear flow,"('/home/toffer/Repos/flask-tags/flask-2.2.1/src/flask/app.py', 1723, 1723)"
498,breaks in linear flow,"('/home/toffer/Repos/flask-tags/flask-2.2.1/src/flask/app.py', 1761, 1761)"
499,breaks in linear flow,"('/home/toffer/Repos/flask-tags/flask-2.2.1/src/flask/app.py', 1784, 1784)"
500,breaks in linear flow,"('/home/toffer/Repos/flask-tags/flask-2.2.1/src/flask/app.py', 1789, 1789)"
501,breaks in linear flow,"('/home/toffer/Repos/flask-tags/flask-2.2.1/src/flask/app.py', 1808, 1808)"
502,breaks in linear flow,"('/home/toffer/Repos/flask-tags/flask-2.2.1/src/flask/app.py', 1810, 1810)"
503,breaks in linear flow,"('/home/toffer/Repos/flask-tags/flask-2.2.1/src/flask/app.py', 1811, 1811)"
504,breaks in linear flow,"('/home/toffer/Repos/flask-tags/flask-2.2.1/src/flask/app.py', 1819, 1819)"
505,breaks in linear flow,"('/home/toffer/Repos/flask-tags/flask-2.2.1/src/flask/app.py', 1821, 1821)"
506,breaks in linear flow,"('/home/toffer/Repos/flask-tags/flask-2.2.1/src/flask/app.py', 1846, 1846)"
507,breaks in linear flow,"('/home/toffer/Repos/flask-tags/flask-2.2.1/src/flask/app.py', 1847, 1847)"
508,breaks in linear flow,"('/home/toffer/Repos/flask-tags/flask-2.2.1/src/flask/app.py', 1886, 1886)"
509,breaks in linear flow,"('/home/toffer/Repos/flask-tags/flask-2.2.1/src/flask/app.py', 1907, 1907)"
510,breaks in linear flow,"('/home/toffer/Repos/flask-tags/flask-2.2.1/src/flask/app.py', 1972, 1972)"
511,breaks in linear flow,"('/home/toffer/Repos/flask-tags/flask-2.2.1/src/flask/app.py', 1978, 1978)"
512,breaks in linear flow,"('/home/toffer/Repos/flask-tags/flask-2.2.1/src/flask/app.py', 1979, 1979)"
513,breaks in linear flow,"('/home/toffer/Repos/flask-tags/flask-2.2.1/src/flask/app.py', 1986, 1986)"
514,breaks in linear flow,"('/home/toffer/Repos/flask-tags/flask-2.2.1/src/flask/app.py', 1994, 1994)"
515,breaks in linear flow,"('/home/toffer/Repos/flask-tags/flask-2.2.1/src/flask/app.py', 1999, 1999)"
516,breaks in linear flow,"('/home/toffer/Repos/flask-tags/flask-2.2.1/src/flask/app.py', 2009, 2009)"
517,breaks in linear flow,"('/home/toffer/Repos/flask-tags/flask-2.2.1/src/flask/app.py', 2014, 2014)"
518,breaks in linear flow,"('/home/toffer/Repos/flask-tags/flask-2.2.1/src/flask/app.py', 2027, 2027)"
519,breaks in linear flow,"('/home/toffer/Repos/flask-tags/flask-2.2.1/src/flask/app.py', 2033, 2033)"
520,breaks in linear flow,"('/home/toffer/Repos/flask-tags/flask-2.2.1/src/flask/app.py', 2112, 2112)"
521,breaks in linear flow,"('/home/toffer/Repos/flask-tags/flask-2.2.1/src/flask/app.py', 2116, 2116)"
522,breaks in linear flow,"('/home/toffer/Repos/flask-tags/flask-2.2.1/src/flask/app.py', 2120, 2120)"
523,breaks in linear flow,"('/home/toffer/Repos/flask-tags/flask-2.2.1/src/flask/app.py', 2133, 2133)"
524,breaks in linear flow,"('/home/toffer/Repos/flask-tags/flask-2.2.1/src/flask/app.py', 2141, 2141)"
525,breaks in linear flow,"('/home/toffer/Repos/flask-tags/flask-2.2.1/src/flask/app.py', 2142, 2142)"
526,breaks in linear flow,"('/home/toffer/Repos/flask-tags/flask-2.2.1/src/flask/app.py', 2161, 2161)"
527,breaks in linear flow,"('/home/toffer/Repos/flask-tags/flask-2.2.1/src/flask/app.py', 2180, 2180)"
528,breaks in linear flow,"('/home/toffer/Repos/flask-tags/flask-2.2.1/src/flask/app.py', 2181, 2181)"
529,breaks in linear flow,"('/home/toffer/Repos/flask-tags/flask-2.2.1/src/flask/app.py', 2187, 2187)"
530,breaks in linear flow,"('/home/toffer/Repos/flask-tags/flask-2.2.1/src/flask/app.py', 2209, 2209)"
531,breaks in linear flow,"('/home/toffer/Repos/flask-tags/flask-2.2.1/src/flask/app.py', 2213, 2213)"
532,breaks in linear flow,"('/home/toffer/Repos/flask-tags/flask-2.2.1/src/flask/app.py', 2225, 2225)"
533,breaks in linear flow,"('/home/toffer/Repos/flask-tags/flask-2.2.1/src/flask/app.py', 2245, 2245)"
534,breaks in linear flow,"('/home/toffer/Repos/flask-tags/flask-2.2.1/src/flask/app.py', 2250, 2250)"
535,breaks in linear flow,"('/home/toffer/Repos/flask-tags/flask-2.2.1/src/flask/app.py', 2251, 2251)"
536,breaks in linear flow,"('/home/toffer/Repos/flask-tags/flask-2.2.1/src/flask/app.py', 2252, 2252)"
537,breaks in linear flow,"('/home/toffer/Repos/flask-tags/flask-2.2.1/src/flask/app.py', 2272, 2272)"
538,breaks in linear flow,"('/home/toffer/Repos/flask-tags/flask-2.2.1/src/flask/app.py', 2275, 2275)"
539,breaks in linear flow,"('/home/toffer/Repos/flask-tags/flask-2.2.1/src/flask/app.py', 2279, 2279)"
540,breaks in linear flow,"('/home/toffer/Repos/flask-tags/flask-2.2.1/src/flask/app.py', 2284, 2284)"
541,breaks in linear flow,"('/home/toffer/Repos/flask-tags/flask-2.2.1/src/flask/app.py', 2301, 2301)"
542,breaks in linear flow,"('/home/toffer/Repos/flask-tags/flask-2.2.1/src/flask/app.py', 2302, 2302)"
543,breaks in linear flow,"('/home/toffer/Repos/flask-tags/flask-2.2.1/src/flask/app.py', 2303, 2303)"
544,breaks in linear flow,"('/home/toffer/Repos/flask-tags/flask-2.2.1/src/flask/app.py', 2306, 2306)"
545,breaks in linear flow,"('/home/toffer/Repos/flask-tags/flask-2.2.1/src/flask/app.py', 2307, 2307)"
546,breaks in linear flow,"('/home/toffer/Repos/flask-tags/flask-2.2.1/src/flask/app.py', 2308, 2308)"
547,breaks in linear flow,"('/home/toffer/Repos/flask-tags/flask-2.2.1/src/flask/app.py', 2311, 2311)"
548,breaks in linear flow,"('/home/toffer/Repos/flask-tags/flask-2.2.1/src/flask/app.py', 2331, 2331)"
549,breaks in linear flow,"('/home/toffer/Repos/flask-tags/flask-2.2.1/src/flask/app.py', 2334, 2334)"
550,breaks in linear flow,"('/home/toffer/Repos/flask-tags/flask-2.2.1/src/flask/app.py', 2335, 2335)"
551,breaks in linear flow,"('/home/toffer/Repos/flask-tags/flask-2.2.1/src/flask/app.py', 2336, 2336)"
552,breaks in linear flow,"('/home/toffer/Repos/flask-tags/flask-2.2.1/src/flask/app.py', 2339, 2339)"
553,breaks in linear flow,"('/home/toffer/Repos/flask-tags/flask-2.2.1/src/flask/app.py', 2367, 2367)"
554,breaks in linear flow,"('/home/toffer/Repos/flask-tags/flask-2.2.1/src/flask/app.py', 2370, 2370)"
555,breaks in linear flow,"('/home/toffer/Repos/flask-tags/flask-2.2.1/src/flask/app.py', 2371, 2371)"
556,breaks in linear flow,"('/home/toffer/Repos/flask-tags/flask-2.2.1/src/flask/app.py', 2372, 2372)"
557,breaks in linear flow,"('/home/toffer/Repos/flask-tags/flask-2.2.1/src/flask/app.py', 2394, 2394)"
558,breaks in linear flow,"('/home/toffer/Repos/flask-tags/flask-2.2.1/src/flask/app.py', 2397, 2397)"
559,breaks in linear flow,"('/home/toffer/Repos/flask-tags/flask-2.2.1/src/flask/app.py', 2526, 2526)"
560,breaks in linear flow,"('/home/toffer/Repos/flask-tags/flask-2.2.1/src/flask/app.py', 2529, 2529)"
561,breaks in linear flow,"('/home/toffer/Repos/flask-tags/flask-2.2.1/src/flask/app.py', 2534, 2534)"
562,breaks in linear flow,"('/home/toffer/Repos/flask-tags/flask-2.2.1/src/flask/app.py', 2538, 2538)"
563,breaks in linear flow,"('/home/toffer/Repos/flask-tags/flask-2.2.1/src/flask/cli.py', 24, 24)"
564,breaks in linear flow,"('/home/toffer/Repos/flask-tags/flask-2.2.1/src/flask/cli.py', 39, 39)"
565,breaks in linear flow,"('/home/toffer/Repos/flask-tags/flask-2.2.1/src/flask/cli.py', 42, 42)"
566,breaks in linear flow,"('/home/toffer/Repos/flask-tags/flask-2.2.1/src/flask/cli.py', 48, 48)"
567,breaks in linear flow,"('/home/toffer/Repos/flask-tags/flask-2.2.1/src/flask/cli.py', 58, 58)"
568,breaks in linear flow,"('/home/toffer/Repos/flask-tags/flask-2.2.1/src/flask/cli.py', 61, 61)"
569,breaks in linear flow,"('/home/toffer/Repos/flask-tags/flask-2.2.1/src/flask/cli.py', 65, 65)"
570,breaks in linear flow,"('/home/toffer/Repos/flask-tags/flask-2.2.1/src/flask/cli.py', 67, 67)"
571,breaks in linear flow,"('/home/toffer/Repos/flask-tags/flask-2.2.1/src/flask/cli.py', 68, 68)"
572,breaks in linear flow,"('/home/toffer/Repos/flask-tags/flask-2.2.1/src/flask/cli.py', 96, 96)"
573,breaks in linear flow,"('/home/toffer/Repos/flask-tags/flask-2.2.1/src/flask/cli.py', 97, 97)"
574,breaks in linear flow,"('/home/toffer/Repos/flask-tags/flask-2.2.1/src/flask/cli.py', 121, 121)"
575,breaks in linear flow,"('/home/toffer/Repos/flask-tags/flask-2.2.1/src/flask/cli.py', 126, 126)"
576,breaks in linear flow,"('/home/toffer/Repos/flask-tags/flask-2.2.1/src/flask/cli.py', 132, 132)"
577,breaks in linear flow,"('/home/toffer/Repos/flask-tags/flask-2.2.1/src/flask/cli.py', 143, 143)"
578,breaks in linear flow,"('/home/toffer/Repos/flask-tags/flask-2.2.1/src/flask/cli.py', 156, 156)"
579,breaks in linear flow,"('/home/toffer/Repos/flask-tags/flask-2.2.1/src/flask/cli.py', 163, 163)"
580,breaks in linear flow,"('/home/toffer/Repos/flask-tags/flask-2.2.1/src/flask/cli.py', 166, 166)"
581,breaks in linear flow,"('/home/toffer/Repos/flask-tags/flask-2.2.1/src/flask/cli.py', 167, 167)"
582,breaks in linear flow,"('/home/toffer/Repos/flask-tags/flask-2.2.1/src/flask/cli.py', 178, 178)"
583,breaks in linear flow,"('/home/toffer/Repos/flask-tags/flask-2.2.1/src/flask/cli.py', 194, 194)"
584,breaks in linear flow,"('/home/toffer/Repos/flask-tags/flask-2.2.1/src/flask/cli.py', 197, 197)"
585,breaks in linear flow,"('/home/toffer/Repos/flask-tags/flask-2.2.1/src/flask/cli.py', 203, 203)"
586,breaks in linear flow,"('/home/toffer/Repos/flask-tags/flask-2.2.1/src/flask/cli.py', 207, 207)"
587,breaks in linear flow,"('/home/toffer/Repos/flask-tags/flask-2.2.1/src/flask/cli.py', 208, 208)"
588,breaks in linear flow,"('/home/toffer/Repos/flask-tags/flask-2.2.1/src/flask/cli.py', 210, 210)"
589,breaks in linear flow,"('/home/toffer/Repos/flask-tags/flask-2.2.1/src/flask/cli.py', 219, 219)"
590,breaks in linear flow,"('/home/toffer/Repos/flask-tags/flask-2.2.1/src/flask/cli.py', 222, 222)"
591,breaks in linear flow,"('/home/toffer/Repos/flask-tags/flask-2.2.1/src/flask/cli.py', 234, 234)"
592,breaks in linear flow,"('/home/toffer/Repos/flask-tags/flask-2.2.1/src/flask/cli.py', 241, 241)"
593,breaks in linear flow,"('/home/toffer/Repos/flask-tags/flask-2.2.1/src/flask/cli.py', 297, 297)"
594,breaks in linear flow,"('/home/toffer/Repos/flask-tags/flask-2.2.1/src/flask/cli.py', 300, 300)"
595,breaks in linear flow,"('/home/toffer/Repos/flask-tags/flask-2.2.1/src/flask/cli.py', 303, 303)"
596,breaks in linear flow,"('/home/toffer/Repos/flask-tags/flask-2.2.1/src/flask/cli.py', 310, 310)"
597,breaks in linear flow,"('/home/toffer/Repos/flask-tags/flask-2.2.1/src/flask/cli.py', 314, 314)"
598,breaks in linear flow,"('/home/toffer/Repos/flask-tags/flask-2.2.1/src/flask/cli.py', 315, 315)"
599,breaks in linear flow,"('/home/toffer/Repos/flask-tags/flask-2.2.1/src/flask/cli.py', 317, 317)"
600,breaks in linear flow,"('/home/toffer/Repos/flask-tags/flask-2.2.1/src/flask/cli.py', 325, 325)"
601,breaks in linear flow,"('/home/toffer/Repos/flask-tags/flask-2.2.1/src/flask/cli.py', 353, 353)"
602,breaks in linear flow,"('/home/toffer/Repos/flask-tags/flask-2.2.1/src/flask/cli.py', 378, 378)"
603,breaks in linear flow,"('/home/toffer/Repos/flask-tags/flask-2.2.1/src/flask/cli.py', 394, 394)"
604,breaks in linear flow,"('/home/toffer/Repos/flask-tags/flask-2.2.1/src/flask/cli.py', 426, 426)"
605,breaks in linear flow,"('/home/toffer/Repos/flask-tags/flask-2.2.1/src/flask/cli.py', 449, 449)"
606,breaks in linear flow,"('/home/toffer/Repos/flask-tags/flask-2.2.1/src/flask/cli.py', 456, 456)"
607,breaks in linear flow,"('/home/toffer/Repos/flask-tags/flask-2.2.1/src/flask/cli.py', 526, 526)"
608,breaks in linear flow,"('/home/toffer/Repos/flask-tags/flask-2.2.1/src/flask/cli.py', 529, 529)"
609,breaks in linear flow,"('/home/toffer/Repos/flask-tags/flask-2.2.1/src/flask/cli.py', 540, 540)"
610,breaks in linear flow,"('/home/toffer/Repos/flask-tags/flask-2.2.1/src/flask/cli.py', 548, 548)"
611,breaks in linear flow,"('/home/toffer/Repos/flask-tags/flask-2.2.1/src/flask/cli.py', 551, 551)"
612,breaks in linear flow,"('/home/toffer/Repos/flask-tags/flask-2.2.1/src/flask/cli.py', 559, 559)"
613,breaks in linear flow,"('/home/toffer/Repos/flask-tags/flask-2.2.1/src/flask/cli.py', 570, 570)"
614,breaks in linear flow,"('/home/toffer/Repos/flask-tags/flask-2.2.1/src/flask/cli.py', 579, 579)"
615,breaks in linear flow,"('/home/toffer/Repos/flask-tags/flask-2.2.1/src/flask/cli.py', 586, 586)"
616,breaks in linear flow,"('/home/toffer/Repos/flask-tags/flask-2.2.1/src/flask/cli.py', 601, 601)"
617,breaks in linear flow,"('/home/toffer/Repos/flask-tags/flask-2.2.1/src/flask/cli.py', 605, 605)"
618,breaks in linear flow,"('/home/toffer/Repos/flask-tags/flask-2.2.1/src/flask/cli.py', 626, 626)"
619,breaks in linear flow,"('/home/toffer/Repos/flask-tags/flask-2.2.1/src/flask/cli.py', 629, 629)"
620,breaks in linear flow,"('/home/toffer/Repos/flask-tags/flask-2.2.1/src/flask/cli.py', 637, 637)"
621,breaks in linear flow,"('/home/toffer/Repos/flask-tags/flask-2.2.1/src/flask/cli.py', 682, 682)"
622,breaks in linear flow,"('/home/toffer/Repos/flask-tags/flask-2.2.1/src/flask/cli.py', 683, 683)"
623,breaks in linear flow,"('/home/toffer/Repos/flask-tags/flask-2.2.1/src/flask/cli.py', 695, 695)"
624,breaks in linear flow,"('/home/toffer/Repos/flask-tags/flask-2.2.1/src/flask/cli.py', 696, 696)"
625,breaks in linear flow,"('/home/toffer/Repos/flask-tags/flask-2.2.1/src/flask/cli.py', 703, 703)"
626,breaks in linear flow,"('/home/toffer/Repos/flask-tags/flask-2.2.1/src/flask/cli.py', 706, 706)"
627,breaks in linear flow,"('/home/toffer/Repos/flask-tags/flask-2.2.1/src/flask/cli.py', 707, 707)"
628,breaks in linear flow,"('/home/toffer/Repos/flask-tags/flask-2.2.1/src/flask/cli.py', 719, 719)"
629,breaks in linear flow,"('/home/toffer/Repos/flask-tags/flask-2.2.1/src/flask/cli.py', 729, 729)"
630,breaks in linear flow,"('/home/toffer/Repos/flask-tags/flask-2.2.1/src/flask/cli.py', 732, 732)"
631,breaks in linear flow,"('/home/toffer/Repos/flask-tags/flask-2.2.1/src/flask/cli.py', 750, 750)"
632,breaks in linear flow,"('/home/toffer/Repos/flask-tags/flask-2.2.1/src/flask/cli.py', 759, 759)"
633,breaks in linear flow,"('/home/toffer/Repos/flask-tags/flask-2.2.1/src/flask/cli.py', 762, 762)"
634,breaks in linear flow,"('/home/toffer/Repos/flask-tags/flask-2.2.1/src/flask/cli.py', 765, 765)"
635,breaks in linear flow,"('/home/toffer/Repos/flask-tags/flask-2.2.1/src/flask/cli.py', 776, 776)"
636,breaks in linear flow,"('/home/toffer/Repos/flask-tags/flask-2.2.1/src/flask/cli.py', 791, 791)"
637,breaks in linear flow,"('/home/toffer/Repos/flask-tags/flask-2.2.1/src/flask/cli.py', 796, 796)"
638,breaks in linear flow,"('/home/toffer/Repos/flask-tags/flask-2.2.1/src/flask/cli.py', 797, 797)"
639,breaks in linear flow,"('/home/toffer/Repos/flask-tags/flask-2.2.1/src/flask/cli.py', 802, 802)"
640,breaks in linear flow,"('/home/toffer/Repos/flask-tags/flask-2.2.1/src/flask/cli.py', 807, 807)"
641,breaks in linear flow,"('/home/toffer/Repos/flask-tags/flask-2.2.1/src/flask/cli.py', 813, 813)"
642,breaks in linear flow,"('/home/toffer/Repos/flask-tags/flask-2.2.1/src/flask/cli.py', 905, 905)"
643,breaks in linear flow,"('/home/toffer/Repos/flask-tags/flask-2.2.1/src/flask/cli.py', 906, 906)"
644,breaks in linear flow,"('/home/toffer/Repos/flask-tags/flask-2.2.1/src/flask/cli.py', 922, 922)"
645,breaks in linear flow,"('/home/toffer/Repos/flask-tags/flask-2.2.1/src/flask/cli.py', 925, 925)"
646,breaks in linear flow,"('/home/toffer/Repos/flask-tags/flask-2.2.1/src/flask/cli.py', 965, 965)"
647,breaks in linear flow,"('/home/toffer/Repos/flask-tags/flask-2.2.1/src/flask/cli.py', 976, 976)"
648,breaks in linear flow,"('/home/toffer/Repos/flask-tags/flask-2.2.1/src/flask/cli.py', 980, 980)"
649,breaks in linear flow,"('/home/toffer/Repos/flask-tags/flask-2.2.1/src/flask/cli.py', 1009, 1009)"
650,breaks in linear flow,"('/home/toffer/Repos/flask-tags/flask-2.2.1/src/flask/cli.py', 1015, 1015)"
651,breaks in linear flow,"('/home/toffer/Repos/flask-tags/flask-2.2.1/src/flask/cli.py', 1037, 1037)"
652,breaks in linear flow,"('/home/toffer/Repos/flask-tags/flask-2.2.1/src/flask/cli.py', 1057, 1057)"
653,breaks in linear flow,"('/home/toffer/Repos/flask-tags/flask-2.2.1/src/flask/wrappers.py', 11, 11)"
654,breaks in linear flow,"('/home/toffer/Repos/flask-tags/flask-2.2.1/src/flask/wrappers.py', 55, 55)"
655,breaks in linear flow,"('/home/toffer/Repos/flask-tags/flask-2.2.1/src/flask/wrappers.py', 70, 70)"
656,breaks in linear flow,"('/home/toffer/Repos/flask-tags/flask-2.2.1/src/flask/wrappers.py', 89, 89)"
657,breaks in linear flow,"('/home/toffer/Repos/flask-tags/flask-2.2.1/src/flask/wrappers.py', 106, 106)"
658,breaks in linear flow,"('/home/toffer/Repos/flask-tags/flask-2.2.1/src/flask/wrappers.py', 116, 116)"
659,breaks in linear flow,"('/home/toffer/Repos/flask-tags/flask-2.2.1/src/flask/wrappers.py', 129, 129)"
660,breaks in linear flow,"('/home/toffer/Repos/flask-tags/flask-2.2.1/src/flask/wrappers.py', 130, 130)"
661,breaks in linear flow,"('/home/toffer/Repos/flask-tags/flask-2.2.1/src/flask/wrappers.py', 167, 167)"
662,breaks in linear flow,"('/home/toffer/Repos/flask-tags/flask-2.2.1/src/flask/testing.py', 17, 17)"
663,breaks in linear flow,"('/home/toffer/Repos/flask-tags/flask-2.2.1/src/flask/testing.py', 61, 61)"
664,breaks in linear flow,"('/home/toffer/Repos/flask-tags/flask-2.2.1/src/flask/testing.py', 65, 65)"
665,breaks in linear flow,"('/home/toffer/Repos/flask-tags/flask-2.2.1/src/flask/testing.py', 68, 68)"
666,breaks in linear flow,"('/home/toffer/Repos/flask-tags/flask-2.2.1/src/flask/testing.py', 78, 78)"
667,breaks in linear flow,"('/home/toffer/Repos/flask-tags/flask-2.2.1/src/flask/testing.py', 140, 140)"
668,breaks in linear flow,"('/home/toffer/Repos/flask-tags/flask-2.2.1/src/flask/testing.py', 151, 151)"
669,breaks in linear flow,"('/home/toffer/Repos/flask-tags/flask-2.2.1/src/flask/testing.py', 170, 170)"
670,breaks in linear flow,"('/home/toffer/Repos/flask-tags/flask-2.2.1/src/flask/testing.py', 178, 178)"
671,breaks in linear flow,"('/home/toffer/Repos/flask-tags/flask-2.2.1/src/flask/testing.py', 199, 199)"
672,breaks in linear flow,"('/home/toffer/Repos/flask-tags/flask-2.2.1/src/flask/testing.py', 202, 202)"
673,breaks in linear flow,"('/home/toffer/Repos/flask-tags/flask-2.2.1/src/flask/testing.py', 231, 231)"
674,breaks in linear flow,"('/home/toffer/Repos/flask-tags/flask-2.2.1/src/flask/testing.py', 238, 238)"
675,breaks in linear flow,"('/home/toffer/Repos/flask-tags/flask-2.2.1/src/flask/testing.py', 280, 280)"
676,breaks in linear flow,"('/home/toffer/Repos/flask-tags/flask-2.2.1/src/flask/testing.py', 283, 283)"
677,breaks in linear flow,"('/home/toffer/Repos/flask-tags/flask-2.2.1/src/flask/debughelpers.py', 29, 29)"
678,breaks in linear flow,"('/home/toffer/Repos/flask-tags/flask-2.2.1/src/flask/debughelpers.py', 55, 55)"
679,breaks in linear flow,"('/home/toffer/Repos/flask-tags/flask-2.2.1/src/flask/debughelpers.py', 84, 84)"
680,breaks in linear flow,"('/home/toffer/Repos/flask-tags/flask-2.2.1/src/flask/debughelpers.py', 85, 85)"
681,breaks in linear flow,"('/home/toffer/Repos/flask-tags/flask-2.2.1/src/flask/debughelpers.py', 99, 99)"
682,breaks in linear flow,"('/home/toffer/Repos/flask-tags/flask-2.2.1/src/flask/debughelpers.py', 100, 100)"
683,breaks in linear flow,"('/home/toffer/Repos/flask-tags/flask-2.2.1/src/flask/debughelpers.py', 101, 101)"
684,breaks in linear flow,"('/home/toffer/Repos/flask-tags/flask-2.2.1/src/flask/debughelpers.py', 102, 102)"
685,breaks in linear flow,"('/home/toffer/Repos/flask-tags/flask-2.2.1/src/flask/debughelpers.py', 103, 103)"
686,breaks in linear flow,"('/home/toffer/Repos/flask-tags/flask-2.2.1/src/flask/debughelpers.py', 104, 104)"
687,breaks in linear flow,"('/home/toffer/Repos/flask-tags/flask-2.2.1/src/flask/debughelpers.py', 106, 106)"
688,breaks in linear flow,"('/home/toffer/Repos/flask-tags/flask-2.2.1/src/flask/debughelpers.py', 108, 108)"
689,breaks in linear flow,"('/home/toffer/Repos/flask-tags/flask-2.2.1/src/flask/debughelpers.py', 110, 110)"
690,breaks in linear flow,"('/home/toffer/Repos/flask-tags/flask-2.2.1/src/flask/debughelpers.py', 119, 119)"
691,breaks in linear flow,"('/home/toffer/Repos/flask-tags/flask-2.2.1/src/flask/debughelpers.py', 122, 122)"
692,breaks in linear flow,"('/home/toffer/Repos/flask-tags/flask-2.2.1/src/flask/debughelpers.py', 123, 123)"
693,breaks in linear flow,"('/home/toffer/Repos/flask-tags/flask-2.2.1/src/flask/debughelpers.py', 132, 132)"
694,breaks in linear flow,"('/home/toffer/Repos/flask-tags/flask-2.2.1/src/flask/debughelpers.py', 135, 135)"
695,breaks in linear flow,"('/home/toffer/Repos/flask-tags/flask-2.2.1/src/flask/debughelpers.py', 143, 143)"
696,breaks in linear flow,"('/home/toffer/Repos/flask-tags/flask-2.2.1/src/flask/debughelpers.py', 150, 150)"
697,breaks in linear flow,"('/home/toffer/Repos/flask-tags/flask-2.2.1/src/flask/logging.py', 9, 9)"
698,breaks in linear flow,"('/home/toffer/Repos/flask-tags/flask-2.2.1/src/flask/logging.py', 33, 33)"
699,breaks in linear flow,"('/home/toffer/Repos/flask-tags/flask-2.2.1/src/flask/logging.py', 34, 34)"
700,breaks in linear flow,"('/home/toffer/Repos/flask-tags/flask-2.2.1/src/flask/logging.py', 37, 37)"
701,breaks in linear flow,"('/home/toffer/Repos/flask-tags/flask-2.2.1/src/flask/logging.py', 38, 38)"
702,breaks in linear flow,"('/home/toffer/Repos/flask-tags/flask-2.2.1/src/flask/logging.py', 68, 68)"
703,breaks in linear flow,"('/home/toffer/Repos/flask-tags/flask-2.2.1/src/flask/logging.py', 71, 71)"
704,breaks in linear flow,"('/home/toffer/Repos/flask-tags/flask-2.2.1/src/flask/config.py', 18, 18)"
705,breaks in linear flow,"('/home/toffer/Repos/flask-tags/flask-2.2.1/src/flask/config.py', 21, 21)"
706,breaks in linear flow,"('/home/toffer/Repos/flask-tags/flask-2.2.1/src/flask/config.py', 90, 90)"
707,breaks in linear flow,"('/home/toffer/Repos/flask-tags/flask-2.2.1/src/flask/config.py', 91, 91)"
708,breaks in linear flow,"('/home/toffer/Repos/flask-tags/flask-2.2.1/src/flask/config.py', 130, 130)"
709,breaks in linear flow,"('/home/toffer/Repos/flask-tags/flask-2.2.1/src/flask/config.py', 131, 131)"
710,breaks in linear flow,"('/home/toffer/Repos/flask-tags/flask-2.2.1/src/flask/config.py', 132, 132)"
711,breaks in linear flow,"('/home/toffer/Repos/flask-tags/flask-2.2.1/src/flask/config.py', 138, 138)"
712,breaks in linear flow,"('/home/toffer/Repos/flask-tags/flask-2.2.1/src/flask/config.py', 145, 145)"
713,breaks in linear flow,"('/home/toffer/Repos/flask-tags/flask-2.2.1/src/flask/config.py', 148, 148)"
714,breaks in linear flow,"('/home/toffer/Repos/flask-tags/flask-2.2.1/src/flask/config.py', 154, 154)"
715,breaks in linear flow,"('/home/toffer/Repos/flask-tags/flask-2.2.1/src/flask/config.py', 156, 156)"
716,breaks in linear flow,"('/home/toffer/Repos/flask-tags/flask-2.2.1/src/flask/config.py', 186, 186)"
717,breaks in linear flow,"('/home/toffer/Repos/flask-tags/flask-2.2.1/src/flask/config.py', 187, 187)"
718,breaks in linear flow,"('/home/toffer/Repos/flask-tags/flask-2.2.1/src/flask/config.py', 226, 226)"
719,breaks in linear flow,"('/home/toffer/Repos/flask-tags/flask-2.2.1/src/flask/config.py', 228, 228)"
720,breaks in linear flow,"('/home/toffer/Repos/flask-tags/flask-2.2.1/src/flask/config.py', 229, 229)"
721,breaks in linear flow,"('/home/toffer/Repos/flask-tags/flask-2.2.1/src/flask/config.py', 266, 266)"
722,breaks in linear flow,"('/home/toffer/Repos/flask-tags/flask-2.2.1/src/flask/config.py', 267, 267)"
723,breaks in linear flow,"('/home/toffer/Repos/flask-tags/flask-2.2.1/src/flask/config.py', 285, 285)"
724,breaks in linear flow,"('/home/toffer/Repos/flask-tags/flask-2.2.1/src/flask/config.py', 288, 288)"
725,breaks in linear flow,"('/home/toffer/Repos/flask-tags/flask-2.2.1/src/flask/config.py', 289, 289)"
726,breaks in linear flow,"('/home/toffer/Repos/flask-tags/flask-2.2.1/src/flask/config.py', 324, 324)"
727,breaks in linear flow,"('/home/toffer/Repos/flask-tags/flask-2.2.1/src/flask/config.py', 325, 325)"
728,breaks in linear flow,"('/home/toffer/Repos/flask-tags/flask-2.2.1/src/flask/config.py', 326, 326)"
729,breaks in linear flow,"('/home/toffer/Repos/flask-tags/flask-2.2.1/src/flask/config.py', 327, 327)"
730,breaks in linear flow,"('/home/toffer/Repos/flask-tags/flask-2.2.1/src/flask/config.py', 331, 331)"
731,breaks in linear flow,"('/home/toffer/Repos/flask-tags/flask-2.2.1/src/flask/views.py', 101, 101)"
732,breaks in linear flow,"('/home/toffer/Repos/flask-tags/flask-2.2.1/src/flask/views.py', 115, 115)"
733,breaks in linear flow,"('/home/toffer/Repos/flask-tags/flask-2.2.1/src/flask/views.py', 118, 118)"
734,breaks in linear flow,"('/home/toffer/Repos/flask-tags/flask-2.2.1/src/flask/views.py', 165, 165)"
735,breaks in linear flow,"('/home/toffer/Repos/flask-tags/flask-2.2.1/src/flask/views.py', 168, 168)"
736,breaks in linear flow,"('/home/toffer/Repos/flask-tags/flask-2.2.1/src/flask/views.py', 169, 169)"
737,breaks in linear flow,"('/home/toffer/Repos/flask-tags/flask-2.2.1/src/flask/views.py', 172, 172)"
738,breaks in linear flow,"('/home/toffer/Repos/flask-tags/flask-2.2.1/src/flask/views.py', 173, 173)"
739,breaks in linear flow,"('/home/toffer/Repos/flask-tags/flask-2.2.1/src/flask/views.py', 176, 176)"
740,breaks in linear flow,"('/home/toffer/Repos/flask-tags/flask-2.2.1/src/flask/views.py', 184, 184)"
741,breaks in linear flow,"('/home/toffer/Repos/flask-tags/flask-2.2.1/src/flask/signals.py', 7, 7)"
742,breaks in linear flow,"('/home/toffer/Repos/flask-tags/flask-2.2.1/src/flask/json/tag.py', 250, 250)"
743,breaks in linear flow,"('/home/toffer/Repos/flask-tags/flask-2.2.1/src/flask/json/tag.py', 275, 275)"
744,breaks in linear flow,"('/home/toffer/Repos/flask-tags/flask-2.2.1/src/flask/json/tag.py', 276, 276)"
745,breaks in linear flow,"('/home/toffer/Repos/flask-tags/flask-2.2.1/src/flask/json/tag.py', 281, 281)"
746,breaks in linear flow,"('/home/toffer/Repos/flask-tags/flask-2.2.1/src/flask/json/tag.py', 288, 288)"
747,breaks in linear flow,"('/home/toffer/Repos/flask-tags/flask-2.2.1/src/flask/json/tag.py', 289, 289)"
748,breaks in linear flow,"('/home/toffer/Repos/flask-tags/flask-2.2.1/src/flask/json/tag.py', 296, 296)"
749,breaks in linear flow,"('/home/toffer/Repos/flask-tags/flask-2.2.1/src/flask/json/tag.py', 301, 301)"
750,breaks in linear flow,"('/home/toffer/Repos/flask-tags/flask-2.2.1/src/flask/json/__init__.py', 11, 11)"
751,breaks in linear flow,"('/home/toffer/Repos/flask-tags/flask-2.2.1/src/flask/json/__init__.py', 111, 111)"
752,breaks in linear flow,"('/home/toffer/Repos/flask-tags/flask-2.2.1/src/flask/json/__init__.py', 123, 123)"
753,breaks in linear flow,"('/home/toffer/Repos/flask-tags/flask-2.2.1/src/flask/json/__init__.py', 155, 155)"
754,breaks in linear flow,"('/home/toffer/Repos/flask-tags/flask-2.2.1/src/flask/json/__init__.py', 167, 167)"
755,breaks in linear flow,"('/home/toffer/Repos/flask-tags/flask-2.2.1/src/flask/json/__init__.py', 199, 199)"
756,breaks in linear flow,"('/home/toffer/Repos/flask-tags/flask-2.2.1/src/flask/json/__init__.py', 211, 211)"
757,breaks in linear flow,"('/home/toffer/Repos/flask-tags/flask-2.2.1/src/flask/json/__init__.py', 238, 238)"
758,breaks in linear flow,"('/home/toffer/Repos/flask-tags/flask-2.2.1/src/flask/json/__init__.py', 250, 250)"
759,breaks in linear flow,"('/home/toffer/Repos/flask-tags/flask-2.2.1/src/flask/json/provider.py', 15, 15)"
760,breaks in linear flow,"('/home/toffer/Repos/flask-tags/flask-2.2.1/src/flask/json/provider.py', 79, 79)"
761,breaks in linear flow,"('/home/toffer/Repos/flask-tags/flask-2.2.1/src/flask/json/provider.py', 82, 82)"
762,breaks in linear flow,"('/home/toffer/Repos/flask-tags/flask-2.2.1/src/flask/json/provider.py', 85, 85)"
763,breaks in linear flow,"('/home/toffer/Repos/flask-tags/flask-2.2.1/src/flask/json/provider.py', 110, 110)"
764,breaks in linear flow,"('/home/toffer/Repos/flask-tags/flask-2.2.1/src/flask/json/provider.py', 113, 113)"
765,breaks in linear flow,"('/home/toffer/Repos/flask-tags/flask-2.2.1/src/flask/json/provider.py', 116, 116)"
766,breaks in linear flow,"('/home/toffer/Repos/flask-tags/flask-2.2.1/src/flask/json/provider.py', 119, 119)"
767,breaks in linear flow,"('/home/toffer/Repos/flask-tags/flask-2.2.1/src/flask/json/provider.py', 182, 182)"
768,breaks in linear flow,"('/home/toffer/Repos/flask-tags/flask-2.2.1/src/flask/json/provider.py', 185, 185)"
769,breaks in linear flow,"('/home/toffer/Repos/flask-tags/flask-2.2.1/src/flask/json/provider.py', 196, 196)"
770,breaks in linear flow,"('/home/toffer/Repos/flask-tags/flask-2.2.1/src/flask/json/provider.py', 204, 204)"
771,breaks in linear flow,"('/home/toffer/Repos/flask-tags/flask-2.2.1/src/flask/json/provider.py', 216, 216)"
772,breaks in linear flow,"('/home/toffer/Repos/flask-tags/flask-2.2.1/src/flask/json/provider.py', 241, 241)"
773,breaks in linear flow,"('/home/toffer/Repos/flask-tags/flask-2.2.1/src/flask/json/provider.py', 244, 244)"
774,breaks in linear flow,"('/home/toffer/Repos/flask-tags/flask-2.2.1/src/flask/json/provider.py', 278, 278)"
775,breaks in linear flow,"('/home/toffer/Repos/flask-tags/flask-2.2.1/src/flask/json/provider.py', 291, 291)"
776,breaks in linear flow,"('/home/toffer/Repos/flask-tags/flask-2.2.1/src/flask/json/provider.py', 296, 296)"
777,recursion,"('/home/toffer/Repos/flask-tags/flask-2.2.1/tests/test_basic.py', 587, 587)"
778,recursion,"('/home/toffer/Repos/flask-tags/flask-2.2.1/tests/test_views.py', 38, 38)"
779,recursion,"('/home/toffer/Repos/flask-tags/flask-2.2.1/src/flask/templating.py', 84, 84)"
780,recursion,"('/home/toffer/Repos/flask-tags/flask-2.2.1/src/flask/helpers.py', 312, 312)"
