,type,file_start_end
0,method length,"('/home/toffer/Repos/flask-tags/flask-2.1.2/tests/test_helpers.py', 48, 90)"
1,method length,"('/home/toffer/Repos/flask-tags/flask-2.1.2/tests/test_helpers.py', 208, 237)"
2,method length,"('/home/toffer/Repos/flask-tags/flask-2.1.2/tests/test_async.py', 41, 78)"
3,method length,"('/home/toffer/Repos/flask-tags/flask-2.1.2/tests/test_async.py', 97, 152)"
4,method length,"('/home/toffer/Repos/flask-tags/flask-2.1.2/tests/conftest.py', 100, 127)"
5,method length,"('/home/toffer/Repos/flask-tags/flask-2.1.2/tests/conftest.py', 157, 189)"
6,method length,"('/home/toffer/Repos/flask-tags/flask-2.1.2/tests/conftest.py', 161, 187)"
7,method length,"('/home/toffer/Repos/flask-tags/flask-2.1.2/tests/test_regression.py', 4, 30)"
8,method length,"('/home/toffer/Repos/flask-tags/flask-2.1.2/tests/test_cli.py', 49, 133)"
9,method length,"('/home/toffer/Repos/flask-tags/flask-2.1.2/tests/test_cli.py', 252, 291)"
10,method length,"('/home/toffer/Repos/flask-tags/flask-2.1.2/tests/test_cli.py', 610, 650)"
11,method length,"('/home/toffer/Repos/flask-tags/flask-2.1.2/tests/test_basic.py', 91, 125)"
12,method length,"('/home/toffer/Repos/flask-tags/flask-2.1.2/tests/test_basic.py', 156, 189)"
13,method length,"('/home/toffer/Repos/flask-tags/flask-2.1.2/tests/test_basic.py', 316, 351)"
14,method length,"('/home/toffer/Repos/flask-tags/flask-2.1.2/tests/test_basic.py', 422, 451)"
15,method length,"('/home/toffer/Repos/flask-tags/flask-2.1.2/tests/test_basic.py', 468, 496)"
16,method length,"('/home/toffer/Repos/flask-tags/flask-2.1.2/tests/test_basic.py', 499, 537)"
17,method length,"('/home/toffer/Repos/flask-tags/flask-2.1.2/tests/test_basic.py', 540, 592)"
18,method length,"('/home/toffer/Repos/flask-tags/flask-2.1.2/tests/test_basic.py', 610, 682)"
19,method length,"('/home/toffer/Repos/flask-tags/flask-2.1.2/tests/test_basic.py', 788, 823)"
20,method length,"('/home/toffer/Repos/flask-tags/flask-2.1.2/tests/test_basic.py', 826, 861)"
21,method length,"('/home/toffer/Repos/flask-tags/flask-2.1.2/tests/test_basic.py', 864, 899)"
22,method length,"('/home/toffer/Repos/flask-tags/flask-2.1.2/tests/test_basic.py', 976, 1005)"
23,method length,"('/home/toffer/Repos/flask-tags/flask-2.1.2/tests/test_basic.py', 1008, 1038)"
24,method length,"('/home/toffer/Repos/flask-tags/flask-2.1.2/tests/test_basic.py', 1041, 1069)"
25,method length,"('/home/toffer/Repos/flask-tags/flask-2.1.2/tests/test_basic.py', 1130, 1213)"
26,method length,"('/home/toffer/Repos/flask-tags/flask-2.1.2/tests/test_basic.py', 1216, 1262)"
27,method length,"('/home/toffer/Repos/flask-tags/flask-2.1.2/tests/test_basic.py', 1500, 1542)"
28,method length,"('/home/toffer/Repos/flask-tags/flask-2.1.2/tests/test_basic.py', 1609, 1635)"
29,method length,"('/home/toffer/Repos/flask-tags/flask-2.1.2/tests/test_basic.py', 1798, 1827)"
30,method length,"('/home/toffer/Repos/flask-tags/flask-2.1.2/tests/test_basic.py', 1993, 2020)"
31,method length,"('/home/toffer/Repos/flask-tags/flask-2.1.2/tests/test_signals.py', 61, 103)"
32,method length,"('/home/toffer/Repos/flask-tags/flask-2.1.2/tests/test_views.py', 101, 138)"
33,method length,"('/home/toffer/Repos/flask-tags/flask-2.1.2/tests/test_reqctx.py', 62, 103)"
34,method length,"('/home/toffer/Repos/flask-tags/flask-2.1.2/tests/test_reqctx.py', 149, 176)"
35,method length,"('/home/toffer/Repos/flask-tags/flask-2.1.2/tests/test_reqctx.py', 231, 277)"
36,method length,"('/home/toffer/Repos/flask-tags/flask-2.1.2/tests/test_config.py', 72, 100)"
37,method length,"('/home/toffer/Repos/flask-tags/flask-2.1.2/tests/test_testing.py', 215, 244)"
38,method length,"('/home/toffer/Repos/flask-tags/flask-2.1.2/tests/test_blueprints.py', 8, 43)"
39,method length,"('/home/toffer/Repos/flask-tags/flask-2.1.2/tests/test_blueprints.py', 46, 77)"
40,method length,"('/home/toffer/Repos/flask-tags/flask-2.1.2/tests/test_blueprints.py', 176, 220)"
41,method length,"('/home/toffer/Repos/flask-tags/flask-2.1.2/tests/test_blueprints.py', 290, 319)"
42,method length,"('/home/toffer/Repos/flask-tags/flask-2.1.2/tests/test_blueprints.py', 629, 666)"
43,method length,"('/home/toffer/Repos/flask-tags/flask-2.1.2/tests/test_blueprints.py', 690, 718)"
44,method length,"('/home/toffer/Repos/flask-tags/flask-2.1.2/tests/test_blueprints.py', 721, 761)"
45,method length,"('/home/toffer/Repos/flask-tags/flask-2.1.2/tests/test_blueprints.py', 791, 837)"
46,method length,"('/home/toffer/Repos/flask-tags/flask-2.1.2/tests/test_blueprints.py', 840, 917)"
47,method length,"('/home/toffer/Repos/flask-tags/flask-2.1.2/tests/test_blueprints.py', 974, 1003)"
48,method length,"('/home/toffer/Repos/flask-tags/flask-2.1.2/tests/test_templating.py', 353, 381)"
49,method length,"('/home/toffer/Repos/flask-tags/flask-2.1.2/tests/test_templating.py', 399, 432)"
50,method length,"('/home/toffer/Repos/flask-tags/flask-2.1.2/tests/test_user_error_handler.py', 10, 52)"
51,method length,"('/home/toffer/Repos/flask-tags/flask-2.1.2/tests/test_user_error_handler.py', 55, 91)"
52,method length,"('/home/toffer/Repos/flask-tags/flask-2.1.2/tests/test_user_error_handler.py', 94, 127)"
53,method length,"('/home/toffer/Repos/flask-tags/flask-2.1.2/tests/test_user_error_handler.py', 157, 208)"
54,method length,"('/home/toffer/Repos/flask-tags/flask-2.1.2/tests/test_json.py', 223, 256)"
55,method length,"('/home/toffer/Repos/flask-tags/flask-2.1.2/tests/test_json.py', 259, 299)"
56,method length,"('/home/toffer/Repos/flask-tags/flask-2.1.2/tests/test_json.py', 331, 399)"
57,method length,"('/home/toffer/Repos/flask-tags/flask-2.1.2/examples/tutorial/flaskr/__init__.py', 6, 50)"
58,method length,"('/home/toffer/Repos/flask-tags/flask-2.1.2/examples/tutorial/flaskr/auth.py', 47, 81)"
59,method length,"('/home/toffer/Repos/flask-tags/flask-2.1.2/examples/tutorial/flaskr/blog.py', 28, 57)"
60,method length,"('/home/toffer/Repos/flask-tags/flask-2.1.2/src/flask/scaffold.py', 100, 237)"
61,method length,"('/home/toffer/Repos/flask-tags/flask-2.1.2/src/flask/scaffold.py', 414, 443)"
62,method length,"('/home/toffer/Repos/flask-tags/flask-2.1.2/src/flask/scaffold.py', 453, 511)"
63,method length,"('/home/toffer/Repos/flask-tags/flask-2.1.2/src/flask/scaffold.py', 575, 611)"
64,method length,"('/home/toffer/Repos/flask-tags/flask-2.1.2/src/flask/scaffold.py', 652, 686)"
65,method length,"('/home/toffer/Repos/flask-tags/flask-2.1.2/src/flask/scaffold.py', 778, 827)"
66,method length,"('/home/toffer/Repos/flask-tags/flask-2.1.2/src/flask/scaffold.py', 830, 869)"
67,method length,"('/home/toffer/Repos/flask-tags/flask-2.1.2/src/flask/blueprints.py', 41, 78)"
68,method length,"('/home/toffer/Repos/flask-tags/flask-2.1.2/src/flask/blueprints.py', 271, 391)"
69,method length,"('/home/toffer/Repos/flask-tags/flask-2.1.2/src/flask/sessions.py', 185, 241)"
70,method length,"('/home/toffer/Repos/flask-tags/flask-2.1.2/src/flask/sessions.py', 380, 421)"
71,method length,"('/home/toffer/Repos/flask-tags/flask-2.1.2/src/flask/ctx.py', 112, 142)"
72,method length,"('/home/toffer/Repos/flask-tags/flask-2.1.2/src/flask/ctx.py', 145, 183)"
73,method length,"('/home/toffer/Repos/flask-tags/flask-2.1.2/src/flask/ctx.py', 186, 215)"
74,method length,"('/home/toffer/Repos/flask-tags/flask-2.1.2/src/flask/ctx.py', 314, 344)"
75,method length,"('/home/toffer/Repos/flask-tags/flask-2.1.2/src/flask/ctx.py', 402, 442)"
76,method length,"('/home/toffer/Repos/flask-tags/flask-2.1.2/src/flask/ctx.py', 444, 481)"
77,method length,"('/home/toffer/Repos/flask-tags/flask-2.1.2/src/flask/helpers.py', 68, 140)"
78,method length,"('/home/toffer/Repos/flask-tags/flask-2.1.2/src/flask/helpers.py', 143, 189)"
79,method length,"('/home/toffer/Repos/flask-tags/flask-2.1.2/src/flask/helpers.py', 192, 340)"
80,method length,"('/home/toffer/Repos/flask-tags/flask-2.1.2/src/flask/helpers.py', 365, 394)"
81,method length,"('/home/toffer/Repos/flask-tags/flask-2.1.2/src/flask/helpers.py', 399, 437)"
82,method length,"('/home/toffer/Repos/flask-tags/flask-2.1.2/src/flask/helpers.py', 450, 491)"
83,method length,"('/home/toffer/Repos/flask-tags/flask-2.1.2/src/flask/helpers.py', 508, 625)"
84,method length,"('/home/toffer/Repos/flask-tags/flask-2.1.2/src/flask/helpers.py', 633, 677)"
85,method length,"('/home/toffer/Repos/flask-tags/flask-2.1.2/src/flask/helpers.py', 680, 726)"
86,method length,"('/home/toffer/Repos/flask-tags/flask-2.1.2/src/flask/app.py', 396, 520)"
87,method length,"('/home/toffer/Repos/flask-tags/flask-2.1.2/src/flask/app.py', 674, 707)"
88,method length,"('/home/toffer/Repos/flask-tags/flask-2.1.2/src/flask/app.py', 732, 758)"
89,method length,"('/home/toffer/Repos/flask-tags/flask-2.1.2/src/flask/app.py', 812, 925)"
90,method length,"('/home/toffer/Repos/flask-tags/flask-2.1.2/src/flask/app.py', 927, 983)"
91,method length,"('/home/toffer/Repos/flask-tags/flask-2.1.2/src/flask/app.py', 1045, 1094)"
92,method length,"('/home/toffer/Repos/flask-tags/flask-2.1.2/src/flask/app.py', 1227, 1257)"
93,method length,"('/home/toffer/Repos/flask-tags/flask-2.1.2/src/flask/app.py', 1293, 1324)"
94,method length,"('/home/toffer/Repos/flask-tags/flask-2.1.2/src/flask/app.py', 1326, 1359)"
95,method length,"('/home/toffer/Repos/flask-tags/flask-2.1.2/src/flask/app.py', 1363, 1391)"
96,method length,"('/home/toffer/Repos/flask-tags/flask-2.1.2/src/flask/app.py', 1393, 1440)"
97,method length,"('/home/toffer/Repos/flask-tags/flask-2.1.2/src/flask/app.py', 1459, 1485)"
98,method length,"('/home/toffer/Repos/flask-tags/flask-2.1.2/src/flask/app.py', 1633, 1753)"
99,method length,"('/home/toffer/Repos/flask-tags/flask-2.1.2/src/flask/app.py', 1757, 1795)"
100,method length,"('/home/toffer/Repos/flask-tags/flask-2.1.2/src/flask/app.py', 1868, 1894)"
101,method length,"('/home/toffer/Repos/flask-tags/flask-2.1.2/src/flask/app.py', 1898, 1927)"
102,method length,"('/home/toffer/Repos/flask-tags/flask-2.1.2/src/flask/app.py', 1991, 2045)"
103,method length,"('/home/toffer/Repos/flask-tags/flask-2.1.2/src/flask/app.py', 2047, 2088)"
104,method length,"('/home/toffer/Repos/flask-tags/flask-2.1.2/src/flask/cli.py', 46, 96)"
105,method length,"('/home/toffer/Repos/flask-tags/flask-2.1.2/src/flask/cli.py', 125, 198)"
106,method length,"('/home/toffer/Repos/flask-tags/flask-2.1.2/src/flask/cli.py', 201, 227)"
107,method length,"('/home/toffer/Repos/flask-tags/flask-2.1.2/src/flask/cli.py', 371, 411)"
108,method length,"('/home/toffer/Repos/flask-tags/flask-2.1.2/src/flask/cli.py', 589, 643)"
109,method length,"('/home/toffer/Repos/flask-tags/flask-2.1.2/src/flask/cli.py', 646, 672)"
110,method length,"('/home/toffer/Repos/flask-tags/flask-2.1.2/src/flask/cli.py', 686, 716)"
111,method length,"('/home/toffer/Repos/flask-tags/flask-2.1.2/src/flask/cli.py', 719, 747)"
112,method length,"('/home/toffer/Repos/flask-tags/flask-2.1.2/src/flask/cli.py', 832, 864)"
113,method length,"('/home/toffer/Repos/flask-tags/flask-2.1.2/src/flask/cli.py', 869, 915)"
114,method length,"('/home/toffer/Repos/flask-tags/flask-2.1.2/src/flask/cli.py', 931, 964)"
115,method length,"('/home/toffer/Repos/flask-tags/flask-2.1.2/src/flask/testing.py', 54, 83)"
116,method length,"('/home/toffer/Repos/flask-tags/flask-2.1.2/src/flask/testing.py', 123, 173)"
117,method length,"('/home/toffer/Repos/flask-tags/flask-2.1.2/src/flask/debughelpers.py', 116, 161)"
118,method length,"('/home/toffer/Repos/flask-tags/flask-2.1.2/src/flask/config.py', 103, 163)"
119,method length,"('/home/toffer/Repos/flask-tags/flask-2.1.2/src/flask/config.py', 165, 192)"
120,method length,"('/home/toffer/Repos/flask-tags/flask-2.1.2/src/flask/config.py', 194, 230)"
121,method length,"('/home/toffer/Repos/flask-tags/flask-2.1.2/src/flask/config.py', 237, 273)"
122,method length,"('/home/toffer/Repos/flask-tags/flask-2.1.2/src/flask/config.py', 295, 334)"
123,method length,"('/home/toffer/Repos/flask-tags/flask-2.1.2/src/flask/views.py', 72, 103)"
124,method length,"('/home/toffer/Repos/flask-tags/flask-2.1.2/src/flask/json/tag.py', 258, 284)"
125,method length,"('/home/toffer/Repos/flask-tags/flask-2.1.2/src/flask/json/__init__.py', 234, 303)"
126,file length,"('/home/toffer/Repos/flask-tags/flask-2.1.2/tests/test_cli.py', -1, -1)"
127,file length,"('/home/toffer/Repos/flask-tags/flask-2.1.2/tests/test_basic.py', -1, -1)"
128,file length,"('/home/toffer/Repos/flask-tags/flask-2.1.2/tests/test_testing.py', -1, -1)"
129,file length,"('/home/toffer/Repos/flask-tags/flask-2.1.2/tests/test_blueprints.py', -1, -1)"
130,file length,"('/home/toffer/Repos/flask-tags/flask-2.1.2/tests/test_templating.py', -1, -1)"
131,file length,"('/home/toffer/Repos/flask-tags/flask-2.1.2/tests/test_json.py', -1, -1)"
132,file length,"('/home/toffer/Repos/flask-tags/flask-2.1.2/src/flask/scaffold.py', -1, -1)"
133,file length,"('/home/toffer/Repos/flask-tags/flask-2.1.2/src/flask/blueprints.py', -1, -1)"
134,file length,"('/home/toffer/Repos/flask-tags/flask-2.1.2/src/flask/sessions.py', -1, -1)"
135,file length,"('/home/toffer/Repos/flask-tags/flask-2.1.2/src/flask/ctx.py', -1, -1)"
136,file length,"('/home/toffer/Repos/flask-tags/flask-2.1.2/src/flask/helpers.py', -1, -1)"
137,file length,"('/home/toffer/Repos/flask-tags/flask-2.1.2/src/flask/app.py', -1, -1)"
138,file length,"('/home/toffer/Repos/flask-tags/flask-2.1.2/src/flask/cli.py', -1, -1)"
139,file length,"('/home/toffer/Repos/flask-tags/flask-2.1.2/src/flask/config.py', -1, -1)"
140,argument count,"('/home/toffer/Repos/flask-tags/flask-2.1.2/docs/conf.py', 69, 69)"
141,argument count,"('/home/toffer/Repos/flask-tags/flask-2.1.2/tests/test_helpers.py', 265, 267)"
142,argument count,"('/home/toffer/Repos/flask-tags/flask-2.1.2/tests/test_helpers.py', 284, 284)"
143,argument count,"('/home/toffer/Repos/flask-tags/flask-2.1.2/tests/test_basic.py', 1574, 1576)"
144,argument count,"('/home/toffer/Repos/flask-tags/flask-2.1.2/tests/test_basic.py', 1960, 1960)"
145,argument count,"('/home/toffer/Repos/flask-tags/flask-2.1.2/tests/test_basic.py', 1981, 1983)"
146,argument count,"('/home/toffer/Repos/flask-tags/flask-2.1.2/tests/test_instance_config.py', 62, 64)"
147,argument count,"('/home/toffer/Repos/flask-tags/flask-2.1.2/tests/test_instance_config.py', 75, 77)"
148,argument count,"('/home/toffer/Repos/flask-tags/flask-2.1.2/tests/test_instance_config.py', 93, 95)"
149,argument count,"('/home/toffer/Repos/flask-tags/flask-2.1.2/tests/test_blueprints.py', 120, 120)"
150,argument count,"('/home/toffer/Repos/flask-tags/flask-2.1.2/tests/test_blueprints.py', 929, 936)"
151,argument count,"('/home/toffer/Repos/flask-tags/flask-2.1.2/src/flask/scaffold.py', 91, 98)"
152,argument count,"('/home/toffer/Repos/flask-tags/flask-2.1.2/src/flask/scaffold.py', 446, 453)"
153,argument count,"('/home/toffer/Repos/flask-tags/flask-2.1.2/src/flask/blueprints.py', 34, 40)"
154,argument count,"('/home/toffer/Repos/flask-tags/flask-2.1.2/src/flask/blueprints.py', 80, 86)"
155,argument count,"('/home/toffer/Repos/flask-tags/flask-2.1.2/src/flask/blueprints.py', 175, 187)"
156,argument count,"('/home/toffer/Repos/flask-tags/flask-2.1.2/src/flask/blueprints.py', 393, 400)"
157,argument count,"('/home/toffer/Repos/flask-tags/flask-2.1.2/src/flask/ctx.py', 308, 314)"
158,argument count,"('/home/toffer/Repos/flask-tags/flask-2.1.2/src/flask/helpers.py', 440, 450)"
159,argument count,"('/home/toffer/Repos/flask-tags/flask-2.1.2/src/flask/helpers.py', 494, 508)"
160,argument count,"('/home/toffer/Repos/flask-tags/flask-2.1.2/src/flask/app.py', 384, 396)"
161,argument count,"('/home/toffer/Repos/flask-tags/flask-2.1.2/src/flask/app.py', 805, 812)"
162,argument count,"('/home/toffer/Repos/flask-tags/flask-2.1.2/src/flask/app.py', 1038, 1045)"
163,argument count,"('/home/toffer/Repos/flask-tags/flask-2.1.2/src/flask/cli.py', 486, 494)"
164,argument count,"('/home/toffer/Repos/flask-tags/flask-2.1.2/src/flask/cli.py', 821, 832)"
165,argument count,"('/home/toffer/Repos/flask-tags/flask-2.1.2/src/flask/testing.py', 45, 54)"
166,argument count,"('/home/toffer/Repos/flask-tags/flask-2.1.2/src/flask/testing.py', 191, 197)"
167,argument count,"('/home/toffer/Repos/flask-tags/flask-2.1.2/src/flask/testing.py', 260, 262)"
168,method count,"('/home/toffer/Repos/flask-tags/flask-2.1.2/tests/test_appctx.py', 6, 200)"
169,method count,"('/home/toffer/Repos/flask-tags/flask-2.1.2/tests/test_helpers.py', 18, 312)"
170,method count,"('/home/toffer/Repos/flask-tags/flask-2.1.2/tests/test_cli.py', 38, 658)"
171,method count,"('/home/toffer/Repos/flask-tags/flask-2.1.2/tests/test_basic.py', 29, 2035)"
172,method count,"('/home/toffer/Repos/flask-tags/flask-2.1.2/tests/test_signals.py', 15, 185)"
173,method count,"('/home/toffer/Repos/flask-tags/flask-2.1.2/tests/test_views.py', 7, 232)"
174,method count,"('/home/toffer/Repos/flask-tags/flask-2.1.2/tests/test_reqctx.py', 15, 321)"
175,method count,"('/home/toffer/Repos/flask-tags/flask-2.1.2/tests/test_testing.py', 18, 415)"
176,method count,"('/home/toffer/Repos/flask-tags/flask-2.1.2/tests/test_blueprints.py', 8, 991)"
177,method count,"('/home/toffer/Repos/flask-tags/flask-2.1.2/tests/test_templating.py', 10, 442)"
178,method count,"('/home/toffer/Repos/flask-tags/flask-2.1.2/tests/test_user_error_handler.py', 10, 283)"
179,method count,"('/home/toffer/Repos/flask-tags/flask-2.1.2/tests/test_json.py', 14, 404)"
180,method count,"('/home/toffer/Repos/flask-tags/flask-2.1.2/src/flask/scaffold.py', 39, 868)"
181,method count,"('/home/toffer/Repos/flask-tags/flask-2.1.2/src/flask/blueprints.py', 34, 596)"
182,method count,"('/home/toffer/Repos/flask-tags/flask-2.1.2/src/flask/sessions.py', 24, 420)"
183,method count,"('/home/toffer/Repos/flask-tags/flask-2.1.2/src/flask/ctx.py', 47, 512)"
184,method count,"('/home/toffer/Repos/flask-tags/flask-2.1.2/src/flask/helpers.py', 27, 789)"
185,method count,"('/home/toffer/Repos/flask-tags/flask-2.1.2/src/flask/app.py', 81, 2094)"
186,method count,"('/home/toffer/Repos/flask-tags/flask-2.1.2/src/flask/cli.py', 46, 987)"
187,method count,"('/home/toffer/Repos/flask-tags/flask-2.1.2/src/flask/json/tag.py', 66, 311)"
188,Return Statements,"('/home/toffer/Repos/flask-tags/flask-2.1.2/tests/test_async.py', 41, 78)"
189,Return Statements,"('/home/toffer/Repos/flask-tags/flask-2.1.2/tests/test_cli.py', 49, 133)"
190,Return Statements,"('/home/toffer/Repos/flask-tags/flask-2.1.2/tests/test_basic.py', 540, 592)"
191,Return Statements,"('/home/toffer/Repos/flask-tags/flask-2.1.2/tests/test_basic.py', 604, 682)"
192,Return Statements,"('/home/toffer/Repos/flask-tags/flask-2.1.2/tests/test_basic.py', 1130, 1213)"
193,Return Statements,"('/home/toffer/Repos/flask-tags/flask-2.1.2/tests/test_reqctx.py', 228, 277)"
194,Return Statements,"('/home/toffer/Repos/flask-tags/flask-2.1.2/tests/test_blueprints.py', 290, 319)"
195,Return Statements,"('/home/toffer/Repos/flask-tags/flask-2.1.2/tests/test_blueprints.py', 791, 837)"
196,Return Statements,"('/home/toffer/Repos/flask-tags/flask-2.1.2/tests/test_blueprints.py', 840, 917)"
197,Return Statements,"('/home/toffer/Repos/flask-tags/flask-2.1.2/tests/test_user_error_handler.py', 157, 208)"
198,Return Statements,"('/home/toffer/Repos/flask-tags/flask-2.1.2/tests/test_json.py', 223, 256)"
199,Return Statements,"('/home/toffer/Repos/flask-tags/flask-2.1.2/tests/test_json.py', 259, 299)"
200,Return Statements,"('/home/toffer/Repos/flask-tags/flask-2.1.2/src/flask/scaffold.py', 778, 827)"
201,Return Statements,"('/home/toffer/Repos/flask-tags/flask-2.1.2/src/flask/scaffold.py', 830, 869)"
202,Return Statements,"('/home/toffer/Repos/flask-tags/flask-2.1.2/src/flask/json/__init__.py', 36, 50)"
203,nested controlflow,"('/home/toffer/Repos/flask-tags/flask-2.1.2/src/flask/app.py', 1277, 1288)"
204,nested controlflow,"('/home/toffer/Repos/flask-tags/flask-2.1.2/src/flask/app.py', 1858, 1864)"
205,nested controlflow,"('/home/toffer/Repos/flask-tags/flask-2.1.2/src/flask/cli.py', 383, 396)"
206,breaks in linear flow,"('/home/toffer/Repos/flask-tags/flask-2.1.2/docs/conf.py', 74, 74)"
207,breaks in linear flow,"('/home/toffer/Repos/flask-tags/flask-2.1.2/docs/conf.py', 80, 80)"
208,breaks in linear flow,"('/home/toffer/Repos/flask-tags/flask-2.1.2/docs/conf.py', 85, 85)"
209,breaks in linear flow,"('/home/toffer/Repos/flask-tags/flask-2.1.2/tests/test_appctx.py', 64, 64)"
210,breaks in linear flow,"('/home/toffer/Repos/flask-tags/flask-2.1.2/tests/test_appctx.py', 83, 83)"
211,breaks in linear flow,"('/home/toffer/Repos/flask-tags/flask-2.1.2/tests/test_appctx.py', 206, 206)"
212,breaks in linear flow,"('/home/toffer/Repos/flask-tags/flask-2.1.2/tests/test_helpers.py', 144, 144)"
213,breaks in linear flow,"('/home/toffer/Repos/flask-tags/flask-2.1.2/tests/test_helpers.py', 176, 176)"
214,breaks in linear flow,"('/home/toffer/Repos/flask-tags/flask-2.1.2/tests/test_helpers.py', 269, 269)"
215,breaks in linear flow,"('/home/toffer/Repos/flask-tags/flask-2.1.2/tests/conftest.py', 28, 28)"
216,breaks in linear flow,"('/home/toffer/Repos/flask-tags/flask-2.1.2/tests/conftest.py', 29, 29)"
217,breaks in linear flow,"('/home/toffer/Repos/flask-tags/flask-2.1.2/tests/conftest.py', 83, 83)"
218,breaks in linear flow,"('/home/toffer/Repos/flask-tags/flask-2.1.2/tests/conftest.py', 94, 94)"
219,breaks in linear flow,"('/home/toffer/Repos/flask-tags/flask-2.1.2/tests/conftest.py', 110, 110)"
220,breaks in linear flow,"('/home/toffer/Repos/flask-tags/flask-2.1.2/tests/conftest.py', 118, 118)"
221,breaks in linear flow,"('/home/toffer/Repos/flask-tags/flask-2.1.2/tests/test_regression.py', 24, 24)"
222,breaks in linear flow,"('/home/toffer/Repos/flask-tags/flask-2.1.2/tests/test_cli.py', 457, 457)"
223,breaks in linear flow,"('/home/toffer/Repos/flask-tags/flask-2.1.2/tests/test_cli.py', 501, 501)"
224,breaks in linear flow,"('/home/toffer/Repos/flask-tags/flask-2.1.2/tests/test_cli.py', 524, 524)"
225,breaks in linear flow,"('/home/toffer/Repos/flask-tags/flask-2.1.2/tests/test_basic.py', 579, 579)"
226,breaks in linear flow,"('/home/toffer/Repos/flask-tags/flask-2.1.2/tests/test_basic.py', 801, 801)"
227,breaks in linear flow,"('/home/toffer/Repos/flask-tags/flask-2.1.2/tests/test_basic.py', 813, 813)"
228,breaks in linear flow,"('/home/toffer/Repos/flask-tags/flask-2.1.2/tests/test_basic.py', 1088, 1088)"
229,breaks in linear flow,"('/home/toffer/Repos/flask-tags/flask-2.1.2/tests/test_basic.py', 1093, 1093)"
230,breaks in linear flow,"('/home/toffer/Repos/flask-tags/flask-2.1.2/tests/test_basic.py', 1105, 1105)"
231,breaks in linear flow,"('/home/toffer/Repos/flask-tags/flask-2.1.2/tests/test_basic.py', 1366, 1366)"
232,breaks in linear flow,"('/home/toffer/Repos/flask-tags/flask-2.1.2/tests/test_basic.py', 1370, 1370)"
233,breaks in linear flow,"('/home/toffer/Repos/flask-tags/flask-2.1.2/tests/test_basic.py', 1526, 1526)"
234,breaks in linear flow,"('/home/toffer/Repos/flask-tags/flask-2.1.2/tests/test_basic.py', 1553, 1553)"
235,breaks in linear flow,"('/home/toffer/Repos/flask-tags/flask-2.1.2/tests/test_basic.py', 1564, 1564)"
236,breaks in linear flow,"('/home/toffer/Repos/flask-tags/flask-2.1.2/tests/test_basic.py', 1612, 1612)"
237,breaks in linear flow,"('/home/toffer/Repos/flask-tags/flask-2.1.2/tests/test_basic.py', 1786, 1786)"
238,breaks in linear flow,"('/home/toffer/Repos/flask-tags/flask-2.1.2/tests/test_signals.py', 5, 5)"
239,breaks in linear flow,"('/home/toffer/Repos/flask-tags/flask-2.1.2/tests/test_reqctx.py', 11, 11)"
240,breaks in linear flow,"('/home/toffer/Repos/flask-tags/flask-2.1.2/tests/test_reqctx.py', 38, 38)"
241,breaks in linear flow,"('/home/toffer/Repos/flask-tags/flask-2.1.2/tests/test_reqctx.py', 57, 57)"
242,breaks in linear flow,"('/home/toffer/Repos/flask-tags/flask-2.1.2/tests/test_reqctx.py', 234, 234)"
243,breaks in linear flow,"('/home/toffer/Repos/flask-tags/flask-2.1.2/tests/test_config.py', 82, 82)"
244,breaks in linear flow,"('/home/toffer/Repos/flask-tags/flask-2.1.2/tests/test_logging.py', 32, 32)"
245,breaks in linear flow,"('/home/toffer/Repos/flask-tags/flask-2.1.2/tests/test_instance_config.py', 120, 120)"
246,breaks in linear flow,"('/home/toffer/Repos/flask-tags/flask-2.1.2/tests/test_testing.py', 14, 14)"
247,breaks in linear flow,"('/home/toffer/Repos/flask-tags/flask-2.1.2/tests/test_testing.py', 146, 146)"
248,breaks in linear flow,"('/home/toffer/Repos/flask-tags/flask-2.1.2/tests/test_testing.py', 241, 241)"
249,breaks in linear flow,"('/home/toffer/Repos/flask-tags/flask-2.1.2/tests/test_blueprints.py', 198, 198)"
250,breaks in linear flow,"('/home/toffer/Repos/flask-tags/flask-2.1.2/tests/test_blueprints.py', 236, 236)"
251,breaks in linear flow,"('/home/toffer/Repos/flask-tags/flask-2.1.2/tests/test_user_error_handler.py', 32, 32)"
252,breaks in linear flow,"('/home/toffer/Repos/flask-tags/flask-2.1.2/tests/test_user_error_handler.py', 241, 241)"
253,breaks in linear flow,"('/home/toffer/Repos/flask-tags/flask-2.1.2/tests/test_json.py', 99, 99)"
254,breaks in linear flow,"('/home/toffer/Repos/flask-tags/flask-2.1.2/tests/test_json.py', 127, 127)"
255,breaks in linear flow,"('/home/toffer/Repos/flask-tags/flask-2.1.2/tests/test_json.py', 230, 230)"
256,breaks in linear flow,"('/home/toffer/Repos/flask-tags/flask-2.1.2/tests/test_json.py', 240, 240)"
257,breaks in linear flow,"('/home/toffer/Repos/flask-tags/flask-2.1.2/tests/test_json.py', 268, 268)"
258,breaks in linear flow,"('/home/toffer/Repos/flask-tags/flask-2.1.2/tests/test_json.py', 279, 279)"
259,breaks in linear flow,"('/home/toffer/Repos/flask-tags/flask-2.1.2/tests/test_json.py', 308, 308)"
260,breaks in linear flow,"('/home/toffer/Repos/flask-tags/flask-2.1.2/tests/test_json.py', 398, 398)"
261,breaks in linear flow,"('/home/toffer/Repos/flask-tags/flask-2.1.2/examples/tutorial/flaskr/__init__.py', 16, 16)"
262,breaks in linear flow,"('/home/toffer/Repos/flask-tags/flask-2.1.2/examples/tutorial/flaskr/__init__.py', 26, 26)"
263,breaks in linear flow,"('/home/toffer/Repos/flask-tags/flask-2.1.2/examples/tutorial/flaskr/auth.py', 24, 24)"
264,breaks in linear flow,"('/home/toffer/Repos/flask-tags/flask-2.1.2/examples/tutorial/flaskr/auth.py', 38, 38)"
265,breaks in linear flow,"('/home/toffer/Repos/flask-tags/flask-2.1.2/examples/tutorial/flaskr/auth.py', 53, 53)"
266,breaks in linear flow,"('/home/toffer/Repos/flask-tags/flask-2.1.2/examples/tutorial/flaskr/auth.py', 59, 59)"
267,breaks in linear flow,"('/home/toffer/Repos/flask-tags/flask-2.1.2/examples/tutorial/flaskr/auth.py', 64, 64)"
268,breaks in linear flow,"('/home/toffer/Repos/flask-tags/flask-2.1.2/examples/tutorial/flaskr/auth.py', 71, 71)"
269,breaks in linear flow,"('/home/toffer/Repos/flask-tags/flask-2.1.2/examples/tutorial/flaskr/auth.py', 87, 87)"
270,breaks in linear flow,"('/home/toffer/Repos/flask-tags/flask-2.1.2/examples/tutorial/flaskr/auth.py', 96, 96)"
271,breaks in linear flow,"('/home/toffer/Repos/flask-tags/flask-2.1.2/examples/tutorial/flaskr/auth.py', 101, 101)"
272,breaks in linear flow,"('/home/toffer/Repos/flask-tags/flask-2.1.2/examples/tutorial/flaskr/blog.py', 51, 51)"
273,breaks in linear flow,"('/home/toffer/Repos/flask-tags/flask-2.1.2/examples/tutorial/flaskr/blog.py', 54, 54)"
274,breaks in linear flow,"('/home/toffer/Repos/flask-tags/flask-2.1.2/examples/tutorial/flaskr/blog.py', 64, 64)"
275,breaks in linear flow,"('/home/toffer/Repos/flask-tags/flask-2.1.2/examples/tutorial/flaskr/blog.py', 69, 69)"
276,breaks in linear flow,"('/home/toffer/Repos/flask-tags/flask-2.1.2/examples/tutorial/flaskr/blog.py', 72, 72)"
277,breaks in linear flow,"('/home/toffer/Repos/flask-tags/flask-2.1.2/examples/tutorial/flaskr/blog.py', 92, 92)"
278,breaks in linear flow,"('/home/toffer/Repos/flask-tags/flask-2.1.2/examples/tutorial/flaskr/blog.py', 97, 97)"
279,breaks in linear flow,"('/home/toffer/Repos/flask-tags/flask-2.1.2/examples/tutorial/flaskr/blog.py', 100, 100)"
280,breaks in linear flow,"('/home/toffer/Repos/flask-tags/flask-2.1.2/examples/tutorial/flaskr/db.py', 14, 14)"
281,breaks in linear flow,"('/home/toffer/Repos/flask-tags/flask-2.1.2/examples/tutorial/flaskr/db.py', 29, 29)"
282,breaks in linear flow,"('/home/toffer/Repos/flask-tags/flask-2.1.2/src/flask/scaffold.py', 29, 29)"
283,breaks in linear flow,"('/home/toffer/Repos/flask-tags/flask-2.1.2/src/flask/scaffold.py', 45, 45)"
284,breaks in linear flow,"('/home/toffer/Repos/flask-tags/flask-2.1.2/src/flask/scaffold.py', 111, 111)"
285,breaks in linear flow,"('/home/toffer/Repos/flask-tags/flask-2.1.2/src/flask/scaffold.py', 250, 250)"
286,breaks in linear flow,"('/home/toffer/Repos/flask-tags/flask-2.1.2/src/flask/scaffold.py', 257, 257)"
287,breaks in linear flow,"('/home/toffer/Repos/flask-tags/flask-2.1.2/src/flask/scaffold.py', 277, 277)"
288,breaks in linear flow,"('/home/toffer/Repos/flask-tags/flask-2.1.2/src/flask/scaffold.py', 280, 280)"
289,breaks in linear flow,"('/home/toffer/Repos/flask-tags/flask-2.1.2/src/flask/scaffold.py', 288, 288)"
290,breaks in linear flow,"('/home/toffer/Repos/flask-tags/flask-2.1.2/src/flask/scaffold.py', 309, 309)"
291,breaks in linear flow,"('/home/toffer/Repos/flask-tags/flask-2.1.2/src/flask/scaffold.py', 322, 322)"
292,breaks in linear flow,"('/home/toffer/Repos/flask-tags/flask-2.1.2/src/flask/scaffold.py', 340, 340)"
293,breaks in linear flow,"('/home/toffer/Repos/flask-tags/flask-2.1.2/src/flask/scaffold.py', 363, 363)"
294,breaks in linear flow,"('/home/toffer/Repos/flask-tags/flask-2.1.2/src/flask/scaffold.py', 374, 374)"
295,breaks in linear flow,"('/home/toffer/Repos/flask-tags/flask-2.1.2/src/flask/scaffold.py', 700, 700)"
296,breaks in linear flow,"('/home/toffer/Repos/flask-tags/flask-2.1.2/src/flask/scaffold.py', 709, 709)"
297,breaks in linear flow,"('/home/toffer/Repos/flask-tags/flask-2.1.2/src/flask/scaffold.py', 730, 730)"
298,breaks in linear flow,"('/home/toffer/Repos/flask-tags/flask-2.1.2/src/flask/scaffold.py', 739, 739)"
299,breaks in linear flow,"('/home/toffer/Repos/flask-tags/flask-2.1.2/src/flask/scaffold.py', 760, 760)"
300,breaks in linear flow,"('/home/toffer/Repos/flask-tags/flask-2.1.2/src/flask/scaffold.py', 767, 767)"
301,breaks in linear flow,"('/home/toffer/Repos/flask-tags/flask-2.1.2/src/flask/scaffold.py', 783, 783)"
302,breaks in linear flow,"('/home/toffer/Repos/flask-tags/flask-2.1.2/src/flask/scaffold.py', 790, 790)"
303,breaks in linear flow,"('/home/toffer/Repos/flask-tags/flask-2.1.2/src/flask/scaffold.py', 794, 794)"
304,breaks in linear flow,"('/home/toffer/Repos/flask-tags/flask-2.1.2/src/flask/scaffold.py', 806, 806)"
305,breaks in linear flow,"('/home/toffer/Repos/flask-tags/flask-2.1.2/src/flask/scaffold.py', 810, 810)"
306,breaks in linear flow,"('/home/toffer/Repos/flask-tags/flask-2.1.2/src/flask/scaffold.py', 824, 824)"
307,breaks in linear flow,"('/home/toffer/Repos/flask-tags/flask-2.1.2/src/flask/scaffold.py', 848, 848)"
308,breaks in linear flow,"('/home/toffer/Repos/flask-tags/flask-2.1.2/src/flask/scaffold.py', 854, 854)"
309,breaks in linear flow,"('/home/toffer/Repos/flask-tags/flask-2.1.2/src/flask/scaffold.py', 858, 858)"
310,breaks in linear flow,"('/home/toffer/Repos/flask-tags/flask-2.1.2/src/flask/scaffold.py', 862, 862)"
311,breaks in linear flow,"('/home/toffer/Repos/flask-tags/flask-2.1.2/src/flask/blueprints.py', 20, 20)"
312,breaks in linear flow,"('/home/toffer/Repos/flask-tags/flask-2.1.2/src/flask/blueprints.py', 58, 58)"
313,breaks in linear flow,"('/home/toffer/Repos/flask-tags/flask-2.1.2/src/flask/blueprints.py', 66, 66)"
314,breaks in linear flow,"('/home/toffer/Repos/flask-tags/flask-2.1.2/src/flask/blueprints.py', 91, 91)"
315,breaks in linear flow,"('/home/toffer/Repos/flask-tags/flask-2.1.2/src/flask/blueprints.py', 92, 92)"
316,breaks in linear flow,"('/home/toffer/Repos/flask-tags/flask-2.1.2/src/flask/blueprints.py', 97, 97)"
317,breaks in linear flow,"('/home/toffer/Repos/flask-tags/flask-2.1.2/src/flask/blueprints.py', 100, 100)"
318,breaks in linear flow,"('/home/toffer/Repos/flask-tags/flask-2.1.2/src/flask/blueprints.py', 196, 196)"
319,breaks in linear flow,"('/home/toffer/Repos/flask-tags/flask-2.1.2/src/flask/blueprints.py', 204, 204)"
320,breaks in linear flow,"('/home/toffer/Repos/flask-tags/flask-2.1.2/src/flask/blueprints.py', 220, 220)"
321,breaks in linear flow,"('/home/toffer/Repos/flask-tags/flask-2.1.2/src/flask/blueprints.py', 240, 240)"
322,breaks in linear flow,"('/home/toffer/Repos/flask-tags/flask-2.1.2/src/flask/blueprints.py', 267, 267)"
323,breaks in linear flow,"('/home/toffer/Repos/flask-tags/flask-2.1.2/src/flask/blueprints.py', 301, 301)"
324,breaks in linear flow,"('/home/toffer/Repos/flask-tags/flask-2.1.2/src/flask/blueprints.py', 318, 318)"
325,breaks in linear flow,"('/home/toffer/Repos/flask-tags/flask-2.1.2/src/flask/blueprints.py', 326, 326)"
326,breaks in linear flow,"('/home/toffer/Repos/flask-tags/flask-2.1.2/src/flask/blueprints.py', 329, 329)"
327,breaks in linear flow,"('/home/toffer/Repos/flask-tags/flask-2.1.2/src/flask/blueprints.py', 333, 333)"
328,breaks in linear flow,"('/home/toffer/Repos/flask-tags/flask-2.1.2/src/flask/blueprints.py', 346, 346)"
329,breaks in linear flow,"('/home/toffer/Repos/flask-tags/flask-2.1.2/src/flask/blueprints.py', 359, 359)"
330,breaks in linear flow,"('/home/toffer/Repos/flask-tags/flask-2.1.2/src/flask/blueprints.py', 364, 364)"
331,breaks in linear flow,"('/home/toffer/Repos/flask-tags/flask-2.1.2/src/flask/blueprints.py', 365, 365)"
332,breaks in linear flow,"('/home/toffer/Repos/flask-tags/flask-2.1.2/src/flask/blueprints.py', 374, 374)"
333,breaks in linear flow,"('/home/toffer/Repos/flask-tags/flask-2.1.2/src/flask/blueprints.py', 378, 378)"
334,breaks in linear flow,"('/home/toffer/Repos/flask-tags/flask-2.1.2/src/flask/blueprints.py', 381, 381)"
335,breaks in linear flow,"('/home/toffer/Repos/flask-tags/flask-2.1.2/src/flask/blueprints.py', 404, 404)"
336,breaks in linear flow,"('/home/toffer/Repos/flask-tags/flask-2.1.2/src/flask/blueprints.py', 407, 407)"
337,breaks in linear flow,"('/home/toffer/Repos/flask-tags/flask-2.1.2/src/flask/globals.py', 7, 7)"
338,breaks in linear flow,"('/home/toffer/Repos/flask-tags/flask-2.1.2/src/flask/globals.py', 32, 32)"
339,breaks in linear flow,"('/home/toffer/Repos/flask-tags/flask-2.1.2/src/flask/globals.py', 39, 39)"
340,breaks in linear flow,"('/home/toffer/Repos/flask-tags/flask-2.1.2/src/flask/globals.py', 46, 46)"
341,breaks in linear flow,"('/home/toffer/Repos/flask-tags/flask-2.1.2/src/flask/typing.py', 4, 4)"
342,breaks in linear flow,"('/home/toffer/Repos/flask-tags/flask-2.1.2/src/flask/sessions.py', 14, 14)"
343,breaks in linear flow,"('/home/toffer/Repos/flask-tags/flask-2.1.2/src/flask/sessions.py', 199, 199)"
344,breaks in linear flow,"('/home/toffer/Repos/flask-tags/flask-2.1.2/src/flask/sessions.py', 205, 205)"
345,breaks in linear flow,"('/home/toffer/Repos/flask-tags/flask-2.1.2/src/flask/sessions.py', 213, 213)"
346,breaks in linear flow,"('/home/toffer/Repos/flask-tags/flask-2.1.2/src/flask/sessions.py', 227, 227)"
347,breaks in linear flow,"('/home/toffer/Repos/flask-tags/flask-2.1.2/src/flask/sessions.py', 237, 237)"
348,breaks in linear flow,"('/home/toffer/Repos/flask-tags/flask-2.1.2/src/flask/sessions.py', 279, 279)"
349,breaks in linear flow,"('/home/toffer/Repos/flask-tags/flask-2.1.2/src/flask/sessions.py', 350, 350)"
350,breaks in linear flow,"('/home/toffer/Repos/flask-tags/flask-2.1.2/src/flask/sessions.py', 366, 366)"
351,breaks in linear flow,"('/home/toffer/Repos/flask-tags/flask-2.1.2/src/flask/sessions.py', 369, 369)"
352,breaks in linear flow,"('/home/toffer/Repos/flask-tags/flask-2.1.2/src/flask/sessions.py', 375, 375)"
353,breaks in linear flow,"('/home/toffer/Repos/flask-tags/flask-2.1.2/src/flask/sessions.py', 390, 390)"
354,breaks in linear flow,"('/home/toffer/Repos/flask-tags/flask-2.1.2/src/flask/sessions.py', 391, 391)"
355,breaks in linear flow,"('/home/toffer/Repos/flask-tags/flask-2.1.2/src/flask/sessions.py', 404, 404)"
356,breaks in linear flow,"('/home/toffer/Repos/flask-tags/flask-2.1.2/src/flask/sessions.py', 407, 407)"
357,breaks in linear flow,"('/home/toffer/Repos/flask-tags/flask-2.1.2/src/flask/templating.py', 13, 13)"
358,breaks in linear flow,"('/home/toffer/Repos/flask-tags/flask-2.1.2/src/flask/templating.py', 25, 25)"
359,breaks in linear flow,"('/home/toffer/Repos/flask-tags/flask-2.1.2/src/flask/templating.py', 27, 27)"
360,breaks in linear flow,"('/home/toffer/Repos/flask-tags/flask-2.1.2/src/flask/templating.py', 40, 40)"
361,breaks in linear flow,"('/home/toffer/Repos/flask-tags/flask-2.1.2/src/flask/templating.py', 57, 57)"
362,breaks in linear flow,"('/home/toffer/Repos/flask-tags/flask-2.1.2/src/flask/templating.py', 70, 70)"
363,breaks in linear flow,"('/home/toffer/Repos/flask-tags/flask-2.1.2/src/flask/templating.py', 73, 73)"
364,breaks in linear flow,"('/home/toffer/Repos/flask-tags/flask-2.1.2/src/flask/templating.py', 75, 75)"
365,breaks in linear flow,"('/home/toffer/Repos/flask-tags/flask-2.1.2/src/flask/templating.py', 83, 83)"
366,breaks in linear flow,"('/home/toffer/Repos/flask-tags/flask-2.1.2/src/flask/templating.py', 90, 90)"
367,breaks in linear flow,"('/home/toffer/Repos/flask-tags/flask-2.1.2/src/flask/templating.py', 93, 93)"
368,breaks in linear flow,"('/home/toffer/Repos/flask-tags/flask-2.1.2/src/flask/templating.py', 94, 94)"
369,breaks in linear flow,"('/home/toffer/Repos/flask-tags/flask-2.1.2/src/flask/templating.py', 101, 101)"
370,breaks in linear flow,"('/home/toffer/Repos/flask-tags/flask-2.1.2/src/flask/templating.py', 104, 104)"
371,breaks in linear flow,"('/home/toffer/Repos/flask-tags/flask-2.1.2/src/flask/templating.py', 106, 106)"
372,breaks in linear flow,"('/home/toffer/Repos/flask-tags/flask-2.1.2/src/flask/templating.py', 112, 112)"
373,breaks in linear flow,"('/home/toffer/Repos/flask-tags/flask-2.1.2/src/flask/templating.py', 115, 115)"
374,breaks in linear flow,"('/home/toffer/Repos/flask-tags/flask-2.1.2/src/flask/templating.py', 117, 117)"
375,breaks in linear flow,"('/home/toffer/Repos/flask-tags/flask-2.1.2/src/flask/templating.py', 118, 118)"
376,breaks in linear flow,"('/home/toffer/Repos/flask-tags/flask-2.1.2/src/flask/ctx.py', 14, 14)"
377,breaks in linear flow,"('/home/toffer/Repos/flask-tags/flask-2.1.2/src/flask/ctx.py', 50, 50)"
378,breaks in linear flow,"('/home/toffer/Repos/flask-tags/flask-2.1.2/src/flask/ctx.py', 59, 59)"
379,breaks in linear flow,"('/home/toffer/Repos/flask-tags/flask-2.1.2/src/flask/ctx.py', 82, 82)"
380,breaks in linear flow,"('/home/toffer/Repos/flask-tags/flask-2.1.2/src/flask/ctx.py', 107, 107)"
381,breaks in linear flow,"('/home/toffer/Repos/flask-tags/flask-2.1.2/src/flask/ctx.py', 135, 135)"
382,breaks in linear flow,"('/home/toffer/Repos/flask-tags/flask-2.1.2/src/flask/ctx.py', 171, 171)"
383,breaks in linear flow,"('/home/toffer/Repos/flask-tags/flask-2.1.2/src/flask/ctx.py', 256, 256)"
384,breaks in linear flow,"('/home/toffer/Repos/flask-tags/flask-2.1.2/src/flask/ctx.py', 257, 257)"
385,breaks in linear flow,"('/home/toffer/Repos/flask-tags/flask-2.1.2/src/flask/ctx.py', 316, 316)"
386,breaks in linear flow,"('/home/toffer/Repos/flask-tags/flask-2.1.2/src/flask/ctx.py', 322, 322)"
387,breaks in linear flow,"('/home/toffer/Repos/flask-tags/flask-2.1.2/src/flask/ctx.py', 399, 399)"
388,breaks in linear flow,"('/home/toffer/Repos/flask-tags/flask-2.1.2/src/flask/ctx.py', 413, 413)"
389,breaks in linear flow,"('/home/toffer/Repos/flask-tags/flask-2.1.2/src/flask/ctx.py', 419, 419)"
390,breaks in linear flow,"('/home/toffer/Repos/flask-tags/flask-2.1.2/src/flask/ctx.py', 432, 432)"
391,breaks in linear flow,"('/home/toffer/Repos/flask-tags/flask-2.1.2/src/flask/ctx.py', 436, 436)"
392,breaks in linear flow,"('/home/toffer/Repos/flask-tags/flask-2.1.2/src/flask/ctx.py', 441, 441)"
393,breaks in linear flow,"('/home/toffer/Repos/flask-tags/flask-2.1.2/src/flask/ctx.py', 456, 456)"
394,breaks in linear flow,"('/home/toffer/Repos/flask-tags/flask-2.1.2/src/flask/ctx.py', 459, 459)"
395,breaks in linear flow,"('/home/toffer/Repos/flask-tags/flask-2.1.2/src/flask/ctx.py', 464, 464)"
396,breaks in linear flow,"('/home/toffer/Repos/flask-tags/flask-2.1.2/src/flask/ctx.py', 472, 472)"
397,breaks in linear flow,"('/home/toffer/Repos/flask-tags/flask-2.1.2/src/flask/ctx.py', 476, 476)"
398,breaks in linear flow,"('/home/toffer/Repos/flask-tags/flask-2.1.2/src/flask/ctx.py', 484, 484)"
399,breaks in linear flow,"('/home/toffer/Repos/flask-tags/flask-2.1.2/src/flask/helpers.py', 23, 23)"
400,breaks in linear flow,"('/home/toffer/Repos/flask-tags/flask-2.1.2/src/flask/helpers.py', 43, 43)"
401,breaks in linear flow,"('/home/toffer/Repos/flask-tags/flask-2.1.2/src/flask/helpers.py', 58, 58)"
402,breaks in linear flow,"('/home/toffer/Repos/flask-tags/flask-2.1.2/src/flask/helpers.py', 104, 104)"
403,breaks in linear flow,"('/home/toffer/Repos/flask-tags/flask-2.1.2/src/flask/helpers.py', 114, 114)"
404,breaks in linear flow,"('/home/toffer/Repos/flask-tags/flask-2.1.2/src/flask/helpers.py', 131, 131)"
405,breaks in linear flow,"('/home/toffer/Repos/flask-tags/flask-2.1.2/src/flask/helpers.py', 185, 185)"
406,breaks in linear flow,"('/home/toffer/Repos/flask-tags/flask-2.1.2/src/flask/helpers.py', 187, 187)"
407,breaks in linear flow,"('/home/toffer/Repos/flask-tags/flask-2.1.2/src/flask/helpers.py', 271, 271)"
408,breaks in linear flow,"('/home/toffer/Repos/flask-tags/flask-2.1.2/src/flask/helpers.py', 280, 280)"
409,breaks in linear flow,"('/home/toffer/Repos/flask-tags/flask-2.1.2/src/flask/helpers.py', 284, 284)"
410,breaks in linear flow,"('/home/toffer/Repos/flask-tags/flask-2.1.2/src/flask/helpers.py', 285, 285)"
411,breaks in linear flow,"('/home/toffer/Repos/flask-tags/flask-2.1.2/src/flask/helpers.py', 297, 297)"
412,breaks in linear flow,"('/home/toffer/Repos/flask-tags/flask-2.1.2/src/flask/helpers.py', 315, 315)"
413,breaks in linear flow,"('/home/toffer/Repos/flask-tags/flask-2.1.2/src/flask/helpers.py', 316, 316)"
414,breaks in linear flow,"('/home/toffer/Repos/flask-tags/flask-2.1.2/src/flask/helpers.py', 327, 327)"
415,breaks in linear flow,"('/home/toffer/Repos/flask-tags/flask-2.1.2/src/flask/helpers.py', 329, 329)"
416,breaks in linear flow,"('/home/toffer/Repos/flask-tags/flask-2.1.2/src/flask/helpers.py', 338, 338)"
417,breaks in linear flow,"('/home/toffer/Repos/flask-tags/flask-2.1.2/src/flask/helpers.py', 429, 429)"
418,breaks in linear flow,"('/home/toffer/Repos/flask-tags/flask-2.1.2/src/flask/helpers.py', 433, 433)"
419,breaks in linear flow,"('/home/toffer/Repos/flask-tags/flask-2.1.2/src/flask/helpers.py', 435, 435)"
420,breaks in linear flow,"('/home/toffer/Repos/flask-tags/flask-2.1.2/src/flask/helpers.py', 451, 451)"
421,breaks in linear flow,"('/home/toffer/Repos/flask-tags/flask-2.1.2/src/flask/helpers.py', 461, 461)"
422,breaks in linear flow,"('/home/toffer/Repos/flask-tags/flask-2.1.2/src/flask/helpers.py', 470, 470)"
423,breaks in linear flow,"('/home/toffer/Repos/flask-tags/flask-2.1.2/src/flask/helpers.py', 479, 479)"
424,breaks in linear flow,"('/home/toffer/Repos/flask-tags/flask-2.1.2/src/flask/helpers.py', 666, 666)"
425,breaks in linear flow,"('/home/toffer/Repos/flask-tags/flask-2.1.2/src/flask/helpers.py', 692, 692)"
426,breaks in linear flow,"('/home/toffer/Repos/flask-tags/flask-2.1.2/src/flask/helpers.py', 701, 701)"
427,breaks in linear flow,"('/home/toffer/Repos/flask-tags/flask-2.1.2/src/flask/helpers.py', 704, 704)"
428,breaks in linear flow,"('/home/toffer/Repos/flask-tags/flask-2.1.2/src/flask/helpers.py', 715, 715)"
429,breaks in linear flow,"('/home/toffer/Repos/flask-tags/flask-2.1.2/src/flask/helpers.py', 748, 748)"
430,breaks in linear flow,"('/home/toffer/Repos/flask-tags/flask-2.1.2/src/flask/helpers.py', 772, 772)"
431,breaks in linear flow,"('/home/toffer/Repos/flask-tags/flask-2.1.2/src/flask/helpers.py', 775, 775)"
432,breaks in linear flow,"('/home/toffer/Repos/flask-tags/flask-2.1.2/src/flask/helpers.py', 787, 787)"
433,breaks in linear flow,"('/home/toffer/Repos/flask-tags/flask-2.1.2/src/flask/app.py', 70, 70)"
434,breaks in linear flow,"('/home/toffer/Repos/flask-tags/flask-2.1.2/src/flask/app.py', 77, 77)"
435,breaks in linear flow,"('/home/toffer/Repos/flask-tags/flask-2.1.2/src/flask/app.py', 82, 82)"
436,breaks in linear flow,"('/home/toffer/Repos/flask-tags/flask-2.1.2/src/flask/app.py', 85, 85)"
437,breaks in linear flow,"('/home/toffer/Repos/flask-tags/flask-2.1.2/src/flask/app.py', 92, 92)"
438,breaks in linear flow,"('/home/toffer/Repos/flask-tags/flask-2.1.2/src/flask/app.py', 405, 405)"
439,breaks in linear flow,"('/home/toffer/Repos/flask-tags/flask-2.1.2/src/flask/app.py', 504, 504)"
440,breaks in linear flow,"('/home/toffer/Repos/flask-tags/flask-2.1.2/src/flask/app.py', 535, 535)"
441,breaks in linear flow,"('/home/toffer/Repos/flask-tags/flask-2.1.2/src/flask/app.py', 537, 537)"
442,breaks in linear flow,"('/home/toffer/Repos/flask-tags/flask-2.1.2/src/flask/app.py', 550, 550)"
443,breaks in linear flow,"('/home/toffer/Repos/flask-tags/flask-2.1.2/src/flask/app.py', 563, 563)"
444,breaks in linear flow,"('/home/toffer/Repos/flask-tags/flask-2.1.2/src/flask/app.py', 623, 623)"
445,breaks in linear flow,"('/home/toffer/Repos/flask-tags/flask-2.1.2/src/flask/app.py', 639, 639)"
446,breaks in linear flow,"('/home/toffer/Repos/flask-tags/flask-2.1.2/src/flask/app.py', 688, 688)"
447,breaks in linear flow,"('/home/toffer/Repos/flask-tags/flask-2.1.2/src/flask/app.py', 691, 691)"
448,breaks in linear flow,"('/home/toffer/Repos/flask-tags/flask-2.1.2/src/flask/app.py', 728, 728)"
449,breaks in linear flow,"('/home/toffer/Repos/flask-tags/flask-2.1.2/src/flask/app.py', 746, 746)"
450,breaks in linear flow,"('/home/toffer/Repos/flask-tags/flask-2.1.2/src/flask/app.py', 753, 753)"
451,breaks in linear flow,"('/home/toffer/Repos/flask-tags/flask-2.1.2/src/flask/app.py', 754, 754)"
452,breaks in linear flow,"('/home/toffer/Repos/flask-tags/flask-2.1.2/src/flask/app.py', 755, 755)"
453,breaks in linear flow,"('/home/toffer/Repos/flask-tags/flask-2.1.2/src/flask/app.py', 768, 768)"
454,breaks in linear flow,"('/home/toffer/Repos/flask-tags/flask-2.1.2/src/flask/app.py', 872, 872)"
455,breaks in linear flow,"('/home/toffer/Repos/flask-tags/flask-2.1.2/src/flask/app.py', 878, 878)"
456,breaks in linear flow,"('/home/toffer/Repos/flask-tags/flask-2.1.2/src/flask/app.py', 882, 882)"
457,breaks in linear flow,"('/home/toffer/Repos/flask-tags/flask-2.1.2/src/flask/app.py', 889, 889)"
458,breaks in linear flow,"('/home/toffer/Repos/flask-tags/flask-2.1.2/src/flask/app.py', 895, 895)"
459,breaks in linear flow,"('/home/toffer/Repos/flask-tags/flask-2.1.2/src/flask/app.py', 898, 898)"
460,breaks in linear flow,"('/home/toffer/Repos/flask-tags/flask-2.1.2/src/flask/app.py', 899, 899)"
461,breaks in linear flow,"('/home/toffer/Repos/flask-tags/flask-2.1.2/src/flask/app.py', 904, 904)"
462,breaks in linear flow,"('/home/toffer/Repos/flask-tags/flask-2.1.2/src/flask/app.py', 979, 979)"
463,breaks in linear flow,"('/home/toffer/Repos/flask-tags/flask-2.1.2/src/flask/app.py', 997, 997)"
464,breaks in linear flow,"('/home/toffer/Repos/flask-tags/flask-2.1.2/src/flask/app.py', 1046, 1046)"
465,breaks in linear flow,"('/home/toffer/Repos/flask-tags/flask-2.1.2/src/flask/app.py', 1054, 1054)"
466,breaks in linear flow,"('/home/toffer/Repos/flask-tags/flask-2.1.2/src/flask/app.py', 1056, 1056)"
467,breaks in linear flow,"('/home/toffer/Repos/flask-tags/flask-2.1.2/src/flask/app.py', 1068, 1068)"
468,breaks in linear flow,"('/home/toffer/Repos/flask-tags/flask-2.1.2/src/flask/app.py', 1073, 1073)"
469,breaks in linear flow,"('/home/toffer/Repos/flask-tags/flask-2.1.2/src/flask/app.py', 1074, 1074)"
470,breaks in linear flow,"('/home/toffer/Repos/flask-tags/flask-2.1.2/src/flask/app.py', 1087, 1087)"
471,breaks in linear flow,"('/home/toffer/Repos/flask-tags/flask-2.1.2/src/flask/app.py', 1089, 1089)"
472,breaks in linear flow,"('/home/toffer/Repos/flask-tags/flask-2.1.2/src/flask/app.py', 1277, 1277)"
473,breaks in linear flow,"('/home/toffer/Repos/flask-tags/flask-2.1.2/src/flask/app.py', 1278, 1278)"
474,breaks in linear flow,"('/home/toffer/Repos/flask-tags/flask-2.1.2/src/flask/app.py', 1281, 1281)"
475,breaks in linear flow,"('/home/toffer/Repos/flask-tags/flask-2.1.2/src/flask/app.py', 1282, 1282)"
476,breaks in linear flow,"('/home/toffer/Repos/flask-tags/flask-2.1.2/src/flask/app.py', 1284, 1284)"
477,breaks in linear flow,"('/home/toffer/Repos/flask-tags/flask-2.1.2/src/flask/app.py', 1287, 1287)"
478,breaks in linear flow,"('/home/toffer/Repos/flask-tags/flask-2.1.2/src/flask/app.py', 1312, 1312)"
479,breaks in linear flow,"('/home/toffer/Repos/flask-tags/flask-2.1.2/src/flask/app.py', 1318, 1318)"
480,breaks in linear flow,"('/home/toffer/Repos/flask-tags/flask-2.1.2/src/flask/app.py', 1322, 1322)"
481,breaks in linear flow,"('/home/toffer/Repos/flask-tags/flask-2.1.2/src/flask/app.py', 1343, 1343)"
482,breaks in linear flow,"('/home/toffer/Repos/flask-tags/flask-2.1.2/src/flask/app.py', 1349, 1349)"
483,breaks in linear flow,"('/home/toffer/Repos/flask-tags/flask-2.1.2/src/flask/app.py', 1356, 1356)"
484,breaks in linear flow,"('/home/toffer/Repos/flask-tags/flask-2.1.2/src/flask/app.py', 1378, 1378)"
485,breaks in linear flow,"('/home/toffer/Repos/flask-tags/flask-2.1.2/src/flask/app.py', 1383, 1383)"
486,breaks in linear flow,"('/home/toffer/Repos/flask-tags/flask-2.1.2/src/flask/app.py', 1388, 1388)"
487,breaks in linear flow,"('/home/toffer/Repos/flask-tags/flask-2.1.2/src/flask/app.py', 1424, 1424)"
488,breaks in linear flow,"('/home/toffer/Repos/flask-tags/flask-2.1.2/src/flask/app.py', 1427, 1427)"
489,breaks in linear flow,"('/home/toffer/Repos/flask-tags/flask-2.1.2/src/flask/app.py', 1437, 1437)"
490,breaks in linear flow,"('/home/toffer/Repos/flask-tags/flask-2.1.2/src/flask/app.py', 1475, 1475)"
491,breaks in linear flow,"('/home/toffer/Repos/flask-tags/flask-2.1.2/src/flask/app.py', 1498, 1498)"
492,breaks in linear flow,"('/home/toffer/Repos/flask-tags/flask-2.1.2/src/flask/app.py', 1503, 1503)"
493,breaks in linear flow,"('/home/toffer/Repos/flask-tags/flask-2.1.2/src/flask/app.py', 1522, 1522)"
494,breaks in linear flow,"('/home/toffer/Repos/flask-tags/flask-2.1.2/src/flask/app.py', 1524, 1524)"
495,breaks in linear flow,"('/home/toffer/Repos/flask-tags/flask-2.1.2/src/flask/app.py', 1549, 1549)"
496,breaks in linear flow,"('/home/toffer/Repos/flask-tags/flask-2.1.2/src/flask/app.py', 1550, 1550)"
497,breaks in linear flow,"('/home/toffer/Repos/flask-tags/flask-2.1.2/src/flask/app.py', 1564, 1564)"
498,breaks in linear flow,"('/home/toffer/Repos/flask-tags/flask-2.1.2/src/flask/app.py', 1567, 1567)"
499,breaks in linear flow,"('/home/toffer/Repos/flask-tags/flask-2.1.2/src/flask/app.py', 1569, 1569)"
500,breaks in linear flow,"('/home/toffer/Repos/flask-tags/flask-2.1.2/src/flask/app.py', 1605, 1605)"
501,breaks in linear flow,"('/home/toffer/Repos/flask-tags/flask-2.1.2/src/flask/app.py', 1626, 1626)"
502,breaks in linear flow,"('/home/toffer/Repos/flask-tags/flask-2.1.2/src/flask/app.py', 1679, 1679)"
503,breaks in linear flow,"('/home/toffer/Repos/flask-tags/flask-2.1.2/src/flask/app.py', 1683, 1683)"
504,breaks in linear flow,"('/home/toffer/Repos/flask-tags/flask-2.1.2/src/flask/app.py', 1687, 1687)"
505,breaks in linear flow,"('/home/toffer/Repos/flask-tags/flask-2.1.2/src/flask/app.py', 1700, 1700)"
506,breaks in linear flow,"('/home/toffer/Repos/flask-tags/flask-2.1.2/src/flask/app.py', 1708, 1708)"
507,breaks in linear flow,"('/home/toffer/Repos/flask-tags/flask-2.1.2/src/flask/app.py', 1709, 1709)"
508,breaks in linear flow,"('/home/toffer/Repos/flask-tags/flask-2.1.2/src/flask/app.py', 1726, 1726)"
509,breaks in linear flow,"('/home/toffer/Repos/flask-tags/flask-2.1.2/src/flask/app.py', 1743, 1743)"
510,breaks in linear flow,"('/home/toffer/Repos/flask-tags/flask-2.1.2/src/flask/app.py', 1744, 1744)"
511,breaks in linear flow,"('/home/toffer/Repos/flask-tags/flask-2.1.2/src/flask/app.py', 1750, 1750)"
512,breaks in linear flow,"('/home/toffer/Repos/flask-tags/flask-2.1.2/src/flask/app.py', 1772, 1772)"
513,breaks in linear flow,"('/home/toffer/Repos/flask-tags/flask-2.1.2/src/flask/app.py', 1776, 1776)"
514,breaks in linear flow,"('/home/toffer/Repos/flask-tags/flask-2.1.2/src/flask/app.py', 1788, 1788)"
515,breaks in linear flow,"('/home/toffer/Repos/flask-tags/flask-2.1.2/src/flask/app.py', 1808, 1808)"
516,breaks in linear flow,"('/home/toffer/Repos/flask-tags/flask-2.1.2/src/flask/app.py', 1813, 1813)"
517,breaks in linear flow,"('/home/toffer/Repos/flask-tags/flask-2.1.2/src/flask/app.py', 1814, 1814)"
518,breaks in linear flow,"('/home/toffer/Repos/flask-tags/flask-2.1.2/src/flask/app.py', 1815, 1815)"
519,breaks in linear flow,"('/home/toffer/Repos/flask-tags/flask-2.1.2/src/flask/app.py', 1824, 1824)"
520,breaks in linear flow,"('/home/toffer/Repos/flask-tags/flask-2.1.2/src/flask/app.py', 1827, 1827)"
521,breaks in linear flow,"('/home/toffer/Repos/flask-tags/flask-2.1.2/src/flask/app.py', 1831, 1831)"
522,breaks in linear flow,"('/home/toffer/Repos/flask-tags/flask-2.1.2/src/flask/app.py', 1836, 1836)"
523,breaks in linear flow,"('/home/toffer/Repos/flask-tags/flask-2.1.2/src/flask/app.py', 1853, 1853)"
524,breaks in linear flow,"('/home/toffer/Repos/flask-tags/flask-2.1.2/src/flask/app.py', 1854, 1854)"
525,breaks in linear flow,"('/home/toffer/Repos/flask-tags/flask-2.1.2/src/flask/app.py', 1855, 1855)"
526,breaks in linear flow,"('/home/toffer/Repos/flask-tags/flask-2.1.2/src/flask/app.py', 1858, 1858)"
527,breaks in linear flow,"('/home/toffer/Repos/flask-tags/flask-2.1.2/src/flask/app.py', 1859, 1859)"
528,breaks in linear flow,"('/home/toffer/Repos/flask-tags/flask-2.1.2/src/flask/app.py', 1860, 1860)"
529,breaks in linear flow,"('/home/toffer/Repos/flask-tags/flask-2.1.2/src/flask/app.py', 1863, 1863)"
530,breaks in linear flow,"('/home/toffer/Repos/flask-tags/flask-2.1.2/src/flask/app.py', 1883, 1883)"
531,breaks in linear flow,"('/home/toffer/Repos/flask-tags/flask-2.1.2/src/flask/app.py', 1886, 1886)"
532,breaks in linear flow,"('/home/toffer/Repos/flask-tags/flask-2.1.2/src/flask/app.py', 1887, 1887)"
533,breaks in linear flow,"('/home/toffer/Repos/flask-tags/flask-2.1.2/src/flask/app.py', 1888, 1888)"
534,breaks in linear flow,"('/home/toffer/Repos/flask-tags/flask-2.1.2/src/flask/app.py', 1891, 1891)"
535,breaks in linear flow,"('/home/toffer/Repos/flask-tags/flask-2.1.2/src/flask/app.py', 1919, 1919)"
536,breaks in linear flow,"('/home/toffer/Repos/flask-tags/flask-2.1.2/src/flask/app.py', 1922, 1922)"
537,breaks in linear flow,"('/home/toffer/Repos/flask-tags/flask-2.1.2/src/flask/app.py', 1923, 1923)"
538,breaks in linear flow,"('/home/toffer/Repos/flask-tags/flask-2.1.2/src/flask/app.py', 1924, 1924)"
539,breaks in linear flow,"('/home/toffer/Repos/flask-tags/flask-2.1.2/src/flask/app.py', 1946, 1946)"
540,breaks in linear flow,"('/home/toffer/Repos/flask-tags/flask-2.1.2/src/flask/app.py', 1949, 1949)"
541,breaks in linear flow,"('/home/toffer/Repos/flask-tags/flask-2.1.2/src/flask/app.py', 2078, 2078)"
542,breaks in linear flow,"('/home/toffer/Repos/flask-tags/flask-2.1.2/src/flask/app.py', 2081, 2081)"
543,breaks in linear flow,"('/home/toffer/Repos/flask-tags/flask-2.1.2/src/flask/app.py', 2086, 2086)"
544,breaks in linear flow,"('/home/toffer/Repos/flask-tags/flask-2.1.2/src/flask/cli.py', 23, 23)"
545,breaks in linear flow,"('/home/toffer/Repos/flask-tags/flask-2.1.2/src/flask/cli.py', 28, 28)"
546,breaks in linear flow,"('/home/toffer/Repos/flask-tags/flask-2.1.2/src/flask/cli.py', 31, 31)"
547,breaks in linear flow,"('/home/toffer/Repos/flask-tags/flask-2.1.2/src/flask/cli.py', 53, 53)"
548,breaks in linear flow,"('/home/toffer/Repos/flask-tags/flask-2.1.2/src/flask/cli.py', 56, 56)"
549,breaks in linear flow,"('/home/toffer/Repos/flask-tags/flask-2.1.2/src/flask/cli.py', 62, 62)"
550,breaks in linear flow,"('/home/toffer/Repos/flask-tags/flask-2.1.2/src/flask/cli.py', 72, 72)"
551,breaks in linear flow,"('/home/toffer/Repos/flask-tags/flask-2.1.2/src/flask/cli.py', 75, 75)"
552,breaks in linear flow,"('/home/toffer/Repos/flask-tags/flask-2.1.2/src/flask/cli.py', 79, 79)"
553,breaks in linear flow,"('/home/toffer/Repos/flask-tags/flask-2.1.2/src/flask/cli.py', 81, 81)"
554,breaks in linear flow,"('/home/toffer/Repos/flask-tags/flask-2.1.2/src/flask/cli.py', 82, 82)"
555,breaks in linear flow,"('/home/toffer/Repos/flask-tags/flask-2.1.2/src/flask/cli.py', 110, 110)"
556,breaks in linear flow,"('/home/toffer/Repos/flask-tags/flask-2.1.2/src/flask/cli.py', 111, 111)"
557,breaks in linear flow,"('/home/toffer/Repos/flask-tags/flask-2.1.2/src/flask/cli.py', 135, 135)"
558,breaks in linear flow,"('/home/toffer/Repos/flask-tags/flask-2.1.2/src/flask/cli.py', 140, 140)"
559,breaks in linear flow,"('/home/toffer/Repos/flask-tags/flask-2.1.2/src/flask/cli.py', 146, 146)"
560,breaks in linear flow,"('/home/toffer/Repos/flask-tags/flask-2.1.2/src/flask/cli.py', 157, 157)"
561,breaks in linear flow,"('/home/toffer/Repos/flask-tags/flask-2.1.2/src/flask/cli.py', 170, 170)"
562,breaks in linear flow,"('/home/toffer/Repos/flask-tags/flask-2.1.2/src/flask/cli.py', 177, 177)"
563,breaks in linear flow,"('/home/toffer/Repos/flask-tags/flask-2.1.2/src/flask/cli.py', 180, 180)"
564,breaks in linear flow,"('/home/toffer/Repos/flask-tags/flask-2.1.2/src/flask/cli.py', 181, 181)"
565,breaks in linear flow,"('/home/toffer/Repos/flask-tags/flask-2.1.2/src/flask/cli.py', 192, 192)"
566,breaks in linear flow,"('/home/toffer/Repos/flask-tags/flask-2.1.2/src/flask/cli.py', 208, 208)"
567,breaks in linear flow,"('/home/toffer/Repos/flask-tags/flask-2.1.2/src/flask/cli.py', 211, 211)"
568,breaks in linear flow,"('/home/toffer/Repos/flask-tags/flask-2.1.2/src/flask/cli.py', 217, 217)"
569,breaks in linear flow,"('/home/toffer/Repos/flask-tags/flask-2.1.2/src/flask/cli.py', 221, 221)"
570,breaks in linear flow,"('/home/toffer/Repos/flask-tags/flask-2.1.2/src/flask/cli.py', 222, 222)"
571,breaks in linear flow,"('/home/toffer/Repos/flask-tags/flask-2.1.2/src/flask/cli.py', 224, 224)"
572,breaks in linear flow,"('/home/toffer/Repos/flask-tags/flask-2.1.2/src/flask/cli.py', 235, 235)"
573,breaks in linear flow,"('/home/toffer/Repos/flask-tags/flask-2.1.2/src/flask/cli.py', 238, 238)"
574,breaks in linear flow,"('/home/toffer/Repos/flask-tags/flask-2.1.2/src/flask/cli.py', 250, 250)"
575,breaks in linear flow,"('/home/toffer/Repos/flask-tags/flask-2.1.2/src/flask/cli.py', 257, 257)"
576,breaks in linear flow,"('/home/toffer/Repos/flask-tags/flask-2.1.2/src/flask/cli.py', 295, 295)"
577,breaks in linear flow,"('/home/toffer/Repos/flask-tags/flask-2.1.2/src/flask/cli.py', 298, 298)"
578,breaks in linear flow,"('/home/toffer/Repos/flask-tags/flask-2.1.2/src/flask/cli.py', 312, 312)"
579,breaks in linear flow,"('/home/toffer/Repos/flask-tags/flask-2.1.2/src/flask/cli.py', 317, 317)"
580,breaks in linear flow,"('/home/toffer/Repos/flask-tags/flask-2.1.2/src/flask/cli.py', 327, 327)"
581,breaks in linear flow,"('/home/toffer/Repos/flask-tags/flask-2.1.2/src/flask/cli.py', 339, 339)"
582,breaks in linear flow,"('/home/toffer/Repos/flask-tags/flask-2.1.2/src/flask/cli.py', 343, 343)"
583,breaks in linear flow,"('/home/toffer/Repos/flask-tags/flask-2.1.2/src/flask/cli.py', 378, 378)"
584,breaks in linear flow,"('/home/toffer/Repos/flask-tags/flask-2.1.2/src/flask/cli.py', 381, 381)"
585,breaks in linear flow,"('/home/toffer/Repos/flask-tags/flask-2.1.2/src/flask/cli.py', 384, 384)"
586,breaks in linear flow,"('/home/toffer/Repos/flask-tags/flask-2.1.2/src/flask/cli.py', 391, 391)"
587,breaks in linear flow,"('/home/toffer/Repos/flask-tags/flask-2.1.2/src/flask/cli.py', 395, 395)"
588,breaks in linear flow,"('/home/toffer/Repos/flask-tags/flask-2.1.2/src/flask/cli.py', 396, 396)"
589,breaks in linear flow,"('/home/toffer/Repos/flask-tags/flask-2.1.2/src/flask/cli.py', 398, 398)"
590,breaks in linear flow,"('/home/toffer/Repos/flask-tags/flask-2.1.2/src/flask/cli.py', 405, 405)"
591,breaks in linear flow,"('/home/toffer/Repos/flask-tags/flask-2.1.2/src/flask/cli.py', 448, 448)"
592,breaks in linear flow,"('/home/toffer/Repos/flask-tags/flask-2.1.2/src/flask/cli.py', 497, 497)"
593,breaks in linear flow,"('/home/toffer/Repos/flask-tags/flask-2.1.2/src/flask/cli.py', 505, 505)"
594,breaks in linear flow,"('/home/toffer/Repos/flask-tags/flask-2.1.2/src/flask/cli.py', 513, 513)"
595,breaks in linear flow,"('/home/toffer/Repos/flask-tags/flask-2.1.2/src/flask/cli.py', 516, 516)"
596,breaks in linear flow,"('/home/toffer/Repos/flask-tags/flask-2.1.2/src/flask/cli.py', 527, 527)"
597,breaks in linear flow,"('/home/toffer/Repos/flask-tags/flask-2.1.2/src/flask/cli.py', 536, 536)"
598,breaks in linear flow,"('/home/toffer/Repos/flask-tags/flask-2.1.2/src/flask/cli.py', 549, 549)"
599,breaks in linear flow,"('/home/toffer/Repos/flask-tags/flask-2.1.2/src/flask/cli.py', 553, 553)"
600,breaks in linear flow,"('/home/toffer/Repos/flask-tags/flask-2.1.2/src/flask/cli.py', 567, 567)"
601,breaks in linear flow,"('/home/toffer/Repos/flask-tags/flask-2.1.2/src/flask/cli.py', 572, 572)"
602,breaks in linear flow,"('/home/toffer/Repos/flask-tags/flask-2.1.2/src/flask/cli.py', 611, 611)"
603,breaks in linear flow,"('/home/toffer/Repos/flask-tags/flask-2.1.2/src/flask/cli.py', 612, 612)"
604,breaks in linear flow,"('/home/toffer/Repos/flask-tags/flask-2.1.2/src/flask/cli.py', 624, 624)"
605,breaks in linear flow,"('/home/toffer/Repos/flask-tags/flask-2.1.2/src/flask/cli.py', 625, 625)"
606,breaks in linear flow,"('/home/toffer/Repos/flask-tags/flask-2.1.2/src/flask/cli.py', 632, 632)"
607,breaks in linear flow,"('/home/toffer/Repos/flask-tags/flask-2.1.2/src/flask/cli.py', 635, 635)"
608,breaks in linear flow,"('/home/toffer/Repos/flask-tags/flask-2.1.2/src/flask/cli.py', 636, 636)"
609,breaks in linear flow,"('/home/toffer/Repos/flask-tags/flask-2.1.2/src/flask/cli.py', 638, 638)"
610,breaks in linear flow,"('/home/toffer/Repos/flask-tags/flask-2.1.2/src/flask/cli.py', 650, 650)"
611,breaks in linear flow,"('/home/toffer/Repos/flask-tags/flask-2.1.2/src/flask/cli.py', 653, 653)"
612,breaks in linear flow,"('/home/toffer/Repos/flask-tags/flask-2.1.2/src/flask/cli.py', 656, 656)"
613,breaks in linear flow,"('/home/toffer/Repos/flask-tags/flask-2.1.2/src/flask/cli.py', 663, 663)"
614,breaks in linear flow,"('/home/toffer/Repos/flask-tags/flask-2.1.2/src/flask/cli.py', 671, 671)"
615,breaks in linear flow,"('/home/toffer/Repos/flask-tags/flask-2.1.2/src/flask/cli.py', 687, 687)"
616,breaks in linear flow,"('/home/toffer/Repos/flask-tags/flask-2.1.2/src/flask/cli.py', 696, 696)"
617,breaks in linear flow,"('/home/toffer/Repos/flask-tags/flask-2.1.2/src/flask/cli.py', 699, 699)"
618,breaks in linear flow,"('/home/toffer/Repos/flask-tags/flask-2.1.2/src/flask/cli.py', 702, 702)"
619,breaks in linear flow,"('/home/toffer/Repos/flask-tags/flask-2.1.2/src/flask/cli.py', 713, 713)"
620,breaks in linear flow,"('/home/toffer/Repos/flask-tags/flask-2.1.2/src/flask/cli.py', 727, 727)"
621,breaks in linear flow,"('/home/toffer/Repos/flask-tags/flask-2.1.2/src/flask/cli.py', 728, 728)"
622,breaks in linear flow,"('/home/toffer/Repos/flask-tags/flask-2.1.2/src/flask/cli.py', 733, 733)"
623,breaks in linear flow,"('/home/toffer/Repos/flask-tags/flask-2.1.2/src/flask/cli.py', 738, 738)"
624,breaks in linear flow,"('/home/toffer/Repos/flask-tags/flask-2.1.2/src/flask/cli.py', 744, 744)"
625,breaks in linear flow,"('/home/toffer/Repos/flask-tags/flask-2.1.2/src/flask/cli.py', 843, 843)"
626,breaks in linear flow,"('/home/toffer/Repos/flask-tags/flask-2.1.2/src/flask/cli.py', 846, 846)"
627,breaks in linear flow,"('/home/toffer/Repos/flask-tags/flask-2.1.2/src/flask/cli.py', 891, 891)"
628,breaks in linear flow,"('/home/toffer/Repos/flask-tags/flask-2.1.2/src/flask/cli.py', 902, 902)"
629,breaks in linear flow,"('/home/toffer/Repos/flask-tags/flask-2.1.2/src/flask/cli.py', 906, 906)"
630,breaks in linear flow,"('/home/toffer/Repos/flask-tags/flask-2.1.2/src/flask/cli.py', 935, 935)"
631,breaks in linear flow,"('/home/toffer/Repos/flask-tags/flask-2.1.2/src/flask/cli.py', 941, 941)"
632,breaks in linear flow,"('/home/toffer/Repos/flask-tags/flask-2.1.2/src/flask/cli.py', 963, 963)"
633,breaks in linear flow,"('/home/toffer/Repos/flask-tags/flask-2.1.2/src/flask/cli.py', 991, 991)"
634,breaks in linear flow,"('/home/toffer/Repos/flask-tags/flask-2.1.2/src/flask/wrappers.py', 11, 11)"
635,breaks in linear flow,"('/home/toffer/Repos/flask-tags/flask-2.1.2/src/flask/wrappers.py', 55, 55)"
636,breaks in linear flow,"('/home/toffer/Repos/flask-tags/flask-2.1.2/src/flask/wrappers.py', 70, 70)"
637,breaks in linear flow,"('/home/toffer/Repos/flask-tags/flask-2.1.2/src/flask/wrappers.py', 89, 89)"
638,breaks in linear flow,"('/home/toffer/Repos/flask-tags/flask-2.1.2/src/flask/wrappers.py', 106, 106)"
639,breaks in linear flow,"('/home/toffer/Repos/flask-tags/flask-2.1.2/src/flask/wrappers.py', 116, 116)"
640,breaks in linear flow,"('/home/toffer/Repos/flask-tags/flask-2.1.2/src/flask/wrappers.py', 129, 129)"
641,breaks in linear flow,"('/home/toffer/Repos/flask-tags/flask-2.1.2/src/flask/wrappers.py', 130, 130)"
642,breaks in linear flow,"('/home/toffer/Repos/flask-tags/flask-2.1.2/src/flask/wrappers.py', 167, 167)"
643,breaks in linear flow,"('/home/toffer/Repos/flask-tags/flask-2.1.2/src/flask/testing.py', 17, 17)"
644,breaks in linear flow,"('/home/toffer/Repos/flask-tags/flask-2.1.2/src/flask/testing.py', 61, 61)"
645,breaks in linear flow,"('/home/toffer/Repos/flask-tags/flask-2.1.2/src/flask/testing.py', 65, 65)"
646,breaks in linear flow,"('/home/toffer/Repos/flask-tags/flask-2.1.2/src/flask/testing.py', 68, 68)"
647,breaks in linear flow,"('/home/toffer/Repos/flask-tags/flask-2.1.2/src/flask/testing.py', 78, 78)"
648,breaks in linear flow,"('/home/toffer/Repos/flask-tags/flask-2.1.2/src/flask/testing.py', 140, 140)"
649,breaks in linear flow,"('/home/toffer/Repos/flask-tags/flask-2.1.2/src/flask/testing.py', 151, 151)"
650,breaks in linear flow,"('/home/toffer/Repos/flask-tags/flask-2.1.2/src/flask/testing.py', 170, 170)"
651,breaks in linear flow,"('/home/toffer/Repos/flask-tags/flask-2.1.2/src/flask/testing.py', 198, 198)"
652,breaks in linear flow,"('/home/toffer/Repos/flask-tags/flask-2.1.2/src/flask/testing.py', 201, 201)"
653,breaks in linear flow,"('/home/toffer/Repos/flask-tags/flask-2.1.2/src/flask/testing.py', 224, 224)"
654,breaks in linear flow,"('/home/toffer/Repos/flask-tags/flask-2.1.2/src/flask/testing.py', 241, 241)"
655,breaks in linear flow,"('/home/toffer/Repos/flask-tags/flask-2.1.2/src/flask/testing.py', 244, 244)"
656,breaks in linear flow,"('/home/toffer/Repos/flask-tags/flask-2.1.2/src/flask/testing.py', 247, 247)"
657,breaks in linear flow,"('/home/toffer/Repos/flask-tags/flask-2.1.2/src/flask/testing.py', 277, 277)"
658,breaks in linear flow,"('/home/toffer/Repos/flask-tags/flask-2.1.2/src/flask/testing.py', 280, 280)"
659,breaks in linear flow,"('/home/toffer/Repos/flask-tags/flask-2.1.2/src/flask/debughelpers.py', 31, 31)"
660,breaks in linear flow,"('/home/toffer/Repos/flask-tags/flask-2.1.2/src/flask/debughelpers.py', 57, 57)"
661,breaks in linear flow,"('/home/toffer/Repos/flask-tags/flask-2.1.2/src/flask/debughelpers.py', 86, 86)"
662,breaks in linear flow,"('/home/toffer/Repos/flask-tags/flask-2.1.2/src/flask/debughelpers.py', 87, 87)"
663,breaks in linear flow,"('/home/toffer/Repos/flask-tags/flask-2.1.2/src/flask/debughelpers.py', 101, 101)"
664,breaks in linear flow,"('/home/toffer/Repos/flask-tags/flask-2.1.2/src/flask/debughelpers.py', 102, 102)"
665,breaks in linear flow,"('/home/toffer/Repos/flask-tags/flask-2.1.2/src/flask/debughelpers.py', 103, 103)"
666,breaks in linear flow,"('/home/toffer/Repos/flask-tags/flask-2.1.2/src/flask/debughelpers.py', 104, 104)"
667,breaks in linear flow,"('/home/toffer/Repos/flask-tags/flask-2.1.2/src/flask/debughelpers.py', 105, 105)"
668,breaks in linear flow,"('/home/toffer/Repos/flask-tags/flask-2.1.2/src/flask/debughelpers.py', 106, 106)"
669,breaks in linear flow,"('/home/toffer/Repos/flask-tags/flask-2.1.2/src/flask/debughelpers.py', 108, 108)"
670,breaks in linear flow,"('/home/toffer/Repos/flask-tags/flask-2.1.2/src/flask/debughelpers.py', 110, 110)"
671,breaks in linear flow,"('/home/toffer/Repos/flask-tags/flask-2.1.2/src/flask/debughelpers.py', 112, 112)"
672,breaks in linear flow,"('/home/toffer/Repos/flask-tags/flask-2.1.2/src/flask/debughelpers.py', 122, 122)"
673,breaks in linear flow,"('/home/toffer/Repos/flask-tags/flask-2.1.2/src/flask/debughelpers.py', 125, 125)"
674,breaks in linear flow,"('/home/toffer/Repos/flask-tags/flask-2.1.2/src/flask/debughelpers.py', 126, 126)"
675,breaks in linear flow,"('/home/toffer/Repos/flask-tags/flask-2.1.2/src/flask/debughelpers.py', 135, 135)"
676,breaks in linear flow,"('/home/toffer/Repos/flask-tags/flask-2.1.2/src/flask/debughelpers.py', 138, 138)"
677,breaks in linear flow,"('/home/toffer/Repos/flask-tags/flask-2.1.2/src/flask/debughelpers.py', 146, 146)"
678,breaks in linear flow,"('/home/toffer/Repos/flask-tags/flask-2.1.2/src/flask/debughelpers.py', 153, 153)"
679,breaks in linear flow,"('/home/toffer/Repos/flask-tags/flask-2.1.2/src/flask/debughelpers.py', 165, 165)"
680,breaks in linear flow,"('/home/toffer/Repos/flask-tags/flask-2.1.2/src/flask/logging.py', 9, 9)"
681,breaks in linear flow,"('/home/toffer/Repos/flask-tags/flask-2.1.2/src/flask/logging.py', 33, 33)"
682,breaks in linear flow,"('/home/toffer/Repos/flask-tags/flask-2.1.2/src/flask/logging.py', 34, 34)"
683,breaks in linear flow,"('/home/toffer/Repos/flask-tags/flask-2.1.2/src/flask/logging.py', 37, 37)"
684,breaks in linear flow,"('/home/toffer/Repos/flask-tags/flask-2.1.2/src/flask/logging.py', 38, 38)"
685,breaks in linear flow,"('/home/toffer/Repos/flask-tags/flask-2.1.2/src/flask/logging.py', 68, 68)"
686,breaks in linear flow,"('/home/toffer/Repos/flask-tags/flask-2.1.2/src/flask/logging.py', 71, 71)"
687,breaks in linear flow,"('/home/toffer/Repos/flask-tags/flask-2.1.2/src/flask/config.py', 18, 18)"
688,breaks in linear flow,"('/home/toffer/Repos/flask-tags/flask-2.1.2/src/flask/config.py', 21, 21)"
689,breaks in linear flow,"('/home/toffer/Repos/flask-tags/flask-2.1.2/src/flask/config.py', 90, 90)"
690,breaks in linear flow,"('/home/toffer/Repos/flask-tags/flask-2.1.2/src/flask/config.py', 91, 91)"
691,breaks in linear flow,"('/home/toffer/Repos/flask-tags/flask-2.1.2/src/flask/config.py', 130, 130)"
692,breaks in linear flow,"('/home/toffer/Repos/flask-tags/flask-2.1.2/src/flask/config.py', 131, 131)"
693,breaks in linear flow,"('/home/toffer/Repos/flask-tags/flask-2.1.2/src/flask/config.py', 132, 132)"
694,breaks in linear flow,"('/home/toffer/Repos/flask-tags/flask-2.1.2/src/flask/config.py', 138, 138)"
695,breaks in linear flow,"('/home/toffer/Repos/flask-tags/flask-2.1.2/src/flask/config.py', 145, 145)"
696,breaks in linear flow,"('/home/toffer/Repos/flask-tags/flask-2.1.2/src/flask/config.py', 148, 148)"
697,breaks in linear flow,"('/home/toffer/Repos/flask-tags/flask-2.1.2/src/flask/config.py', 154, 154)"
698,breaks in linear flow,"('/home/toffer/Repos/flask-tags/flask-2.1.2/src/flask/config.py', 156, 156)"
699,breaks in linear flow,"('/home/toffer/Repos/flask-tags/flask-2.1.2/src/flask/config.py', 186, 186)"
700,breaks in linear flow,"('/home/toffer/Repos/flask-tags/flask-2.1.2/src/flask/config.py', 187, 187)"
701,breaks in linear flow,"('/home/toffer/Repos/flask-tags/flask-2.1.2/src/flask/config.py', 226, 226)"
702,breaks in linear flow,"('/home/toffer/Repos/flask-tags/flask-2.1.2/src/flask/config.py', 228, 228)"
703,breaks in linear flow,"('/home/toffer/Repos/flask-tags/flask-2.1.2/src/flask/config.py', 229, 229)"
704,breaks in linear flow,"('/home/toffer/Repos/flask-tags/flask-2.1.2/src/flask/config.py', 266, 266)"
705,breaks in linear flow,"('/home/toffer/Repos/flask-tags/flask-2.1.2/src/flask/config.py', 267, 267)"
706,breaks in linear flow,"('/home/toffer/Repos/flask-tags/flask-2.1.2/src/flask/config.py', 285, 285)"
707,breaks in linear flow,"('/home/toffer/Repos/flask-tags/flask-2.1.2/src/flask/config.py', 288, 288)"
708,breaks in linear flow,"('/home/toffer/Repos/flask-tags/flask-2.1.2/src/flask/config.py', 289, 289)"
709,breaks in linear flow,"('/home/toffer/Repos/flask-tags/flask-2.1.2/src/flask/config.py', 324, 324)"
710,breaks in linear flow,"('/home/toffer/Repos/flask-tags/flask-2.1.2/src/flask/config.py', 325, 325)"
711,breaks in linear flow,"('/home/toffer/Repos/flask-tags/flask-2.1.2/src/flask/config.py', 326, 326)"
712,breaks in linear flow,"('/home/toffer/Repos/flask-tags/flask-2.1.2/src/flask/config.py', 327, 327)"
713,breaks in linear flow,"('/home/toffer/Repos/flask-tags/flask-2.1.2/src/flask/config.py', 331, 331)"
714,breaks in linear flow,"('/home/toffer/Repos/flask-tags/flask-2.1.2/src/flask/views.py', 86, 86)"
715,breaks in linear flow,"('/home/toffer/Repos/flask-tags/flask-2.1.2/src/flask/views.py', 89, 89)"
716,breaks in linear flow,"('/home/toffer/Repos/flask-tags/flask-2.1.2/src/flask/views.py', 114, 114)"
717,breaks in linear flow,"('/home/toffer/Repos/flask-tags/flask-2.1.2/src/flask/views.py', 117, 117)"
718,breaks in linear flow,"('/home/toffer/Repos/flask-tags/flask-2.1.2/src/flask/views.py', 118, 118)"
719,breaks in linear flow,"('/home/toffer/Repos/flask-tags/flask-2.1.2/src/flask/views.py', 121, 121)"
720,breaks in linear flow,"('/home/toffer/Repos/flask-tags/flask-2.1.2/src/flask/views.py', 122, 122)"
721,breaks in linear flow,"('/home/toffer/Repos/flask-tags/flask-2.1.2/src/flask/views.py', 129, 129)"
722,breaks in linear flow,"('/home/toffer/Repos/flask-tags/flask-2.1.2/src/flask/views.py', 154, 154)"
723,breaks in linear flow,"('/home/toffer/Repos/flask-tags/flask-2.1.2/src/flask/signals.py', 7, 7)"
724,breaks in linear flow,"('/home/toffer/Repos/flask-tags/flask-2.1.2/src/flask/json/tag.py', 250, 250)"
725,breaks in linear flow,"('/home/toffer/Repos/flask-tags/flask-2.1.2/src/flask/json/tag.py', 275, 275)"
726,breaks in linear flow,"('/home/toffer/Repos/flask-tags/flask-2.1.2/src/flask/json/tag.py', 276, 276)"
727,breaks in linear flow,"('/home/toffer/Repos/flask-tags/flask-2.1.2/src/flask/json/tag.py', 281, 281)"
728,breaks in linear flow,"('/home/toffer/Repos/flask-tags/flask-2.1.2/src/flask/json/tag.py', 288, 288)"
729,breaks in linear flow,"('/home/toffer/Repos/flask-tags/flask-2.1.2/src/flask/json/tag.py', 289, 289)"
730,breaks in linear flow,"('/home/toffer/Repos/flask-tags/flask-2.1.2/src/flask/json/tag.py', 296, 296)"
731,breaks in linear flow,"('/home/toffer/Repos/flask-tags/flask-2.1.2/src/flask/json/tag.py', 301, 301)"
732,breaks in linear flow,"('/home/toffer/Repos/flask-tags/flask-2.1.2/src/flask/json/__init__.py', 14, 14)"
733,breaks in linear flow,"('/home/toffer/Repos/flask-tags/flask-2.1.2/src/flask/json/__init__.py', 42, 42)"
734,breaks in linear flow,"('/home/toffer/Repos/flask-tags/flask-2.1.2/src/flask/json/__init__.py', 44, 44)"
735,breaks in linear flow,"('/home/toffer/Repos/flask-tags/flask-2.1.2/src/flask/json/__init__.py', 46, 46)"
736,breaks in linear flow,"('/home/toffer/Repos/flask-tags/flask-2.1.2/src/flask/json/__init__.py', 48, 48)"
737,breaks in linear flow,"('/home/toffer/Repos/flask-tags/flask-2.1.2/src/flask/json/__init__.py', 68, 68)"
738,breaks in linear flow,"('/home/toffer/Repos/flask-tags/flask-2.1.2/src/flask/json/__init__.py', 71, 71)"
739,breaks in linear flow,"('/home/toffer/Repos/flask-tags/flask-2.1.2/src/flask/json/__init__.py', 74, 74)"
740,breaks in linear flow,"('/home/toffer/Repos/flask-tags/flask-2.1.2/src/flask/json/__init__.py', 79, 79)"
741,breaks in linear flow,"('/home/toffer/Repos/flask-tags/flask-2.1.2/src/flask/json/__init__.py', 94, 94)"
742,breaks in linear flow,"('/home/toffer/Repos/flask-tags/flask-2.1.2/src/flask/json/__init__.py', 97, 97)"
743,breaks in linear flow,"('/home/toffer/Repos/flask-tags/flask-2.1.2/src/flask/json/__init__.py', 100, 100)"
744,breaks in linear flow,"('/home/toffer/Repos/flask-tags/flask-2.1.2/src/flask/json/__init__.py', 105, 105)"
745,breaks in linear flow,"('/home/toffer/Repos/flask-tags/flask-2.1.2/src/flask/json/__init__.py', 289, 289)"
746,breaks in linear flow,"('/home/toffer/Repos/flask-tags/flask-2.1.2/src/flask/json/__init__.py', 293, 293)"
747,recursion,"('/home/toffer/Repos/flask-tags/flask-2.1.2/tests/test_basic.py', 586, 586)"
748,recursion,"('/home/toffer/Repos/flask-tags/flask-2.1.2/tests/test_views.py', 38, 38)"
749,recursion,"('/home/toffer/Repos/flask-tags/flask-2.1.2/src/flask/templating.py', 81, 81)"
