,type,file_start_end
0,method length,"('/home/toffer/Repos/flask-tags/flask-0.8.1/flask/blueprints.py', 25, 60)"
1,method length,"('/home/toffer/Repos/flask-tags/flask-0.8.1/flask/ctx.py', 22, 51)"
2,method length,"('/home/toffer/Repos/flask-tags/flask-0.8.1/flask/helpers.py', 90, 120)"
3,method length,"('/home/toffer/Repos/flask-tags/flask-0.8.1/flask/helpers.py', 123, 169)"
4,method length,"('/home/toffer/Repos/flask-tags/flask-0.8.1/flask/helpers.py', 172, 208)"
5,method length,"('/home/toffer/Repos/flask-tags/flask-0.8.1/flask/helpers.py', 252, 278)"
6,method length,"('/home/toffer/Repos/flask-tags/flask-0.8.1/flask/helpers.py', 283, 415)"
7,method length,"('/home/toffer/Repos/flask-tags/flask-0.8.1/flask/helpers.py', 443, 473)"
8,method length,"('/home/toffer/Repos/flask-tags/flask-0.8.1/flask/helpers.py', 492, 531)"
9,method length,"('/home/toffer/Repos/flask-tags/flask-0.8.1/flask/app.py', 275, 450)"
10,method length,"('/home/toffer/Repos/flask-tags/flask-0.8.1/flask/app.py', 667, 708)"
11,method length,"('/home/toffer/Repos/flask-tags/flask-0.8.1/flask/app.py', 812, 893)"
12,method length,"('/home/toffer/Repos/flask-tags/flask-0.8.1/flask/app.py', 895, 925)"
13,method length,"('/home/toffer/Repos/flask-tags/flask-0.8.1/flask/app.py', 944, 983)"
14,method length,"('/home/toffer/Repos/flask-tags/flask-0.8.1/flask/app.py', 1139, 1168)"
15,method length,"('/home/toffer/Repos/flask-tags/flask-0.8.1/flask/app.py', 1170, 1197)"
16,method length,"('/home/toffer/Repos/flask-tags/flask-0.8.1/flask/app.py', 1309, 1339)"
17,method length,"('/home/toffer/Repos/flask-tags/flask-0.8.1/flask/app.py', 1435, 1463)"
18,method length,"('/home/toffer/Repos/flask-tags/flask-0.8.1/flask/app.py', 1477, 1507)"
19,method length,"('/home/toffer/Repos/flask-tags/flask-0.8.1/flask/testing.py', 43, 88)"
20,method length,"('/home/toffer/Repos/flask-tags/flask-0.8.1/flask/exthook.py', 54, 86)"
21,method length,"('/home/toffer/Repos/flask-tags/flask-0.8.1/flask/logging.py', 17, 43)"
22,method length,"('/home/toffer/Repos/flask-tags/flask-0.8.1/flask/config.py', 139, 166)"
23,method length,"('/home/toffer/Repos/flask-tags/flask-0.8.1/flask/views.py', 72, 101)"
24,method length,"('/home/toffer/Repos/flask-tags/flask-0.8.1/flask/testsuite/blueprints.py', 68, 101)"
25,method length,"('/home/toffer/Repos/flask-tags/flask-0.8.1/flask/testsuite/blueprints.py', 162, 191)"
26,method length,"('/home/toffer/Repos/flask-tags/flask-0.8.1/flask/testsuite/blueprints.py', 193, 225)"
27,method length,"('/home/toffer/Repos/flask-tags/flask-0.8.1/flask/testsuite/blueprints.py', 257, 295)"
28,method length,"('/home/toffer/Repos/flask-tags/flask-0.8.1/flask/testsuite/blueprints.py', 345, 373)"
29,method length,"('/home/toffer/Repos/flask-tags/flask-0.8.1/flask/testsuite/blueprints.py', 422, 453)"
30,method length,"('/home/toffer/Repos/flask-tags/flask-0.8.1/flask/testsuite/blueprints.py', 455, 505)"
31,method length,"('/home/toffer/Repos/flask-tags/flask-0.8.1/flask/testsuite/helpers.py', 130, 178)"
32,method length,"('/home/toffer/Repos/flask-tags/flask-0.8.1/flask/testsuite/helpers.py', 218, 247)"
33,method length,"('/home/toffer/Repos/flask-tags/flask-0.8.1/flask/testsuite/testing.py', 105, 133)"
34,method length,"('/home/toffer/Repos/flask-tags/flask-0.8.1/flask/testsuite/signals.py', 39, 77)"
35,method length,"('/home/toffer/Repos/flask-tags/flask-0.8.1/flask/testsuite/basic.py', 249, 280)"
36,method length,"('/home/toffer/Repos/flask-tags/flask-0.8.1/flask/testsuite/basic.py', 294, 321)"
37,method length,"('/home/toffer/Repos/flask-tags/flask-0.8.1/flask/testsuite/basic.py', 375, 406)"
38,method length,"('/home/toffer/Repos/flask-tags/flask-0.8.1/flask/testsuite/basic.py', 408, 436)"
39,method length,"('/home/toffer/Repos/flask-tags/flask-0.8.1/flask/testsuite/basic.py', 645, 690)"
40,method length,"('/home/toffer/Repos/flask-tags/flask-0.8.1/flask/testsuite/basic.py', 692, 741)"
41,method length,"('/home/toffer/Repos/flask-tags/flask-0.8.1/flask/testsuite/basic.py', 789, 818)"
42,method length,"('/home/toffer/Repos/flask-tags/flask-0.8.1/scripts/make-release.py', 119, 147)"
43,method length,"('/home/toffer/Repos/flask-tags/flask-0.8.1/scripts/flaskext_test.py', 122, 149)"
44,method length,"('/home/toffer/Repos/flask-tags/flask-0.8.1/scripts/flask-07-upgrade.py', 85, 124)"
45,method length,"('/home/toffer/Repos/flask-tags/flask-0.8.1/scripts/flask-07-upgrade.py', 128, 169)"
46,method length,"('/home/toffer/Repos/flask-tags/flask-0.8.1/scripts/flaskext_compat.py', 50, 82)"
47,method length,"('/home/toffer/Repos/flask-tags/flask-0.8.1/examples/minitwit/minitwit_tests.py', 107, 145)"
48,file length,"('/home/toffer/Repos/flask-tags/flask-0.8.1/flask/blueprints.py', -1, -1)"
49,file length,"('/home/toffer/Repos/flask-tags/flask-0.8.1/flask/helpers.py', -1, -1)"
50,file length,"('/home/toffer/Repos/flask-tags/flask-0.8.1/flask/app.py', -1, -1)"
51,file length,"('/home/toffer/Repos/flask-tags/flask-0.8.1/flask/testsuite/blueprints.py', -1, -1)"
52,file length,"('/home/toffer/Repos/flask-tags/flask-0.8.1/flask/testsuite/basic.py', -1, -1)"
53,argument count,"('/home/toffer/Repos/flask-tags/flask-0.8.1/docs/flaskdocext.py', 8, 8)"
54,argument count,"('/home/toffer/Repos/flask-tags/flask-0.8.1/flask/blueprints.py', 24, 24)"
55,argument count,"('/home/toffer/Repos/flask-tags/flask-0.8.1/flask/blueprints.py', 62, 62)"
56,argument count,"('/home/toffer/Repos/flask-tags/flask-0.8.1/flask/blueprints.py', 92, 94)"
57,argument count,"('/home/toffer/Repos/flask-tags/flask-0.8.1/flask/blueprints.py', 165, 165)"
58,argument count,"('/home/toffer/Repos/flask-tags/flask-0.8.1/flask/module.py', 32, 33)"
59,argument count,"('/home/toffer/Repos/flask-tags/flask-0.8.1/flask/helpers.py', 281, 283)"
60,argument count,"('/home/toffer/Repos/flask-tags/flask-0.8.1/flask/app.py', 273, 275)"
61,argument count,"('/home/toffer/Repos/flask-tags/flask-0.8.1/flask/app.py', 667, 667)"
62,argument count,"('/home/toffer/Repos/flask-tags/flask-0.8.1/flask/app.py', 812, 812)"
63,argument count,"('/home/toffer/Repos/flask-tags/flask-0.8.1/flask/testing.py', 20, 20)"
64,argument count,"('/home/toffer/Repos/flask-tags/flask-0.8.1/flask/testsuite/__init__.py', 76, 76)"
65,argument count,"('/home/toffer/Repos/flask-tags/flask-0.8.1/flask/testsuite/__init__.py', 135, 135)"
66,argument count,"('/home/toffer/Repos/flask-tags/flask-0.8.1/scripts/flaskext_test.py', 122, 122)"
67,argument count,"('/home/toffer/Repos/flask-tags/flask-0.8.1/examples/minitwit/minitwit_tests.py', 32, 32)"
68,method count,"('/home/toffer/Repos/flask-tags/flask-0.8.1/flask/blueprints.py', 24, 319)"
69,method count,"('/home/toffer/Repos/flask-tags/flask-0.8.1/flask/helpers.py', 53, 648)"
70,method count,"('/home/toffer/Repos/flask-tags/flask-0.8.1/flask/app.py', 44, 1517)"
71,method count,"('/home/toffer/Repos/flask-tags/flask-0.8.1/flask/testsuite/blueprints.py', 32, 511)"
72,method count,"('/home/toffer/Repos/flask-tags/flask-0.8.1/flask/testsuite/templating.py', 21, 143)"
73,method count,"('/home/toffer/Repos/flask-tags/flask-0.8.1/flask/testsuite/__init__.py', 26, 220)"
74,method count,"('/home/toffer/Repos/flask-tags/flask-0.8.1/flask/testsuite/helpers.py', 23, 297)"
75,method count,"('/home/toffer/Repos/flask-tags/flask-0.8.1/flask/testsuite/views.py', 20, 151)"
76,method count,"('/home/toffer/Repos/flask-tags/flask-0.8.1/flask/testsuite/basic.py', 26, 1050)"
77,Return Statements,"('/home/toffer/Repos/flask-tags/flask-0.8.1/flask/testsuite/blueprints.py', 104, 125)"
78,Return Statements,"('/home/toffer/Repos/flask-tags/flask-0.8.1/flask/testsuite/blueprints.py', 421, 453)"
79,Return Statements,"('/home/toffer/Repos/flask-tags/flask-0.8.1/scripts/flask-07-upgrade.py', 85, 124)"
80,Return Statements,"('/home/toffer/Repos/flask-tags/flask-0.8.1/scripts/flask-07-upgrade.py', 127, 169)"
81,nested controlflow,"('/home/toffer/Repos/flask-tags/flask-0.8.1/setup.py', 68, 72)"
82,nested controlflow,"('/home/toffer/Repos/flask-tags/flask-0.8.1/flask/templating.py', 93, 100)"
83,nested controlflow,"('/home/toffer/Repos/flask-tags/flask-0.8.1/scripts/flask-07-upgrade.py', 75, 80)"
84,nested controlflow,"('/home/toffer/Repos/flask-tags/flask-0.8.1/scripts/flask-07-upgrade.py', 102, 108)"
85,nested controlflow,"('/home/toffer/Repos/flask-tags/flask-0.8.1/scripts/flask-07-upgrade.py', 248, 262)"
86,breaks in linear flow,"('/home/toffer/Repos/flask-tags/flask-0.8.1/setup.py', 61, 61)"
87,breaks in linear flow,"('/home/toffer/Repos/flask-tags/flask-0.8.1/setup.py', 68, 68)"
88,breaks in linear flow,"('/home/toffer/Repos/flask-tags/flask-0.8.1/setup.py', 69, 69)"
89,breaks in linear flow,"('/home/toffer/Repos/flask-tags/flask-0.8.1/setup.py', 70, 70)"
90,breaks in linear flow,"('/home/toffer/Repos/flask-tags/flask-0.8.1/setup.py', 71, 71)"
91,breaks in linear flow,"('/home/toffer/Repos/flask-tags/flask-0.8.1/setup.py', 73, 73)"
92,breaks in linear flow,"('/home/toffer/Repos/flask-tags/flask-0.8.1/docs/flaskdocext.py', 10, 10)"
93,breaks in linear flow,"('/home/toffer/Repos/flask-tags/flask-0.8.1/docs/conf.py', 54, 54)"
94,breaks in linear flow,"('/home/toffer/Repos/flask-tags/flask-0.8.1/docs/conf.py', 62, 62)"
95,breaks in linear flow,"('/home/toffer/Repos/flask-tags/flask-0.8.1/docs/conf.py', 259, 259)"
96,breaks in linear flow,"('/home/toffer/Repos/flask-tags/flask-0.8.1/flask/blueprints.py', 42, 42)"
97,breaks in linear flow,"('/home/toffer/Repos/flask-tags/flask-0.8.1/flask/blueprints.py', 50, 50)"
98,breaks in linear flow,"('/home/toffer/Repos/flask-tags/flask-0.8.1/flask/blueprints.py', 67, 67)"
99,breaks in linear flow,"('/home/toffer/Repos/flask-tags/flask-0.8.1/flask/blueprints.py', 70, 70)"
100,breaks in linear flow,"('/home/toffer/Repos/flask-tags/flask-0.8.1/flask/blueprints.py', 73, 73)"
101,breaks in linear flow,"('/home/toffer/Repos/flask-tags/flask-0.8.1/flask/blueprints.py', 103, 103)"
102,breaks in linear flow,"('/home/toffer/Repos/flask-tags/flask-0.8.1/flask/blueprints.py', 113, 113)"
103,breaks in linear flow,"('/home/toffer/Repos/flask-tags/flask-0.8.1/flask/blueprints.py', 127, 127)"
104,breaks in linear flow,"('/home/toffer/Repos/flask-tags/flask-0.8.1/flask/blueprints.py', 147, 147)"
105,breaks in linear flow,"('/home/toffer/Repos/flask-tags/flask-0.8.1/flask/blueprints.py', 152, 152)"
106,breaks in linear flow,"('/home/toffer/Repos/flask-tags/flask-0.8.1/flask/blueprints.py', 169, 169)"
107,breaks in linear flow,"('/home/toffer/Repos/flask-tags/flask-0.8.1/flask/globals.py', 18, 18)"
108,breaks in linear flow,"('/home/toffer/Repos/flask-tags/flask-0.8.1/flask/sessions.py', 126, 126)"
109,breaks in linear flow,"('/home/toffer/Repos/flask-tags/flask-0.8.1/flask/sessions.py', 128, 128)"
110,breaks in linear flow,"('/home/toffer/Repos/flask-tags/flask-0.8.1/flask/sessions.py', 160, 160)"
111,breaks in linear flow,"('/home/toffer/Repos/flask-tags/flask-0.8.1/flask/sessions.py', 188, 188)"
112,breaks in linear flow,"('/home/toffer/Repos/flask-tags/flask-0.8.1/flask/sessions.py', 199, 199)"
113,breaks in linear flow,"('/home/toffer/Repos/flask-tags/flask-0.8.1/flask/templating.py', 40, 40)"
114,breaks in linear flow,"('/home/toffer/Repos/flask-tags/flask-0.8.1/flask/templating.py', 55, 55)"
115,breaks in linear flow,"('/home/toffer/Repos/flask-tags/flask-0.8.1/flask/templating.py', 58, 58)"
116,breaks in linear flow,"('/home/toffer/Repos/flask-tags/flask-0.8.1/flask/templating.py', 65, 65)"
117,breaks in linear flow,"('/home/toffer/Repos/flask-tags/flask-0.8.1/flask/templating.py', 73, 73)"
118,breaks in linear flow,"('/home/toffer/Repos/flask-tags/flask-0.8.1/flask/templating.py', 75, 75)"
119,breaks in linear flow,"('/home/toffer/Repos/flask-tags/flask-0.8.1/flask/templating.py', 77, 77)"
120,breaks in linear flow,"('/home/toffer/Repos/flask-tags/flask-0.8.1/flask/templating.py', 80, 80)"
121,breaks in linear flow,"('/home/toffer/Repos/flask-tags/flask-0.8.1/flask/templating.py', 81, 81)"
122,breaks in linear flow,"('/home/toffer/Repos/flask-tags/flask-0.8.1/flask/templating.py', 82, 82)"
123,breaks in linear flow,"('/home/toffer/Repos/flask-tags/flask-0.8.1/flask/templating.py', 84, 84)"
124,breaks in linear flow,"('/home/toffer/Repos/flask-tags/flask-0.8.1/flask/templating.py', 90, 90)"
125,breaks in linear flow,"('/home/toffer/Repos/flask-tags/flask-0.8.1/flask/templating.py', 93, 93)"
126,breaks in linear flow,"('/home/toffer/Repos/flask-tags/flask-0.8.1/flask/templating.py', 95, 95)"
127,breaks in linear flow,"('/home/toffer/Repos/flask-tags/flask-0.8.1/flask/templating.py', 96, 96)"
128,breaks in linear flow,"('/home/toffer/Repos/flask-tags/flask-0.8.1/flask/templating.py', 98, 98)"
129,breaks in linear flow,"('/home/toffer/Repos/flask-tags/flask-0.8.1/flask/module.py', 34, 34)"
130,breaks in linear flow,"('/home/toffer/Repos/flask-tags/flask-0.8.1/flask/module.py', 41, 41)"
131,breaks in linear flow,"('/home/toffer/Repos/flask-tags/flask-0.8.1/flask/__init__.py', 37, 37)"
132,breaks in linear flow,"('/home/toffer/Repos/flask-tags/flask-0.8.1/flask/ctx.py', 101, 101)"
133,breaks in linear flow,"('/home/toffer/Repos/flask-tags/flask-0.8.1/flask/ctx.py', 105, 105)"
134,breaks in linear flow,"('/home/toffer/Repos/flask-tags/flask-0.8.1/flask/ctx.py', 116, 116)"
135,breaks in linear flow,"('/home/toffer/Repos/flask-tags/flask-0.8.1/flask/ctx.py', 130, 130)"
136,breaks in linear flow,"('/home/toffer/Repos/flask-tags/flask-0.8.1/flask/ctx.py', 139, 139)"
137,breaks in linear flow,"('/home/toffer/Repos/flask-tags/flask-0.8.1/flask/ctx.py', 163, 163)"
138,breaks in linear flow,"('/home/toffer/Repos/flask-tags/flask-0.8.1/flask/helpers.py', 28, 28)"
139,breaks in linear flow,"('/home/toffer/Repos/flask-tags/flask-0.8.1/flask/helpers.py', 31, 31)"
140,breaks in linear flow,"('/home/toffer/Repos/flask-tags/flask-0.8.1/flask/helpers.py', 35, 35)"
141,breaks in linear flow,"('/home/toffer/Repos/flask-tags/flask-0.8.1/flask/helpers.py', 45, 45)"
142,breaks in linear flow,"('/home/toffer/Repos/flask-tags/flask-0.8.1/flask/helpers.py', 55, 55)"
143,breaks in linear flow,"('/home/toffer/Repos/flask-tags/flask-0.8.1/flask/helpers.py', 60, 60)"
144,breaks in linear flow,"('/home/toffer/Repos/flask-tags/flask-0.8.1/flask/helpers.py', 63, 63)"
145,breaks in linear flow,"('/home/toffer/Repos/flask-tags/flask-0.8.1/flask/helpers.py', 117, 117)"
146,breaks in linear flow,"('/home/toffer/Repos/flask-tags/flask-0.8.1/flask/helpers.py', 165, 165)"
147,breaks in linear flow,"('/home/toffer/Repos/flask-tags/flask-0.8.1/flask/helpers.py', 167, 167)"
148,breaks in linear flow,"('/home/toffer/Repos/flask-tags/flask-0.8.1/flask/helpers.py', 193, 193)"
149,breaks in linear flow,"('/home/toffer/Repos/flask-tags/flask-0.8.1/flask/helpers.py', 194, 194)"
150,breaks in linear flow,"('/home/toffer/Repos/flask-tags/flask-0.8.1/flask/helpers.py', 195, 195)"
151,breaks in linear flow,"('/home/toffer/Repos/flask-tags/flask-0.8.1/flask/helpers.py', 201, 201)"
152,breaks in linear flow,"('/home/toffer/Repos/flask-tags/flask-0.8.1/flask/helpers.py', 202, 202)"
153,breaks in linear flow,"('/home/toffer/Repos/flask-tags/flask-0.8.1/flask/helpers.py', 273, 273)"
154,breaks in linear flow,"('/home/toffer/Repos/flask-tags/flask-0.8.1/flask/helpers.py', 276, 276)"
155,breaks in linear flow,"('/home/toffer/Repos/flask-tags/flask-0.8.1/flask/helpers.py', 335, 335)"
156,breaks in linear flow,"('/home/toffer/Repos/flask-tags/flask-0.8.1/flask/helpers.py', 345, 345)"
157,breaks in linear flow,"('/home/toffer/Repos/flask-tags/flask-0.8.1/flask/helpers.py', 351, 351)"
158,breaks in linear flow,"('/home/toffer/Repos/flask-tags/flask-0.8.1/flask/helpers.py', 358, 358)"
159,breaks in linear flow,"('/home/toffer/Repos/flask-tags/flask-0.8.1/flask/helpers.py', 359, 359)"
160,breaks in linear flow,"('/home/toffer/Repos/flask-tags/flask-0.8.1/flask/helpers.py', 361, 361)"
161,breaks in linear flow,"('/home/toffer/Repos/flask-tags/flask-0.8.1/flask/helpers.py', 363, 363)"
162,breaks in linear flow,"('/home/toffer/Repos/flask-tags/flask-0.8.1/flask/helpers.py', 367, 367)"
163,breaks in linear flow,"('/home/toffer/Repos/flask-tags/flask-0.8.1/flask/helpers.py', 368, 368)"
164,breaks in linear flow,"('/home/toffer/Repos/flask-tags/flask-0.8.1/flask/helpers.py', 369, 369)"
165,breaks in linear flow,"('/home/toffer/Repos/flask-tags/flask-0.8.1/flask/helpers.py', 376, 376)"
166,breaks in linear flow,"('/home/toffer/Repos/flask-tags/flask-0.8.1/flask/helpers.py', 377, 377)"
167,breaks in linear flow,"('/home/toffer/Repos/flask-tags/flask-0.8.1/flask/helpers.py', 382, 382)"
168,breaks in linear flow,"('/home/toffer/Repos/flask-tags/flask-0.8.1/flask/helpers.py', 392, 392)"
169,breaks in linear flow,"('/home/toffer/Repos/flask-tags/flask-0.8.1/flask/helpers.py', 396, 396)"
170,breaks in linear flow,"('/home/toffer/Repos/flask-tags/flask-0.8.1/flask/helpers.py', 400, 400)"
171,breaks in linear flow,"('/home/toffer/Repos/flask-tags/flask-0.8.1/flask/helpers.py', 409, 409)"
172,breaks in linear flow,"('/home/toffer/Repos/flask-tags/flask-0.8.1/flask/helpers.py', 413, 413)"
173,breaks in linear flow,"('/home/toffer/Repos/flask-tags/flask-0.8.1/flask/helpers.py', 435, 435)"
174,breaks in linear flow,"('/home/toffer/Repos/flask-tags/flask-0.8.1/flask/helpers.py', 436, 436)"
175,breaks in linear flow,"('/home/toffer/Repos/flask-tags/flask-0.8.1/flask/helpers.py', 438, 438)"
176,breaks in linear flow,"('/home/toffer/Repos/flask-tags/flask-0.8.1/flask/helpers.py', 471, 471)"
177,breaks in linear flow,"('/home/toffer/Repos/flask-tags/flask-0.8.1/flask/helpers.py', 486, 486)"
178,breaks in linear flow,"('/home/toffer/Repos/flask-tags/flask-0.8.1/flask/helpers.py', 503, 503)"
179,breaks in linear flow,"('/home/toffer/Repos/flask-tags/flask-0.8.1/flask/helpers.py', 508, 508)"
180,breaks in linear flow,"('/home/toffer/Repos/flask-tags/flask-0.8.1/flask/helpers.py', 513, 513)"
181,breaks in linear flow,"('/home/toffer/Repos/flask-tags/flask-0.8.1/flask/helpers.py', 518, 518)"
182,breaks in linear flow,"('/home/toffer/Repos/flask-tags/flask-0.8.1/flask/helpers.py', 523, 523)"
183,breaks in linear flow,"('/home/toffer/Repos/flask-tags/flask-0.8.1/flask/helpers.py', 550, 550)"
184,breaks in linear flow,"('/home/toffer/Repos/flask-tags/flask-0.8.1/flask/helpers.py', 554, 554)"
185,breaks in linear flow,"('/home/toffer/Repos/flask-tags/flask-0.8.1/flask/helpers.py', 578, 578)"
186,breaks in linear flow,"('/home/toffer/Repos/flask-tags/flask-0.8.1/flask/helpers.py', 586, 586)"
187,breaks in linear flow,"('/home/toffer/Repos/flask-tags/flask-0.8.1/flask/helpers.py', 587, 587)"
188,breaks in linear flow,"('/home/toffer/Repos/flask-tags/flask-0.8.1/flask/helpers.py', 611, 611)"
189,breaks in linear flow,"('/home/toffer/Repos/flask-tags/flask-0.8.1/flask/helpers.py', 621, 621)"
190,breaks in linear flow,"('/home/toffer/Repos/flask-tags/flask-0.8.1/flask/helpers.py', 647, 647)"
191,breaks in linear flow,"('/home/toffer/Repos/flask-tags/flask-0.8.1/flask/app.py', 45, 45)"
192,breaks in linear flow,"('/home/toffer/Repos/flask-tags/flask-0.8.1/flask/app.py', 55, 55)"
193,breaks in linear flow,"('/home/toffer/Repos/flask-tags/flask-0.8.1/flask/app.py', 278, 278)"
194,breaks in linear flow,"('/home/toffer/Repos/flask-tags/flask-0.8.1/flask/app.py', 284, 284)"
195,breaks in linear flow,"('/home/toffer/Repos/flask-tags/flask-0.8.1/flask/app.py', 286, 286)"
196,breaks in linear flow,"('/home/toffer/Repos/flask-tags/flask-0.8.1/flask/app.py', 288, 288)"
197,breaks in linear flow,"('/home/toffer/Repos/flask-tags/flask-0.8.1/flask/app.py', 447, 447)"
198,breaks in linear flow,"('/home/toffer/Repos/flask-tags/flask-0.8.1/flask/app.py', 473, 473)"
199,breaks in linear flow,"('/home/toffer/Repos/flask-tags/flask-0.8.1/flask/app.py', 475, 475)"
200,breaks in linear flow,"('/home/toffer/Repos/flask-tags/flask-0.8.1/flask/app.py', 488, 488)"
201,breaks in linear flow,"('/home/toffer/Repos/flask-tags/flask-0.8.1/flask/app.py', 501, 501)"
202,breaks in linear flow,"('/home/toffer/Repos/flask-tags/flask-0.8.1/flask/app.py', 518, 518)"
203,breaks in linear flow,"('/home/toffer/Repos/flask-tags/flask-0.8.1/flask/app.py', 521, 521)"
204,breaks in linear flow,"('/home/toffer/Repos/flask-tags/flask-0.8.1/flask/app.py', 534, 534)"
205,breaks in linear flow,"('/home/toffer/Repos/flask-tags/flask-0.8.1/flask/app.py', 565, 565)"
206,breaks in linear flow,"('/home/toffer/Repos/flask-tags/flask-0.8.1/flask/app.py', 578, 578)"
207,breaks in linear flow,"('/home/toffer/Repos/flask-tags/flask-0.8.1/flask/app.py', 602, 602)"
208,breaks in linear flow,"('/home/toffer/Repos/flask-tags/flask-0.8.1/flask/app.py', 640, 640)"
209,breaks in linear flow,"('/home/toffer/Repos/flask-tags/flask-0.8.1/flask/app.py', 657, 657)"
210,breaks in linear flow,"('/home/toffer/Repos/flask-tags/flask-0.8.1/flask/app.py', 660, 660)"
211,breaks in linear flow,"('/home/toffer/Repos/flask-tags/flask-0.8.1/flask/app.py', 698, 698)"
212,breaks in linear flow,"('/home/toffer/Repos/flask-tags/flask-0.8.1/flask/app.py', 733, 733)"
213,breaks in linear flow,"('/home/toffer/Repos/flask-tags/flask-0.8.1/flask/app.py', 779, 779)"
214,breaks in linear flow,"('/home/toffer/Repos/flask-tags/flask-0.8.1/flask/app.py', 800, 800)"
215,breaks in linear flow,"('/home/toffer/Repos/flask-tags/flask-0.8.1/flask/app.py', 861, 861)"
216,breaks in linear flow,"('/home/toffer/Repos/flask-tags/flask-0.8.1/flask/app.py', 869, 869)"
217,breaks in linear flow,"('/home/toffer/Repos/flask-tags/flask-0.8.1/flask/app.py', 877, 877)"
218,breaks in linear flow,"('/home/toffer/Repos/flask-tags/flask-0.8.1/flask/app.py', 878, 878)"
219,breaks in linear flow,"('/home/toffer/Repos/flask-tags/flask-0.8.1/flask/app.py', 892, 892)"
220,breaks in linear flow,"('/home/toffer/Repos/flask-tags/flask-0.8.1/flask/app.py', 996, 996)"
221,breaks in linear flow,"('/home/toffer/Repos/flask-tags/flask-0.8.1/flask/app.py', 998, 998)"
222,breaks in linear flow,"('/home/toffer/Repos/flask-tags/flask-0.8.1/flask/app.py', 1111, 1111)"
223,breaks in linear flow,"('/home/toffer/Repos/flask-tags/flask-0.8.1/flask/app.py', 1115, 1115)"
224,breaks in linear flow,"('/home/toffer/Repos/flask-tags/flask-0.8.1/flask/app.py', 1133, 1133)"
225,breaks in linear flow,"('/home/toffer/Repos/flask-tags/flask-0.8.1/flask/app.py', 1135, 1135)"
226,breaks in linear flow,"('/home/toffer/Repos/flask-tags/flask-0.8.1/flask/app.py', 1156, 1156)"
227,breaks in linear flow,"('/home/toffer/Repos/flask-tags/flask-0.8.1/flask/app.py', 1161, 1161)"
228,breaks in linear flow,"('/home/toffer/Repos/flask-tags/flask-0.8.1/flask/app.py', 1164, 1164)"
229,breaks in linear flow,"('/home/toffer/Repos/flask-tags/flask-0.8.1/flask/app.py', 1165, 1165)"
230,breaks in linear flow,"('/home/toffer/Repos/flask-tags/flask-0.8.1/flask/app.py', 1184, 1184)"
231,breaks in linear flow,"('/home/toffer/Repos/flask-tags/flask-0.8.1/flask/app.py', 1189, 1189)"
232,breaks in linear flow,"('/home/toffer/Repos/flask-tags/flask-0.8.1/flask/app.py', 1195, 1195)"
233,breaks in linear flow,"('/home/toffer/Repos/flask-tags/flask-0.8.1/flask/app.py', 1220, 1220)"
234,breaks in linear flow,"('/home/toffer/Repos/flask-tags/flask-0.8.1/flask/app.py', 1239, 1239)"
235,breaks in linear flow,"('/home/toffer/Repos/flask-tags/flask-0.8.1/flask/app.py', 1244, 1244)"
236,breaks in linear flow,"('/home/toffer/Repos/flask-tags/flask-0.8.1/flask/app.py', 1261, 1261)"
237,breaks in linear flow,"('/home/toffer/Repos/flask-tags/flask-0.8.1/flask/app.py', 1263, 1263)"
238,breaks in linear flow,"('/home/toffer/Repos/flask-tags/flask-0.8.1/flask/app.py', 1277, 1277)"
239,breaks in linear flow,"('/home/toffer/Repos/flask-tags/flask-0.8.1/flask/app.py', 1280, 1280)"
240,breaks in linear flow,"('/home/toffer/Repos/flask-tags/flask-0.8.1/flask/app.py', 1283, 1283)"
241,breaks in linear flow,"('/home/toffer/Repos/flask-tags/flask-0.8.1/flask/app.py', 1294, 1294)"
242,breaks in linear flow,"('/home/toffer/Repos/flask-tags/flask-0.8.1/flask/app.py', 1301, 1301)"
243,breaks in linear flow,"('/home/toffer/Repos/flask-tags/flask-0.8.1/flask/app.py', 1303, 1303)"
244,breaks in linear flow,"('/home/toffer/Repos/flask-tags/flask-0.8.1/flask/app.py', 1331, 1331)"
245,breaks in linear flow,"('/home/toffer/Repos/flask-tags/flask-0.8.1/flask/app.py', 1333, 1333)"
246,breaks in linear flow,"('/home/toffer/Repos/flask-tags/flask-0.8.1/flask/app.py', 1335, 1335)"
247,breaks in linear flow,"('/home/toffer/Repos/flask-tags/flask-0.8.1/flask/app.py', 1337, 1337)"
248,breaks in linear flow,"('/home/toffer/Repos/flask-tags/flask-0.8.1/flask/app.py', 1359, 1359)"
249,breaks in linear flow,"('/home/toffer/Repos/flask-tags/flask-0.8.1/flask/app.py', 1362, 1362)"
250,breaks in linear flow,"('/home/toffer/Repos/flask-tags/flask-0.8.1/flask/app.py', 1378, 1378)"
251,breaks in linear flow,"('/home/toffer/Repos/flask-tags/flask-0.8.1/flask/app.py', 1380, 1380)"
252,breaks in linear flow,"('/home/toffer/Repos/flask-tags/flask-0.8.1/flask/app.py', 1384, 1384)"
253,breaks in linear flow,"('/home/toffer/Repos/flask-tags/flask-0.8.1/flask/app.py', 1386, 1386)"
254,breaks in linear flow,"('/home/toffer/Repos/flask-tags/flask-0.8.1/flask/app.py', 1388, 1388)"
255,breaks in linear flow,"('/home/toffer/Repos/flask-tags/flask-0.8.1/flask/app.py', 1406, 1406)"
256,breaks in linear flow,"('/home/toffer/Repos/flask-tags/flask-0.8.1/flask/app.py', 1409, 1409)"
257,breaks in linear flow,"('/home/toffer/Repos/flask-tags/flask-0.8.1/flask/app.py', 1411, 1411)"
258,breaks in linear flow,"('/home/toffer/Repos/flask-tags/flask-0.8.1/flask/app.py', 1413, 1413)"
259,breaks in linear flow,"('/home/toffer/Repos/flask-tags/flask-0.8.1/flask/app.py', 1426, 1426)"
260,breaks in linear flow,"('/home/toffer/Repos/flask-tags/flask-0.8.1/flask/app.py', 1429, 1429)"
261,breaks in linear flow,"('/home/toffer/Repos/flask-tags/flask-0.8.1/flask/app.py', 1431, 1431)"
262,breaks in linear flow,"('/home/toffer/Repos/flask-tags/flask-0.8.1/flask/app.py', 1505, 1505)"
263,breaks in linear flow,"('/home/toffer/Repos/flask-tags/flask-0.8.1/flask/wrappers.py', 59, 59)"
264,breaks in linear flow,"('/home/toffer/Repos/flask-tags/flask-0.8.1/flask/wrappers.py', 69, 69)"
265,breaks in linear flow,"('/home/toffer/Repos/flask-tags/flask-0.8.1/flask/wrappers.py', 82, 82)"
266,breaks in linear flow,"('/home/toffer/Repos/flask-tags/flask-0.8.1/flask/wrappers.py', 88, 88)"
267,breaks in linear flow,"('/home/toffer/Repos/flask-tags/flask-0.8.1/flask/wrappers.py', 98, 98)"
268,breaks in linear flow,"('/home/toffer/Repos/flask-tags/flask-0.8.1/flask/wrappers.py', 100, 100)"
269,breaks in linear flow,"('/home/toffer/Repos/flask-tags/flask-0.8.1/flask/wrappers.py', 103, 103)"
270,breaks in linear flow,"('/home/toffer/Repos/flask-tags/flask-0.8.1/flask/wrappers.py', 106, 106)"
271,breaks in linear flow,"('/home/toffer/Repos/flask-tags/flask-0.8.1/flask/wrappers.py', 124, 124)"
272,breaks in linear flow,"('/home/toffer/Repos/flask-tags/flask-0.8.1/flask/testing.py', 24, 24)"
273,breaks in linear flow,"('/home/toffer/Repos/flask-tags/flask-0.8.1/flask/testing.py', 26, 26)"
274,breaks in linear flow,"('/home/toffer/Repos/flask-tags/flask-0.8.1/flask/testing.py', 58, 58)"
275,breaks in linear flow,"('/home/toffer/Repos/flask-tags/flask-0.8.1/flask/testing.py', 67, 67)"
276,breaks in linear flow,"('/home/toffer/Repos/flask-tags/flask-0.8.1/flask/testing.py', 85, 85)"
277,breaks in linear flow,"('/home/toffer/Repos/flask-tags/flask-0.8.1/flask/testing.py', 105, 105)"
278,breaks in linear flow,"('/home/toffer/Repos/flask-tags/flask-0.8.1/flask/testing.py', 117, 117)"
279,breaks in linear flow,"('/home/toffer/Repos/flask-tags/flask-0.8.1/flask/debughelpers.py', 26, 26)"
280,breaks in linear flow,"('/home/toffer/Repos/flask-tags/flask-0.8.1/flask/debughelpers.py', 49, 49)"
281,breaks in linear flow,"('/home/toffer/Repos/flask-tags/flask-0.8.1/flask/debughelpers.py', 73, 73)"
282,breaks in linear flow,"('/home/toffer/Repos/flask-tags/flask-0.8.1/flask/debughelpers.py', 74, 74)"
283,breaks in linear flow,"('/home/toffer/Repos/flask-tags/flask-0.8.1/flask/exthook.py', 51, 51)"
284,breaks in linear flow,"('/home/toffer/Repos/flask-tags/flask-0.8.1/flask/exthook.py', 55, 55)"
285,breaks in linear flow,"('/home/toffer/Repos/flask-tags/flask-0.8.1/flask/exthook.py', 58, 58)"
286,breaks in linear flow,"('/home/toffer/Repos/flask-tags/flask-0.8.1/flask/exthook.py', 62, 62)"
287,breaks in linear flow,"('/home/toffer/Repos/flask-tags/flask-0.8.1/flask/exthook.py', 79, 79)"
288,breaks in linear flow,"('/home/toffer/Repos/flask-tags/flask-0.8.1/flask/exthook.py', 81, 81)"
289,breaks in linear flow,"('/home/toffer/Repos/flask-tags/flask-0.8.1/flask/exthook.py', 83, 83)"
290,breaks in linear flow,"('/home/toffer/Repos/flask-tags/flask-0.8.1/flask/exthook.py', 94, 94)"
291,breaks in linear flow,"('/home/toffer/Repos/flask-tags/flask-0.8.1/flask/exthook.py', 95, 95)"
292,breaks in linear flow,"('/home/toffer/Repos/flask-tags/flask-0.8.1/flask/exthook.py', 103, 103)"
293,breaks in linear flow,"('/home/toffer/Repos/flask-tags/flask-0.8.1/flask/exthook.py', 110, 110)"
294,breaks in linear flow,"('/home/toffer/Repos/flask-tags/flask-0.8.1/flask/config.py', 29, 29)"
295,breaks in linear flow,"('/home/toffer/Repos/flask-tags/flask-0.8.1/flask/config.py', 32, 32)"
296,breaks in linear flow,"('/home/toffer/Repos/flask-tags/flask-0.8.1/flask/config.py', 101, 101)"
297,breaks in linear flow,"('/home/toffer/Repos/flask-tags/flask-0.8.1/flask/config.py', 102, 102)"
298,breaks in linear flow,"('/home/toffer/Repos/flask-tags/flask-0.8.1/flask/config.py', 131, 131)"
299,breaks in linear flow,"('/home/toffer/Repos/flask-tags/flask-0.8.1/flask/config.py', 132, 132)"
300,breaks in linear flow,"('/home/toffer/Repos/flask-tags/flask-0.8.1/flask/config.py', 162, 162)"
301,breaks in linear flow,"('/home/toffer/Repos/flask-tags/flask-0.8.1/flask/config.py', 164, 164)"
302,breaks in linear flow,"('/home/toffer/Repos/flask-tags/flask-0.8.1/flask/config.py', 165, 165)"
303,breaks in linear flow,"('/home/toffer/Repos/flask-tags/flask-0.8.1/flask/views.py', 85, 85)"
304,breaks in linear flow,"('/home/toffer/Repos/flask-tags/flask-0.8.1/flask/views.py', 88, 88)"
305,breaks in linear flow,"('/home/toffer/Repos/flask-tags/flask-0.8.1/flask/views.py', 108, 108)"
306,breaks in linear flow,"('/home/toffer/Repos/flask-tags/flask-0.8.1/flask/views.py', 110, 110)"
307,breaks in linear flow,"('/home/toffer/Repos/flask-tags/flask-0.8.1/flask/views.py', 111, 111)"
308,breaks in linear flow,"('/home/toffer/Repos/flask-tags/flask-0.8.1/flask/views.py', 117, 117)"
309,breaks in linear flow,"('/home/toffer/Repos/flask-tags/flask-0.8.1/flask/views.py', 147, 147)"
310,breaks in linear flow,"('/home/toffer/Repos/flask-tags/flask-0.8.1/flask/signals.py', 16, 16)"
311,breaks in linear flow,"('/home/toffer/Repos/flask-tags/flask-0.8.1/flask/testsuite/blueprints.py', 185, 185)"
312,breaks in linear flow,"('/home/toffer/Repos/flask-tags/flask-0.8.1/flask/testsuite/blueprints.py', 201, 201)"
313,breaks in linear flow,"('/home/toffer/Repos/flask-tags/flask-0.8.1/flask/testsuite/blueprints.py', 207, 207)"
314,breaks in linear flow,"('/home/toffer/Repos/flask-tags/flask-0.8.1/flask/testsuite/blueprints.py', 220, 220)"
315,breaks in linear flow,"('/home/toffer/Repos/flask-tags/flask-0.8.1/flask/testsuite/blueprints.py', 367, 367)"
316,breaks in linear flow,"('/home/toffer/Repos/flask-tags/flask-0.8.1/flask/testsuite/blueprints.py', 466, 466)"
317,breaks in linear flow,"('/home/toffer/Repos/flask-tags/flask-0.8.1/flask/testsuite/blueprints.py', 475, 475)"
318,breaks in linear flow,"('/home/toffer/Repos/flask-tags/flask-0.8.1/flask/testsuite/__init__.py', 31, 31)"
319,breaks in linear flow,"('/home/toffer/Repos/flask-tags/flask-0.8.1/flask/testsuite/__init__.py', 37, 37)"
320,breaks in linear flow,"('/home/toffer/Repos/flask-tags/flask-0.8.1/flask/testsuite/__init__.py', 45, 45)"
321,breaks in linear flow,"('/home/toffer/Repos/flask-tags/flask-0.8.1/flask/testsuite/__init__.py', 47, 47)"
322,breaks in linear flow,"('/home/toffer/Repos/flask-tags/flask-0.8.1/flask/testsuite/__init__.py', 54, 54)"
323,breaks in linear flow,"('/home/toffer/Repos/flask-tags/flask-0.8.1/flask/testsuite/__init__.py', 58, 58)"
324,breaks in linear flow,"('/home/toffer/Repos/flask-tags/flask-0.8.1/flask/testsuite/__init__.py', 102, 102)"
325,breaks in linear flow,"('/home/toffer/Repos/flask-tags/flask-0.8.1/flask/testsuite/__init__.py', 137, 137)"
326,breaks in linear flow,"('/home/toffer/Repos/flask-tags/flask-0.8.1/flask/testsuite/__init__.py', 154, 154)"
327,breaks in linear flow,"('/home/toffer/Repos/flask-tags/flask-0.8.1/flask/testsuite/__init__.py', 176, 176)"
328,breaks in linear flow,"('/home/toffer/Repos/flask-tags/flask-0.8.1/flask/testsuite/__init__.py', 180, 180)"
329,breaks in linear flow,"('/home/toffer/Repos/flask-tags/flask-0.8.1/flask/testsuite/__init__.py', 181, 181)"
330,breaks in linear flow,"('/home/toffer/Repos/flask-tags/flask-0.8.1/flask/testsuite/__init__.py', 187, 187)"
331,breaks in linear flow,"('/home/toffer/Repos/flask-tags/flask-0.8.1/flask/testsuite/__init__.py', 190, 190)"
332,breaks in linear flow,"('/home/toffer/Repos/flask-tags/flask-0.8.1/flask/testsuite/__init__.py', 193, 193)"
333,breaks in linear flow,"('/home/toffer/Repos/flask-tags/flask-0.8.1/flask/testsuite/__init__.py', 211, 211)"
334,breaks in linear flow,"('/home/toffer/Repos/flask-tags/flask-0.8.1/flask/testsuite/__init__.py', 220, 220)"
335,breaks in linear flow,"('/home/toffer/Repos/flask-tags/flask-0.8.1/flask/testsuite/helpers.py', 28, 28)"
336,breaks in linear flow,"('/home/toffer/Repos/flask-tags/flask-0.8.1/flask/testsuite/helpers.py', 65, 65)"
337,breaks in linear flow,"('/home/toffer/Repos/flask-tags/flask-0.8.1/flask/testsuite/helpers.py', 104, 104)"
338,breaks in linear flow,"('/home/toffer/Repos/flask-tags/flask-0.8.1/flask/testsuite/helpers.py', 244, 244)"
339,breaks in linear flow,"('/home/toffer/Repos/flask-tags/flask-0.8.1/flask/testsuite/helpers.py', 273, 273)"
340,breaks in linear flow,"('/home/toffer/Repos/flask-tags/flask-0.8.1/flask/testsuite/helpers.py', 277, 277)"
341,breaks in linear flow,"('/home/toffer/Repos/flask-tags/flask-0.8.1/flask/testsuite/helpers.py', 286, 286)"
342,breaks in linear flow,"('/home/toffer/Repos/flask-tags/flask-0.8.1/flask/testsuite/helpers.py', 294, 294)"
343,breaks in linear flow,"('/home/toffer/Repos/flask-tags/flask-0.8.1/flask/testsuite/testing.py', 77, 77)"
344,breaks in linear flow,"('/home/toffer/Repos/flask-tags/flask-0.8.1/flask/testsuite/testing.py', 100, 100)"
345,breaks in linear flow,"('/home/toffer/Repos/flask-tags/flask-0.8.1/flask/testsuite/testing.py', 130, 130)"
346,breaks in linear flow,"('/home/toffer/Repos/flask-tags/flask-0.8.1/flask/testsuite/ext.py', 25, 25)"
347,breaks in linear flow,"('/home/toffer/Repos/flask-tags/flask-0.8.1/flask/testsuite/ext.py', 26, 26)"
348,breaks in linear flow,"('/home/toffer/Repos/flask-tags/flask-0.8.1/flask/testsuite/ext.py', 36, 36)"
349,breaks in linear flow,"('/home/toffer/Repos/flask-tags/flask-0.8.1/flask/testsuite/ext.py', 38, 38)"
350,breaks in linear flow,"('/home/toffer/Repos/flask-tags/flask-0.8.1/flask/testsuite/ext.py', 45, 45)"
351,breaks in linear flow,"('/home/toffer/Repos/flask-tags/flask-0.8.1/flask/testsuite/ext.py', 103, 103)"
352,breaks in linear flow,"('/home/toffer/Repos/flask-tags/flask-0.8.1/flask/testsuite/ext.py', 110, 110)"
353,breaks in linear flow,"('/home/toffer/Repos/flask-tags/flask-0.8.1/flask/testsuite/config.py', 56, 56)"
354,breaks in linear flow,"('/home/toffer/Repos/flask-tags/flask-0.8.1/flask/testsuite/config.py', 72, 72)"
355,breaks in linear flow,"('/home/toffer/Repos/flask-tags/flask-0.8.1/flask/testsuite/config.py', 93, 93)"
356,breaks in linear flow,"('/home/toffer/Repos/flask-tags/flask-0.8.1/flask/testsuite/examples.py', 28, 28)"
357,breaks in linear flow,"('/home/toffer/Repos/flask-tags/flask-0.8.1/flask/testsuite/examples.py', 34, 34)"
358,breaks in linear flow,"('/home/toffer/Repos/flask-tags/flask-0.8.1/flask/testsuite/signals.py', 101, 101)"
359,breaks in linear flow,"('/home/toffer/Repos/flask-tags/flask-0.8.1/flask/testsuite/basic.py', 240, 240)"
360,breaks in linear flow,"('/home/toffer/Repos/flask-tags/flask-0.8.1/flask/testsuite/basic.py', 387, 387)"
361,breaks in linear flow,"('/home/toffer/Repos/flask-tags/flask-0.8.1/flask/testsuite/basic.py', 398, 398)"
362,breaks in linear flow,"('/home/toffer/Repos/flask-tags/flask-0.8.1/flask/testsuite/basic.py', 501, 501)"
363,breaks in linear flow,"('/home/toffer/Repos/flask-tags/flask-0.8.1/flask/testsuite/basic.py', 517, 517)"
364,breaks in linear flow,"('/home/toffer/Repos/flask-tags/flask-0.8.1/flask/testsuite/basic.py', 536, 536)"
365,breaks in linear flow,"('/home/toffer/Repos/flask-tags/flask-0.8.1/flask/testsuite/basic.py', 635, 635)"
366,breaks in linear flow,"('/home/toffer/Repos/flask-tags/flask-0.8.1/flask/testsuite/basic.py', 668, 668)"
367,breaks in linear flow,"('/home/toffer/Repos/flask-tags/flask-0.8.1/flask/testsuite/basic.py', 678, 678)"
368,breaks in linear flow,"('/home/toffer/Repos/flask-tags/flask-0.8.1/flask/testsuite/basic.py', 687, 687)"
369,breaks in linear flow,"('/home/toffer/Repos/flask-tags/flask-0.8.1/flask/testsuite/basic.py', 723, 723)"
370,breaks in linear flow,"('/home/toffer/Repos/flask-tags/flask-0.8.1/flask/testsuite/basic.py', 734, 734)"
371,breaks in linear flow,"('/home/toffer/Repos/flask-tags/flask-0.8.1/flask/testsuite/basic.py', 750, 750)"
372,breaks in linear flow,"('/home/toffer/Repos/flask-tags/flask-0.8.1/flask/testsuite/basic.py', 754, 754)"
373,breaks in linear flow,"('/home/toffer/Repos/flask-tags/flask-0.8.1/flask/testsuite/basic.py', 765, 765)"
374,breaks in linear flow,"('/home/toffer/Repos/flask-tags/flask-0.8.1/flask/testsuite/basic.py', 794, 794)"
375,breaks in linear flow,"('/home/toffer/Repos/flask-tags/flask-0.8.1/flask/testsuite/basic.py', 832, 832)"
376,breaks in linear flow,"('/home/toffer/Repos/flask-tags/flask-0.8.1/flask/testsuite/basic.py', 866, 866)"
377,breaks in linear flow,"('/home/toffer/Repos/flask-tags/flask-0.8.1/flask/testsuite/basic.py', 916, 916)"
378,breaks in linear flow,"('/home/toffer/Repos/flask-tags/flask-0.8.1/flask/testsuite/basic.py', 966, 966)"
379,breaks in linear flow,"('/home/toffer/Repos/flask-tags/flask-0.8.1/scripts/make-release.py', 25, 25)"
380,breaks in linear flow,"('/home/toffer/Repos/flask-tags/flask-0.8.1/scripts/make-release.py', 27, 27)"
381,breaks in linear flow,"('/home/toffer/Repos/flask-tags/flask-0.8.1/scripts/make-release.py', 28, 28)"
382,breaks in linear flow,"('/home/toffer/Repos/flask-tags/flask-0.8.1/scripts/make-release.py', 31, 31)"
383,breaks in linear flow,"('/home/toffer/Repos/flask-tags/flask-0.8.1/scripts/make-release.py', 32, 32)"
384,breaks in linear flow,"('/home/toffer/Repos/flask-tags/flask-0.8.1/scripts/make-release.py', 33, 33)"
385,breaks in linear flow,"('/home/toffer/Repos/flask-tags/flask-0.8.1/scripts/make-release.py', 35, 35)"
386,breaks in linear flow,"('/home/toffer/Repos/flask-tags/flask-0.8.1/scripts/make-release.py', 36, 36)"
387,breaks in linear flow,"('/home/toffer/Repos/flask-tags/flask-0.8.1/scripts/make-release.py', 40, 40)"
388,breaks in linear flow,"('/home/toffer/Repos/flask-tags/flask-0.8.1/scripts/make-release.py', 41, 41)"
389,breaks in linear flow,"('/home/toffer/Repos/flask-tags/flask-0.8.1/scripts/make-release.py', 50, 50)"
390,breaks in linear flow,"('/home/toffer/Repos/flask-tags/flask-0.8.1/scripts/make-release.py', 71, 71)"
391,breaks in linear flow,"('/home/toffer/Repos/flask-tags/flask-0.8.1/scripts/make-release.py', 123, 123)"
392,breaks in linear flow,"('/home/toffer/Repos/flask-tags/flask-0.8.1/scripts/make-release.py', 133, 133)"
393,breaks in linear flow,"('/home/toffer/Repos/flask-tags/flask-0.8.1/scripts/make-release.py', 135, 135)"
394,breaks in linear flow,"('/home/toffer/Repos/flask-tags/flask-0.8.1/scripts/make-release.py', 138, 138)"
395,breaks in linear flow,"('/home/toffer/Repos/flask-tags/flask-0.8.1/scripts/make-release.py', 150, 150)"
396,breaks in linear flow,"('/home/toffer/Repos/flask-tags/flask-0.8.1/scripts/flaskext_test.py', 33, 33)"
397,breaks in linear flow,"('/home/toffer/Repos/flask-tags/flask-0.8.1/scripts/flaskext_test.py', 135, 135)"
398,breaks in linear flow,"('/home/toffer/Repos/flask-tags/flask-0.8.1/scripts/flaskext_test.py', 143, 143)"
399,breaks in linear flow,"('/home/toffer/Repos/flask-tags/flask-0.8.1/scripts/flaskext_test.py', 146, 146)"
400,breaks in linear flow,"('/home/toffer/Repos/flask-tags/flask-0.8.1/scripts/flaskext_test.py', 155, 155)"
401,breaks in linear flow,"('/home/toffer/Repos/flask-tags/flask-0.8.1/scripts/flaskext_test.py', 169, 169)"
402,breaks in linear flow,"('/home/toffer/Repos/flask-tags/flask-0.8.1/scripts/flaskext_test.py', 178, 178)"
403,breaks in linear flow,"('/home/toffer/Repos/flask-tags/flask-0.8.1/scripts/flaskext_test.py', 190, 190)"
404,breaks in linear flow,"('/home/toffer/Repos/flask-tags/flask-0.8.1/scripts/flaskext_test.py', 192, 192)"
405,breaks in linear flow,"('/home/toffer/Repos/flask-tags/flask-0.8.1/scripts/flaskext_test.py', 193, 193)"
406,breaks in linear flow,"('/home/toffer/Repos/flask-tags/flask-0.8.1/scripts/flaskext_test.py', 213, 213)"
407,breaks in linear flow,"('/home/toffer/Repos/flask-tags/flask-0.8.1/scripts/flaskext_test.py', 224, 224)"
408,breaks in linear flow,"('/home/toffer/Repos/flask-tags/flask-0.8.1/scripts/flaskext_test.py', 225, 225)"
409,breaks in linear flow,"('/home/toffer/Repos/flask-tags/flask-0.8.1/scripts/flaskext_test.py', 261, 261)"
410,breaks in linear flow,"('/home/toffer/Repos/flask-tags/flask-0.8.1/scripts/flaskext_test.py', 264, 264)"
411,breaks in linear flow,"('/home/toffer/Repos/flask-tags/flask-0.8.1/scripts/flaskext_test.py', 295, 295)"
412,breaks in linear flow,"('/home/toffer/Repos/flask-tags/flask-0.8.1/scripts/flaskext_test.py', 304, 304)"
413,breaks in linear flow,"('/home/toffer/Repos/flask-tags/flask-0.8.1/scripts/flaskext_test.py', 310, 310)"
414,breaks in linear flow,"('/home/toffer/Repos/flask-tags/flask-0.8.1/scripts/flask-07-upgrade.py', 31, 31)"
415,breaks in linear flow,"('/home/toffer/Repos/flask-tags/flask-0.8.1/scripts/flask-07-upgrade.py', 58, 58)"
416,breaks in linear flow,"('/home/toffer/Repos/flask-tags/flask-0.8.1/scripts/flask-07-upgrade.py', 67, 67)"
417,breaks in linear flow,"('/home/toffer/Repos/flask-tags/flask-0.8.1/scripts/flask-07-upgrade.py', 71, 71)"
418,breaks in linear flow,"('/home/toffer/Repos/flask-tags/flask-0.8.1/scripts/flask-07-upgrade.py', 75, 75)"
419,breaks in linear flow,"('/home/toffer/Repos/flask-tags/flask-0.8.1/scripts/flask-07-upgrade.py', 76, 76)"
420,breaks in linear flow,"('/home/toffer/Repos/flask-tags/flask-0.8.1/scripts/flask-07-upgrade.py', 77, 77)"
421,breaks in linear flow,"('/home/toffer/Repos/flask-tags/flask-0.8.1/scripts/flask-07-upgrade.py', 79, 79)"
422,breaks in linear flow,"('/home/toffer/Repos/flask-tags/flask-0.8.1/scripts/flask-07-upgrade.py', 86, 86)"
423,breaks in linear flow,"('/home/toffer/Repos/flask-tags/flask-0.8.1/scripts/flask-07-upgrade.py', 94, 94)"
424,breaks in linear flow,"('/home/toffer/Repos/flask-tags/flask-0.8.1/scripts/flask-07-upgrade.py', 96, 96)"
425,breaks in linear flow,"('/home/toffer/Repos/flask-tags/flask-0.8.1/scripts/flask-07-upgrade.py', 102, 102)"
426,breaks in linear flow,"('/home/toffer/Repos/flask-tags/flask-0.8.1/scripts/flask-07-upgrade.py', 103, 103)"
427,breaks in linear flow,"('/home/toffer/Repos/flask-tags/flask-0.8.1/scripts/flask-07-upgrade.py', 104, 104)"
428,breaks in linear flow,"('/home/toffer/Repos/flask-tags/flask-0.8.1/scripts/flask-07-upgrade.py', 106, 106)"
429,breaks in linear flow,"('/home/toffer/Repos/flask-tags/flask-0.8.1/scripts/flask-07-upgrade.py', 111, 111)"
430,breaks in linear flow,"('/home/toffer/Repos/flask-tags/flask-0.8.1/scripts/flask-07-upgrade.py', 113, 113)"
431,breaks in linear flow,"('/home/toffer/Repos/flask-tags/flask-0.8.1/scripts/flask-07-upgrade.py', 117, 117)"
432,breaks in linear flow,"('/home/toffer/Repos/flask-tags/flask-0.8.1/scripts/flask-07-upgrade.py', 134, 134)"
433,breaks in linear flow,"('/home/toffer/Repos/flask-tags/flask-0.8.1/scripts/flask-07-upgrade.py', 138, 138)"
434,breaks in linear flow,"('/home/toffer/Repos/flask-tags/flask-0.8.1/scripts/flask-07-upgrade.py', 143, 143)"
435,breaks in linear flow,"('/home/toffer/Repos/flask-tags/flask-0.8.1/scripts/flask-07-upgrade.py', 156, 156)"
436,breaks in linear flow,"('/home/toffer/Repos/flask-tags/flask-0.8.1/scripts/flask-07-upgrade.py', 158, 158)"
437,breaks in linear flow,"('/home/toffer/Repos/flask-tags/flask-0.8.1/scripts/flask-07-upgrade.py', 160, 160)"
438,breaks in linear flow,"('/home/toffer/Repos/flask-tags/flask-0.8.1/scripts/flask-07-upgrade.py', 161, 161)"
439,breaks in linear flow,"('/home/toffer/Repos/flask-tags/flask-0.8.1/scripts/flask-07-upgrade.py', 163, 163)"
440,breaks in linear flow,"('/home/toffer/Repos/flask-tags/flask-0.8.1/scripts/flask-07-upgrade.py', 165, 165)"
441,breaks in linear flow,"('/home/toffer/Repos/flask-tags/flask-0.8.1/scripts/flask-07-upgrade.py', 167, 167)"
442,breaks in linear flow,"('/home/toffer/Repos/flask-tags/flask-0.8.1/scripts/flask-07-upgrade.py', 174, 174)"
443,breaks in linear flow,"('/home/toffer/Repos/flask-tags/flask-0.8.1/scripts/flask-07-upgrade.py', 181, 181)"
444,breaks in linear flow,"('/home/toffer/Repos/flask-tags/flask-0.8.1/scripts/flask-07-upgrade.py', 182, 182)"
445,breaks in linear flow,"('/home/toffer/Repos/flask-tags/flask-0.8.1/scripts/flask-07-upgrade.py', 184, 184)"
446,breaks in linear flow,"('/home/toffer/Repos/flask-tags/flask-0.8.1/scripts/flask-07-upgrade.py', 185, 185)"
447,breaks in linear flow,"('/home/toffer/Repos/flask-tags/flask-0.8.1/scripts/flask-07-upgrade.py', 187, 187)"
448,breaks in linear flow,"('/home/toffer/Repos/flask-tags/flask-0.8.1/scripts/flask-07-upgrade.py', 189, 189)"
449,breaks in linear flow,"('/home/toffer/Repos/flask-tags/flask-0.8.1/scripts/flask-07-upgrade.py', 190, 190)"
450,breaks in linear flow,"('/home/toffer/Repos/flask-tags/flask-0.8.1/scripts/flask-07-upgrade.py', 198, 198)"
451,breaks in linear flow,"('/home/toffer/Repos/flask-tags/flask-0.8.1/scripts/flask-07-upgrade.py', 200, 200)"
452,breaks in linear flow,"('/home/toffer/Repos/flask-tags/flask-0.8.1/scripts/flask-07-upgrade.py', 214, 214)"
453,breaks in linear flow,"('/home/toffer/Repos/flask-tags/flask-0.8.1/scripts/flask-07-upgrade.py', 222, 222)"
454,breaks in linear flow,"('/home/toffer/Repos/flask-tags/flask-0.8.1/scripts/flask-07-upgrade.py', 225, 225)"
455,breaks in linear flow,"('/home/toffer/Repos/flask-tags/flask-0.8.1/scripts/flask-07-upgrade.py', 232, 232)"
456,breaks in linear flow,"('/home/toffer/Repos/flask-tags/flask-0.8.1/scripts/flask-07-upgrade.py', 248, 248)"
457,breaks in linear flow,"('/home/toffer/Repos/flask-tags/flask-0.8.1/scripts/flask-07-upgrade.py', 250, 250)"
458,breaks in linear flow,"('/home/toffer/Repos/flask-tags/flask-0.8.1/scripts/flask-07-upgrade.py', 252, 252)"
459,breaks in linear flow,"('/home/toffer/Repos/flask-tags/flask-0.8.1/scripts/flask-07-upgrade.py', 253, 253)"
460,breaks in linear flow,"('/home/toffer/Repos/flask-tags/flask-0.8.1/scripts/flask-07-upgrade.py', 254, 254)"
461,breaks in linear flow,"('/home/toffer/Repos/flask-tags/flask-0.8.1/scripts/flask-07-upgrade.py', 261, 261)"
462,breaks in linear flow,"('/home/toffer/Repos/flask-tags/flask-0.8.1/scripts/flask-07-upgrade.py', 266, 266)"
463,breaks in linear flow,"('/home/toffer/Repos/flask-tags/flask-0.8.1/scripts/flask-07-upgrade.py', 269, 269)"
464,breaks in linear flow,"('/home/toffer/Repos/flask-tags/flask-0.8.1/scripts/flask-07-upgrade.py', 286, 286)"
465,breaks in linear flow,"('/home/toffer/Repos/flask-tags/flask-0.8.1/scripts/flask-07-upgrade.py', 289, 289)"
466,breaks in linear flow,"('/home/toffer/Repos/flask-tags/flask-0.8.1/scripts/flask-07-upgrade.py', 294, 294)"
467,breaks in linear flow,"('/home/toffer/Repos/flask-tags/flask-0.8.1/scripts/flask-07-upgrade.py', 298, 298)"
468,breaks in linear flow,"('/home/toffer/Repos/flask-tags/flask-0.8.1/scripts/flaskext_compat.py', 47, 47)"
469,breaks in linear flow,"('/home/toffer/Repos/flask-tags/flask-0.8.1/scripts/flaskext_compat.py', 51, 51)"
470,breaks in linear flow,"('/home/toffer/Repos/flask-tags/flask-0.8.1/scripts/flaskext_compat.py', 54, 54)"
471,breaks in linear flow,"('/home/toffer/Repos/flask-tags/flask-0.8.1/scripts/flaskext_compat.py', 58, 58)"
472,breaks in linear flow,"('/home/toffer/Repos/flask-tags/flask-0.8.1/scripts/flaskext_compat.py', 75, 75)"
473,breaks in linear flow,"('/home/toffer/Repos/flask-tags/flask-0.8.1/scripts/flaskext_compat.py', 77, 77)"
474,breaks in linear flow,"('/home/toffer/Repos/flask-tags/flask-0.8.1/scripts/flaskext_compat.py', 79, 79)"
475,breaks in linear flow,"('/home/toffer/Repos/flask-tags/flask-0.8.1/scripts/flaskext_compat.py', 90, 90)"
476,breaks in linear flow,"('/home/toffer/Repos/flask-tags/flask-0.8.1/scripts/flaskext_compat.py', 91, 91)"
477,breaks in linear flow,"('/home/toffer/Repos/flask-tags/flask-0.8.1/scripts/flaskext_compat.py', 99, 99)"
478,breaks in linear flow,"('/home/toffer/Repos/flask-tags/flask-0.8.1/scripts/flaskext_compat.py', 106, 106)"
479,breaks in linear flow,"('/home/toffer/Repos/flask-tags/flask-0.8.1/examples/jqueryexample/jqueryexample.py', 28, 28)"
480,breaks in linear flow,"('/home/toffer/Repos/flask-tags/flask-0.8.1/examples/flaskr/flaskr.py', 53, 53)"
481,breaks in linear flow,"('/home/toffer/Repos/flask-tags/flask-0.8.1/examples/flaskr/flaskr.py', 66, 66)"
482,breaks in linear flow,"('/home/toffer/Repos/flask-tags/flask-0.8.1/examples/flaskr/flaskr.py', 78, 78)"
483,breaks in linear flow,"('/home/toffer/Repos/flask-tags/flask-0.8.1/examples/flaskr/flaskr.py', 79, 79)"
484,breaks in linear flow,"('/home/toffer/Repos/flask-tags/flask-0.8.1/examples/flaskr/flaskr.py', 97, 97)"
485,breaks in linear flow,"('/home/toffer/Repos/flask-tags/flask-0.8.1/examples/flaskr/flaskr_tests.py', 74, 74)"
486,breaks in linear flow,"('/home/toffer/Repos/flask-tags/flask-0.8.1/examples/minitwit/minitwit.py', 80, 80)"
487,breaks in linear flow,"('/home/toffer/Repos/flask-tags/flask-0.8.1/examples/minitwit/minitwit.py', 88, 88)"
488,breaks in linear flow,"('/home/toffer/Repos/flask-tags/flask-0.8.1/examples/minitwit/minitwit.py', 98, 98)"
489,breaks in linear flow,"('/home/toffer/Repos/flask-tags/flask-0.8.1/examples/minitwit/minitwit.py', 124, 124)"
490,breaks in linear flow,"('/home/toffer/Repos/flask-tags/flask-0.8.1/examples/minitwit/minitwit.py', 127, 127)"
491,breaks in linear flow,"('/home/toffer/Repos/flask-tags/flask-0.8.1/examples/minitwit/minitwit.py', 143, 143)"
492,breaks in linear flow,"('/home/toffer/Repos/flask-tags/flask-0.8.1/examples/minitwit/minitwit.py', 146, 146)"
493,breaks in linear flow,"('/home/toffer/Repos/flask-tags/flask-0.8.1/examples/minitwit/minitwit.py', 158, 158)"
494,breaks in linear flow,"('/home/toffer/Repos/flask-tags/flask-0.8.1/examples/minitwit/minitwit.py', 161, 161)"
495,breaks in linear flow,"('/home/toffer/Repos/flask-tags/flask-0.8.1/examples/minitwit/minitwit.py', 173, 173)"
496,breaks in linear flow,"('/home/toffer/Repos/flask-tags/flask-0.8.1/examples/minitwit/minitwit.py', 175, 175)"
497,breaks in linear flow,"('/home/toffer/Repos/flask-tags/flask-0.8.1/examples/minitwit/minitwit.py', 187, 187)"
498,breaks in linear flow,"('/home/toffer/Repos/flask-tags/flask-0.8.1/examples/minitwit/minitwit.py', 190, 190)"
499,breaks in linear flow,"('/home/toffer/Repos/flask-tags/flask-0.8.1/examples/minitwit/minitwit.py', 193, 193)"
500,breaks in linear flow,"('/home/toffer/Repos/flask-tags/flask-0.8.1/examples/minitwit/minitwit.py', 208, 208)"
501,breaks in linear flow,"('/home/toffer/Repos/flask-tags/flask-0.8.1/examples/minitwit/minitwit.py', 211, 211)"
502,breaks in linear flow,"('/home/toffer/Repos/flask-tags/flask-0.8.1/examples/minitwit/minitwit.py', 212, 212)"
503,breaks in linear flow,"('/home/toffer/Repos/flask-tags/flask-0.8.1/examples/minitwit/minitwit.py', 247, 247)"
504,breaks in linear flow,"('/home/toffer/Repos/flask-tags/flask-0.8.1/examples/minitwit/minitwit_tests.py', 34, 34)"
505,breaks in linear flow,"('/home/toffer/Repos/flask-tags/flask-0.8.1/examples/minitwit/minitwit_tests.py', 36, 36)"
506,breaks in linear flow,"('/home/toffer/Repos/flask-tags/flask-0.8.1/examples/minitwit/minitwit_tests.py', 65, 65)"
507,breaks in linear flow,"('/home/toffer/Repos/flask-tags/flask-0.8.1/examples/minitwit/minitwit_tests.py', 148, 148)"
508,recursion,"('/home/toffer/Repos/flask-tags/flask-0.8.1/scripts/make-release.py', 129, 130)"
509,recursion,"('/home/toffer/Repos/flask-tags/flask-0.8.1/scripts/make-release.py', 141, 141)"
510,recursion,"('/home/toffer/Repos/flask-tags/flask-0.8.1/scripts/flaskext_test.py', 188, 188)"
511,recursion,"('/home/toffer/Repos/flask-tags/flask-0.8.1/scripts/flaskext_test.py', 249, 249)"
