,type,file_start_end
0,method length,"('/home/toffer/Repos/flask-tags/flask-2.1.3/tests/test_helpers.py', 48, 90)"
1,method length,"('/home/toffer/Repos/flask-tags/flask-2.1.3/tests/test_helpers.py', 208, 237)"
2,method length,"('/home/toffer/Repos/flask-tags/flask-2.1.3/tests/test_async.py', 41, 78)"
3,method length,"('/home/toffer/Repos/flask-tags/flask-2.1.3/tests/test_async.py', 97, 152)"
4,method length,"('/home/toffer/Repos/flask-tags/flask-2.1.3/tests/conftest.py', 100, 127)"
5,method length,"('/home/toffer/Repos/flask-tags/flask-2.1.3/tests/conftest.py', 157, 189)"
6,method length,"('/home/toffer/Repos/flask-tags/flask-2.1.3/tests/conftest.py', 161, 187)"
7,method length,"('/home/toffer/Repos/flask-tags/flask-2.1.3/tests/test_regression.py', 4, 30)"
8,method length,"('/home/toffer/Repos/flask-tags/flask-2.1.3/tests/test_cli.py', 48, 132)"
9,method length,"('/home/toffer/Repos/flask-tags/flask-2.1.3/tests/test_cli.py', 251, 290)"
10,method length,"('/home/toffer/Repos/flask-tags/flask-2.1.3/tests/test_cli.py', 620, 660)"
11,method length,"('/home/toffer/Repos/flask-tags/flask-2.1.3/tests/test_basic.py', 91, 125)"
12,method length,"('/home/toffer/Repos/flask-tags/flask-2.1.3/tests/test_basic.py', 156, 189)"
13,method length,"('/home/toffer/Repos/flask-tags/flask-2.1.3/tests/test_basic.py', 316, 351)"
14,method length,"('/home/toffer/Repos/flask-tags/flask-2.1.3/tests/test_basic.py', 422, 451)"
15,method length,"('/home/toffer/Repos/flask-tags/flask-2.1.3/tests/test_basic.py', 468, 496)"
16,method length,"('/home/toffer/Repos/flask-tags/flask-2.1.3/tests/test_basic.py', 499, 537)"
17,method length,"('/home/toffer/Repos/flask-tags/flask-2.1.3/tests/test_basic.py', 540, 592)"
18,method length,"('/home/toffer/Repos/flask-tags/flask-2.1.3/tests/test_basic.py', 610, 682)"
19,method length,"('/home/toffer/Repos/flask-tags/flask-2.1.3/tests/test_basic.py', 788, 823)"
20,method length,"('/home/toffer/Repos/flask-tags/flask-2.1.3/tests/test_basic.py', 826, 861)"
21,method length,"('/home/toffer/Repos/flask-tags/flask-2.1.3/tests/test_basic.py', 864, 899)"
22,method length,"('/home/toffer/Repos/flask-tags/flask-2.1.3/tests/test_basic.py', 976, 1005)"
23,method length,"('/home/toffer/Repos/flask-tags/flask-2.1.3/tests/test_basic.py', 1008, 1038)"
24,method length,"('/home/toffer/Repos/flask-tags/flask-2.1.3/tests/test_basic.py', 1041, 1069)"
25,method length,"('/home/toffer/Repos/flask-tags/flask-2.1.3/tests/test_basic.py', 1130, 1213)"
26,method length,"('/home/toffer/Repos/flask-tags/flask-2.1.3/tests/test_basic.py', 1216, 1262)"
27,method length,"('/home/toffer/Repos/flask-tags/flask-2.1.3/tests/test_basic.py', 1500, 1542)"
28,method length,"('/home/toffer/Repos/flask-tags/flask-2.1.3/tests/test_basic.py', 1609, 1635)"
29,method length,"('/home/toffer/Repos/flask-tags/flask-2.1.3/tests/test_basic.py', 1798, 1827)"
30,method length,"('/home/toffer/Repos/flask-tags/flask-2.1.3/tests/test_basic.py', 1993, 2020)"
31,method length,"('/home/toffer/Repos/flask-tags/flask-2.1.3/tests/test_signals.py', 61, 103)"
32,method length,"('/home/toffer/Repos/flask-tags/flask-2.1.3/tests/test_views.py', 101, 138)"
33,method length,"('/home/toffer/Repos/flask-tags/flask-2.1.3/tests/test_reqctx.py', 62, 103)"
34,method length,"('/home/toffer/Repos/flask-tags/flask-2.1.3/tests/test_reqctx.py', 149, 176)"
35,method length,"('/home/toffer/Repos/flask-tags/flask-2.1.3/tests/test_reqctx.py', 231, 277)"
36,method length,"('/home/toffer/Repos/flask-tags/flask-2.1.3/tests/test_config.py', 72, 100)"
37,method length,"('/home/toffer/Repos/flask-tags/flask-2.1.3/tests/test_testing.py', 215, 244)"
38,method length,"('/home/toffer/Repos/flask-tags/flask-2.1.3/tests/test_blueprints.py', 8, 43)"
39,method length,"('/home/toffer/Repos/flask-tags/flask-2.1.3/tests/test_blueprints.py', 46, 77)"
40,method length,"('/home/toffer/Repos/flask-tags/flask-2.1.3/tests/test_blueprints.py', 176, 220)"
41,method length,"('/home/toffer/Repos/flask-tags/flask-2.1.3/tests/test_blueprints.py', 290, 319)"
42,method length,"('/home/toffer/Repos/flask-tags/flask-2.1.3/tests/test_blueprints.py', 629, 666)"
43,method length,"('/home/toffer/Repos/flask-tags/flask-2.1.3/tests/test_blueprints.py', 690, 718)"
44,method length,"('/home/toffer/Repos/flask-tags/flask-2.1.3/tests/test_blueprints.py', 721, 761)"
45,method length,"('/home/toffer/Repos/flask-tags/flask-2.1.3/tests/test_blueprints.py', 791, 837)"
46,method length,"('/home/toffer/Repos/flask-tags/flask-2.1.3/tests/test_blueprints.py', 840, 917)"
47,method length,"('/home/toffer/Repos/flask-tags/flask-2.1.3/tests/test_blueprints.py', 974, 1003)"
48,method length,"('/home/toffer/Repos/flask-tags/flask-2.1.3/tests/test_templating.py', 353, 381)"
49,method length,"('/home/toffer/Repos/flask-tags/flask-2.1.3/tests/test_templating.py', 399, 432)"
50,method length,"('/home/toffer/Repos/flask-tags/flask-2.1.3/tests/test_user_error_handler.py', 10, 52)"
51,method length,"('/home/toffer/Repos/flask-tags/flask-2.1.3/tests/test_user_error_handler.py', 55, 91)"
52,method length,"('/home/toffer/Repos/flask-tags/flask-2.1.3/tests/test_user_error_handler.py', 94, 127)"
53,method length,"('/home/toffer/Repos/flask-tags/flask-2.1.3/tests/test_user_error_handler.py', 157, 208)"
54,method length,"('/home/toffer/Repos/flask-tags/flask-2.1.3/tests/test_json.py', 223, 256)"
55,method length,"('/home/toffer/Repos/flask-tags/flask-2.1.3/tests/test_json.py', 259, 299)"
56,method length,"('/home/toffer/Repos/flask-tags/flask-2.1.3/tests/test_json.py', 331, 399)"
57,method length,"('/home/toffer/Repos/flask-tags/flask-2.1.3/examples/tutorial/flaskr/__init__.py', 6, 50)"
58,method length,"('/home/toffer/Repos/flask-tags/flask-2.1.3/examples/tutorial/flaskr/auth.py', 47, 81)"
59,method length,"('/home/toffer/Repos/flask-tags/flask-2.1.3/examples/tutorial/flaskr/blog.py', 28, 57)"
60,method length,"('/home/toffer/Repos/flask-tags/flask-2.1.3/src/flask/scaffold.py', 94, 231)"
61,method length,"('/home/toffer/Repos/flask-tags/flask-2.1.3/src/flask/scaffold.py', 420, 449)"
62,method length,"('/home/toffer/Repos/flask-tags/flask-2.1.3/src/flask/scaffold.py', 459, 517)"
63,method length,"('/home/toffer/Repos/flask-tags/flask-2.1.3/src/flask/scaffold.py', 581, 617)"
64,method length,"('/home/toffer/Repos/flask-tags/flask-2.1.3/src/flask/scaffold.py', 658, 692)"
65,method length,"('/home/toffer/Repos/flask-tags/flask-2.1.3/src/flask/scaffold.py', 793, 858)"
66,method length,"('/home/toffer/Repos/flask-tags/flask-2.1.3/src/flask/scaffold.py', 861, 899)"
67,method length,"('/home/toffer/Repos/flask-tags/flask-2.1.3/src/flask/blueprints.py', 31, 68)"
68,method length,"('/home/toffer/Repos/flask-tags/flask-2.1.3/src/flask/blueprints.py', 261, 381)"
69,method length,"('/home/toffer/Repos/flask-tags/flask-2.1.3/src/flask/sessions.py', 185, 241)"
70,method length,"('/home/toffer/Repos/flask-tags/flask-2.1.3/src/flask/sessions.py', 380, 421)"
71,method length,"('/home/toffer/Repos/flask-tags/flask-2.1.3/src/flask/ctx.py', 112, 142)"
72,method length,"('/home/toffer/Repos/flask-tags/flask-2.1.3/src/flask/ctx.py', 145, 183)"
73,method length,"('/home/toffer/Repos/flask-tags/flask-2.1.3/src/flask/ctx.py', 186, 215)"
74,method length,"('/home/toffer/Repos/flask-tags/flask-2.1.3/src/flask/ctx.py', 314, 344)"
75,method length,"('/home/toffer/Repos/flask-tags/flask-2.1.3/src/flask/ctx.py', 402, 442)"
76,method length,"('/home/toffer/Repos/flask-tags/flask-2.1.3/src/flask/ctx.py', 444, 481)"
77,method length,"('/home/toffer/Repos/flask-tags/flask-2.1.3/src/flask/helpers.py', 68, 140)"
78,method length,"('/home/toffer/Repos/flask-tags/flask-2.1.3/src/flask/helpers.py', 143, 189)"
79,method length,"('/home/toffer/Repos/flask-tags/flask-2.1.3/src/flask/helpers.py', 192, 340)"
80,method length,"('/home/toffer/Repos/flask-tags/flask-2.1.3/src/flask/helpers.py', 365, 394)"
81,method length,"('/home/toffer/Repos/flask-tags/flask-2.1.3/src/flask/helpers.py', 399, 437)"
82,method length,"('/home/toffer/Repos/flask-tags/flask-2.1.3/src/flask/helpers.py', 450, 491)"
83,method length,"('/home/toffer/Repos/flask-tags/flask-2.1.3/src/flask/helpers.py', 508, 625)"
84,method length,"('/home/toffer/Repos/flask-tags/flask-2.1.3/src/flask/helpers.py', 633, 678)"
85,method length,"('/home/toffer/Repos/flask-tags/flask-2.1.3/src/flask/helpers.py', 681, 727)"
86,method length,"('/home/toffer/Repos/flask-tags/flask-2.1.3/src/flask/app.py', 390, 514)"
87,method length,"('/home/toffer/Repos/flask-tags/flask-2.1.3/src/flask/app.py', 668, 701)"
88,method length,"('/home/toffer/Repos/flask-tags/flask-2.1.3/src/flask/app.py', 726, 752)"
89,method length,"('/home/toffer/Repos/flask-tags/flask-2.1.3/src/flask/app.py', 806, 919)"
90,method length,"('/home/toffer/Repos/flask-tags/flask-2.1.3/src/flask/app.py', 921, 977)"
91,method length,"('/home/toffer/Repos/flask-tags/flask-2.1.3/src/flask/app.py', 1039, 1088)"
92,method length,"('/home/toffer/Repos/flask-tags/flask-2.1.3/src/flask/app.py', 1221, 1251)"
93,method length,"('/home/toffer/Repos/flask-tags/flask-2.1.3/src/flask/app.py', 1287, 1318)"
94,method length,"('/home/toffer/Repos/flask-tags/flask-2.1.3/src/flask/app.py', 1320, 1353)"
95,method length,"('/home/toffer/Repos/flask-tags/flask-2.1.3/src/flask/app.py', 1357, 1385)"
96,method length,"('/home/toffer/Repos/flask-tags/flask-2.1.3/src/flask/app.py', 1387, 1434)"
97,method length,"('/home/toffer/Repos/flask-tags/flask-2.1.3/src/flask/app.py', 1453, 1479)"
98,method length,"('/home/toffer/Repos/flask-tags/flask-2.1.3/src/flask/app.py', 1627, 1749)"
99,method length,"('/home/toffer/Repos/flask-tags/flask-2.1.3/src/flask/app.py', 1753, 1791)"
100,method length,"('/home/toffer/Repos/flask-tags/flask-2.1.3/src/flask/app.py', 1864, 1890)"
101,method length,"('/home/toffer/Repos/flask-tags/flask-2.1.3/src/flask/app.py', 1894, 1923)"
102,method length,"('/home/toffer/Repos/flask-tags/flask-2.1.3/src/flask/app.py', 1987, 2041)"
103,method length,"('/home/toffer/Repos/flask-tags/flask-2.1.3/src/flask/app.py', 2043, 2084)"
104,method length,"('/home/toffer/Repos/flask-tags/flask-2.1.3/src/flask/cli.py', 26, 76)"
105,method length,"('/home/toffer/Repos/flask-tags/flask-2.1.3/src/flask/cli.py', 105, 178)"
106,method length,"('/home/toffer/Repos/flask-tags/flask-2.1.3/src/flask/cli.py', 181, 207)"
107,method length,"('/home/toffer/Repos/flask-tags/flask-2.1.3/src/flask/cli.py', 351, 391)"
108,method length,"('/home/toffer/Repos/flask-tags/flask-2.1.3/src/flask/cli.py', 577, 633)"
109,method length,"('/home/toffer/Repos/flask-tags/flask-2.1.3/src/flask/cli.py', 636, 662)"
110,method length,"('/home/toffer/Repos/flask-tags/flask-2.1.3/src/flask/cli.py', 676, 708)"
111,method length,"('/home/toffer/Repos/flask-tags/flask-2.1.3/src/flask/cli.py', 711, 745)"
112,method length,"('/home/toffer/Repos/flask-tags/flask-2.1.3/src/flask/cli.py', 830, 862)"
113,method length,"('/home/toffer/Repos/flask-tags/flask-2.1.3/src/flask/cli.py', 867, 913)"
114,method length,"('/home/toffer/Repos/flask-tags/flask-2.1.3/src/flask/cli.py', 929, 962)"
115,method length,"('/home/toffer/Repos/flask-tags/flask-2.1.3/src/flask/testing.py', 54, 83)"
116,method length,"('/home/toffer/Repos/flask-tags/flask-2.1.3/src/flask/testing.py', 123, 173)"
117,method length,"('/home/toffer/Repos/flask-tags/flask-2.1.3/src/flask/debughelpers.py', 116, 161)"
118,method length,"('/home/toffer/Repos/flask-tags/flask-2.1.3/src/flask/config.py', 103, 163)"
119,method length,"('/home/toffer/Repos/flask-tags/flask-2.1.3/src/flask/config.py', 165, 192)"
120,method length,"('/home/toffer/Repos/flask-tags/flask-2.1.3/src/flask/config.py', 194, 230)"
121,method length,"('/home/toffer/Repos/flask-tags/flask-2.1.3/src/flask/config.py', 237, 273)"
122,method length,"('/home/toffer/Repos/flask-tags/flask-2.1.3/src/flask/config.py', 295, 334)"
123,method length,"('/home/toffer/Repos/flask-tags/flask-2.1.3/src/flask/views.py', 72, 103)"
124,method length,"('/home/toffer/Repos/flask-tags/flask-2.1.3/src/flask/json/tag.py', 258, 284)"
125,method length,"('/home/toffer/Repos/flask-tags/flask-2.1.3/src/flask/json/__init__.py', 235, 304)"
126,file length,"('/home/toffer/Repos/flask-tags/flask-2.1.3/tests/test_cli.py', -1, -1)"
127,file length,"('/home/toffer/Repos/flask-tags/flask-2.1.3/tests/test_basic.py', -1, -1)"
128,file length,"('/home/toffer/Repos/flask-tags/flask-2.1.3/tests/test_testing.py', -1, -1)"
129,file length,"('/home/toffer/Repos/flask-tags/flask-2.1.3/tests/test_blueprints.py', -1, -1)"
130,file length,"('/home/toffer/Repos/flask-tags/flask-2.1.3/tests/test_templating.py', -1, -1)"
131,file length,"('/home/toffer/Repos/flask-tags/flask-2.1.3/tests/test_json.py', -1, -1)"
132,file length,"('/home/toffer/Repos/flask-tags/flask-2.1.3/src/flask/scaffold.py', -1, -1)"
133,file length,"('/home/toffer/Repos/flask-tags/flask-2.1.3/src/flask/blueprints.py', -1, -1)"
134,file length,"('/home/toffer/Repos/flask-tags/flask-2.1.3/src/flask/sessions.py', -1, -1)"
135,file length,"('/home/toffer/Repos/flask-tags/flask-2.1.3/src/flask/ctx.py', -1, -1)"
136,file length,"('/home/toffer/Repos/flask-tags/flask-2.1.3/src/flask/helpers.py', -1, -1)"
137,file length,"('/home/toffer/Repos/flask-tags/flask-2.1.3/src/flask/app.py', -1, -1)"
138,file length,"('/home/toffer/Repos/flask-tags/flask-2.1.3/src/flask/cli.py', -1, -1)"
139,file length,"('/home/toffer/Repos/flask-tags/flask-2.1.3/src/flask/config.py', -1, -1)"
140,argument count,"('/home/toffer/Repos/flask-tags/flask-2.1.3/docs/conf.py', 69, 69)"
141,argument count,"('/home/toffer/Repos/flask-tags/flask-2.1.3/tests/test_helpers.py', 265, 267)"
142,argument count,"('/home/toffer/Repos/flask-tags/flask-2.1.3/tests/test_helpers.py', 284, 284)"
143,argument count,"('/home/toffer/Repos/flask-tags/flask-2.1.3/tests/test_basic.py', 1574, 1576)"
144,argument count,"('/home/toffer/Repos/flask-tags/flask-2.1.3/tests/test_basic.py', 1960, 1960)"
145,argument count,"('/home/toffer/Repos/flask-tags/flask-2.1.3/tests/test_basic.py', 1981, 1983)"
146,argument count,"('/home/toffer/Repos/flask-tags/flask-2.1.3/tests/test_instance_config.py', 66, 68)"
147,argument count,"('/home/toffer/Repos/flask-tags/flask-2.1.3/tests/test_instance_config.py', 79, 81)"
148,argument count,"('/home/toffer/Repos/flask-tags/flask-2.1.3/tests/test_instance_config.py', 97, 99)"
149,argument count,"('/home/toffer/Repos/flask-tags/flask-2.1.3/tests/test_blueprints.py', 120, 120)"
150,argument count,"('/home/toffer/Repos/flask-tags/flask-2.1.3/tests/test_blueprints.py', 929, 936)"
151,argument count,"('/home/toffer/Repos/flask-tags/flask-2.1.3/src/flask/scaffold.py', 85, 92)"
152,argument count,"('/home/toffer/Repos/flask-tags/flask-2.1.3/src/flask/scaffold.py', 452, 459)"
153,argument count,"('/home/toffer/Repos/flask-tags/flask-2.1.3/src/flask/blueprints.py', 24, 30)"
154,argument count,"('/home/toffer/Repos/flask-tags/flask-2.1.3/src/flask/blueprints.py', 70, 76)"
155,argument count,"('/home/toffer/Repos/flask-tags/flask-2.1.3/src/flask/blueprints.py', 165, 177)"
156,argument count,"('/home/toffer/Repos/flask-tags/flask-2.1.3/src/flask/blueprints.py', 383, 390)"
157,argument count,"('/home/toffer/Repos/flask-tags/flask-2.1.3/src/flask/ctx.py', 308, 314)"
158,argument count,"('/home/toffer/Repos/flask-tags/flask-2.1.3/src/flask/helpers.py', 440, 450)"
159,argument count,"('/home/toffer/Repos/flask-tags/flask-2.1.3/src/flask/helpers.py', 494, 508)"
160,argument count,"('/home/toffer/Repos/flask-tags/flask-2.1.3/src/flask/app.py', 378, 390)"
161,argument count,"('/home/toffer/Repos/flask-tags/flask-2.1.3/src/flask/app.py', 799, 806)"
162,argument count,"('/home/toffer/Repos/flask-tags/flask-2.1.3/src/flask/app.py', 1032, 1039)"
163,argument count,"('/home/toffer/Repos/flask-tags/flask-2.1.3/src/flask/cli.py', 466, 474)"
164,argument count,"('/home/toffer/Repos/flask-tags/flask-2.1.3/src/flask/cli.py', 819, 830)"
165,argument count,"('/home/toffer/Repos/flask-tags/flask-2.1.3/src/flask/testing.py', 45, 54)"
166,argument count,"('/home/toffer/Repos/flask-tags/flask-2.1.3/src/flask/testing.py', 191, 197)"
167,argument count,"('/home/toffer/Repos/flask-tags/flask-2.1.3/src/flask/testing.py', 260, 262)"
168,method count,"('/home/toffer/Repos/flask-tags/flask-2.1.3/tests/test_appctx.py', 6, 200)"
169,method count,"('/home/toffer/Repos/flask-tags/flask-2.1.3/tests/test_helpers.py', 18, 312)"
170,method count,"('/home/toffer/Repos/flask-tags/flask-2.1.3/tests/test_cli.py', 37, 668)"
171,method count,"('/home/toffer/Repos/flask-tags/flask-2.1.3/tests/test_basic.py', 29, 2035)"
172,method count,"('/home/toffer/Repos/flask-tags/flask-2.1.3/tests/test_signals.py', 15, 185)"
173,method count,"('/home/toffer/Repos/flask-tags/flask-2.1.3/tests/test_views.py', 7, 232)"
174,method count,"('/home/toffer/Repos/flask-tags/flask-2.1.3/tests/test_reqctx.py', 15, 321)"
175,method count,"('/home/toffer/Repos/flask-tags/flask-2.1.3/tests/test_testing.py', 18, 415)"
176,method count,"('/home/toffer/Repos/flask-tags/flask-2.1.3/tests/test_blueprints.py', 8, 991)"
177,method count,"('/home/toffer/Repos/flask-tags/flask-2.1.3/tests/test_templating.py', 10, 442)"
178,method count,"('/home/toffer/Repos/flask-tags/flask-2.1.3/tests/test_user_error_handler.py', 10, 283)"
179,method count,"('/home/toffer/Repos/flask-tags/flask-2.1.3/tests/test_json.py', 14, 404)"
180,method count,"('/home/toffer/Repos/flask-tags/flask-2.1.3/src/flask/scaffold.py', 33, 898)"
181,method count,"('/home/toffer/Repos/flask-tags/flask-2.1.3/src/flask/blueprints.py', 24, 590)"
182,method count,"('/home/toffer/Repos/flask-tags/flask-2.1.3/src/flask/sessions.py', 24, 420)"
183,method count,"('/home/toffer/Repos/flask-tags/flask-2.1.3/src/flask/ctx.py', 47, 512)"
184,method count,"('/home/toffer/Repos/flask-tags/flask-2.1.3/src/flask/helpers.py', 27, 790)"
185,method count,"('/home/toffer/Repos/flask-tags/flask-2.1.3/src/flask/app.py', 75, 2090)"
186,method count,"('/home/toffer/Repos/flask-tags/flask-2.1.3/src/flask/cli.py', 26, 985)"
187,method count,"('/home/toffer/Repos/flask-tags/flask-2.1.3/src/flask/json/tag.py', 66, 311)"
188,Return Statements,"('/home/toffer/Repos/flask-tags/flask-2.1.3/tests/test_async.py', 41, 78)"
189,Return Statements,"('/home/toffer/Repos/flask-tags/flask-2.1.3/tests/test_cli.py', 48, 132)"
190,Return Statements,"('/home/toffer/Repos/flask-tags/flask-2.1.3/tests/test_basic.py', 540, 592)"
191,Return Statements,"('/home/toffer/Repos/flask-tags/flask-2.1.3/tests/test_basic.py', 604, 682)"
192,Return Statements,"('/home/toffer/Repos/flask-tags/flask-2.1.3/tests/test_basic.py', 1130, 1213)"
193,Return Statements,"('/home/toffer/Repos/flask-tags/flask-2.1.3/tests/test_reqctx.py', 228, 277)"
194,Return Statements,"('/home/toffer/Repos/flask-tags/flask-2.1.3/tests/test_blueprints.py', 290, 319)"
195,Return Statements,"('/home/toffer/Repos/flask-tags/flask-2.1.3/tests/test_blueprints.py', 791, 837)"
196,Return Statements,"('/home/toffer/Repos/flask-tags/flask-2.1.3/tests/test_blueprints.py', 840, 917)"
197,Return Statements,"('/home/toffer/Repos/flask-tags/flask-2.1.3/tests/test_user_error_handler.py', 157, 208)"
198,Return Statements,"('/home/toffer/Repos/flask-tags/flask-2.1.3/tests/test_json.py', 223, 256)"
199,Return Statements,"('/home/toffer/Repos/flask-tags/flask-2.1.3/tests/test_json.py', 259, 299)"
200,Return Statements,"('/home/toffer/Repos/flask-tags/flask-2.1.3/src/flask/scaffold.py', 793, 858)"
201,Return Statements,"('/home/toffer/Repos/flask-tags/flask-2.1.3/src/flask/scaffold.py', 861, 899)"
202,Return Statements,"('/home/toffer/Repos/flask-tags/flask-2.1.3/src/flask/json/__init__.py', 37, 51)"
203,nested controlflow,"('/home/toffer/Repos/flask-tags/flask-2.1.3/src/flask/app.py', 1271, 1282)"
204,nested controlflow,"('/home/toffer/Repos/flask-tags/flask-2.1.3/src/flask/app.py', 1854, 1860)"
205,nested controlflow,"('/home/toffer/Repos/flask-tags/flask-2.1.3/src/flask/cli.py', 363, 376)"
206,breaks in linear flow,"('/home/toffer/Repos/flask-tags/flask-2.1.3/docs/conf.py', 74, 74)"
207,breaks in linear flow,"('/home/toffer/Repos/flask-tags/flask-2.1.3/docs/conf.py', 80, 80)"
208,breaks in linear flow,"('/home/toffer/Repos/flask-tags/flask-2.1.3/docs/conf.py', 85, 85)"
209,breaks in linear flow,"('/home/toffer/Repos/flask-tags/flask-2.1.3/tests/test_appctx.py', 64, 64)"
210,breaks in linear flow,"('/home/toffer/Repos/flask-tags/flask-2.1.3/tests/test_appctx.py', 83, 83)"
211,breaks in linear flow,"('/home/toffer/Repos/flask-tags/flask-2.1.3/tests/test_appctx.py', 206, 206)"
212,breaks in linear flow,"('/home/toffer/Repos/flask-tags/flask-2.1.3/tests/test_helpers.py', 144, 144)"
213,breaks in linear flow,"('/home/toffer/Repos/flask-tags/flask-2.1.3/tests/test_helpers.py', 176, 176)"
214,breaks in linear flow,"('/home/toffer/Repos/flask-tags/flask-2.1.3/tests/test_helpers.py', 269, 269)"
215,breaks in linear flow,"('/home/toffer/Repos/flask-tags/flask-2.1.3/tests/conftest.py', 28, 28)"
216,breaks in linear flow,"('/home/toffer/Repos/flask-tags/flask-2.1.3/tests/conftest.py', 29, 29)"
217,breaks in linear flow,"('/home/toffer/Repos/flask-tags/flask-2.1.3/tests/conftest.py', 83, 83)"
218,breaks in linear flow,"('/home/toffer/Repos/flask-tags/flask-2.1.3/tests/conftest.py', 94, 94)"
219,breaks in linear flow,"('/home/toffer/Repos/flask-tags/flask-2.1.3/tests/conftest.py', 110, 110)"
220,breaks in linear flow,"('/home/toffer/Repos/flask-tags/flask-2.1.3/tests/conftest.py', 118, 118)"
221,breaks in linear flow,"('/home/toffer/Repos/flask-tags/flask-2.1.3/tests/test_regression.py', 24, 24)"
222,breaks in linear flow,"('/home/toffer/Repos/flask-tags/flask-2.1.3/tests/test_cli.py', 457, 457)"
223,breaks in linear flow,"('/home/toffer/Repos/flask-tags/flask-2.1.3/tests/test_cli.py', 496, 496)"
224,breaks in linear flow,"('/home/toffer/Repos/flask-tags/flask-2.1.3/tests/test_cli.py', 510, 510)"
225,breaks in linear flow,"('/home/toffer/Repos/flask-tags/flask-2.1.3/tests/test_cli.py', 533, 533)"
226,breaks in linear flow,"('/home/toffer/Repos/flask-tags/flask-2.1.3/tests/test_basic.py', 579, 579)"
227,breaks in linear flow,"('/home/toffer/Repos/flask-tags/flask-2.1.3/tests/test_basic.py', 801, 801)"
228,breaks in linear flow,"('/home/toffer/Repos/flask-tags/flask-2.1.3/tests/test_basic.py', 813, 813)"
229,breaks in linear flow,"('/home/toffer/Repos/flask-tags/flask-2.1.3/tests/test_basic.py', 1088, 1088)"
230,breaks in linear flow,"('/home/toffer/Repos/flask-tags/flask-2.1.3/tests/test_basic.py', 1093, 1093)"
231,breaks in linear flow,"('/home/toffer/Repos/flask-tags/flask-2.1.3/tests/test_basic.py', 1105, 1105)"
232,breaks in linear flow,"('/home/toffer/Repos/flask-tags/flask-2.1.3/tests/test_basic.py', 1366, 1366)"
233,breaks in linear flow,"('/home/toffer/Repos/flask-tags/flask-2.1.3/tests/test_basic.py', 1370, 1370)"
234,breaks in linear flow,"('/home/toffer/Repos/flask-tags/flask-2.1.3/tests/test_basic.py', 1526, 1526)"
235,breaks in linear flow,"('/home/toffer/Repos/flask-tags/flask-2.1.3/tests/test_basic.py', 1553, 1553)"
236,breaks in linear flow,"('/home/toffer/Repos/flask-tags/flask-2.1.3/tests/test_basic.py', 1564, 1564)"
237,breaks in linear flow,"('/home/toffer/Repos/flask-tags/flask-2.1.3/tests/test_basic.py', 1612, 1612)"
238,breaks in linear flow,"('/home/toffer/Repos/flask-tags/flask-2.1.3/tests/test_basic.py', 1786, 1786)"
239,breaks in linear flow,"('/home/toffer/Repos/flask-tags/flask-2.1.3/tests/test_signals.py', 5, 5)"
240,breaks in linear flow,"('/home/toffer/Repos/flask-tags/flask-2.1.3/tests/test_reqctx.py', 11, 11)"
241,breaks in linear flow,"('/home/toffer/Repos/flask-tags/flask-2.1.3/tests/test_reqctx.py', 38, 38)"
242,breaks in linear flow,"('/home/toffer/Repos/flask-tags/flask-2.1.3/tests/test_reqctx.py', 57, 57)"
243,breaks in linear flow,"('/home/toffer/Repos/flask-tags/flask-2.1.3/tests/test_reqctx.py', 234, 234)"
244,breaks in linear flow,"('/home/toffer/Repos/flask-tags/flask-2.1.3/tests/test_config.py', 82, 82)"
245,breaks in linear flow,"('/home/toffer/Repos/flask-tags/flask-2.1.3/tests/test_logging.py', 32, 32)"
246,breaks in linear flow,"('/home/toffer/Repos/flask-tags/flask-2.1.3/tests/test_instance_config.py', 124, 124)"
247,breaks in linear flow,"('/home/toffer/Repos/flask-tags/flask-2.1.3/tests/test_testing.py', 14, 14)"
248,breaks in linear flow,"('/home/toffer/Repos/flask-tags/flask-2.1.3/tests/test_testing.py', 146, 146)"
249,breaks in linear flow,"('/home/toffer/Repos/flask-tags/flask-2.1.3/tests/test_testing.py', 241, 241)"
250,breaks in linear flow,"('/home/toffer/Repos/flask-tags/flask-2.1.3/tests/test_blueprints.py', 198, 198)"
251,breaks in linear flow,"('/home/toffer/Repos/flask-tags/flask-2.1.3/tests/test_blueprints.py', 236, 236)"
252,breaks in linear flow,"('/home/toffer/Repos/flask-tags/flask-2.1.3/tests/test_user_error_handler.py', 32, 32)"
253,breaks in linear flow,"('/home/toffer/Repos/flask-tags/flask-2.1.3/tests/test_user_error_handler.py', 241, 241)"
254,breaks in linear flow,"('/home/toffer/Repos/flask-tags/flask-2.1.3/tests/test_json.py', 99, 99)"
255,breaks in linear flow,"('/home/toffer/Repos/flask-tags/flask-2.1.3/tests/test_json.py', 127, 127)"
256,breaks in linear flow,"('/home/toffer/Repos/flask-tags/flask-2.1.3/tests/test_json.py', 230, 230)"
257,breaks in linear flow,"('/home/toffer/Repos/flask-tags/flask-2.1.3/tests/test_json.py', 240, 240)"
258,breaks in linear flow,"('/home/toffer/Repos/flask-tags/flask-2.1.3/tests/test_json.py', 268, 268)"
259,breaks in linear flow,"('/home/toffer/Repos/flask-tags/flask-2.1.3/tests/test_json.py', 279, 279)"
260,breaks in linear flow,"('/home/toffer/Repos/flask-tags/flask-2.1.3/tests/test_json.py', 308, 308)"
261,breaks in linear flow,"('/home/toffer/Repos/flask-tags/flask-2.1.3/tests/test_json.py', 398, 398)"
262,breaks in linear flow,"('/home/toffer/Repos/flask-tags/flask-2.1.3/examples/tutorial/flaskr/__init__.py', 16, 16)"
263,breaks in linear flow,"('/home/toffer/Repos/flask-tags/flask-2.1.3/examples/tutorial/flaskr/__init__.py', 26, 26)"
264,breaks in linear flow,"('/home/toffer/Repos/flask-tags/flask-2.1.3/examples/tutorial/flaskr/auth.py', 24, 24)"
265,breaks in linear flow,"('/home/toffer/Repos/flask-tags/flask-2.1.3/examples/tutorial/flaskr/auth.py', 38, 38)"
266,breaks in linear flow,"('/home/toffer/Repos/flask-tags/flask-2.1.3/examples/tutorial/flaskr/auth.py', 53, 53)"
267,breaks in linear flow,"('/home/toffer/Repos/flask-tags/flask-2.1.3/examples/tutorial/flaskr/auth.py', 59, 59)"
268,breaks in linear flow,"('/home/toffer/Repos/flask-tags/flask-2.1.3/examples/tutorial/flaskr/auth.py', 64, 64)"
269,breaks in linear flow,"('/home/toffer/Repos/flask-tags/flask-2.1.3/examples/tutorial/flaskr/auth.py', 71, 71)"
270,breaks in linear flow,"('/home/toffer/Repos/flask-tags/flask-2.1.3/examples/tutorial/flaskr/auth.py', 87, 87)"
271,breaks in linear flow,"('/home/toffer/Repos/flask-tags/flask-2.1.3/examples/tutorial/flaskr/auth.py', 96, 96)"
272,breaks in linear flow,"('/home/toffer/Repos/flask-tags/flask-2.1.3/examples/tutorial/flaskr/auth.py', 101, 101)"
273,breaks in linear flow,"('/home/toffer/Repos/flask-tags/flask-2.1.3/examples/tutorial/flaskr/blog.py', 51, 51)"
274,breaks in linear flow,"('/home/toffer/Repos/flask-tags/flask-2.1.3/examples/tutorial/flaskr/blog.py', 54, 54)"
275,breaks in linear flow,"('/home/toffer/Repos/flask-tags/flask-2.1.3/examples/tutorial/flaskr/blog.py', 64, 64)"
276,breaks in linear flow,"('/home/toffer/Repos/flask-tags/flask-2.1.3/examples/tutorial/flaskr/blog.py', 69, 69)"
277,breaks in linear flow,"('/home/toffer/Repos/flask-tags/flask-2.1.3/examples/tutorial/flaskr/blog.py', 72, 72)"
278,breaks in linear flow,"('/home/toffer/Repos/flask-tags/flask-2.1.3/examples/tutorial/flaskr/blog.py', 92, 92)"
279,breaks in linear flow,"('/home/toffer/Repos/flask-tags/flask-2.1.3/examples/tutorial/flaskr/blog.py', 97, 97)"
280,breaks in linear flow,"('/home/toffer/Repos/flask-tags/flask-2.1.3/examples/tutorial/flaskr/blog.py', 100, 100)"
281,breaks in linear flow,"('/home/toffer/Repos/flask-tags/flask-2.1.3/examples/tutorial/flaskr/db.py', 14, 14)"
282,breaks in linear flow,"('/home/toffer/Repos/flask-tags/flask-2.1.3/examples/tutorial/flaskr/db.py', 29, 29)"
283,breaks in linear flow,"('/home/toffer/Repos/flask-tags/flask-2.1.3/src/flask/scaffold.py', 24, 24)"
284,breaks in linear flow,"('/home/toffer/Repos/flask-tags/flask-2.1.3/src/flask/scaffold.py', 39, 39)"
285,breaks in linear flow,"('/home/toffer/Repos/flask-tags/flask-2.1.3/src/flask/scaffold.py', 105, 105)"
286,breaks in linear flow,"('/home/toffer/Repos/flask-tags/flask-2.1.3/src/flask/scaffold.py', 244, 244)"
287,breaks in linear flow,"('/home/toffer/Repos/flask-tags/flask-2.1.3/src/flask/scaffold.py', 251, 251)"
288,breaks in linear flow,"('/home/toffer/Repos/flask-tags/flask-2.1.3/src/flask/scaffold.py', 271, 271)"
289,breaks in linear flow,"('/home/toffer/Repos/flask-tags/flask-2.1.3/src/flask/scaffold.py', 274, 274)"
290,breaks in linear flow,"('/home/toffer/Repos/flask-tags/flask-2.1.3/src/flask/scaffold.py', 282, 282)"
291,breaks in linear flow,"('/home/toffer/Repos/flask-tags/flask-2.1.3/src/flask/scaffold.py', 303, 303)"
292,breaks in linear flow,"('/home/toffer/Repos/flask-tags/flask-2.1.3/src/flask/scaffold.py', 316, 316)"
293,breaks in linear flow,"('/home/toffer/Repos/flask-tags/flask-2.1.3/src/flask/scaffold.py', 334, 334)"
294,breaks in linear flow,"('/home/toffer/Repos/flask-tags/flask-2.1.3/src/flask/scaffold.py', 357, 357)"
295,breaks in linear flow,"('/home/toffer/Repos/flask-tags/flask-2.1.3/src/flask/scaffold.py', 368, 368)"
296,breaks in linear flow,"('/home/toffer/Repos/flask-tags/flask-2.1.3/src/flask/scaffold.py', 706, 706)"
297,breaks in linear flow,"('/home/toffer/Repos/flask-tags/flask-2.1.3/src/flask/scaffold.py', 715, 715)"
298,breaks in linear flow,"('/home/toffer/Repos/flask-tags/flask-2.1.3/src/flask/scaffold.py', 736, 736)"
299,breaks in linear flow,"('/home/toffer/Repos/flask-tags/flask-2.1.3/src/flask/scaffold.py', 745, 745)"
300,breaks in linear flow,"('/home/toffer/Repos/flask-tags/flask-2.1.3/src/flask/scaffold.py', 766, 766)"
301,breaks in linear flow,"('/home/toffer/Repos/flask-tags/flask-2.1.3/src/flask/scaffold.py', 773, 773)"
302,breaks in linear flow,"('/home/toffer/Repos/flask-tags/flask-2.1.3/src/flask/scaffold.py', 789, 789)"
303,breaks in linear flow,"('/home/toffer/Repos/flask-tags/flask-2.1.3/src/flask/scaffold.py', 800, 800)"
304,breaks in linear flow,"('/home/toffer/Repos/flask-tags/flask-2.1.3/src/flask/scaffold.py', 807, 807)"
305,breaks in linear flow,"('/home/toffer/Repos/flask-tags/flask-2.1.3/src/flask/scaffold.py', 811, 811)"
306,breaks in linear flow,"('/home/toffer/Repos/flask-tags/flask-2.1.3/src/flask/scaffold.py', 813, 813)"
307,breaks in linear flow,"('/home/toffer/Repos/flask-tags/flask-2.1.3/src/flask/scaffold.py', 837, 837)"
308,breaks in linear flow,"('/home/toffer/Repos/flask-tags/flask-2.1.3/src/flask/scaffold.py', 841, 841)"
309,breaks in linear flow,"('/home/toffer/Repos/flask-tags/flask-2.1.3/src/flask/scaffold.py', 855, 855)"
310,breaks in linear flow,"('/home/toffer/Repos/flask-tags/flask-2.1.3/src/flask/scaffold.py', 878, 878)"
311,breaks in linear flow,"('/home/toffer/Repos/flask-tags/flask-2.1.3/src/flask/scaffold.py', 884, 884)"
312,breaks in linear flow,"('/home/toffer/Repos/flask-tags/flask-2.1.3/src/flask/scaffold.py', 888, 888)"
313,breaks in linear flow,"('/home/toffer/Repos/flask-tags/flask-2.1.3/src/flask/scaffold.py', 892, 892)"
314,breaks in linear flow,"('/home/toffer/Repos/flask-tags/flask-2.1.3/src/flask/blueprints.py', 11, 11)"
315,breaks in linear flow,"('/home/toffer/Repos/flask-tags/flask-2.1.3/src/flask/blueprints.py', 48, 48)"
316,breaks in linear flow,"('/home/toffer/Repos/flask-tags/flask-2.1.3/src/flask/blueprints.py', 56, 56)"
317,breaks in linear flow,"('/home/toffer/Repos/flask-tags/flask-2.1.3/src/flask/blueprints.py', 81, 81)"
318,breaks in linear flow,"('/home/toffer/Repos/flask-tags/flask-2.1.3/src/flask/blueprints.py', 82, 82)"
319,breaks in linear flow,"('/home/toffer/Repos/flask-tags/flask-2.1.3/src/flask/blueprints.py', 87, 87)"
320,breaks in linear flow,"('/home/toffer/Repos/flask-tags/flask-2.1.3/src/flask/blueprints.py', 90, 90)"
321,breaks in linear flow,"('/home/toffer/Repos/flask-tags/flask-2.1.3/src/flask/blueprints.py', 186, 186)"
322,breaks in linear flow,"('/home/toffer/Repos/flask-tags/flask-2.1.3/src/flask/blueprints.py', 194, 194)"
323,breaks in linear flow,"('/home/toffer/Repos/flask-tags/flask-2.1.3/src/flask/blueprints.py', 210, 210)"
324,breaks in linear flow,"('/home/toffer/Repos/flask-tags/flask-2.1.3/src/flask/blueprints.py', 230, 230)"
325,breaks in linear flow,"('/home/toffer/Repos/flask-tags/flask-2.1.3/src/flask/blueprints.py', 257, 257)"
326,breaks in linear flow,"('/home/toffer/Repos/flask-tags/flask-2.1.3/src/flask/blueprints.py', 291, 291)"
327,breaks in linear flow,"('/home/toffer/Repos/flask-tags/flask-2.1.3/src/flask/blueprints.py', 308, 308)"
328,breaks in linear flow,"('/home/toffer/Repos/flask-tags/flask-2.1.3/src/flask/blueprints.py', 316, 316)"
329,breaks in linear flow,"('/home/toffer/Repos/flask-tags/flask-2.1.3/src/flask/blueprints.py', 319, 319)"
330,breaks in linear flow,"('/home/toffer/Repos/flask-tags/flask-2.1.3/src/flask/blueprints.py', 323, 323)"
331,breaks in linear flow,"('/home/toffer/Repos/flask-tags/flask-2.1.3/src/flask/blueprints.py', 336, 336)"
332,breaks in linear flow,"('/home/toffer/Repos/flask-tags/flask-2.1.3/src/flask/blueprints.py', 349, 349)"
333,breaks in linear flow,"('/home/toffer/Repos/flask-tags/flask-2.1.3/src/flask/blueprints.py', 354, 354)"
334,breaks in linear flow,"('/home/toffer/Repos/flask-tags/flask-2.1.3/src/flask/blueprints.py', 355, 355)"
335,breaks in linear flow,"('/home/toffer/Repos/flask-tags/flask-2.1.3/src/flask/blueprints.py', 364, 364)"
336,breaks in linear flow,"('/home/toffer/Repos/flask-tags/flask-2.1.3/src/flask/blueprints.py', 368, 368)"
337,breaks in linear flow,"('/home/toffer/Repos/flask-tags/flask-2.1.3/src/flask/blueprints.py', 371, 371)"
338,breaks in linear flow,"('/home/toffer/Repos/flask-tags/flask-2.1.3/src/flask/blueprints.py', 394, 394)"
339,breaks in linear flow,"('/home/toffer/Repos/flask-tags/flask-2.1.3/src/flask/blueprints.py', 397, 397)"
340,breaks in linear flow,"('/home/toffer/Repos/flask-tags/flask-2.1.3/src/flask/globals.py', 7, 7)"
341,breaks in linear flow,"('/home/toffer/Repos/flask-tags/flask-2.1.3/src/flask/globals.py', 32, 32)"
342,breaks in linear flow,"('/home/toffer/Repos/flask-tags/flask-2.1.3/src/flask/globals.py', 39, 39)"
343,breaks in linear flow,"('/home/toffer/Repos/flask-tags/flask-2.1.3/src/flask/globals.py', 46, 46)"
344,breaks in linear flow,"('/home/toffer/Repos/flask-tags/flask-2.1.3/src/flask/typing.py', 3, 3)"
345,breaks in linear flow,"('/home/toffer/Repos/flask-tags/flask-2.1.3/src/flask/sessions.py', 14, 14)"
346,breaks in linear flow,"('/home/toffer/Repos/flask-tags/flask-2.1.3/src/flask/sessions.py', 199, 199)"
347,breaks in linear flow,"('/home/toffer/Repos/flask-tags/flask-2.1.3/src/flask/sessions.py', 205, 205)"
348,breaks in linear flow,"('/home/toffer/Repos/flask-tags/flask-2.1.3/src/flask/sessions.py', 213, 213)"
349,breaks in linear flow,"('/home/toffer/Repos/flask-tags/flask-2.1.3/src/flask/sessions.py', 227, 227)"
350,breaks in linear flow,"('/home/toffer/Repos/flask-tags/flask-2.1.3/src/flask/sessions.py', 237, 237)"
351,breaks in linear flow,"('/home/toffer/Repos/flask-tags/flask-2.1.3/src/flask/sessions.py', 279, 279)"
352,breaks in linear flow,"('/home/toffer/Repos/flask-tags/flask-2.1.3/src/flask/sessions.py', 350, 350)"
353,breaks in linear flow,"('/home/toffer/Repos/flask-tags/flask-2.1.3/src/flask/sessions.py', 366, 366)"
354,breaks in linear flow,"('/home/toffer/Repos/flask-tags/flask-2.1.3/src/flask/sessions.py', 369, 369)"
355,breaks in linear flow,"('/home/toffer/Repos/flask-tags/flask-2.1.3/src/flask/sessions.py', 375, 375)"
356,breaks in linear flow,"('/home/toffer/Repos/flask-tags/flask-2.1.3/src/flask/sessions.py', 390, 390)"
357,breaks in linear flow,"('/home/toffer/Repos/flask-tags/flask-2.1.3/src/flask/sessions.py', 391, 391)"
358,breaks in linear flow,"('/home/toffer/Repos/flask-tags/flask-2.1.3/src/flask/sessions.py', 404, 404)"
359,breaks in linear flow,"('/home/toffer/Repos/flask-tags/flask-2.1.3/src/flask/sessions.py', 407, 407)"
360,breaks in linear flow,"('/home/toffer/Repos/flask-tags/flask-2.1.3/src/flask/templating.py', 13, 13)"
361,breaks in linear flow,"('/home/toffer/Repos/flask-tags/flask-2.1.3/src/flask/templating.py', 25, 25)"
362,breaks in linear flow,"('/home/toffer/Repos/flask-tags/flask-2.1.3/src/flask/templating.py', 27, 27)"
363,breaks in linear flow,"('/home/toffer/Repos/flask-tags/flask-2.1.3/src/flask/templating.py', 40, 40)"
364,breaks in linear flow,"('/home/toffer/Repos/flask-tags/flask-2.1.3/src/flask/templating.py', 57, 57)"
365,breaks in linear flow,"('/home/toffer/Repos/flask-tags/flask-2.1.3/src/flask/templating.py', 70, 70)"
366,breaks in linear flow,"('/home/toffer/Repos/flask-tags/flask-2.1.3/src/flask/templating.py', 73, 73)"
367,breaks in linear flow,"('/home/toffer/Repos/flask-tags/flask-2.1.3/src/flask/templating.py', 75, 75)"
368,breaks in linear flow,"('/home/toffer/Repos/flask-tags/flask-2.1.3/src/flask/templating.py', 83, 83)"
369,breaks in linear flow,"('/home/toffer/Repos/flask-tags/flask-2.1.3/src/flask/templating.py', 90, 90)"
370,breaks in linear flow,"('/home/toffer/Repos/flask-tags/flask-2.1.3/src/flask/templating.py', 93, 93)"
371,breaks in linear flow,"('/home/toffer/Repos/flask-tags/flask-2.1.3/src/flask/templating.py', 94, 94)"
372,breaks in linear flow,"('/home/toffer/Repos/flask-tags/flask-2.1.3/src/flask/templating.py', 101, 101)"
373,breaks in linear flow,"('/home/toffer/Repos/flask-tags/flask-2.1.3/src/flask/templating.py', 104, 104)"
374,breaks in linear flow,"('/home/toffer/Repos/flask-tags/flask-2.1.3/src/flask/templating.py', 106, 106)"
375,breaks in linear flow,"('/home/toffer/Repos/flask-tags/flask-2.1.3/src/flask/templating.py', 112, 112)"
376,breaks in linear flow,"('/home/toffer/Repos/flask-tags/flask-2.1.3/src/flask/templating.py', 115, 115)"
377,breaks in linear flow,"('/home/toffer/Repos/flask-tags/flask-2.1.3/src/flask/templating.py', 117, 117)"
378,breaks in linear flow,"('/home/toffer/Repos/flask-tags/flask-2.1.3/src/flask/templating.py', 118, 118)"
379,breaks in linear flow,"('/home/toffer/Repos/flask-tags/flask-2.1.3/src/flask/templating.py', 148, 148)"
380,breaks in linear flow,"('/home/toffer/Repos/flask-tags/flask-2.1.3/src/flask/templating.py', 172, 172)"
381,breaks in linear flow,"('/home/toffer/Repos/flask-tags/flask-2.1.3/src/flask/ctx.py', 14, 14)"
382,breaks in linear flow,"('/home/toffer/Repos/flask-tags/flask-2.1.3/src/flask/ctx.py', 50, 50)"
383,breaks in linear flow,"('/home/toffer/Repos/flask-tags/flask-2.1.3/src/flask/ctx.py', 59, 59)"
384,breaks in linear flow,"('/home/toffer/Repos/flask-tags/flask-2.1.3/src/flask/ctx.py', 82, 82)"
385,breaks in linear flow,"('/home/toffer/Repos/flask-tags/flask-2.1.3/src/flask/ctx.py', 107, 107)"
386,breaks in linear flow,"('/home/toffer/Repos/flask-tags/flask-2.1.3/src/flask/ctx.py', 135, 135)"
387,breaks in linear flow,"('/home/toffer/Repos/flask-tags/flask-2.1.3/src/flask/ctx.py', 171, 171)"
388,breaks in linear flow,"('/home/toffer/Repos/flask-tags/flask-2.1.3/src/flask/ctx.py', 256, 256)"
389,breaks in linear flow,"('/home/toffer/Repos/flask-tags/flask-2.1.3/src/flask/ctx.py', 257, 257)"
390,breaks in linear flow,"('/home/toffer/Repos/flask-tags/flask-2.1.3/src/flask/ctx.py', 316, 316)"
391,breaks in linear flow,"('/home/toffer/Repos/flask-tags/flask-2.1.3/src/flask/ctx.py', 322, 322)"
392,breaks in linear flow,"('/home/toffer/Repos/flask-tags/flask-2.1.3/src/flask/ctx.py', 399, 399)"
393,breaks in linear flow,"('/home/toffer/Repos/flask-tags/flask-2.1.3/src/flask/ctx.py', 413, 413)"
394,breaks in linear flow,"('/home/toffer/Repos/flask-tags/flask-2.1.3/src/flask/ctx.py', 419, 419)"
395,breaks in linear flow,"('/home/toffer/Repos/flask-tags/flask-2.1.3/src/flask/ctx.py', 432, 432)"
396,breaks in linear flow,"('/home/toffer/Repos/flask-tags/flask-2.1.3/src/flask/ctx.py', 436, 436)"
397,breaks in linear flow,"('/home/toffer/Repos/flask-tags/flask-2.1.3/src/flask/ctx.py', 441, 441)"
398,breaks in linear flow,"('/home/toffer/Repos/flask-tags/flask-2.1.3/src/flask/ctx.py', 456, 456)"
399,breaks in linear flow,"('/home/toffer/Repos/flask-tags/flask-2.1.3/src/flask/ctx.py', 459, 459)"
400,breaks in linear flow,"('/home/toffer/Repos/flask-tags/flask-2.1.3/src/flask/ctx.py', 464, 464)"
401,breaks in linear flow,"('/home/toffer/Repos/flask-tags/flask-2.1.3/src/flask/ctx.py', 472, 472)"
402,breaks in linear flow,"('/home/toffer/Repos/flask-tags/flask-2.1.3/src/flask/ctx.py', 476, 476)"
403,breaks in linear flow,"('/home/toffer/Repos/flask-tags/flask-2.1.3/src/flask/ctx.py', 484, 484)"
404,breaks in linear flow,"('/home/toffer/Repos/flask-tags/flask-2.1.3/src/flask/helpers.py', 23, 23)"
405,breaks in linear flow,"('/home/toffer/Repos/flask-tags/flask-2.1.3/src/flask/helpers.py', 43, 43)"
406,breaks in linear flow,"('/home/toffer/Repos/flask-tags/flask-2.1.3/src/flask/helpers.py', 58, 58)"
407,breaks in linear flow,"('/home/toffer/Repos/flask-tags/flask-2.1.3/src/flask/helpers.py', 104, 104)"
408,breaks in linear flow,"('/home/toffer/Repos/flask-tags/flask-2.1.3/src/flask/helpers.py', 114, 114)"
409,breaks in linear flow,"('/home/toffer/Repos/flask-tags/flask-2.1.3/src/flask/helpers.py', 131, 131)"
410,breaks in linear flow,"('/home/toffer/Repos/flask-tags/flask-2.1.3/src/flask/helpers.py', 185, 185)"
411,breaks in linear flow,"('/home/toffer/Repos/flask-tags/flask-2.1.3/src/flask/helpers.py', 187, 187)"
412,breaks in linear flow,"('/home/toffer/Repos/flask-tags/flask-2.1.3/src/flask/helpers.py', 271, 271)"
413,breaks in linear flow,"('/home/toffer/Repos/flask-tags/flask-2.1.3/src/flask/helpers.py', 280, 280)"
414,breaks in linear flow,"('/home/toffer/Repos/flask-tags/flask-2.1.3/src/flask/helpers.py', 284, 284)"
415,breaks in linear flow,"('/home/toffer/Repos/flask-tags/flask-2.1.3/src/flask/helpers.py', 285, 285)"
416,breaks in linear flow,"('/home/toffer/Repos/flask-tags/flask-2.1.3/src/flask/helpers.py', 297, 297)"
417,breaks in linear flow,"('/home/toffer/Repos/flask-tags/flask-2.1.3/src/flask/helpers.py', 315, 315)"
418,breaks in linear flow,"('/home/toffer/Repos/flask-tags/flask-2.1.3/src/flask/helpers.py', 316, 316)"
419,breaks in linear flow,"('/home/toffer/Repos/flask-tags/flask-2.1.3/src/flask/helpers.py', 327, 327)"
420,breaks in linear flow,"('/home/toffer/Repos/flask-tags/flask-2.1.3/src/flask/helpers.py', 329, 329)"
421,breaks in linear flow,"('/home/toffer/Repos/flask-tags/flask-2.1.3/src/flask/helpers.py', 338, 338)"
422,breaks in linear flow,"('/home/toffer/Repos/flask-tags/flask-2.1.3/src/flask/helpers.py', 429, 429)"
423,breaks in linear flow,"('/home/toffer/Repos/flask-tags/flask-2.1.3/src/flask/helpers.py', 433, 433)"
424,breaks in linear flow,"('/home/toffer/Repos/flask-tags/flask-2.1.3/src/flask/helpers.py', 435, 435)"
425,breaks in linear flow,"('/home/toffer/Repos/flask-tags/flask-2.1.3/src/flask/helpers.py', 451, 451)"
426,breaks in linear flow,"('/home/toffer/Repos/flask-tags/flask-2.1.3/src/flask/helpers.py', 461, 461)"
427,breaks in linear flow,"('/home/toffer/Repos/flask-tags/flask-2.1.3/src/flask/helpers.py', 470, 470)"
428,breaks in linear flow,"('/home/toffer/Repos/flask-tags/flask-2.1.3/src/flask/helpers.py', 479, 479)"
429,breaks in linear flow,"('/home/toffer/Repos/flask-tags/flask-2.1.3/src/flask/helpers.py', 667, 667)"
430,breaks in linear flow,"('/home/toffer/Repos/flask-tags/flask-2.1.3/src/flask/helpers.py', 693, 693)"
431,breaks in linear flow,"('/home/toffer/Repos/flask-tags/flask-2.1.3/src/flask/helpers.py', 702, 702)"
432,breaks in linear flow,"('/home/toffer/Repos/flask-tags/flask-2.1.3/src/flask/helpers.py', 705, 705)"
433,breaks in linear flow,"('/home/toffer/Repos/flask-tags/flask-2.1.3/src/flask/helpers.py', 716, 716)"
434,breaks in linear flow,"('/home/toffer/Repos/flask-tags/flask-2.1.3/src/flask/helpers.py', 749, 749)"
435,breaks in linear flow,"('/home/toffer/Repos/flask-tags/flask-2.1.3/src/flask/helpers.py', 773, 773)"
436,breaks in linear flow,"('/home/toffer/Repos/flask-tags/flask-2.1.3/src/flask/helpers.py', 776, 776)"
437,breaks in linear flow,"('/home/toffer/Repos/flask-tags/flask-2.1.3/src/flask/helpers.py', 788, 788)"
438,breaks in linear flow,"('/home/toffer/Repos/flask-tags/flask-2.1.3/src/flask/app.py', 65, 65)"
439,breaks in linear flow,"('/home/toffer/Repos/flask-tags/flask-2.1.3/src/flask/app.py', 71, 71)"
440,breaks in linear flow,"('/home/toffer/Repos/flask-tags/flask-2.1.3/src/flask/app.py', 76, 76)"
441,breaks in linear flow,"('/home/toffer/Repos/flask-tags/flask-2.1.3/src/flask/app.py', 79, 79)"
442,breaks in linear flow,"('/home/toffer/Repos/flask-tags/flask-2.1.3/src/flask/app.py', 86, 86)"
443,breaks in linear flow,"('/home/toffer/Repos/flask-tags/flask-2.1.3/src/flask/app.py', 399, 399)"
444,breaks in linear flow,"('/home/toffer/Repos/flask-tags/flask-2.1.3/src/flask/app.py', 498, 498)"
445,breaks in linear flow,"('/home/toffer/Repos/flask-tags/flask-2.1.3/src/flask/app.py', 529, 529)"
446,breaks in linear flow,"('/home/toffer/Repos/flask-tags/flask-2.1.3/src/flask/app.py', 531, 531)"
447,breaks in linear flow,"('/home/toffer/Repos/flask-tags/flask-2.1.3/src/flask/app.py', 544, 544)"
448,breaks in linear flow,"('/home/toffer/Repos/flask-tags/flask-2.1.3/src/flask/app.py', 557, 557)"
449,breaks in linear flow,"('/home/toffer/Repos/flask-tags/flask-2.1.3/src/flask/app.py', 617, 617)"
450,breaks in linear flow,"('/home/toffer/Repos/flask-tags/flask-2.1.3/src/flask/app.py', 633, 633)"
451,breaks in linear flow,"('/home/toffer/Repos/flask-tags/flask-2.1.3/src/flask/app.py', 682, 682)"
452,breaks in linear flow,"('/home/toffer/Repos/flask-tags/flask-2.1.3/src/flask/app.py', 685, 685)"
453,breaks in linear flow,"('/home/toffer/Repos/flask-tags/flask-2.1.3/src/flask/app.py', 722, 722)"
454,breaks in linear flow,"('/home/toffer/Repos/flask-tags/flask-2.1.3/src/flask/app.py', 740, 740)"
455,breaks in linear flow,"('/home/toffer/Repos/flask-tags/flask-2.1.3/src/flask/app.py', 747, 747)"
456,breaks in linear flow,"('/home/toffer/Repos/flask-tags/flask-2.1.3/src/flask/app.py', 748, 748)"
457,breaks in linear flow,"('/home/toffer/Repos/flask-tags/flask-2.1.3/src/flask/app.py', 749, 749)"
458,breaks in linear flow,"('/home/toffer/Repos/flask-tags/flask-2.1.3/src/flask/app.py', 762, 762)"
459,breaks in linear flow,"('/home/toffer/Repos/flask-tags/flask-2.1.3/src/flask/app.py', 866, 866)"
460,breaks in linear flow,"('/home/toffer/Repos/flask-tags/flask-2.1.3/src/flask/app.py', 872, 872)"
461,breaks in linear flow,"('/home/toffer/Repos/flask-tags/flask-2.1.3/src/flask/app.py', 876, 876)"
462,breaks in linear flow,"('/home/toffer/Repos/flask-tags/flask-2.1.3/src/flask/app.py', 883, 883)"
463,breaks in linear flow,"('/home/toffer/Repos/flask-tags/flask-2.1.3/src/flask/app.py', 889, 889)"
464,breaks in linear flow,"('/home/toffer/Repos/flask-tags/flask-2.1.3/src/flask/app.py', 892, 892)"
465,breaks in linear flow,"('/home/toffer/Repos/flask-tags/flask-2.1.3/src/flask/app.py', 893, 893)"
466,breaks in linear flow,"('/home/toffer/Repos/flask-tags/flask-2.1.3/src/flask/app.py', 898, 898)"
467,breaks in linear flow,"('/home/toffer/Repos/flask-tags/flask-2.1.3/src/flask/app.py', 973, 973)"
468,breaks in linear flow,"('/home/toffer/Repos/flask-tags/flask-2.1.3/src/flask/app.py', 991, 991)"
469,breaks in linear flow,"('/home/toffer/Repos/flask-tags/flask-2.1.3/src/flask/app.py', 1040, 1040)"
470,breaks in linear flow,"('/home/toffer/Repos/flask-tags/flask-2.1.3/src/flask/app.py', 1048, 1048)"
471,breaks in linear flow,"('/home/toffer/Repos/flask-tags/flask-2.1.3/src/flask/app.py', 1050, 1050)"
472,breaks in linear flow,"('/home/toffer/Repos/flask-tags/flask-2.1.3/src/flask/app.py', 1062, 1062)"
473,breaks in linear flow,"('/home/toffer/Repos/flask-tags/flask-2.1.3/src/flask/app.py', 1067, 1067)"
474,breaks in linear flow,"('/home/toffer/Repos/flask-tags/flask-2.1.3/src/flask/app.py', 1068, 1068)"
475,breaks in linear flow,"('/home/toffer/Repos/flask-tags/flask-2.1.3/src/flask/app.py', 1081, 1081)"
476,breaks in linear flow,"('/home/toffer/Repos/flask-tags/flask-2.1.3/src/flask/app.py', 1083, 1083)"
477,breaks in linear flow,"('/home/toffer/Repos/flask-tags/flask-2.1.3/src/flask/app.py', 1271, 1271)"
478,breaks in linear flow,"('/home/toffer/Repos/flask-tags/flask-2.1.3/src/flask/app.py', 1272, 1272)"
479,breaks in linear flow,"('/home/toffer/Repos/flask-tags/flask-2.1.3/src/flask/app.py', 1275, 1275)"
480,breaks in linear flow,"('/home/toffer/Repos/flask-tags/flask-2.1.3/src/flask/app.py', 1276, 1276)"
481,breaks in linear flow,"('/home/toffer/Repos/flask-tags/flask-2.1.3/src/flask/app.py', 1278, 1278)"
482,breaks in linear flow,"('/home/toffer/Repos/flask-tags/flask-2.1.3/src/flask/app.py', 1281, 1281)"
483,breaks in linear flow,"('/home/toffer/Repos/flask-tags/flask-2.1.3/src/flask/app.py', 1306, 1306)"
484,breaks in linear flow,"('/home/toffer/Repos/flask-tags/flask-2.1.3/src/flask/app.py', 1312, 1312)"
485,breaks in linear flow,"('/home/toffer/Repos/flask-tags/flask-2.1.3/src/flask/app.py', 1316, 1316)"
486,breaks in linear flow,"('/home/toffer/Repos/flask-tags/flask-2.1.3/src/flask/app.py', 1337, 1337)"
487,breaks in linear flow,"('/home/toffer/Repos/flask-tags/flask-2.1.3/src/flask/app.py', 1343, 1343)"
488,breaks in linear flow,"('/home/toffer/Repos/flask-tags/flask-2.1.3/src/flask/app.py', 1350, 1350)"
489,breaks in linear flow,"('/home/toffer/Repos/flask-tags/flask-2.1.3/src/flask/app.py', 1372, 1372)"
490,breaks in linear flow,"('/home/toffer/Repos/flask-tags/flask-2.1.3/src/flask/app.py', 1377, 1377)"
491,breaks in linear flow,"('/home/toffer/Repos/flask-tags/flask-2.1.3/src/flask/app.py', 1382, 1382)"
492,breaks in linear flow,"('/home/toffer/Repos/flask-tags/flask-2.1.3/src/flask/app.py', 1418, 1418)"
493,breaks in linear flow,"('/home/toffer/Repos/flask-tags/flask-2.1.3/src/flask/app.py', 1421, 1421)"
494,breaks in linear flow,"('/home/toffer/Repos/flask-tags/flask-2.1.3/src/flask/app.py', 1431, 1431)"
495,breaks in linear flow,"('/home/toffer/Repos/flask-tags/flask-2.1.3/src/flask/app.py', 1469, 1469)"
496,breaks in linear flow,"('/home/toffer/Repos/flask-tags/flask-2.1.3/src/flask/app.py', 1492, 1492)"
497,breaks in linear flow,"('/home/toffer/Repos/flask-tags/flask-2.1.3/src/flask/app.py', 1497, 1497)"
498,breaks in linear flow,"('/home/toffer/Repos/flask-tags/flask-2.1.3/src/flask/app.py', 1516, 1516)"
499,breaks in linear flow,"('/home/toffer/Repos/flask-tags/flask-2.1.3/src/flask/app.py', 1518, 1518)"
500,breaks in linear flow,"('/home/toffer/Repos/flask-tags/flask-2.1.3/src/flask/app.py', 1543, 1543)"
501,breaks in linear flow,"('/home/toffer/Repos/flask-tags/flask-2.1.3/src/flask/app.py', 1544, 1544)"
502,breaks in linear flow,"('/home/toffer/Repos/flask-tags/flask-2.1.3/src/flask/app.py', 1558, 1558)"
503,breaks in linear flow,"('/home/toffer/Repos/flask-tags/flask-2.1.3/src/flask/app.py', 1561, 1561)"
504,breaks in linear flow,"('/home/toffer/Repos/flask-tags/flask-2.1.3/src/flask/app.py', 1563, 1563)"
505,breaks in linear flow,"('/home/toffer/Repos/flask-tags/flask-2.1.3/src/flask/app.py', 1599, 1599)"
506,breaks in linear flow,"('/home/toffer/Repos/flask-tags/flask-2.1.3/src/flask/app.py', 1620, 1620)"
507,breaks in linear flow,"('/home/toffer/Repos/flask-tags/flask-2.1.3/src/flask/app.py', 1673, 1673)"
508,breaks in linear flow,"('/home/toffer/Repos/flask-tags/flask-2.1.3/src/flask/app.py', 1677, 1677)"
509,breaks in linear flow,"('/home/toffer/Repos/flask-tags/flask-2.1.3/src/flask/app.py', 1681, 1681)"
510,breaks in linear flow,"('/home/toffer/Repos/flask-tags/flask-2.1.3/src/flask/app.py', 1694, 1694)"
511,breaks in linear flow,"('/home/toffer/Repos/flask-tags/flask-2.1.3/src/flask/app.py', 1702, 1702)"
512,breaks in linear flow,"('/home/toffer/Repos/flask-tags/flask-2.1.3/src/flask/app.py', 1703, 1703)"
513,breaks in linear flow,"('/home/toffer/Repos/flask-tags/flask-2.1.3/src/flask/app.py', 1722, 1722)"
514,breaks in linear flow,"('/home/toffer/Repos/flask-tags/flask-2.1.3/src/flask/app.py', 1739, 1739)"
515,breaks in linear flow,"('/home/toffer/Repos/flask-tags/flask-2.1.3/src/flask/app.py', 1740, 1740)"
516,breaks in linear flow,"('/home/toffer/Repos/flask-tags/flask-2.1.3/src/flask/app.py', 1746, 1746)"
517,breaks in linear flow,"('/home/toffer/Repos/flask-tags/flask-2.1.3/src/flask/app.py', 1768, 1768)"
518,breaks in linear flow,"('/home/toffer/Repos/flask-tags/flask-2.1.3/src/flask/app.py', 1772, 1772)"
519,breaks in linear flow,"('/home/toffer/Repos/flask-tags/flask-2.1.3/src/flask/app.py', 1784, 1784)"
520,breaks in linear flow,"('/home/toffer/Repos/flask-tags/flask-2.1.3/src/flask/app.py', 1804, 1804)"
521,breaks in linear flow,"('/home/toffer/Repos/flask-tags/flask-2.1.3/src/flask/app.py', 1809, 1809)"
522,breaks in linear flow,"('/home/toffer/Repos/flask-tags/flask-2.1.3/src/flask/app.py', 1810, 1810)"
523,breaks in linear flow,"('/home/toffer/Repos/flask-tags/flask-2.1.3/src/flask/app.py', 1811, 1811)"
524,breaks in linear flow,"('/home/toffer/Repos/flask-tags/flask-2.1.3/src/flask/app.py', 1820, 1820)"
525,breaks in linear flow,"('/home/toffer/Repos/flask-tags/flask-2.1.3/src/flask/app.py', 1823, 1823)"
526,breaks in linear flow,"('/home/toffer/Repos/flask-tags/flask-2.1.3/src/flask/app.py', 1827, 1827)"
527,breaks in linear flow,"('/home/toffer/Repos/flask-tags/flask-2.1.3/src/flask/app.py', 1832, 1832)"
528,breaks in linear flow,"('/home/toffer/Repos/flask-tags/flask-2.1.3/src/flask/app.py', 1849, 1849)"
529,breaks in linear flow,"('/home/toffer/Repos/flask-tags/flask-2.1.3/src/flask/app.py', 1850, 1850)"
530,breaks in linear flow,"('/home/toffer/Repos/flask-tags/flask-2.1.3/src/flask/app.py', 1851, 1851)"
531,breaks in linear flow,"('/home/toffer/Repos/flask-tags/flask-2.1.3/src/flask/app.py', 1854, 1854)"
532,breaks in linear flow,"('/home/toffer/Repos/flask-tags/flask-2.1.3/src/flask/app.py', 1855, 1855)"
533,breaks in linear flow,"('/home/toffer/Repos/flask-tags/flask-2.1.3/src/flask/app.py', 1856, 1856)"
534,breaks in linear flow,"('/home/toffer/Repos/flask-tags/flask-2.1.3/src/flask/app.py', 1859, 1859)"
535,breaks in linear flow,"('/home/toffer/Repos/flask-tags/flask-2.1.3/src/flask/app.py', 1879, 1879)"
536,breaks in linear flow,"('/home/toffer/Repos/flask-tags/flask-2.1.3/src/flask/app.py', 1882, 1882)"
537,breaks in linear flow,"('/home/toffer/Repos/flask-tags/flask-2.1.3/src/flask/app.py', 1883, 1883)"
538,breaks in linear flow,"('/home/toffer/Repos/flask-tags/flask-2.1.3/src/flask/app.py', 1884, 1884)"
539,breaks in linear flow,"('/home/toffer/Repos/flask-tags/flask-2.1.3/src/flask/app.py', 1887, 1887)"
540,breaks in linear flow,"('/home/toffer/Repos/flask-tags/flask-2.1.3/src/flask/app.py', 1915, 1915)"
541,breaks in linear flow,"('/home/toffer/Repos/flask-tags/flask-2.1.3/src/flask/app.py', 1918, 1918)"
542,breaks in linear flow,"('/home/toffer/Repos/flask-tags/flask-2.1.3/src/flask/app.py', 1919, 1919)"
543,breaks in linear flow,"('/home/toffer/Repos/flask-tags/flask-2.1.3/src/flask/app.py', 1920, 1920)"
544,breaks in linear flow,"('/home/toffer/Repos/flask-tags/flask-2.1.3/src/flask/app.py', 1942, 1942)"
545,breaks in linear flow,"('/home/toffer/Repos/flask-tags/flask-2.1.3/src/flask/app.py', 1945, 1945)"
546,breaks in linear flow,"('/home/toffer/Repos/flask-tags/flask-2.1.3/src/flask/app.py', 2074, 2074)"
547,breaks in linear flow,"('/home/toffer/Repos/flask-tags/flask-2.1.3/src/flask/app.py', 2077, 2077)"
548,breaks in linear flow,"('/home/toffer/Repos/flask-tags/flask-2.1.3/src/flask/app.py', 2082, 2082)"
549,breaks in linear flow,"('/home/toffer/Repos/flask-tags/flask-2.1.3/src/flask/cli.py', 33, 33)"
550,breaks in linear flow,"('/home/toffer/Repos/flask-tags/flask-2.1.3/src/flask/cli.py', 36, 36)"
551,breaks in linear flow,"('/home/toffer/Repos/flask-tags/flask-2.1.3/src/flask/cli.py', 42, 42)"
552,breaks in linear flow,"('/home/toffer/Repos/flask-tags/flask-2.1.3/src/flask/cli.py', 52, 52)"
553,breaks in linear flow,"('/home/toffer/Repos/flask-tags/flask-2.1.3/src/flask/cli.py', 55, 55)"
554,breaks in linear flow,"('/home/toffer/Repos/flask-tags/flask-2.1.3/src/flask/cli.py', 59, 59)"
555,breaks in linear flow,"('/home/toffer/Repos/flask-tags/flask-2.1.3/src/flask/cli.py', 61, 61)"
556,breaks in linear flow,"('/home/toffer/Repos/flask-tags/flask-2.1.3/src/flask/cli.py', 62, 62)"
557,breaks in linear flow,"('/home/toffer/Repos/flask-tags/flask-2.1.3/src/flask/cli.py', 90, 90)"
558,breaks in linear flow,"('/home/toffer/Repos/flask-tags/flask-2.1.3/src/flask/cli.py', 91, 91)"
559,breaks in linear flow,"('/home/toffer/Repos/flask-tags/flask-2.1.3/src/flask/cli.py', 115, 115)"
560,breaks in linear flow,"('/home/toffer/Repos/flask-tags/flask-2.1.3/src/flask/cli.py', 120, 120)"
561,breaks in linear flow,"('/home/toffer/Repos/flask-tags/flask-2.1.3/src/flask/cli.py', 126, 126)"
562,breaks in linear flow,"('/home/toffer/Repos/flask-tags/flask-2.1.3/src/flask/cli.py', 137, 137)"
563,breaks in linear flow,"('/home/toffer/Repos/flask-tags/flask-2.1.3/src/flask/cli.py', 150, 150)"
564,breaks in linear flow,"('/home/toffer/Repos/flask-tags/flask-2.1.3/src/flask/cli.py', 157, 157)"
565,breaks in linear flow,"('/home/toffer/Repos/flask-tags/flask-2.1.3/src/flask/cli.py', 160, 160)"
566,breaks in linear flow,"('/home/toffer/Repos/flask-tags/flask-2.1.3/src/flask/cli.py', 161, 161)"
567,breaks in linear flow,"('/home/toffer/Repos/flask-tags/flask-2.1.3/src/flask/cli.py', 172, 172)"
568,breaks in linear flow,"('/home/toffer/Repos/flask-tags/flask-2.1.3/src/flask/cli.py', 188, 188)"
569,breaks in linear flow,"('/home/toffer/Repos/flask-tags/flask-2.1.3/src/flask/cli.py', 191, 191)"
570,breaks in linear flow,"('/home/toffer/Repos/flask-tags/flask-2.1.3/src/flask/cli.py', 197, 197)"
571,breaks in linear flow,"('/home/toffer/Repos/flask-tags/flask-2.1.3/src/flask/cli.py', 201, 201)"
572,breaks in linear flow,"('/home/toffer/Repos/flask-tags/flask-2.1.3/src/flask/cli.py', 202, 202)"
573,breaks in linear flow,"('/home/toffer/Repos/flask-tags/flask-2.1.3/src/flask/cli.py', 204, 204)"
574,breaks in linear flow,"('/home/toffer/Repos/flask-tags/flask-2.1.3/src/flask/cli.py', 215, 215)"
575,breaks in linear flow,"('/home/toffer/Repos/flask-tags/flask-2.1.3/src/flask/cli.py', 218, 218)"
576,breaks in linear flow,"('/home/toffer/Repos/flask-tags/flask-2.1.3/src/flask/cli.py', 230, 230)"
577,breaks in linear flow,"('/home/toffer/Repos/flask-tags/flask-2.1.3/src/flask/cli.py', 237, 237)"
578,breaks in linear flow,"('/home/toffer/Repos/flask-tags/flask-2.1.3/src/flask/cli.py', 275, 275)"
579,breaks in linear flow,"('/home/toffer/Repos/flask-tags/flask-2.1.3/src/flask/cli.py', 278, 278)"
580,breaks in linear flow,"('/home/toffer/Repos/flask-tags/flask-2.1.3/src/flask/cli.py', 292, 292)"
581,breaks in linear flow,"('/home/toffer/Repos/flask-tags/flask-2.1.3/src/flask/cli.py', 297, 297)"
582,breaks in linear flow,"('/home/toffer/Repos/flask-tags/flask-2.1.3/src/flask/cli.py', 307, 307)"
583,breaks in linear flow,"('/home/toffer/Repos/flask-tags/flask-2.1.3/src/flask/cli.py', 319, 319)"
584,breaks in linear flow,"('/home/toffer/Repos/flask-tags/flask-2.1.3/src/flask/cli.py', 323, 323)"
585,breaks in linear flow,"('/home/toffer/Repos/flask-tags/flask-2.1.3/src/flask/cli.py', 358, 358)"
586,breaks in linear flow,"('/home/toffer/Repos/flask-tags/flask-2.1.3/src/flask/cli.py', 361, 361)"
587,breaks in linear flow,"('/home/toffer/Repos/flask-tags/flask-2.1.3/src/flask/cli.py', 364, 364)"
588,breaks in linear flow,"('/home/toffer/Repos/flask-tags/flask-2.1.3/src/flask/cli.py', 371, 371)"
589,breaks in linear flow,"('/home/toffer/Repos/flask-tags/flask-2.1.3/src/flask/cli.py', 375, 375)"
590,breaks in linear flow,"('/home/toffer/Repos/flask-tags/flask-2.1.3/src/flask/cli.py', 376, 376)"
591,breaks in linear flow,"('/home/toffer/Repos/flask-tags/flask-2.1.3/src/flask/cli.py', 378, 378)"
592,breaks in linear flow,"('/home/toffer/Repos/flask-tags/flask-2.1.3/src/flask/cli.py', 385, 385)"
593,breaks in linear flow,"('/home/toffer/Repos/flask-tags/flask-2.1.3/src/flask/cli.py', 428, 428)"
594,breaks in linear flow,"('/home/toffer/Repos/flask-tags/flask-2.1.3/src/flask/cli.py', 477, 477)"
595,breaks in linear flow,"('/home/toffer/Repos/flask-tags/flask-2.1.3/src/flask/cli.py', 485, 485)"
596,breaks in linear flow,"('/home/toffer/Repos/flask-tags/flask-2.1.3/src/flask/cli.py', 493, 493)"
597,breaks in linear flow,"('/home/toffer/Repos/flask-tags/flask-2.1.3/src/flask/cli.py', 496, 496)"
598,breaks in linear flow,"('/home/toffer/Repos/flask-tags/flask-2.1.3/src/flask/cli.py', 504, 504)"
599,breaks in linear flow,"('/home/toffer/Repos/flask-tags/flask-2.1.3/src/flask/cli.py', 515, 515)"
600,breaks in linear flow,"('/home/toffer/Repos/flask-tags/flask-2.1.3/src/flask/cli.py', 524, 524)"
601,breaks in linear flow,"('/home/toffer/Repos/flask-tags/flask-2.1.3/src/flask/cli.py', 537, 537)"
602,breaks in linear flow,"('/home/toffer/Repos/flask-tags/flask-2.1.3/src/flask/cli.py', 541, 541)"
603,breaks in linear flow,"('/home/toffer/Repos/flask-tags/flask-2.1.3/src/flask/cli.py', 555, 555)"
604,breaks in linear flow,"('/home/toffer/Repos/flask-tags/flask-2.1.3/src/flask/cli.py', 560, 560)"
605,breaks in linear flow,"('/home/toffer/Repos/flask-tags/flask-2.1.3/src/flask/cli.py', 601, 601)"
606,breaks in linear flow,"('/home/toffer/Repos/flask-tags/flask-2.1.3/src/flask/cli.py', 602, 602)"
607,breaks in linear flow,"('/home/toffer/Repos/flask-tags/flask-2.1.3/src/flask/cli.py', 614, 614)"
608,breaks in linear flow,"('/home/toffer/Repos/flask-tags/flask-2.1.3/src/flask/cli.py', 615, 615)"
609,breaks in linear flow,"('/home/toffer/Repos/flask-tags/flask-2.1.3/src/flask/cli.py', 622, 622)"
610,breaks in linear flow,"('/home/toffer/Repos/flask-tags/flask-2.1.3/src/flask/cli.py', 625, 625)"
611,breaks in linear flow,"('/home/toffer/Repos/flask-tags/flask-2.1.3/src/flask/cli.py', 626, 626)"
612,breaks in linear flow,"('/home/toffer/Repos/flask-tags/flask-2.1.3/src/flask/cli.py', 628, 628)"
613,breaks in linear flow,"('/home/toffer/Repos/flask-tags/flask-2.1.3/src/flask/cli.py', 640, 640)"
614,breaks in linear flow,"('/home/toffer/Repos/flask-tags/flask-2.1.3/src/flask/cli.py', 643, 643)"
615,breaks in linear flow,"('/home/toffer/Repos/flask-tags/flask-2.1.3/src/flask/cli.py', 646, 646)"
616,breaks in linear flow,"('/home/toffer/Repos/flask-tags/flask-2.1.3/src/flask/cli.py', 653, 653)"
617,breaks in linear flow,"('/home/toffer/Repos/flask-tags/flask-2.1.3/src/flask/cli.py', 661, 661)"
618,breaks in linear flow,"('/home/toffer/Repos/flask-tags/flask-2.1.3/src/flask/cli.py', 679, 679)"
619,breaks in linear flow,"('/home/toffer/Repos/flask-tags/flask-2.1.3/src/flask/cli.py', 688, 688)"
620,breaks in linear flow,"('/home/toffer/Repos/flask-tags/flask-2.1.3/src/flask/cli.py', 691, 691)"
621,breaks in linear flow,"('/home/toffer/Repos/flask-tags/flask-2.1.3/src/flask/cli.py', 694, 694)"
622,breaks in linear flow,"('/home/toffer/Repos/flask-tags/flask-2.1.3/src/flask/cli.py', 705, 705)"
623,breaks in linear flow,"('/home/toffer/Repos/flask-tags/flask-2.1.3/src/flask/cli.py', 720, 720)"
624,breaks in linear flow,"('/home/toffer/Repos/flask-tags/flask-2.1.3/src/flask/cli.py', 725, 725)"
625,breaks in linear flow,"('/home/toffer/Repos/flask-tags/flask-2.1.3/src/flask/cli.py', 726, 726)"
626,breaks in linear flow,"('/home/toffer/Repos/flask-tags/flask-2.1.3/src/flask/cli.py', 731, 731)"
627,breaks in linear flow,"('/home/toffer/Repos/flask-tags/flask-2.1.3/src/flask/cli.py', 736, 736)"
628,breaks in linear flow,"('/home/toffer/Repos/flask-tags/flask-2.1.3/src/flask/cli.py', 742, 742)"
629,breaks in linear flow,"('/home/toffer/Repos/flask-tags/flask-2.1.3/src/flask/cli.py', 841, 841)"
630,breaks in linear flow,"('/home/toffer/Repos/flask-tags/flask-2.1.3/src/flask/cli.py', 844, 844)"
631,breaks in linear flow,"('/home/toffer/Repos/flask-tags/flask-2.1.3/src/flask/cli.py', 889, 889)"
632,breaks in linear flow,"('/home/toffer/Repos/flask-tags/flask-2.1.3/src/flask/cli.py', 900, 900)"
633,breaks in linear flow,"('/home/toffer/Repos/flask-tags/flask-2.1.3/src/flask/cli.py', 904, 904)"
634,breaks in linear flow,"('/home/toffer/Repos/flask-tags/flask-2.1.3/src/flask/cli.py', 933, 933)"
635,breaks in linear flow,"('/home/toffer/Repos/flask-tags/flask-2.1.3/src/flask/cli.py', 939, 939)"
636,breaks in linear flow,"('/home/toffer/Repos/flask-tags/flask-2.1.3/src/flask/cli.py', 961, 961)"
637,breaks in linear flow,"('/home/toffer/Repos/flask-tags/flask-2.1.3/src/flask/cli.py', 989, 989)"
638,breaks in linear flow,"('/home/toffer/Repos/flask-tags/flask-2.1.3/src/flask/wrappers.py', 11, 11)"
639,breaks in linear flow,"('/home/toffer/Repos/flask-tags/flask-2.1.3/src/flask/wrappers.py', 55, 55)"
640,breaks in linear flow,"('/home/toffer/Repos/flask-tags/flask-2.1.3/src/flask/wrappers.py', 70, 70)"
641,breaks in linear flow,"('/home/toffer/Repos/flask-tags/flask-2.1.3/src/flask/wrappers.py', 89, 89)"
642,breaks in linear flow,"('/home/toffer/Repos/flask-tags/flask-2.1.3/src/flask/wrappers.py', 106, 106)"
643,breaks in linear flow,"('/home/toffer/Repos/flask-tags/flask-2.1.3/src/flask/wrappers.py', 116, 116)"
644,breaks in linear flow,"('/home/toffer/Repos/flask-tags/flask-2.1.3/src/flask/wrappers.py', 129, 129)"
645,breaks in linear flow,"('/home/toffer/Repos/flask-tags/flask-2.1.3/src/flask/wrappers.py', 130, 130)"
646,breaks in linear flow,"('/home/toffer/Repos/flask-tags/flask-2.1.3/src/flask/wrappers.py', 167, 167)"
647,breaks in linear flow,"('/home/toffer/Repos/flask-tags/flask-2.1.3/src/flask/testing.py', 17, 17)"
648,breaks in linear flow,"('/home/toffer/Repos/flask-tags/flask-2.1.3/src/flask/testing.py', 61, 61)"
649,breaks in linear flow,"('/home/toffer/Repos/flask-tags/flask-2.1.3/src/flask/testing.py', 65, 65)"
650,breaks in linear flow,"('/home/toffer/Repos/flask-tags/flask-2.1.3/src/flask/testing.py', 68, 68)"
651,breaks in linear flow,"('/home/toffer/Repos/flask-tags/flask-2.1.3/src/flask/testing.py', 78, 78)"
652,breaks in linear flow,"('/home/toffer/Repos/flask-tags/flask-2.1.3/src/flask/testing.py', 140, 140)"
653,breaks in linear flow,"('/home/toffer/Repos/flask-tags/flask-2.1.3/src/flask/testing.py', 151, 151)"
654,breaks in linear flow,"('/home/toffer/Repos/flask-tags/flask-2.1.3/src/flask/testing.py', 170, 170)"
655,breaks in linear flow,"('/home/toffer/Repos/flask-tags/flask-2.1.3/src/flask/testing.py', 198, 198)"
656,breaks in linear flow,"('/home/toffer/Repos/flask-tags/flask-2.1.3/src/flask/testing.py', 201, 201)"
657,breaks in linear flow,"('/home/toffer/Repos/flask-tags/flask-2.1.3/src/flask/testing.py', 224, 224)"
658,breaks in linear flow,"('/home/toffer/Repos/flask-tags/flask-2.1.3/src/flask/testing.py', 241, 241)"
659,breaks in linear flow,"('/home/toffer/Repos/flask-tags/flask-2.1.3/src/flask/testing.py', 244, 244)"
660,breaks in linear flow,"('/home/toffer/Repos/flask-tags/flask-2.1.3/src/flask/testing.py', 247, 247)"
661,breaks in linear flow,"('/home/toffer/Repos/flask-tags/flask-2.1.3/src/flask/testing.py', 277, 277)"
662,breaks in linear flow,"('/home/toffer/Repos/flask-tags/flask-2.1.3/src/flask/testing.py', 280, 280)"
663,breaks in linear flow,"('/home/toffer/Repos/flask-tags/flask-2.1.3/src/flask/debughelpers.py', 31, 31)"
664,breaks in linear flow,"('/home/toffer/Repos/flask-tags/flask-2.1.3/src/flask/debughelpers.py', 57, 57)"
665,breaks in linear flow,"('/home/toffer/Repos/flask-tags/flask-2.1.3/src/flask/debughelpers.py', 86, 86)"
666,breaks in linear flow,"('/home/toffer/Repos/flask-tags/flask-2.1.3/src/flask/debughelpers.py', 87, 87)"
667,breaks in linear flow,"('/home/toffer/Repos/flask-tags/flask-2.1.3/src/flask/debughelpers.py', 101, 101)"
668,breaks in linear flow,"('/home/toffer/Repos/flask-tags/flask-2.1.3/src/flask/debughelpers.py', 102, 102)"
669,breaks in linear flow,"('/home/toffer/Repos/flask-tags/flask-2.1.3/src/flask/debughelpers.py', 103, 103)"
670,breaks in linear flow,"('/home/toffer/Repos/flask-tags/flask-2.1.3/src/flask/debughelpers.py', 104, 104)"
671,breaks in linear flow,"('/home/toffer/Repos/flask-tags/flask-2.1.3/src/flask/debughelpers.py', 105, 105)"
672,breaks in linear flow,"('/home/toffer/Repos/flask-tags/flask-2.1.3/src/flask/debughelpers.py', 106, 106)"
673,breaks in linear flow,"('/home/toffer/Repos/flask-tags/flask-2.1.3/src/flask/debughelpers.py', 108, 108)"
674,breaks in linear flow,"('/home/toffer/Repos/flask-tags/flask-2.1.3/src/flask/debughelpers.py', 110, 110)"
675,breaks in linear flow,"('/home/toffer/Repos/flask-tags/flask-2.1.3/src/flask/debughelpers.py', 112, 112)"
676,breaks in linear flow,"('/home/toffer/Repos/flask-tags/flask-2.1.3/src/flask/debughelpers.py', 122, 122)"
677,breaks in linear flow,"('/home/toffer/Repos/flask-tags/flask-2.1.3/src/flask/debughelpers.py', 125, 125)"
678,breaks in linear flow,"('/home/toffer/Repos/flask-tags/flask-2.1.3/src/flask/debughelpers.py', 126, 126)"
679,breaks in linear flow,"('/home/toffer/Repos/flask-tags/flask-2.1.3/src/flask/debughelpers.py', 135, 135)"
680,breaks in linear flow,"('/home/toffer/Repos/flask-tags/flask-2.1.3/src/flask/debughelpers.py', 138, 138)"
681,breaks in linear flow,"('/home/toffer/Repos/flask-tags/flask-2.1.3/src/flask/debughelpers.py', 146, 146)"
682,breaks in linear flow,"('/home/toffer/Repos/flask-tags/flask-2.1.3/src/flask/debughelpers.py', 153, 153)"
683,breaks in linear flow,"('/home/toffer/Repos/flask-tags/flask-2.1.3/src/flask/debughelpers.py', 165, 165)"
684,breaks in linear flow,"('/home/toffer/Repos/flask-tags/flask-2.1.3/src/flask/logging.py', 9, 9)"
685,breaks in linear flow,"('/home/toffer/Repos/flask-tags/flask-2.1.3/src/flask/logging.py', 33, 33)"
686,breaks in linear flow,"('/home/toffer/Repos/flask-tags/flask-2.1.3/src/flask/logging.py', 34, 34)"
687,breaks in linear flow,"('/home/toffer/Repos/flask-tags/flask-2.1.3/src/flask/logging.py', 37, 37)"
688,breaks in linear flow,"('/home/toffer/Repos/flask-tags/flask-2.1.3/src/flask/logging.py', 38, 38)"
689,breaks in linear flow,"('/home/toffer/Repos/flask-tags/flask-2.1.3/src/flask/logging.py', 68, 68)"
690,breaks in linear flow,"('/home/toffer/Repos/flask-tags/flask-2.1.3/src/flask/logging.py', 71, 71)"
691,breaks in linear flow,"('/home/toffer/Repos/flask-tags/flask-2.1.3/src/flask/config.py', 18, 18)"
692,breaks in linear flow,"('/home/toffer/Repos/flask-tags/flask-2.1.3/src/flask/config.py', 21, 21)"
693,breaks in linear flow,"('/home/toffer/Repos/flask-tags/flask-2.1.3/src/flask/config.py', 90, 90)"
694,breaks in linear flow,"('/home/toffer/Repos/flask-tags/flask-2.1.3/src/flask/config.py', 91, 91)"
695,breaks in linear flow,"('/home/toffer/Repos/flask-tags/flask-2.1.3/src/flask/config.py', 130, 130)"
696,breaks in linear flow,"('/home/toffer/Repos/flask-tags/flask-2.1.3/src/flask/config.py', 131, 131)"
697,breaks in linear flow,"('/home/toffer/Repos/flask-tags/flask-2.1.3/src/flask/config.py', 132, 132)"
698,breaks in linear flow,"('/home/toffer/Repos/flask-tags/flask-2.1.3/src/flask/config.py', 138, 138)"
699,breaks in linear flow,"('/home/toffer/Repos/flask-tags/flask-2.1.3/src/flask/config.py', 145, 145)"
700,breaks in linear flow,"('/home/toffer/Repos/flask-tags/flask-2.1.3/src/flask/config.py', 148, 148)"
701,breaks in linear flow,"('/home/toffer/Repos/flask-tags/flask-2.1.3/src/flask/config.py', 154, 154)"
702,breaks in linear flow,"('/home/toffer/Repos/flask-tags/flask-2.1.3/src/flask/config.py', 156, 156)"
703,breaks in linear flow,"('/home/toffer/Repos/flask-tags/flask-2.1.3/src/flask/config.py', 186, 186)"
704,breaks in linear flow,"('/home/toffer/Repos/flask-tags/flask-2.1.3/src/flask/config.py', 187, 187)"
705,breaks in linear flow,"('/home/toffer/Repos/flask-tags/flask-2.1.3/src/flask/config.py', 226, 226)"
706,breaks in linear flow,"('/home/toffer/Repos/flask-tags/flask-2.1.3/src/flask/config.py', 228, 228)"
707,breaks in linear flow,"('/home/toffer/Repos/flask-tags/flask-2.1.3/src/flask/config.py', 229, 229)"
708,breaks in linear flow,"('/home/toffer/Repos/flask-tags/flask-2.1.3/src/flask/config.py', 266, 266)"
709,breaks in linear flow,"('/home/toffer/Repos/flask-tags/flask-2.1.3/src/flask/config.py', 267, 267)"
710,breaks in linear flow,"('/home/toffer/Repos/flask-tags/flask-2.1.3/src/flask/config.py', 285, 285)"
711,breaks in linear flow,"('/home/toffer/Repos/flask-tags/flask-2.1.3/src/flask/config.py', 288, 288)"
712,breaks in linear flow,"('/home/toffer/Repos/flask-tags/flask-2.1.3/src/flask/config.py', 289, 289)"
713,breaks in linear flow,"('/home/toffer/Repos/flask-tags/flask-2.1.3/src/flask/config.py', 324, 324)"
714,breaks in linear flow,"('/home/toffer/Repos/flask-tags/flask-2.1.3/src/flask/config.py', 325, 325)"
715,breaks in linear flow,"('/home/toffer/Repos/flask-tags/flask-2.1.3/src/flask/config.py', 326, 326)"
716,breaks in linear flow,"('/home/toffer/Repos/flask-tags/flask-2.1.3/src/flask/config.py', 327, 327)"
717,breaks in linear flow,"('/home/toffer/Repos/flask-tags/flask-2.1.3/src/flask/config.py', 331, 331)"
718,breaks in linear flow,"('/home/toffer/Repos/flask-tags/flask-2.1.3/src/flask/views.py', 86, 86)"
719,breaks in linear flow,"('/home/toffer/Repos/flask-tags/flask-2.1.3/src/flask/views.py', 89, 89)"
720,breaks in linear flow,"('/home/toffer/Repos/flask-tags/flask-2.1.3/src/flask/views.py', 114, 114)"
721,breaks in linear flow,"('/home/toffer/Repos/flask-tags/flask-2.1.3/src/flask/views.py', 117, 117)"
722,breaks in linear flow,"('/home/toffer/Repos/flask-tags/flask-2.1.3/src/flask/views.py', 118, 118)"
723,breaks in linear flow,"('/home/toffer/Repos/flask-tags/flask-2.1.3/src/flask/views.py', 121, 121)"
724,breaks in linear flow,"('/home/toffer/Repos/flask-tags/flask-2.1.3/src/flask/views.py', 122, 122)"
725,breaks in linear flow,"('/home/toffer/Repos/flask-tags/flask-2.1.3/src/flask/views.py', 129, 129)"
726,breaks in linear flow,"('/home/toffer/Repos/flask-tags/flask-2.1.3/src/flask/views.py', 154, 154)"
727,breaks in linear flow,"('/home/toffer/Repos/flask-tags/flask-2.1.3/src/flask/signals.py', 7, 7)"
728,breaks in linear flow,"('/home/toffer/Repos/flask-tags/flask-2.1.3/src/flask/json/tag.py', 250, 250)"
729,breaks in linear flow,"('/home/toffer/Repos/flask-tags/flask-2.1.3/src/flask/json/tag.py', 275, 275)"
730,breaks in linear flow,"('/home/toffer/Repos/flask-tags/flask-2.1.3/src/flask/json/tag.py', 276, 276)"
731,breaks in linear flow,"('/home/toffer/Repos/flask-tags/flask-2.1.3/src/flask/json/tag.py', 281, 281)"
732,breaks in linear flow,"('/home/toffer/Repos/flask-tags/flask-2.1.3/src/flask/json/tag.py', 288, 288)"
733,breaks in linear flow,"('/home/toffer/Repos/flask-tags/flask-2.1.3/src/flask/json/tag.py', 289, 289)"
734,breaks in linear flow,"('/home/toffer/Repos/flask-tags/flask-2.1.3/src/flask/json/tag.py', 296, 296)"
735,breaks in linear flow,"('/home/toffer/Repos/flask-tags/flask-2.1.3/src/flask/json/tag.py', 301, 301)"
736,breaks in linear flow,"('/home/toffer/Repos/flask-tags/flask-2.1.3/src/flask/json/__init__.py', 14, 14)"
737,breaks in linear flow,"('/home/toffer/Repos/flask-tags/flask-2.1.3/src/flask/json/__init__.py', 43, 43)"
738,breaks in linear flow,"('/home/toffer/Repos/flask-tags/flask-2.1.3/src/flask/json/__init__.py', 45, 45)"
739,breaks in linear flow,"('/home/toffer/Repos/flask-tags/flask-2.1.3/src/flask/json/__init__.py', 47, 47)"
740,breaks in linear flow,"('/home/toffer/Repos/flask-tags/flask-2.1.3/src/flask/json/__init__.py', 49, 49)"
741,breaks in linear flow,"('/home/toffer/Repos/flask-tags/flask-2.1.3/src/flask/json/__init__.py', 69, 69)"
742,breaks in linear flow,"('/home/toffer/Repos/flask-tags/flask-2.1.3/src/flask/json/__init__.py', 72, 72)"
743,breaks in linear flow,"('/home/toffer/Repos/flask-tags/flask-2.1.3/src/flask/json/__init__.py', 75, 75)"
744,breaks in linear flow,"('/home/toffer/Repos/flask-tags/flask-2.1.3/src/flask/json/__init__.py', 80, 80)"
745,breaks in linear flow,"('/home/toffer/Repos/flask-tags/flask-2.1.3/src/flask/json/__init__.py', 95, 95)"
746,breaks in linear flow,"('/home/toffer/Repos/flask-tags/flask-2.1.3/src/flask/json/__init__.py', 98, 98)"
747,breaks in linear flow,"('/home/toffer/Repos/flask-tags/flask-2.1.3/src/flask/json/__init__.py', 101, 101)"
748,breaks in linear flow,"('/home/toffer/Repos/flask-tags/flask-2.1.3/src/flask/json/__init__.py', 106, 106)"
749,breaks in linear flow,"('/home/toffer/Repos/flask-tags/flask-2.1.3/src/flask/json/__init__.py', 290, 290)"
750,breaks in linear flow,"('/home/toffer/Repos/flask-tags/flask-2.1.3/src/flask/json/__init__.py', 294, 294)"
751,recursion,"('/home/toffer/Repos/flask-tags/flask-2.1.3/tests/test_basic.py', 586, 586)"
752,recursion,"('/home/toffer/Repos/flask-tags/flask-2.1.3/tests/test_views.py', 38, 38)"
753,recursion,"('/home/toffer/Repos/flask-tags/flask-2.1.3/src/flask/templating.py', 81, 81)"
