,type,file_start_end
0,method length,"('/home/toffer/Repos/flask-tags/flask-0.2/flask.py', 161, 194)"
1,method length,"('/home/toffer/Repos/flask-tags/flask-0.2/flask.py', 241, 269)"
2,method length,"('/home/toffer/Repos/flask-tags/flask-0.2/flask.py', 273, 341)"
3,method length,"('/home/toffer/Repos/flask-tags/flask-0.2/flask.py', 643, 729)"
4,method length,"('/home/toffer/Repos/flask-tags/flask-0.2/flask.py', 819, 861)"
5,method length,"('/home/toffer/Repos/flask-tags/flask-0.2/flask.py', 863, 931)"
6,method length,"('/home/toffer/Repos/flask-tags/flask-0.2/flask.py', 1010, 1038)"
7,method length,"('/home/toffer/Repos/flask-tags/flask-0.2/tests/flask_tests.py', 410, 443)"
8,method length,"('/home/toffer/Repos/flask-tags/flask-0.2/tests/flask_tests.py', 500, 533)"
9,method length,"('/home/toffer/Repos/flask-tags/flask-0.2/examples/minitwit/minitwit_tests.py', 107, 145)"
10,file length,"('/home/toffer/Repos/flask-tags/flask-0.2/flask.py', -1, -1)"
11,file length,"('/home/toffer/Repos/flask-tags/flask-0.2/tests/flask_tests.py', -1, -1)"
12,argument count,"('/home/toffer/Repos/flask-tags/flask-0.2/flask.py', 518, 518)"
13,argument count,"('/home/toffer/Repos/flask-tags/flask-0.2/flask.py', 819, 819)"
14,argument count,"('/home/toffer/Repos/flask-tags/flask-0.2/examples/minitwit/minitwit_tests.py', 32, 32)"
15,method count,"('/home/toffer/Repos/flask-tags/flask-0.2/flask.py', 65, 1128)"
16,method count,"('/home/toffer/Repos/flask-tags/flask-0.2/tests/flask_tests.py', 31, 571)"
17,Return Statements,"('/home/toffer/Repos/flask-tags/flask-0.2/tests/flask_tests.py', 445, 466)"
18,breaks in linear flow,"('/home/toffer/Repos/flask-tags/flask-0.2/flask.py', 32, 32)"
19,breaks in linear flow,"('/home/toffer/Repos/flask-tags/flask-0.2/flask.py', 35, 35)"
20,breaks in linear flow,"('/home/toffer/Repos/flask-tags/flask-0.2/flask.py', 49, 49)"
21,breaks in linear flow,"('/home/toffer/Repos/flask-tags/flask-0.2/flask.py', 67, 67)"
22,breaks in linear flow,"('/home/toffer/Repos/flask-tags/flask-0.2/flask.py', 75, 75)"
23,breaks in linear flow,"('/home/toffer/Repos/flask-tags/flask-0.2/flask.py', 77, 77)"
24,breaks in linear flow,"('/home/toffer/Repos/flask-tags/flask-0.2/flask.py', 139, 139)"
25,breaks in linear flow,"('/home/toffer/Repos/flask-tags/flask-0.2/flask.py', 147, 147)"
26,breaks in linear flow,"('/home/toffer/Repos/flask-tags/flask-0.2/flask.py', 157, 157)"
27,breaks in linear flow,"('/home/toffer/Repos/flask-tags/flask-0.2/flask.py', 187, 187)"
28,breaks in linear flow,"('/home/toffer/Repos/flask-tags/flask-0.2/flask.py', 189, 189)"
29,breaks in linear flow,"('/home/toffer/Repos/flask-tags/flask-0.2/flask.py', 236, 236)"
30,breaks in linear flow,"('/home/toffer/Repos/flask-tags/flask-0.2/flask.py', 266, 266)"
31,breaks in linear flow,"('/home/toffer/Repos/flask-tags/flask-0.2/flask.py', 307, 307)"
32,breaks in linear flow,"('/home/toffer/Repos/flask-tags/flask-0.2/flask.py', 313, 313)"
33,breaks in linear flow,"('/home/toffer/Repos/flask-tags/flask-0.2/flask.py', 315, 315)"
34,breaks in linear flow,"('/home/toffer/Repos/flask-tags/flask-0.2/flask.py', 317, 317)"
35,breaks in linear flow,"('/home/toffer/Repos/flask-tags/flask-0.2/flask.py', 321, 321)"
36,breaks in linear flow,"('/home/toffer/Repos/flask-tags/flask-0.2/flask.py', 322, 322)"
37,breaks in linear flow,"('/home/toffer/Repos/flask-tags/flask-0.2/flask.py', 323, 323)"
38,breaks in linear flow,"('/home/toffer/Repos/flask-tags/flask-0.2/flask.py', 330, 330)"
39,breaks in linear flow,"('/home/toffer/Repos/flask-tags/flask-0.2/flask.py', 331, 331)"
40,breaks in linear flow,"('/home/toffer/Repos/flask-tags/flask-0.2/flask.py', 336, 336)"
41,breaks in linear flow,"('/home/toffer/Repos/flask-tags/flask-0.2/flask.py', 383, 383)"
42,breaks in linear flow,"('/home/toffer/Repos/flask-tags/flask-0.2/flask.py', 391, 391)"
43,breaks in linear flow,"('/home/toffer/Repos/flask-tags/flask-0.2/flask.py', 397, 397)"
44,breaks in linear flow,"('/home/toffer/Repos/flask-tags/flask-0.2/flask.py', 400, 400)"
45,breaks in linear flow,"('/home/toffer/Repos/flask-tags/flask-0.2/flask.py', 439, 439)"
46,breaks in linear flow,"('/home/toffer/Repos/flask-tags/flask-0.2/flask.py', 500, 500)"
47,breaks in linear flow,"('/home/toffer/Repos/flask-tags/flask-0.2/flask.py', 524, 524)"
48,breaks in linear flow,"('/home/toffer/Repos/flask-tags/flask-0.2/flask.py', 709, 709)"
49,breaks in linear flow,"('/home/toffer/Repos/flask-tags/flask-0.2/flask.py', 712, 712)"
50,breaks in linear flow,"('/home/toffer/Repos/flask-tags/flask-0.2/flask.py', 737, 737)"
51,breaks in linear flow,"('/home/toffer/Repos/flask-tags/flask-0.2/flask.py', 750, 750)"
52,breaks in linear flow,"('/home/toffer/Repos/flask-tags/flask-0.2/flask.py', 752, 752)"
53,breaks in linear flow,"('/home/toffer/Repos/flask-tags/flask-0.2/flask.py', 768, 768)"
54,breaks in linear flow,"('/home/toffer/Repos/flask-tags/flask-0.2/flask.py', 789, 789)"
55,breaks in linear flow,"('/home/toffer/Repos/flask-tags/flask-0.2/flask.py', 803, 803)"
56,breaks in linear flow,"('/home/toffer/Repos/flask-tags/flask-0.2/flask.py', 816, 816)"
57,breaks in linear flow,"('/home/toffer/Repos/flask-tags/flask-0.2/flask.py', 853, 853)"
58,breaks in linear flow,"('/home/toffer/Repos/flask-tags/flask-0.2/flask.py', 860, 860)"
59,breaks in linear flow,"('/home/toffer/Repos/flask-tags/flask-0.2/flask.py', 996, 996)"
60,breaks in linear flow,"('/home/toffer/Repos/flask-tags/flask-0.2/flask.py', 999, 999)"
61,breaks in linear flow,"('/home/toffer/Repos/flask-tags/flask-0.2/flask.py', 1001, 1001)"
62,breaks in linear flow,"('/home/toffer/Repos/flask-tags/flask-0.2/flask.py', 1004, 1004)"
63,breaks in linear flow,"('/home/toffer/Repos/flask-tags/flask-0.2/flask.py', 1006, 1006)"
64,breaks in linear flow,"('/home/toffer/Repos/flask-tags/flask-0.2/flask.py', 1030, 1030)"
65,breaks in linear flow,"('/home/toffer/Repos/flask-tags/flask-0.2/flask.py', 1032, 1032)"
66,breaks in linear flow,"('/home/toffer/Repos/flask-tags/flask-0.2/flask.py', 1034, 1034)"
67,breaks in linear flow,"('/home/toffer/Repos/flask-tags/flask-0.2/flask.py', 1036, 1036)"
68,breaks in linear flow,"('/home/toffer/Repos/flask-tags/flask-0.2/flask.py', 1049, 1049)"
69,breaks in linear flow,"('/home/toffer/Repos/flask-tags/flask-0.2/flask.py', 1051, 1051)"
70,breaks in linear flow,"('/home/toffer/Repos/flask-tags/flask-0.2/flask.py', 1053, 1053)"
71,breaks in linear flow,"('/home/toffer/Repos/flask-tags/flask-0.2/flask.py', 1067, 1067)"
72,breaks in linear flow,"('/home/toffer/Repos/flask-tags/flask-0.2/flask.py', 1070, 1070)"
73,breaks in linear flow,"('/home/toffer/Repos/flask-tags/flask-0.2/flask.py', 1072, 1072)"
74,breaks in linear flow,"('/home/toffer/Repos/flask-tags/flask-0.2/flask.py', 1074, 1074)"
75,breaks in linear flow,"('/home/toffer/Repos/flask-tags/flask-0.2/flask.py', 1099, 1099)"
76,breaks in linear flow,"('/home/toffer/Repos/flask-tags/flask-0.2/tests/flask_tests.py', 115, 115)"
77,breaks in linear flow,"('/home/toffer/Repos/flask-tags/flask-0.2/tests/flask_tests.py', 265, 265)"
78,breaks in linear flow,"('/home/toffer/Repos/flask-tags/flask-0.2/tests/flask_tests.py', 284, 284)"
79,breaks in linear flow,"('/home/toffer/Repos/flask-tags/flask-0.2/tests/flask_tests.py', 568, 568)"
80,breaks in linear flow,"('/home/toffer/Repos/flask-tags/flask-0.2/tests/flask_tests.py', 575, 575)"
81,breaks in linear flow,"('/home/toffer/Repos/flask-tags/flask-0.2/examples/jqueryexample/jqueryexample.py', 28, 28)"
82,breaks in linear flow,"('/home/toffer/Repos/flask-tags/flask-0.2/examples/flaskr/flaskr.py', 66, 66)"
83,breaks in linear flow,"('/home/toffer/Repos/flask-tags/flask-0.2/examples/flaskr/flaskr.py', 78, 78)"
84,breaks in linear flow,"('/home/toffer/Repos/flask-tags/flask-0.2/examples/flaskr/flaskr.py', 79, 79)"
85,breaks in linear flow,"('/home/toffer/Repos/flask-tags/flask-0.2/examples/flaskr/flaskr.py', 97, 97)"
86,breaks in linear flow,"('/home/toffer/Repos/flask-tags/flask-0.2/examples/flaskr/flaskr_tests.py', 69, 69)"
87,breaks in linear flow,"('/home/toffer/Repos/flask-tags/flask-0.2/examples/minitwit/minitwit.py', 78, 78)"
88,breaks in linear flow,"('/home/toffer/Repos/flask-tags/flask-0.2/examples/minitwit/minitwit.py', 96, 96)"
89,breaks in linear flow,"('/home/toffer/Repos/flask-tags/flask-0.2/examples/minitwit/minitwit.py', 122, 122)"
90,breaks in linear flow,"('/home/toffer/Repos/flask-tags/flask-0.2/examples/minitwit/minitwit.py', 125, 125)"
91,breaks in linear flow,"('/home/toffer/Repos/flask-tags/flask-0.2/examples/minitwit/minitwit.py', 141, 141)"
92,breaks in linear flow,"('/home/toffer/Repos/flask-tags/flask-0.2/examples/minitwit/minitwit.py', 144, 144)"
93,breaks in linear flow,"('/home/toffer/Repos/flask-tags/flask-0.2/examples/minitwit/minitwit.py', 156, 156)"
94,breaks in linear flow,"('/home/toffer/Repos/flask-tags/flask-0.2/examples/minitwit/minitwit.py', 159, 159)"
95,breaks in linear flow,"('/home/toffer/Repos/flask-tags/flask-0.2/examples/minitwit/minitwit.py', 171, 171)"
96,breaks in linear flow,"('/home/toffer/Repos/flask-tags/flask-0.2/examples/minitwit/minitwit.py', 173, 173)"
97,breaks in linear flow,"('/home/toffer/Repos/flask-tags/flask-0.2/examples/minitwit/minitwit.py', 185, 185)"
98,breaks in linear flow,"('/home/toffer/Repos/flask-tags/flask-0.2/examples/minitwit/minitwit.py', 188, 188)"
99,breaks in linear flow,"('/home/toffer/Repos/flask-tags/flask-0.2/examples/minitwit/minitwit.py', 191, 191)"
100,breaks in linear flow,"('/home/toffer/Repos/flask-tags/flask-0.2/examples/minitwit/minitwit.py', 206, 206)"
101,breaks in linear flow,"('/home/toffer/Repos/flask-tags/flask-0.2/examples/minitwit/minitwit.py', 209, 209)"
102,breaks in linear flow,"('/home/toffer/Repos/flask-tags/flask-0.2/examples/minitwit/minitwit.py', 210, 210)"
103,breaks in linear flow,"('/home/toffer/Repos/flask-tags/flask-0.2/examples/minitwit/minitwit.py', 248, 248)"
104,breaks in linear flow,"('/home/toffer/Repos/flask-tags/flask-0.2/examples/minitwit/minitwit_tests.py', 34, 34)"
105,breaks in linear flow,"('/home/toffer/Repos/flask-tags/flask-0.2/examples/minitwit/minitwit_tests.py', 36, 36)"
106,breaks in linear flow,"('/home/toffer/Repos/flask-tags/flask-0.2/examples/minitwit/minitwit_tests.py', 65, 65)"
107,breaks in linear flow,"('/home/toffer/Repos/flask-tags/flask-0.2/examples/minitwit/minitwit_tests.py', 148, 148)"
