,type,file_start_end
0,method length,"('/home/toffer/Repos/flask-tags/flask-2.0.0rc2/tests/test_helpers.py', 48, 90)"
1,method length,"('/home/toffer/Repos/flask-tags/flask-2.0.0rc2/tests/test_helpers.py', 208, 237)"
2,method length,"('/home/toffer/Repos/flask-tags/flask-2.0.0rc2/tests/test_async.py', 22, 56)"
3,method length,"('/home/toffer/Repos/flask-tags/flask-2.0.0rc2/tests/test_async.py', 78, 133)"
4,method length,"('/home/toffer/Repos/flask-tags/flask-2.0.0rc2/tests/conftest.py', 100, 127)"
5,method length,"('/home/toffer/Repos/flask-tags/flask-2.0.0rc2/tests/conftest.py', 157, 189)"
6,method length,"('/home/toffer/Repos/flask-tags/flask-2.0.0rc2/tests/conftest.py', 161, 187)"
7,method length,"('/home/toffer/Repos/flask-tags/flask-2.0.0rc2/tests/test_cli.py', 48, 147)"
8,method length,"('/home/toffer/Repos/flask-tags/flask-2.0.0rc2/tests/test_cli.py', 274, 320)"
9,method length,"('/home/toffer/Repos/flask-tags/flask-2.0.0rc2/tests/test_cli.py', 615, 655)"
10,method length,"('/home/toffer/Repos/flask-tags/flask-2.0.0rc2/tests/test_basic.py', 90, 124)"
11,method length,"('/home/toffer/Repos/flask-tags/flask-2.0.0rc2/tests/test_basic.py', 158, 191)"
12,method length,"('/home/toffer/Repos/flask-tags/flask-2.0.0rc2/tests/test_basic.py', 318, 353)"
13,method length,"('/home/toffer/Repos/flask-tags/flask-2.0.0rc2/tests/test_basic.py', 424, 453)"
14,method length,"('/home/toffer/Repos/flask-tags/flask-2.0.0rc2/tests/test_basic.py', 470, 498)"
15,method length,"('/home/toffer/Repos/flask-tags/flask-2.0.0rc2/tests/test_basic.py', 501, 539)"
16,method length,"('/home/toffer/Repos/flask-tags/flask-2.0.0rc2/tests/test_basic.py', 542, 594)"
17,method length,"('/home/toffer/Repos/flask-tags/flask-2.0.0rc2/tests/test_basic.py', 612, 684)"
18,method length,"('/home/toffer/Repos/flask-tags/flask-2.0.0rc2/tests/test_basic.py', 790, 825)"
19,method length,"('/home/toffer/Repos/flask-tags/flask-2.0.0rc2/tests/test_basic.py', 828, 863)"
20,method length,"('/home/toffer/Repos/flask-tags/flask-2.0.0rc2/tests/test_basic.py', 866, 901)"
21,method length,"('/home/toffer/Repos/flask-tags/flask-2.0.0rc2/tests/test_basic.py', 977, 1006)"
22,method length,"('/home/toffer/Repos/flask-tags/flask-2.0.0rc2/tests/test_basic.py', 1009, 1039)"
23,method length,"('/home/toffer/Repos/flask-tags/flask-2.0.0rc2/tests/test_basic.py', 1042, 1070)"
24,method length,"('/home/toffer/Repos/flask-tags/flask-2.0.0rc2/tests/test_basic.py', 1131, 1214)"
25,method length,"('/home/toffer/Repos/flask-tags/flask-2.0.0rc2/tests/test_basic.py', 1217, 1258)"
26,method length,"('/home/toffer/Repos/flask-tags/flask-2.0.0rc2/tests/test_basic.py', 1498, 1537)"
27,method length,"('/home/toffer/Repos/flask-tags/flask-2.0.0rc2/tests/test_basic.py', 1604, 1630)"
28,method length,"('/home/toffer/Repos/flask-tags/flask-2.0.0rc2/tests/test_basic.py', 1794, 1823)"
29,method length,"('/home/toffer/Repos/flask-tags/flask-2.0.0rc2/tests/test_basic.py', 1986, 2013)"
30,method length,"('/home/toffer/Repos/flask-tags/flask-2.0.0rc2/tests/test_signals.py', 61, 103)"
31,method length,"('/home/toffer/Repos/flask-tags/flask-2.0.0rc2/tests/test_views.py', 101, 138)"
32,method length,"('/home/toffer/Repos/flask-tags/flask-2.0.0rc2/tests/test_reqctx.py', 60, 98)"
33,method length,"('/home/toffer/Repos/flask-tags/flask-2.0.0rc2/tests/test_reqctx.py', 144, 171)"
34,method length,"('/home/toffer/Repos/flask-tags/flask-2.0.0rc2/tests/test_reqctx.py', 226, 272)"
35,method length,"('/home/toffer/Repos/flask-tags/flask-2.0.0rc2/tests/test_testing.py', 215, 244)"
36,method length,"('/home/toffer/Repos/flask-tags/flask-2.0.0rc2/tests/test_blueprints.py', 10, 45)"
37,method length,"('/home/toffer/Repos/flask-tags/flask-2.0.0rc2/tests/test_blueprints.py', 48, 79)"
38,method length,"('/home/toffer/Repos/flask-tags/flask-2.0.0rc2/tests/test_blueprints.py', 178, 222)"
39,method length,"('/home/toffer/Repos/flask-tags/flask-2.0.0rc2/tests/test_blueprints.py', 311, 340)"
40,method length,"('/home/toffer/Repos/flask-tags/flask-2.0.0rc2/tests/test_blueprints.py', 343, 401)"
41,method length,"('/home/toffer/Repos/flask-tags/flask-2.0.0rc2/tests/test_blueprints.py', 693, 730)"
42,method length,"('/home/toffer/Repos/flask-tags/flask-2.0.0rc2/tests/test_blueprints.py', 754, 782)"
43,method length,"('/home/toffer/Repos/flask-tags/flask-2.0.0rc2/tests/test_blueprints.py', 785, 825)"
44,method length,"('/home/toffer/Repos/flask-tags/flask-2.0.0rc2/tests/test_blueprints.py', 855, 901)"
45,method length,"('/home/toffer/Repos/flask-tags/flask-2.0.0rc2/tests/test_templating.py', 353, 381)"
46,method length,"('/home/toffer/Repos/flask-tags/flask-2.0.0rc2/tests/test_templating.py', 399, 432)"
47,method length,"('/home/toffer/Repos/flask-tags/flask-2.0.0rc2/tests/test_user_error_handler.py', 10, 52)"
48,method length,"('/home/toffer/Repos/flask-tags/flask-2.0.0rc2/tests/test_user_error_handler.py', 55, 91)"
49,method length,"('/home/toffer/Repos/flask-tags/flask-2.0.0rc2/tests/test_user_error_handler.py', 94, 127)"
50,method length,"('/home/toffer/Repos/flask-tags/flask-2.0.0rc2/tests/test_user_error_handler.py', 157, 208)"
51,method length,"('/home/toffer/Repos/flask-tags/flask-2.0.0rc2/tests/test_json.py', 217, 250)"
52,method length,"('/home/toffer/Repos/flask-tags/flask-2.0.0rc2/tests/test_json.py', 253, 293)"
53,method length,"('/home/toffer/Repos/flask-tags/flask-2.0.0rc2/tests/test_json.py', 325, 393)"
54,method length,"('/home/toffer/Repos/flask-tags/flask-2.0.0rc2/examples/tutorial/flaskr/__init__.py', 6, 50)"
55,method length,"('/home/toffer/Repos/flask-tags/flask-2.0.0rc2/examples/tutorial/flaskr/auth.py', 47, 81)"
56,method length,"('/home/toffer/Repos/flask-tags/flask-2.0.0rc2/examples/tutorial/flaskr/blog.py', 28, 57)"
57,method length,"('/home/toffer/Repos/flask-tags/flask-2.0.0rc2/src/flask/scaffold.py', 98, 235)"
58,method length,"('/home/toffer/Repos/flask-tags/flask-2.0.0rc2/src/flask/scaffold.py', 407, 436)"
59,method length,"('/home/toffer/Repos/flask-tags/flask-2.0.0rc2/src/flask/scaffold.py', 446, 504)"
60,method length,"('/home/toffer/Repos/flask-tags/flask-2.0.0rc2/src/flask/scaffold.py', 568, 604)"
61,method length,"('/home/toffer/Repos/flask-tags/flask-2.0.0rc2/src/flask/scaffold.py', 645, 679)"
62,method length,"('/home/toffer/Repos/flask-tags/flask-2.0.0rc2/src/flask/scaffold.py', 771, 820)"
63,method length,"('/home/toffer/Repos/flask-tags/flask-2.0.0rc2/src/flask/scaffold.py', 823, 862)"
64,method length,"('/home/toffer/Repos/flask-tags/flask-2.0.0rc2/src/flask/blueprints.py', 39, 75)"
65,method length,"('/home/toffer/Repos/flask-tags/flask-2.0.0rc2/src/flask/blueprints.py', 255, 351)"
66,method length,"('/home/toffer/Repos/flask-tags/flask-2.0.0rc2/src/flask/sessions.py', 177, 233)"
67,method length,"('/home/toffer/Repos/flask-tags/flask-2.0.0rc2/src/flask/sessions.py', 367, 403)"
68,method length,"('/home/toffer/Repos/flask-tags/flask-2.0.0rc2/src/flask/ctx.py', 119, 156)"
69,method length,"('/home/toffer/Repos/flask-tags/flask-2.0.0rc2/src/flask/ctx.py', 159, 188)"
70,method length,"('/home/toffer/Repos/flask-tags/flask-2.0.0rc2/src/flask/ctx.py', 284, 314)"
71,method length,"('/home/toffer/Repos/flask-tags/flask-2.0.0rc2/src/flask/ctx.py', 354, 392)"
72,method length,"('/home/toffer/Repos/flask-tags/flask-2.0.0rc2/src/flask/ctx.py', 394, 431)"
73,method length,"('/home/toffer/Repos/flask-tags/flask-2.0.0rc2/src/flask/helpers.py', 66, 138)"
74,method length,"('/home/toffer/Repos/flask-tags/flask-2.0.0rc2/src/flask/helpers.py', 141, 187)"
75,method length,"('/home/toffer/Repos/flask-tags/flask-2.0.0rc2/src/flask/helpers.py', 190, 338)"
76,method length,"('/home/toffer/Repos/flask-tags/flask-2.0.0rc2/src/flask/helpers.py', 363, 392)"
77,method length,"('/home/toffer/Repos/flask-tags/flask-2.0.0rc2/src/flask/helpers.py', 397, 435)"
78,method length,"('/home/toffer/Repos/flask-tags/flask-2.0.0rc2/src/flask/helpers.py', 446, 487)"
79,method length,"('/home/toffer/Repos/flask-tags/flask-2.0.0rc2/src/flask/helpers.py', 502, 619)"
80,method length,"('/home/toffer/Repos/flask-tags/flask-2.0.0rc2/src/flask/helpers.py', 645, 677)"
81,method length,"('/home/toffer/Repos/flask-tags/flask-2.0.0rc2/src/flask/helpers.py', 680, 726)"
82,method length,"('/home/toffer/Repos/flask-tags/flask-2.0.0rc2/src/flask/app.py', 397, 521)"
83,method length,"('/home/toffer/Repos/flask-tags/flask-2.0.0rc2/src/flask/app.py', 675, 708)"
84,method length,"('/home/toffer/Repos/flask-tags/flask-2.0.0rc2/src/flask/app.py', 812, 925)"
85,method length,"('/home/toffer/Repos/flask-tags/flask-2.0.0rc2/src/flask/app.py', 927, 983)"
86,method length,"('/home/toffer/Repos/flask-tags/flask-2.0.0rc2/src/flask/app.py', 1039, 1088)"
87,method length,"('/home/toffer/Repos/flask-tags/flask-2.0.0rc2/src/flask/app.py', 1213, 1243)"
88,method length,"('/home/toffer/Repos/flask-tags/flask-2.0.0rc2/src/flask/app.py', 1278, 1309)"
89,method length,"('/home/toffer/Repos/flask-tags/flask-2.0.0rc2/src/flask/app.py', 1311, 1344)"
90,method length,"('/home/toffer/Repos/flask-tags/flask-2.0.0rc2/src/flask/app.py', 1348, 1376)"
91,method length,"('/home/toffer/Repos/flask-tags/flask-2.0.0rc2/src/flask/app.py', 1378, 1425)"
92,method length,"('/home/toffer/Repos/flask-tags/flask-2.0.0rc2/src/flask/app.py', 1588, 1614)"
93,method length,"('/home/toffer/Repos/flask-tags/flask-2.0.0rc2/src/flask/app.py', 1616, 1732)"
94,method length,"('/home/toffer/Repos/flask-tags/flask-2.0.0rc2/src/flask/app.py', 1736, 1774)"
95,method length,"('/home/toffer/Repos/flask-tags/flask-2.0.0rc2/src/flask/app.py', 1813, 1842)"
96,method length,"('/home/toffer/Repos/flask-tags/flask-2.0.0rc2/src/flask/app.py', 1872, 1903)"
97,method length,"('/home/toffer/Repos/flask-tags/flask-2.0.0rc2/src/flask/app.py', 1965, 2019)"
98,method length,"('/home/toffer/Repos/flask-tags/flask-2.0.0rc2/src/flask/app.py', 2021, 2062)"
99,method length,"('/home/toffer/Repos/flask-tags/flask-2.0.0rc2/src/flask/cli.py', 37, 86)"
100,method length,"('/home/toffer/Repos/flask-tags/flask-2.0.0rc2/src/flask/cli.py', 89, 119)"
101,method length,"('/home/toffer/Repos/flask-tags/flask-2.0.0rc2/src/flask/cli.py', 148, 220)"
102,method length,"('/home/toffer/Repos/flask-tags/flask-2.0.0rc2/src/flask/cli.py', 223, 249)"
103,method length,"('/home/toffer/Repos/flask-tags/flask-2.0.0rc2/src/flask/cli.py', 384, 424)"
104,method length,"('/home/toffer/Repos/flask-tags/flask-2.0.0rc2/src/flask/cli.py', 606, 660)"
105,method length,"('/home/toffer/Repos/flask-tags/flask-2.0.0rc2/src/flask/cli.py', 663, 689)"
106,method length,"('/home/toffer/Repos/flask-tags/flask-2.0.0rc2/src/flask/cli.py', 703, 733)"
107,method length,"('/home/toffer/Repos/flask-tags/flask-2.0.0rc2/src/flask/cli.py', 736, 764)"
108,method length,"('/home/toffer/Repos/flask-tags/flask-2.0.0rc2/src/flask/cli.py', 827, 858)"
109,method length,"('/home/toffer/Repos/flask-tags/flask-2.0.0rc2/src/flask/cli.py', 863, 909)"
110,method length,"('/home/toffer/Repos/flask-tags/flask-2.0.0rc2/src/flask/cli.py', 925, 958)"
111,method length,"('/home/toffer/Repos/flask-tags/flask-2.0.0rc2/src/flask/testing.py', 53, 82)"
112,method length,"('/home/toffer/Repos/flask-tags/flask-2.0.0rc2/src/flask/testing.py', 122, 172)"
113,method length,"('/home/toffer/Repos/flask-tags/flask-2.0.0rc2/src/flask/testing.py', 182, 221)"
114,method length,"('/home/toffer/Repos/flask-tags/flask-2.0.0rc2/src/flask/debughelpers.py', 113, 158)"
115,method length,"('/home/toffer/Repos/flask-tags/flask-2.0.0rc2/src/flask/config.py', 100, 126)"
116,method length,"('/home/toffer/Repos/flask-tags/flask-2.0.0rc2/src/flask/config.py', 128, 164)"
117,method length,"('/home/toffer/Repos/flask-tags/flask-2.0.0rc2/src/flask/config.py', 171, 203)"
118,method length,"('/home/toffer/Repos/flask-tags/flask-2.0.0rc2/src/flask/config.py', 224, 263)"
119,method length,"('/home/toffer/Repos/flask-tags/flask-2.0.0rc2/src/flask/views.py', 71, 102)"
120,method length,"('/home/toffer/Repos/flask-tags/flask-2.0.0rc2/src/flask/json/tag.py', 258, 284)"
121,method length,"('/home/toffer/Repos/flask-tags/flask-2.0.0rc2/src/flask/json/__init__.py', 109, 141)"
122,method length,"('/home/toffer/Repos/flask-tags/flask-2.0.0rc2/src/flask/json/__init__.py', 146, 180)"
123,method length,"('/home/toffer/Repos/flask-tags/flask-2.0.0rc2/src/flask/json/__init__.py', 183, 216)"
124,method length,"('/home/toffer/Repos/flask-tags/flask-2.0.0rc2/src/flask/json/__init__.py', 219, 249)"
125,method length,"('/home/toffer/Repos/flask-tags/flask-2.0.0rc2/src/flask/json/__init__.py', 284, 350)"
126,file length,"('/home/toffer/Repos/flask-tags/flask-2.0.0rc2/tests/test_cli.py', -1, -1)"
127,file length,"('/home/toffer/Repos/flask-tags/flask-2.0.0rc2/tests/test_basic.py', -1, -1)"
128,file length,"('/home/toffer/Repos/flask-tags/flask-2.0.0rc2/tests/test_testing.py', -1, -1)"
129,file length,"('/home/toffer/Repos/flask-tags/flask-2.0.0rc2/tests/test_blueprints.py', -1, -1)"
130,file length,"('/home/toffer/Repos/flask-tags/flask-2.0.0rc2/tests/test_templating.py', -1, -1)"
131,file length,"('/home/toffer/Repos/flask-tags/flask-2.0.0rc2/tests/test_json.py', -1, -1)"
132,file length,"('/home/toffer/Repos/flask-tags/flask-2.0.0rc2/src/flask/scaffold.py', -1, -1)"
133,file length,"('/home/toffer/Repos/flask-tags/flask-2.0.0rc2/src/flask/blueprints.py', -1, -1)"
134,file length,"('/home/toffer/Repos/flask-tags/flask-2.0.0rc2/src/flask/sessions.py', -1, -1)"
135,file length,"('/home/toffer/Repos/flask-tags/flask-2.0.0rc2/src/flask/ctx.py', -1, -1)"
136,file length,"('/home/toffer/Repos/flask-tags/flask-2.0.0rc2/src/flask/helpers.py', -1, -1)"
137,file length,"('/home/toffer/Repos/flask-tags/flask-2.0.0rc2/src/flask/app.py', -1, -1)"
138,file length,"('/home/toffer/Repos/flask-tags/flask-2.0.0rc2/src/flask/cli.py', -1, -1)"
139,file length,"('/home/toffer/Repos/flask-tags/flask-2.0.0rc2/src/flask/json/__init__.py', -1, -1)"
140,argument count,"('/home/toffer/Repos/flask-tags/flask-2.0.0rc2/docs/conf.py', 68, 68)"
141,argument count,"('/home/toffer/Repos/flask-tags/flask-2.0.0rc2/tests/test_helpers.py', 265, 267)"
142,argument count,"('/home/toffer/Repos/flask-tags/flask-2.0.0rc2/tests/test_helpers.py', 284, 284)"
143,argument count,"('/home/toffer/Repos/flask-tags/flask-2.0.0rc2/tests/test_basic.py', 1569, 1571)"
144,argument count,"('/home/toffer/Repos/flask-tags/flask-2.0.0rc2/tests/test_basic.py', 1953, 1953)"
145,argument count,"('/home/toffer/Repos/flask-tags/flask-2.0.0rc2/tests/test_basic.py', 1974, 1976)"
146,argument count,"('/home/toffer/Repos/flask-tags/flask-2.0.0rc2/tests/test_instance_config.py', 62, 64)"
147,argument count,"('/home/toffer/Repos/flask-tags/flask-2.0.0rc2/tests/test_instance_config.py', 75, 77)"
148,argument count,"('/home/toffer/Repos/flask-tags/flask-2.0.0rc2/tests/test_instance_config.py', 93, 95)"
149,argument count,"('/home/toffer/Repos/flask-tags/flask-2.0.0rc2/tests/test_blueprints.py', 122, 122)"
150,argument count,"('/home/toffer/Repos/flask-tags/flask-2.0.0rc2/src/flask/scaffold.py', 89, 96)"
151,argument count,"('/home/toffer/Repos/flask-tags/flask-2.0.0rc2/src/flask/scaffold.py', 439, 446)"
152,argument count,"('/home/toffer/Repos/flask-tags/flask-2.0.0rc2/src/flask/blueprints.py', 32, 38)"
153,argument count,"('/home/toffer/Repos/flask-tags/flask-2.0.0rc2/src/flask/blueprints.py', 77, 83)"
154,argument count,"('/home/toffer/Repos/flask-tags/flask-2.0.0rc2/src/flask/blueprints.py', 171, 183)"
155,argument count,"('/home/toffer/Repos/flask-tags/flask-2.0.0rc2/src/flask/blueprints.py', 353, 359)"
156,argument count,"('/home/toffer/Repos/flask-tags/flask-2.0.0rc2/src/flask/ctx.py', 278, 284)"
157,argument count,"('/home/toffer/Repos/flask-tags/flask-2.0.0rc2/src/flask/helpers.py', 438, 446)"
158,argument count,"('/home/toffer/Repos/flask-tags/flask-2.0.0rc2/src/flask/helpers.py', 490, 502)"
159,argument count,"('/home/toffer/Repos/flask-tags/flask-2.0.0rc2/src/flask/app.py', 385, 397)"
160,argument count,"('/home/toffer/Repos/flask-tags/flask-2.0.0rc2/src/flask/app.py', 805, 812)"
161,argument count,"('/home/toffer/Repos/flask-tags/flask-2.0.0rc2/src/flask/app.py', 1032, 1039)"
162,argument count,"('/home/toffer/Repos/flask-tags/flask-2.0.0rc2/src/flask/cli.py', 499, 507)"
163,argument count,"('/home/toffer/Repos/flask-tags/flask-2.0.0rc2/src/flask/cli.py', 825, 827)"
164,argument count,"('/home/toffer/Repos/flask-tags/flask-2.0.0rc2/src/flask/testing.py', 44, 53)"
165,argument count,"('/home/toffer/Repos/flask-tags/flask-2.0.0rc2/src/flask/testing.py', 174, 181)"
166,argument count,"('/home/toffer/Repos/flask-tags/flask-2.0.0rc2/src/flask/testing.py', 257, 259)"
167,method count,"('/home/toffer/Repos/flask-tags/flask-2.0.0rc2/tests/test_appctx.py', 6, 200)"
168,method count,"('/home/toffer/Repos/flask-tags/flask-2.0.0rc2/tests/test_helpers.py', 18, 312)"
169,method count,"('/home/toffer/Repos/flask-tags/flask-2.0.0rc2/tests/test_cli.py', 37, 671)"
170,method count,"('/home/toffer/Repos/flask-tags/flask-2.0.0rc2/tests/test_basic.py', 28, 2028)"
171,method count,"('/home/toffer/Repos/flask-tags/flask-2.0.0rc2/tests/test_signals.py', 15, 185)"
172,method count,"('/home/toffer/Repos/flask-tags/flask-2.0.0rc2/tests/test_views.py', 7, 232)"
173,method count,"('/home/toffer/Repos/flask-tags/flask-2.0.0rc2/tests/test_reqctx.py', 13, 316)"
174,method count,"('/home/toffer/Repos/flask-tags/flask-2.0.0rc2/tests/test_testing.py', 18, 415)"
175,method count,"('/home/toffer/Repos/flask-tags/flask-2.0.0rc2/tests/test_blueprints.py', 10, 889)"
176,method count,"('/home/toffer/Repos/flask-tags/flask-2.0.0rc2/tests/test_templating.py', 10, 442)"
177,method count,"('/home/toffer/Repos/flask-tags/flask-2.0.0rc2/tests/test_user_error_handler.py', 10, 283)"
178,method count,"('/home/toffer/Repos/flask-tags/flask-2.0.0rc2/tests/test_json.py', 13, 398)"
179,method count,"('/home/toffer/Repos/flask-tags/flask-2.0.0rc2/src/flask/scaffold.py', 37, 861)"
180,method count,"('/home/toffer/Repos/flask-tags/flask-2.0.0rc2/src/flask/blueprints.py', 32, 541)"
181,method count,"('/home/toffer/Repos/flask-tags/flask-2.0.0rc2/src/flask/sessions.py', 23, 402)"
182,method count,"('/home/toffer/Repos/flask-tags/flask-2.0.0rc2/src/flask/ctx.py', 44, 459)"
183,method count,"('/home/toffer/Repos/flask-tags/flask-2.0.0rc2/src/flask/helpers.py', 27, 800)"
184,method count,"('/home/toffer/Repos/flask-tags/flask-2.0.0rc2/src/flask/app.py', 83, 2074)"
185,method count,"('/home/toffer/Repos/flask-tags/flask-2.0.0rc2/src/flask/cli.py', 37, 989)"
186,method count,"('/home/toffer/Repos/flask-tags/flask-2.0.0rc2/src/flask/json/tag.py', 66, 311)"
187,Return Statements,"('/home/toffer/Repos/flask-tags/flask-2.0.0rc2/tests/test_async.py', 22, 56)"
188,Return Statements,"('/home/toffer/Repos/flask-tags/flask-2.0.0rc2/tests/test_cli.py', 48, 147)"
189,Return Statements,"('/home/toffer/Repos/flask-tags/flask-2.0.0rc2/tests/test_basic.py', 542, 594)"
190,Return Statements,"('/home/toffer/Repos/flask-tags/flask-2.0.0rc2/tests/test_basic.py', 606, 684)"
191,Return Statements,"('/home/toffer/Repos/flask-tags/flask-2.0.0rc2/tests/test_basic.py', 1131, 1214)"
192,Return Statements,"('/home/toffer/Repos/flask-tags/flask-2.0.0rc2/tests/test_reqctx.py', 223, 272)"
193,Return Statements,"('/home/toffer/Repos/flask-tags/flask-2.0.0rc2/tests/test_blueprints.py', 311, 340)"
194,Return Statements,"('/home/toffer/Repos/flask-tags/flask-2.0.0rc2/tests/test_blueprints.py', 855, 901)"
195,Return Statements,"('/home/toffer/Repos/flask-tags/flask-2.0.0rc2/tests/test_user_error_handler.py', 157, 208)"
196,Return Statements,"('/home/toffer/Repos/flask-tags/flask-2.0.0rc2/tests/test_json.py', 217, 250)"
197,Return Statements,"('/home/toffer/Repos/flask-tags/flask-2.0.0rc2/tests/test_json.py', 253, 293)"
198,Return Statements,"('/home/toffer/Repos/flask-tags/flask-2.0.0rc2/src/flask/scaffold.py', 771, 820)"
199,Return Statements,"('/home/toffer/Repos/flask-tags/flask-2.0.0rc2/src/flask/scaffold.py', 823, 862)"
200,Return Statements,"('/home/toffer/Repos/flask-tags/flask-2.0.0rc2/src/flask/json/__init__.py', 42, 56)"
201,nested controlflow,"('/home/toffer/Repos/flask-tags/flask-2.0.0rc2/src/flask/app.py', 1262, 1273)"
202,nested controlflow,"('/home/toffer/Repos/flask-tags/flask-2.0.0rc2/src/flask/cli.py', 396, 409)"
203,breaks in linear flow,"('/home/toffer/Repos/flask-tags/flask-2.0.0rc2/docs/conf.py', 73, 73)"
204,breaks in linear flow,"('/home/toffer/Repos/flask-tags/flask-2.0.0rc2/docs/conf.py', 79, 79)"
205,breaks in linear flow,"('/home/toffer/Repos/flask-tags/flask-2.0.0rc2/docs/conf.py', 84, 84)"
206,breaks in linear flow,"('/home/toffer/Repos/flask-tags/flask-2.0.0rc2/tests/test_appctx.py', 64, 64)"
207,breaks in linear flow,"('/home/toffer/Repos/flask-tags/flask-2.0.0rc2/tests/test_appctx.py', 83, 83)"
208,breaks in linear flow,"('/home/toffer/Repos/flask-tags/flask-2.0.0rc2/tests/test_appctx.py', 206, 206)"
209,breaks in linear flow,"('/home/toffer/Repos/flask-tags/flask-2.0.0rc2/tests/test_helpers.py', 144, 144)"
210,breaks in linear flow,"('/home/toffer/Repos/flask-tags/flask-2.0.0rc2/tests/test_helpers.py', 176, 176)"
211,breaks in linear flow,"('/home/toffer/Repos/flask-tags/flask-2.0.0rc2/tests/test_helpers.py', 269, 269)"
212,breaks in linear flow,"('/home/toffer/Repos/flask-tags/flask-2.0.0rc2/tests/conftest.py', 28, 28)"
213,breaks in linear flow,"('/home/toffer/Repos/flask-tags/flask-2.0.0rc2/tests/conftest.py', 29, 29)"
214,breaks in linear flow,"('/home/toffer/Repos/flask-tags/flask-2.0.0rc2/tests/conftest.py', 83, 83)"
215,breaks in linear flow,"('/home/toffer/Repos/flask-tags/flask-2.0.0rc2/tests/conftest.py', 94, 94)"
216,breaks in linear flow,"('/home/toffer/Repos/flask-tags/flask-2.0.0rc2/tests/conftest.py', 110, 110)"
217,breaks in linear flow,"('/home/toffer/Repos/flask-tags/flask-2.0.0rc2/tests/conftest.py', 118, 118)"
218,breaks in linear flow,"('/home/toffer/Repos/flask-tags/flask-2.0.0rc2/tests/test_cli.py', 466, 466)"
219,breaks in linear flow,"('/home/toffer/Repos/flask-tags/flask-2.0.0rc2/tests/test_cli.py', 510, 510)"
220,breaks in linear flow,"('/home/toffer/Repos/flask-tags/flask-2.0.0rc2/tests/test_cli.py', 533, 533)"
221,breaks in linear flow,"('/home/toffer/Repos/flask-tags/flask-2.0.0rc2/tests/test_cli.py', 669, 669)"
222,breaks in linear flow,"('/home/toffer/Repos/flask-tags/flask-2.0.0rc2/tests/test_basic.py', 581, 581)"
223,breaks in linear flow,"('/home/toffer/Repos/flask-tags/flask-2.0.0rc2/tests/test_basic.py', 803, 803)"
224,breaks in linear flow,"('/home/toffer/Repos/flask-tags/flask-2.0.0rc2/tests/test_basic.py', 815, 815)"
225,breaks in linear flow,"('/home/toffer/Repos/flask-tags/flask-2.0.0rc2/tests/test_basic.py', 1089, 1089)"
226,breaks in linear flow,"('/home/toffer/Repos/flask-tags/flask-2.0.0rc2/tests/test_basic.py', 1094, 1094)"
227,breaks in linear flow,"('/home/toffer/Repos/flask-tags/flask-2.0.0rc2/tests/test_basic.py', 1106, 1106)"
228,breaks in linear flow,"('/home/toffer/Repos/flask-tags/flask-2.0.0rc2/tests/test_basic.py', 1363, 1363)"
229,breaks in linear flow,"('/home/toffer/Repos/flask-tags/flask-2.0.0rc2/tests/test_basic.py', 1367, 1367)"
230,breaks in linear flow,"('/home/toffer/Repos/flask-tags/flask-2.0.0rc2/tests/test_basic.py', 1524, 1524)"
231,breaks in linear flow,"('/home/toffer/Repos/flask-tags/flask-2.0.0rc2/tests/test_basic.py', 1548, 1548)"
232,breaks in linear flow,"('/home/toffer/Repos/flask-tags/flask-2.0.0rc2/tests/test_basic.py', 1559, 1559)"
233,breaks in linear flow,"('/home/toffer/Repos/flask-tags/flask-2.0.0rc2/tests/test_basic.py', 1607, 1607)"
234,breaks in linear flow,"('/home/toffer/Repos/flask-tags/flask-2.0.0rc2/tests/test_basic.py', 1782, 1782)"
235,breaks in linear flow,"('/home/toffer/Repos/flask-tags/flask-2.0.0rc2/tests/test_signals.py', 5, 5)"
236,breaks in linear flow,"('/home/toffer/Repos/flask-tags/flask-2.0.0rc2/tests/test_reqctx.py', 9, 9)"
237,breaks in linear flow,"('/home/toffer/Repos/flask-tags/flask-2.0.0rc2/tests/test_reqctx.py', 36, 36)"
238,breaks in linear flow,"('/home/toffer/Repos/flask-tags/flask-2.0.0rc2/tests/test_reqctx.py', 55, 55)"
239,breaks in linear flow,"('/home/toffer/Repos/flask-tags/flask-2.0.0rc2/tests/test_reqctx.py', 229, 229)"
240,breaks in linear flow,"('/home/toffer/Repos/flask-tags/flask-2.0.0rc2/tests/test_logging.py', 32, 32)"
241,breaks in linear flow,"('/home/toffer/Repos/flask-tags/flask-2.0.0rc2/tests/test_instance_config.py', 120, 120)"
242,breaks in linear flow,"('/home/toffer/Repos/flask-tags/flask-2.0.0rc2/tests/test_testing.py', 14, 14)"
243,breaks in linear flow,"('/home/toffer/Repos/flask-tags/flask-2.0.0rc2/tests/test_testing.py', 146, 146)"
244,breaks in linear flow,"('/home/toffer/Repos/flask-tags/flask-2.0.0rc2/tests/test_testing.py', 241, 241)"
245,breaks in linear flow,"('/home/toffer/Repos/flask-tags/flask-2.0.0rc2/tests/test_blueprints.py', 200, 200)"
246,breaks in linear flow,"('/home/toffer/Repos/flask-tags/flask-2.0.0rc2/tests/test_blueprints.py', 238, 238)"
247,breaks in linear flow,"('/home/toffer/Repos/flask-tags/flask-2.0.0rc2/tests/test_blueprints.py', 356, 356)"
248,breaks in linear flow,"('/home/toffer/Repos/flask-tags/flask-2.0.0rc2/tests/test_blueprints.py', 367, 367)"
249,breaks in linear flow,"('/home/toffer/Repos/flask-tags/flask-2.0.0rc2/tests/test_user_error_handler.py', 32, 32)"
250,breaks in linear flow,"('/home/toffer/Repos/flask-tags/flask-2.0.0rc2/tests/test_user_error_handler.py', 241, 241)"
251,breaks in linear flow,"('/home/toffer/Repos/flask-tags/flask-2.0.0rc2/tests/test_json.py', 98, 98)"
252,breaks in linear flow,"('/home/toffer/Repos/flask-tags/flask-2.0.0rc2/tests/test_json.py', 126, 126)"
253,breaks in linear flow,"('/home/toffer/Repos/flask-tags/flask-2.0.0rc2/tests/test_json.py', 224, 224)"
254,breaks in linear flow,"('/home/toffer/Repos/flask-tags/flask-2.0.0rc2/tests/test_json.py', 234, 234)"
255,breaks in linear flow,"('/home/toffer/Repos/flask-tags/flask-2.0.0rc2/tests/test_json.py', 262, 262)"
256,breaks in linear flow,"('/home/toffer/Repos/flask-tags/flask-2.0.0rc2/tests/test_json.py', 273, 273)"
257,breaks in linear flow,"('/home/toffer/Repos/flask-tags/flask-2.0.0rc2/tests/test_json.py', 302, 302)"
258,breaks in linear flow,"('/home/toffer/Repos/flask-tags/flask-2.0.0rc2/tests/test_json.py', 392, 392)"
259,breaks in linear flow,"('/home/toffer/Repos/flask-tags/flask-2.0.0rc2/examples/tutorial/flaskr/__init__.py', 16, 16)"
260,breaks in linear flow,"('/home/toffer/Repos/flask-tags/flask-2.0.0rc2/examples/tutorial/flaskr/__init__.py', 26, 26)"
261,breaks in linear flow,"('/home/toffer/Repos/flask-tags/flask-2.0.0rc2/examples/tutorial/flaskr/auth.py', 24, 24)"
262,breaks in linear flow,"('/home/toffer/Repos/flask-tags/flask-2.0.0rc2/examples/tutorial/flaskr/auth.py', 38, 38)"
263,breaks in linear flow,"('/home/toffer/Repos/flask-tags/flask-2.0.0rc2/examples/tutorial/flaskr/auth.py', 53, 53)"
264,breaks in linear flow,"('/home/toffer/Repos/flask-tags/flask-2.0.0rc2/examples/tutorial/flaskr/auth.py', 59, 59)"
265,breaks in linear flow,"('/home/toffer/Repos/flask-tags/flask-2.0.0rc2/examples/tutorial/flaskr/auth.py', 69, 69)"
266,breaks in linear flow,"('/home/toffer/Repos/flask-tags/flask-2.0.0rc2/examples/tutorial/flaskr/auth.py', 87, 87)"
267,breaks in linear flow,"('/home/toffer/Repos/flask-tags/flask-2.0.0rc2/examples/tutorial/flaskr/auth.py', 96, 96)"
268,breaks in linear flow,"('/home/toffer/Repos/flask-tags/flask-2.0.0rc2/examples/tutorial/flaskr/auth.py', 101, 101)"
269,breaks in linear flow,"('/home/toffer/Repos/flask-tags/flask-2.0.0rc2/examples/tutorial/flaskr/blog.py', 51, 51)"
270,breaks in linear flow,"('/home/toffer/Repos/flask-tags/flask-2.0.0rc2/examples/tutorial/flaskr/blog.py', 54, 54)"
271,breaks in linear flow,"('/home/toffer/Repos/flask-tags/flask-2.0.0rc2/examples/tutorial/flaskr/blog.py', 64, 64)"
272,breaks in linear flow,"('/home/toffer/Repos/flask-tags/flask-2.0.0rc2/examples/tutorial/flaskr/blog.py', 69, 69)"
273,breaks in linear flow,"('/home/toffer/Repos/flask-tags/flask-2.0.0rc2/examples/tutorial/flaskr/blog.py', 72, 72)"
274,breaks in linear flow,"('/home/toffer/Repos/flask-tags/flask-2.0.0rc2/examples/tutorial/flaskr/blog.py', 92, 92)"
275,breaks in linear flow,"('/home/toffer/Repos/flask-tags/flask-2.0.0rc2/examples/tutorial/flaskr/blog.py', 97, 97)"
276,breaks in linear flow,"('/home/toffer/Repos/flask-tags/flask-2.0.0rc2/examples/tutorial/flaskr/blog.py', 100, 100)"
277,breaks in linear flow,"('/home/toffer/Repos/flask-tags/flask-2.0.0rc2/examples/tutorial/flaskr/db.py', 14, 14)"
278,breaks in linear flow,"('/home/toffer/Repos/flask-tags/flask-2.0.0rc2/examples/tutorial/flaskr/db.py', 29, 29)"
279,breaks in linear flow,"('/home/toffer/Repos/flask-tags/flask-2.0.0rc2/src/flask/scaffold.py', 30, 30)"
280,breaks in linear flow,"('/home/toffer/Repos/flask-tags/flask-2.0.0rc2/src/flask/scaffold.py', 43, 43)"
281,breaks in linear flow,"('/home/toffer/Repos/flask-tags/flask-2.0.0rc2/src/flask/scaffold.py', 109, 109)"
282,breaks in linear flow,"('/home/toffer/Repos/flask-tags/flask-2.0.0rc2/src/flask/scaffold.py', 248, 248)"
283,breaks in linear flow,"('/home/toffer/Repos/flask-tags/flask-2.0.0rc2/src/flask/scaffold.py', 255, 255)"
284,breaks in linear flow,"('/home/toffer/Repos/flask-tags/flask-2.0.0rc2/src/flask/scaffold.py', 275, 275)"
285,breaks in linear flow,"('/home/toffer/Repos/flask-tags/flask-2.0.0rc2/src/flask/scaffold.py', 278, 278)"
286,breaks in linear flow,"('/home/toffer/Repos/flask-tags/flask-2.0.0rc2/src/flask/scaffold.py', 286, 286)"
287,breaks in linear flow,"('/home/toffer/Repos/flask-tags/flask-2.0.0rc2/src/flask/scaffold.py', 307, 307)"
288,breaks in linear flow,"('/home/toffer/Repos/flask-tags/flask-2.0.0rc2/src/flask/scaffold.py', 320, 320)"
289,breaks in linear flow,"('/home/toffer/Repos/flask-tags/flask-2.0.0rc2/src/flask/scaffold.py', 338, 338)"
290,breaks in linear flow,"('/home/toffer/Repos/flask-tags/flask-2.0.0rc2/src/flask/scaffold.py', 361, 361)"
291,breaks in linear flow,"('/home/toffer/Repos/flask-tags/flask-2.0.0rc2/src/flask/scaffold.py', 367, 367)"
292,breaks in linear flow,"('/home/toffer/Repos/flask-tags/flask-2.0.0rc2/src/flask/scaffold.py', 693, 693)"
293,breaks in linear flow,"('/home/toffer/Repos/flask-tags/flask-2.0.0rc2/src/flask/scaffold.py', 702, 702)"
294,breaks in linear flow,"('/home/toffer/Repos/flask-tags/flask-2.0.0rc2/src/flask/scaffold.py', 723, 723)"
295,breaks in linear flow,"('/home/toffer/Repos/flask-tags/flask-2.0.0rc2/src/flask/scaffold.py', 732, 732)"
296,breaks in linear flow,"('/home/toffer/Repos/flask-tags/flask-2.0.0rc2/src/flask/scaffold.py', 753, 753)"
297,breaks in linear flow,"('/home/toffer/Repos/flask-tags/flask-2.0.0rc2/src/flask/scaffold.py', 760, 760)"
298,breaks in linear flow,"('/home/toffer/Repos/flask-tags/flask-2.0.0rc2/src/flask/scaffold.py', 776, 776)"
299,breaks in linear flow,"('/home/toffer/Repos/flask-tags/flask-2.0.0rc2/src/flask/scaffold.py', 783, 783)"
300,breaks in linear flow,"('/home/toffer/Repos/flask-tags/flask-2.0.0rc2/src/flask/scaffold.py', 787, 787)"
301,breaks in linear flow,"('/home/toffer/Repos/flask-tags/flask-2.0.0rc2/src/flask/scaffold.py', 799, 799)"
302,breaks in linear flow,"('/home/toffer/Repos/flask-tags/flask-2.0.0rc2/src/flask/scaffold.py', 803, 803)"
303,breaks in linear flow,"('/home/toffer/Repos/flask-tags/flask-2.0.0rc2/src/flask/scaffold.py', 817, 817)"
304,breaks in linear flow,"('/home/toffer/Repos/flask-tags/flask-2.0.0rc2/src/flask/scaffold.py', 841, 841)"
305,breaks in linear flow,"('/home/toffer/Repos/flask-tags/flask-2.0.0rc2/src/flask/scaffold.py', 847, 847)"
306,breaks in linear flow,"('/home/toffer/Repos/flask-tags/flask-2.0.0rc2/src/flask/scaffold.py', 851, 851)"
307,breaks in linear flow,"('/home/toffer/Repos/flask-tags/flask-2.0.0rc2/src/flask/scaffold.py', 855, 855)"
308,breaks in linear flow,"('/home/toffer/Repos/flask-tags/flask-2.0.0rc2/src/flask/blueprints.py', 19, 19)"
309,breaks in linear flow,"('/home/toffer/Repos/flask-tags/flask-2.0.0rc2/src/flask/blueprints.py', 56, 56)"
310,breaks in linear flow,"('/home/toffer/Repos/flask-tags/flask-2.0.0rc2/src/flask/blueprints.py', 64, 64)"
311,breaks in linear flow,"('/home/toffer/Repos/flask-tags/flask-2.0.0rc2/src/flask/blueprints.py', 88, 88)"
312,breaks in linear flow,"('/home/toffer/Repos/flask-tags/flask-2.0.0rc2/src/flask/blueprints.py', 89, 89)"
313,breaks in linear flow,"('/home/toffer/Repos/flask-tags/flask-2.0.0rc2/src/flask/blueprints.py', 94, 94)"
314,breaks in linear flow,"('/home/toffer/Repos/flask-tags/flask-2.0.0rc2/src/flask/blueprints.py', 97, 97)"
315,breaks in linear flow,"('/home/toffer/Repos/flask-tags/flask-2.0.0rc2/src/flask/blueprints.py', 196, 196)"
316,breaks in linear flow,"('/home/toffer/Repos/flask-tags/flask-2.0.0rc2/src/flask/blueprints.py', 212, 212)"
317,breaks in linear flow,"('/home/toffer/Repos/flask-tags/flask-2.0.0rc2/src/flask/blueprints.py', 232, 232)"
318,breaks in linear flow,"('/home/toffer/Repos/flask-tags/flask-2.0.0rc2/src/flask/blueprints.py', 270, 270)"
319,breaks in linear flow,"('/home/toffer/Repos/flask-tags/flask-2.0.0rc2/src/flask/blueprints.py', 285, 285)"
320,breaks in linear flow,"('/home/toffer/Repos/flask-tags/flask-2.0.0rc2/src/flask/blueprints.py', 293, 293)"
321,breaks in linear flow,"('/home/toffer/Repos/flask-tags/flask-2.0.0rc2/src/flask/blueprints.py', 296, 296)"
322,breaks in linear flow,"('/home/toffer/Repos/flask-tags/flask-2.0.0rc2/src/flask/blueprints.py', 301, 301)"
323,breaks in linear flow,"('/home/toffer/Repos/flask-tags/flask-2.0.0rc2/src/flask/blueprints.py', 314, 314)"
324,breaks in linear flow,"('/home/toffer/Repos/flask-tags/flask-2.0.0rc2/src/flask/blueprints.py', 327, 327)"
325,breaks in linear flow,"('/home/toffer/Repos/flask-tags/flask-2.0.0rc2/src/flask/blueprints.py', 332, 332)"
326,breaks in linear flow,"('/home/toffer/Repos/flask-tags/flask-2.0.0rc2/src/flask/blueprints.py', 333, 333)"
327,breaks in linear flow,"('/home/toffer/Repos/flask-tags/flask-2.0.0rc2/src/flask/blueprints.py', 342, 342)"
328,breaks in linear flow,"('/home/toffer/Repos/flask-tags/flask-2.0.0rc2/src/flask/blueprints.py', 344, 344)"
329,breaks in linear flow,"('/home/toffer/Repos/flask-tags/flask-2.0.0rc2/src/flask/blueprints.py', 363, 363)"
330,breaks in linear flow,"('/home/toffer/Repos/flask-tags/flask-2.0.0rc2/src/flask/blueprints.py', 365, 365)"
331,breaks in linear flow,"('/home/toffer/Repos/flask-tags/flask-2.0.0rc2/src/flask/globals.py', 7, 7)"
332,breaks in linear flow,"('/home/toffer/Repos/flask-tags/flask-2.0.0rc2/src/flask/globals.py', 32, 32)"
333,breaks in linear flow,"('/home/toffer/Repos/flask-tags/flask-2.0.0rc2/src/flask/globals.py', 39, 39)"
334,breaks in linear flow,"('/home/toffer/Repos/flask-tags/flask-2.0.0rc2/src/flask/globals.py', 46, 46)"
335,breaks in linear flow,"('/home/toffer/Repos/flask-tags/flask-2.0.0rc2/src/flask/typing.py', 4, 4)"
336,breaks in linear flow,"('/home/toffer/Repos/flask-tags/flask-2.0.0rc2/src/flask/sessions.py', 14, 14)"
337,breaks in linear flow,"('/home/toffer/Repos/flask-tags/flask-2.0.0rc2/src/flask/sessions.py', 191, 191)"
338,breaks in linear flow,"('/home/toffer/Repos/flask-tags/flask-2.0.0rc2/src/flask/sessions.py', 197, 197)"
339,breaks in linear flow,"('/home/toffer/Repos/flask-tags/flask-2.0.0rc2/src/flask/sessions.py', 205, 205)"
340,breaks in linear flow,"('/home/toffer/Repos/flask-tags/flask-2.0.0rc2/src/flask/sessions.py', 219, 219)"
341,breaks in linear flow,"('/home/toffer/Repos/flask-tags/flask-2.0.0rc2/src/flask/sessions.py', 229, 229)"
342,breaks in linear flow,"('/home/toffer/Repos/flask-tags/flask-2.0.0rc2/src/flask/sessions.py', 271, 271)"
343,breaks in linear flow,"('/home/toffer/Repos/flask-tags/flask-2.0.0rc2/src/flask/sessions.py', 337, 337)"
344,breaks in linear flow,"('/home/toffer/Repos/flask-tags/flask-2.0.0rc2/src/flask/sessions.py', 353, 353)"
345,breaks in linear flow,"('/home/toffer/Repos/flask-tags/flask-2.0.0rc2/src/flask/sessions.py', 356, 356)"
346,breaks in linear flow,"('/home/toffer/Repos/flask-tags/flask-2.0.0rc2/src/flask/sessions.py', 362, 362)"
347,breaks in linear flow,"('/home/toffer/Repos/flask-tags/flask-2.0.0rc2/src/flask/sessions.py', 376, 376)"
348,breaks in linear flow,"('/home/toffer/Repos/flask-tags/flask-2.0.0rc2/src/flask/sessions.py', 377, 377)"
349,breaks in linear flow,"('/home/toffer/Repos/flask-tags/flask-2.0.0rc2/src/flask/sessions.py', 385, 385)"
350,breaks in linear flow,"('/home/toffer/Repos/flask-tags/flask-2.0.0rc2/src/flask/sessions.py', 388, 388)"
351,breaks in linear flow,"('/home/toffer/Repos/flask-tags/flask-2.0.0rc2/src/flask/templating.py', 13, 13)"
352,breaks in linear flow,"('/home/toffer/Repos/flask-tags/flask-2.0.0rc2/src/flask/templating.py', 25, 25)"
353,breaks in linear flow,"('/home/toffer/Repos/flask-tags/flask-2.0.0rc2/src/flask/templating.py', 27, 27)"
354,breaks in linear flow,"('/home/toffer/Repos/flask-tags/flask-2.0.0rc2/src/flask/templating.py', 40, 40)"
355,breaks in linear flow,"('/home/toffer/Repos/flask-tags/flask-2.0.0rc2/src/flask/templating.py', 57, 57)"
356,breaks in linear flow,"('/home/toffer/Repos/flask-tags/flask-2.0.0rc2/src/flask/templating.py', 67, 67)"
357,breaks in linear flow,"('/home/toffer/Repos/flask-tags/flask-2.0.0rc2/src/flask/templating.py', 70, 70)"
358,breaks in linear flow,"('/home/toffer/Repos/flask-tags/flask-2.0.0rc2/src/flask/templating.py', 72, 72)"
359,breaks in linear flow,"('/home/toffer/Repos/flask-tags/flask-2.0.0rc2/src/flask/templating.py', 80, 80)"
360,breaks in linear flow,"('/home/toffer/Repos/flask-tags/flask-2.0.0rc2/src/flask/templating.py', 87, 87)"
361,breaks in linear flow,"('/home/toffer/Repos/flask-tags/flask-2.0.0rc2/src/flask/templating.py', 90, 90)"
362,breaks in linear flow,"('/home/toffer/Repos/flask-tags/flask-2.0.0rc2/src/flask/templating.py', 91, 91)"
363,breaks in linear flow,"('/home/toffer/Repos/flask-tags/flask-2.0.0rc2/src/flask/templating.py', 98, 98)"
364,breaks in linear flow,"('/home/toffer/Repos/flask-tags/flask-2.0.0rc2/src/flask/templating.py', 101, 101)"
365,breaks in linear flow,"('/home/toffer/Repos/flask-tags/flask-2.0.0rc2/src/flask/templating.py', 103, 103)"
366,breaks in linear flow,"('/home/toffer/Repos/flask-tags/flask-2.0.0rc2/src/flask/templating.py', 109, 109)"
367,breaks in linear flow,"('/home/toffer/Repos/flask-tags/flask-2.0.0rc2/src/flask/templating.py', 112, 112)"
368,breaks in linear flow,"('/home/toffer/Repos/flask-tags/flask-2.0.0rc2/src/flask/templating.py', 114, 114)"
369,breaks in linear flow,"('/home/toffer/Repos/flask-tags/flask-2.0.0rc2/src/flask/templating.py', 115, 115)"
370,breaks in linear flow,"('/home/toffer/Repos/flask-tags/flask-2.0.0rc2/src/flask/ctx.py', 14, 14)"
371,breaks in linear flow,"('/home/toffer/Repos/flask-tags/flask-2.0.0rc2/src/flask/ctx.py', 64, 64)"
372,breaks in linear flow,"('/home/toffer/Repos/flask-tags/flask-2.0.0rc2/src/flask/ctx.py', 89, 89)"
373,breaks in linear flow,"('/home/toffer/Repos/flask-tags/flask-2.0.0rc2/src/flask/ctx.py', 144, 144)"
374,breaks in linear flow,"('/home/toffer/Repos/flask-tags/flask-2.0.0rc2/src/flask/ctx.py', 229, 229)"
375,breaks in linear flow,"('/home/toffer/Repos/flask-tags/flask-2.0.0rc2/src/flask/ctx.py', 230, 230)"
376,breaks in linear flow,"('/home/toffer/Repos/flask-tags/flask-2.0.0rc2/src/flask/ctx.py', 286, 286)"
377,breaks in linear flow,"('/home/toffer/Repos/flask-tags/flask-2.0.0rc2/src/flask/ctx.py', 292, 292)"
378,breaks in linear flow,"('/home/toffer/Repos/flask-tags/flask-2.0.0rc2/src/flask/ctx.py', 351, 351)"
379,breaks in linear flow,"('/home/toffer/Repos/flask-tags/flask-2.0.0rc2/src/flask/ctx.py', 365, 365)"
380,breaks in linear flow,"('/home/toffer/Repos/flask-tags/flask-2.0.0rc2/src/flask/ctx.py', 371, 371)"
381,breaks in linear flow,"('/home/toffer/Repos/flask-tags/flask-2.0.0rc2/src/flask/ctx.py', 380, 380)"
382,breaks in linear flow,"('/home/toffer/Repos/flask-tags/flask-2.0.0rc2/src/flask/ctx.py', 387, 387)"
383,breaks in linear flow,"('/home/toffer/Repos/flask-tags/flask-2.0.0rc2/src/flask/ctx.py', 391, 391)"
384,breaks in linear flow,"('/home/toffer/Repos/flask-tags/flask-2.0.0rc2/src/flask/ctx.py', 406, 406)"
385,breaks in linear flow,"('/home/toffer/Repos/flask-tags/flask-2.0.0rc2/src/flask/ctx.py', 409, 409)"
386,breaks in linear flow,"('/home/toffer/Repos/flask-tags/flask-2.0.0rc2/src/flask/ctx.py', 414, 414)"
387,breaks in linear flow,"('/home/toffer/Repos/flask-tags/flask-2.0.0rc2/src/flask/ctx.py', 422, 422)"
388,breaks in linear flow,"('/home/toffer/Repos/flask-tags/flask-2.0.0rc2/src/flask/ctx.py', 426, 426)"
389,breaks in linear flow,"('/home/toffer/Repos/flask-tags/flask-2.0.0rc2/src/flask/ctx.py', 434, 434)"
390,breaks in linear flow,"('/home/toffer/Repos/flask-tags/flask-2.0.0rc2/src/flask/helpers.py', 23, 23)"
391,breaks in linear flow,"('/home/toffer/Repos/flask-tags/flask-2.0.0rc2/src/flask/helpers.py', 43, 43)"
392,breaks in linear flow,"('/home/toffer/Repos/flask-tags/flask-2.0.0rc2/src/flask/helpers.py', 58, 58)"
393,breaks in linear flow,"('/home/toffer/Repos/flask-tags/flask-2.0.0rc2/src/flask/helpers.py', 102, 102)"
394,breaks in linear flow,"('/home/toffer/Repos/flask-tags/flask-2.0.0rc2/src/flask/helpers.py', 112, 112)"
395,breaks in linear flow,"('/home/toffer/Repos/flask-tags/flask-2.0.0rc2/src/flask/helpers.py', 129, 129)"
396,breaks in linear flow,"('/home/toffer/Repos/flask-tags/flask-2.0.0rc2/src/flask/helpers.py', 183, 183)"
397,breaks in linear flow,"('/home/toffer/Repos/flask-tags/flask-2.0.0rc2/src/flask/helpers.py', 185, 185)"
398,breaks in linear flow,"('/home/toffer/Repos/flask-tags/flask-2.0.0rc2/src/flask/helpers.py', 269, 269)"
399,breaks in linear flow,"('/home/toffer/Repos/flask-tags/flask-2.0.0rc2/src/flask/helpers.py', 278, 278)"
400,breaks in linear flow,"('/home/toffer/Repos/flask-tags/flask-2.0.0rc2/src/flask/helpers.py', 282, 282)"
401,breaks in linear flow,"('/home/toffer/Repos/flask-tags/flask-2.0.0rc2/src/flask/helpers.py', 283, 283)"
402,breaks in linear flow,"('/home/toffer/Repos/flask-tags/flask-2.0.0rc2/src/flask/helpers.py', 295, 295)"
403,breaks in linear flow,"('/home/toffer/Repos/flask-tags/flask-2.0.0rc2/src/flask/helpers.py', 313, 313)"
404,breaks in linear flow,"('/home/toffer/Repos/flask-tags/flask-2.0.0rc2/src/flask/helpers.py', 314, 314)"
405,breaks in linear flow,"('/home/toffer/Repos/flask-tags/flask-2.0.0rc2/src/flask/helpers.py', 325, 325)"
406,breaks in linear flow,"('/home/toffer/Repos/flask-tags/flask-2.0.0rc2/src/flask/helpers.py', 327, 327)"
407,breaks in linear flow,"('/home/toffer/Repos/flask-tags/flask-2.0.0rc2/src/flask/helpers.py', 336, 336)"
408,breaks in linear flow,"('/home/toffer/Repos/flask-tags/flask-2.0.0rc2/src/flask/helpers.py', 427, 427)"
409,breaks in linear flow,"('/home/toffer/Repos/flask-tags/flask-2.0.0rc2/src/flask/helpers.py', 431, 431)"
410,breaks in linear flow,"('/home/toffer/Repos/flask-tags/flask-2.0.0rc2/src/flask/helpers.py', 433, 433)"
411,breaks in linear flow,"('/home/toffer/Repos/flask-tags/flask-2.0.0rc2/src/flask/helpers.py', 447, 447)"
412,breaks in linear flow,"('/home/toffer/Repos/flask-tags/flask-2.0.0rc2/src/flask/helpers.py', 457, 457)"
413,breaks in linear flow,"('/home/toffer/Repos/flask-tags/flask-2.0.0rc2/src/flask/helpers.py', 466, 466)"
414,breaks in linear flow,"('/home/toffer/Repos/flask-tags/flask-2.0.0rc2/src/flask/helpers.py', 475, 475)"
415,breaks in linear flow,"('/home/toffer/Repos/flask-tags/flask-2.0.0rc2/src/flask/helpers.py', 639, 639)"
416,breaks in linear flow,"('/home/toffer/Repos/flask-tags/flask-2.0.0rc2/src/flask/helpers.py', 692, 692)"
417,breaks in linear flow,"('/home/toffer/Repos/flask-tags/flask-2.0.0rc2/src/flask/helpers.py', 701, 701)"
418,breaks in linear flow,"('/home/toffer/Repos/flask-tags/flask-2.0.0rc2/src/flask/helpers.py', 704, 704)"
419,breaks in linear flow,"('/home/toffer/Repos/flask-tags/flask-2.0.0rc2/src/flask/helpers.py', 715, 715)"
420,breaks in linear flow,"('/home/toffer/Repos/flask-tags/flask-2.0.0rc2/src/flask/helpers.py', 748, 748)"
421,breaks in linear flow,"('/home/toffer/Repos/flask-tags/flask-2.0.0rc2/src/flask/helpers.py', 793, 793)"
422,breaks in linear flow,"('/home/toffer/Repos/flask-tags/flask-2.0.0rc2/src/flask/helpers.py', 796, 796)"
423,breaks in linear flow,"('/home/toffer/Repos/flask-tags/flask-2.0.0rc2/src/flask/app.py', 74, 74)"
424,breaks in linear flow,"('/home/toffer/Repos/flask-tags/flask-2.0.0rc2/src/flask/app.py', 79, 79)"
425,breaks in linear flow,"('/home/toffer/Repos/flask-tags/flask-2.0.0rc2/src/flask/app.py', 84, 84)"
426,breaks in linear flow,"('/home/toffer/Repos/flask-tags/flask-2.0.0rc2/src/flask/app.py', 87, 87)"
427,breaks in linear flow,"('/home/toffer/Repos/flask-tags/flask-2.0.0rc2/src/flask/app.py', 94, 94)"
428,breaks in linear flow,"('/home/toffer/Repos/flask-tags/flask-2.0.0rc2/src/flask/app.py', 406, 406)"
429,breaks in linear flow,"('/home/toffer/Repos/flask-tags/flask-2.0.0rc2/src/flask/app.py', 505, 505)"
430,breaks in linear flow,"('/home/toffer/Repos/flask-tags/flask-2.0.0rc2/src/flask/app.py', 536, 536)"
431,breaks in linear flow,"('/home/toffer/Repos/flask-tags/flask-2.0.0rc2/src/flask/app.py', 538, 538)"
432,breaks in linear flow,"('/home/toffer/Repos/flask-tags/flask-2.0.0rc2/src/flask/app.py', 551, 551)"
433,breaks in linear flow,"('/home/toffer/Repos/flask-tags/flask-2.0.0rc2/src/flask/app.py', 564, 564)"
434,breaks in linear flow,"('/home/toffer/Repos/flask-tags/flask-2.0.0rc2/src/flask/app.py', 624, 624)"
435,breaks in linear flow,"('/home/toffer/Repos/flask-tags/flask-2.0.0rc2/src/flask/app.py', 640, 640)"
436,breaks in linear flow,"('/home/toffer/Repos/flask-tags/flask-2.0.0rc2/src/flask/app.py', 689, 689)"
437,breaks in linear flow,"('/home/toffer/Repos/flask-tags/flask-2.0.0rc2/src/flask/app.py', 692, 692)"
438,breaks in linear flow,"('/home/toffer/Repos/flask-tags/flask-2.0.0rc2/src/flask/app.py', 729, 729)"
439,breaks in linear flow,"('/home/toffer/Repos/flask-tags/flask-2.0.0rc2/src/flask/app.py', 748, 748)"
440,breaks in linear flow,"('/home/toffer/Repos/flask-tags/flask-2.0.0rc2/src/flask/app.py', 749, 749)"
441,breaks in linear flow,"('/home/toffer/Repos/flask-tags/flask-2.0.0rc2/src/flask/app.py', 750, 750)"
442,breaks in linear flow,"('/home/toffer/Repos/flask-tags/flask-2.0.0rc2/src/flask/app.py', 753, 753)"
443,breaks in linear flow,"('/home/toffer/Repos/flask-tags/flask-2.0.0rc2/src/flask/app.py', 768, 768)"
444,breaks in linear flow,"('/home/toffer/Repos/flask-tags/flask-2.0.0rc2/src/flask/app.py', 872, 872)"
445,breaks in linear flow,"('/home/toffer/Repos/flask-tags/flask-2.0.0rc2/src/flask/app.py', 878, 878)"
446,breaks in linear flow,"('/home/toffer/Repos/flask-tags/flask-2.0.0rc2/src/flask/app.py', 882, 882)"
447,breaks in linear flow,"('/home/toffer/Repos/flask-tags/flask-2.0.0rc2/src/flask/app.py', 889, 889)"
448,breaks in linear flow,"('/home/toffer/Repos/flask-tags/flask-2.0.0rc2/src/flask/app.py', 895, 895)"
449,breaks in linear flow,"('/home/toffer/Repos/flask-tags/flask-2.0.0rc2/src/flask/app.py', 898, 898)"
450,breaks in linear flow,"('/home/toffer/Repos/flask-tags/flask-2.0.0rc2/src/flask/app.py', 899, 899)"
451,breaks in linear flow,"('/home/toffer/Repos/flask-tags/flask-2.0.0rc2/src/flask/app.py', 904, 904)"
452,breaks in linear flow,"('/home/toffer/Repos/flask-tags/flask-2.0.0rc2/src/flask/app.py', 979, 979)"
453,breaks in linear flow,"('/home/toffer/Repos/flask-tags/flask-2.0.0rc2/src/flask/app.py', 997, 997)"
454,breaks in linear flow,"('/home/toffer/Repos/flask-tags/flask-2.0.0rc2/src/flask/app.py', 1040, 1040)"
455,breaks in linear flow,"('/home/toffer/Repos/flask-tags/flask-2.0.0rc2/src/flask/app.py', 1048, 1048)"
456,breaks in linear flow,"('/home/toffer/Repos/flask-tags/flask-2.0.0rc2/src/flask/app.py', 1050, 1050)"
457,breaks in linear flow,"('/home/toffer/Repos/flask-tags/flask-2.0.0rc2/src/flask/app.py', 1062, 1062)"
458,breaks in linear flow,"('/home/toffer/Repos/flask-tags/flask-2.0.0rc2/src/flask/app.py', 1067, 1067)"
459,breaks in linear flow,"('/home/toffer/Repos/flask-tags/flask-2.0.0rc2/src/flask/app.py', 1068, 1068)"
460,breaks in linear flow,"('/home/toffer/Repos/flask-tags/flask-2.0.0rc2/src/flask/app.py', 1081, 1081)"
461,breaks in linear flow,"('/home/toffer/Repos/flask-tags/flask-2.0.0rc2/src/flask/app.py', 1083, 1083)"
462,breaks in linear flow,"('/home/toffer/Repos/flask-tags/flask-2.0.0rc2/src/flask/app.py', 1262, 1262)"
463,breaks in linear flow,"('/home/toffer/Repos/flask-tags/flask-2.0.0rc2/src/flask/app.py', 1263, 1263)"
464,breaks in linear flow,"('/home/toffer/Repos/flask-tags/flask-2.0.0rc2/src/flask/app.py', 1266, 1266)"
465,breaks in linear flow,"('/home/toffer/Repos/flask-tags/flask-2.0.0rc2/src/flask/app.py', 1267, 1267)"
466,breaks in linear flow,"('/home/toffer/Repos/flask-tags/flask-2.0.0rc2/src/flask/app.py', 1269, 1269)"
467,breaks in linear flow,"('/home/toffer/Repos/flask-tags/flask-2.0.0rc2/src/flask/app.py', 1272, 1272)"
468,breaks in linear flow,"('/home/toffer/Repos/flask-tags/flask-2.0.0rc2/src/flask/app.py', 1297, 1297)"
469,breaks in linear flow,"('/home/toffer/Repos/flask-tags/flask-2.0.0rc2/src/flask/app.py', 1303, 1303)"
470,breaks in linear flow,"('/home/toffer/Repos/flask-tags/flask-2.0.0rc2/src/flask/app.py', 1307, 1307)"
471,breaks in linear flow,"('/home/toffer/Repos/flask-tags/flask-2.0.0rc2/src/flask/app.py', 1328, 1328)"
472,breaks in linear flow,"('/home/toffer/Repos/flask-tags/flask-2.0.0rc2/src/flask/app.py', 1334, 1334)"
473,breaks in linear flow,"('/home/toffer/Repos/flask-tags/flask-2.0.0rc2/src/flask/app.py', 1341, 1341)"
474,breaks in linear flow,"('/home/toffer/Repos/flask-tags/flask-2.0.0rc2/src/flask/app.py', 1363, 1363)"
475,breaks in linear flow,"('/home/toffer/Repos/flask-tags/flask-2.0.0rc2/src/flask/app.py', 1368, 1368)"
476,breaks in linear flow,"('/home/toffer/Repos/flask-tags/flask-2.0.0rc2/src/flask/app.py', 1373, 1373)"
477,breaks in linear flow,"('/home/toffer/Repos/flask-tags/flask-2.0.0rc2/src/flask/app.py', 1409, 1409)"
478,breaks in linear flow,"('/home/toffer/Repos/flask-tags/flask-2.0.0rc2/src/flask/app.py', 1412, 1412)"
479,breaks in linear flow,"('/home/toffer/Repos/flask-tags/flask-2.0.0rc2/src/flask/app.py', 1422, 1422)"
480,breaks in linear flow,"('/home/toffer/Repos/flask-tags/flask-2.0.0rc2/src/flask/app.py', 1452, 1452)"
481,breaks in linear flow,"('/home/toffer/Repos/flask-tags/flask-2.0.0rc2/src/flask/app.py', 1474, 1474)"
482,breaks in linear flow,"('/home/toffer/Repos/flask-tags/flask-2.0.0rc2/src/flask/app.py', 1479, 1479)"
483,breaks in linear flow,"('/home/toffer/Repos/flask-tags/flask-2.0.0rc2/src/flask/app.py', 1498, 1498)"
484,breaks in linear flow,"('/home/toffer/Repos/flask-tags/flask-2.0.0rc2/src/flask/app.py', 1500, 1500)"
485,breaks in linear flow,"('/home/toffer/Repos/flask-tags/flask-2.0.0rc2/src/flask/app.py', 1525, 1525)"
486,breaks in linear flow,"('/home/toffer/Repos/flask-tags/flask-2.0.0rc2/src/flask/app.py', 1526, 1526)"
487,breaks in linear flow,"('/home/toffer/Repos/flask-tags/flask-2.0.0rc2/src/flask/app.py', 1540, 1540)"
488,breaks in linear flow,"('/home/toffer/Repos/flask-tags/flask-2.0.0rc2/src/flask/app.py', 1543, 1543)"
489,breaks in linear flow,"('/home/toffer/Repos/flask-tags/flask-2.0.0rc2/src/flask/app.py', 1545, 1545)"
490,breaks in linear flow,"('/home/toffer/Repos/flask-tags/flask-2.0.0rc2/src/flask/app.py', 1581, 1581)"
491,breaks in linear flow,"('/home/toffer/Repos/flask-tags/flask-2.0.0rc2/src/flask/app.py', 1602, 1602)"
492,breaks in linear flow,"('/home/toffer/Repos/flask-tags/flask-2.0.0rc2/src/flask/app.py', 1608, 1608)"
493,breaks in linear flow,"('/home/toffer/Repos/flask-tags/flask-2.0.0rc2/src/flask/app.py', 1662, 1662)"
494,breaks in linear flow,"('/home/toffer/Repos/flask-tags/flask-2.0.0rc2/src/flask/app.py', 1666, 1666)"
495,breaks in linear flow,"('/home/toffer/Repos/flask-tags/flask-2.0.0rc2/src/flask/app.py', 1670, 1670)"
496,breaks in linear flow,"('/home/toffer/Repos/flask-tags/flask-2.0.0rc2/src/flask/app.py', 1683, 1683)"
497,breaks in linear flow,"('/home/toffer/Repos/flask-tags/flask-2.0.0rc2/src/flask/app.py', 1691, 1691)"
498,breaks in linear flow,"('/home/toffer/Repos/flask-tags/flask-2.0.0rc2/src/flask/app.py', 1692, 1692)"
499,breaks in linear flow,"('/home/toffer/Repos/flask-tags/flask-2.0.0rc2/src/flask/app.py', 1705, 1705)"
500,breaks in linear flow,"('/home/toffer/Repos/flask-tags/flask-2.0.0rc2/src/flask/app.py', 1722, 1722)"
501,breaks in linear flow,"('/home/toffer/Repos/flask-tags/flask-2.0.0rc2/src/flask/app.py', 1723, 1723)"
502,breaks in linear flow,"('/home/toffer/Repos/flask-tags/flask-2.0.0rc2/src/flask/app.py', 1729, 1729)"
503,breaks in linear flow,"('/home/toffer/Repos/flask-tags/flask-2.0.0rc2/src/flask/app.py', 1751, 1751)"
504,breaks in linear flow,"('/home/toffer/Repos/flask-tags/flask-2.0.0rc2/src/flask/app.py', 1755, 1755)"
505,breaks in linear flow,"('/home/toffer/Repos/flask-tags/flask-2.0.0rc2/src/flask/app.py', 1767, 1767)"
506,breaks in linear flow,"('/home/toffer/Repos/flask-tags/flask-2.0.0rc2/src/flask/app.py', 1784, 1784)"
507,breaks in linear flow,"('/home/toffer/Repos/flask-tags/flask-2.0.0rc2/src/flask/app.py', 1787, 1787)"
508,breaks in linear flow,"('/home/toffer/Repos/flask-tags/flask-2.0.0rc2/src/flask/app.py', 1796, 1796)"
509,breaks in linear flow,"('/home/toffer/Repos/flask-tags/flask-2.0.0rc2/src/flask/app.py', 1799, 1799)"
510,breaks in linear flow,"('/home/toffer/Repos/flask-tags/flask-2.0.0rc2/src/flask/app.py', 1803, 1803)"
511,breaks in linear flow,"('/home/toffer/Repos/flask-tags/flask-2.0.0rc2/src/flask/app.py', 1808, 1808)"
512,breaks in linear flow,"('/home/toffer/Repos/flask-tags/flask-2.0.0rc2/src/flask/app.py', 1827, 1827)"
513,breaks in linear flow,"('/home/toffer/Repos/flask-tags/flask-2.0.0rc2/src/flask/app.py', 1828, 1828)"
514,breaks in linear flow,"('/home/toffer/Repos/flask-tags/flask-2.0.0rc2/src/flask/app.py', 1830, 1830)"
515,breaks in linear flow,"('/home/toffer/Repos/flask-tags/flask-2.0.0rc2/src/flask/app.py', 1834, 1834)"
516,breaks in linear flow,"('/home/toffer/Repos/flask-tags/flask-2.0.0rc2/src/flask/app.py', 1835, 1835)"
517,breaks in linear flow,"('/home/toffer/Repos/flask-tags/flask-2.0.0rc2/src/flask/app.py', 1837, 1837)"
518,breaks in linear flow,"('/home/toffer/Repos/flask-tags/flask-2.0.0rc2/src/flask/app.py', 1839, 1839)"
519,breaks in linear flow,"('/home/toffer/Repos/flask-tags/flask-2.0.0rc2/src/flask/app.py', 1859, 1859)"
520,breaks in linear flow,"('/home/toffer/Repos/flask-tags/flask-2.0.0rc2/src/flask/app.py', 1860, 1860)"
521,breaks in linear flow,"('/home/toffer/Repos/flask-tags/flask-2.0.0rc2/src/flask/app.py', 1862, 1862)"
522,breaks in linear flow,"('/home/toffer/Repos/flask-tags/flask-2.0.0rc2/src/flask/app.py', 1864, 1864)"
523,breaks in linear flow,"('/home/toffer/Repos/flask-tags/flask-2.0.0rc2/src/flask/app.py', 1866, 1866)"
524,breaks in linear flow,"('/home/toffer/Repos/flask-tags/flask-2.0.0rc2/src/flask/app.py', 1893, 1893)"
525,breaks in linear flow,"('/home/toffer/Repos/flask-tags/flask-2.0.0rc2/src/flask/app.py', 1898, 1898)"
526,breaks in linear flow,"('/home/toffer/Repos/flask-tags/flask-2.0.0rc2/src/flask/app.py', 1899, 1899)"
527,breaks in linear flow,"('/home/toffer/Repos/flask-tags/flask-2.0.0rc2/src/flask/app.py', 1901, 1901)"
528,breaks in linear flow,"('/home/toffer/Repos/flask-tags/flask-2.0.0rc2/src/flask/app.py', 1922, 1922)"
529,breaks in linear flow,"('/home/toffer/Repos/flask-tags/flask-2.0.0rc2/src/flask/app.py', 1924, 1924)"
530,breaks in linear flow,"('/home/toffer/Repos/flask-tags/flask-2.0.0rc2/src/flask/app.py', 2052, 2052)"
531,breaks in linear flow,"('/home/toffer/Repos/flask-tags/flask-2.0.0rc2/src/flask/app.py', 2055, 2055)"
532,breaks in linear flow,"('/home/toffer/Repos/flask-tags/flask-2.0.0rc2/src/flask/app.py', 2060, 2060)"
533,breaks in linear flow,"('/home/toffer/Repos/flask-tags/flask-2.0.0rc2/src/flask/app.py', 2072, 2072)"
534,breaks in linear flow,"('/home/toffer/Repos/flask-tags/flask-2.0.0rc2/src/flask/cli.py', 24, 24)"
535,breaks in linear flow,"('/home/toffer/Repos/flask-tags/flask-2.0.0rc2/src/flask/cli.py', 29, 29)"
536,breaks in linear flow,"('/home/toffer/Repos/flask-tags/flask-2.0.0rc2/src/flask/cli.py', 44, 44)"
537,breaks in linear flow,"('/home/toffer/Repos/flask-tags/flask-2.0.0rc2/src/flask/cli.py', 47, 47)"
538,breaks in linear flow,"('/home/toffer/Repos/flask-tags/flask-2.0.0rc2/src/flask/cli.py', 53, 53)"
539,breaks in linear flow,"('/home/toffer/Repos/flask-tags/flask-2.0.0rc2/src/flask/cli.py', 63, 63)"
540,breaks in linear flow,"('/home/toffer/Repos/flask-tags/flask-2.0.0rc2/src/flask/cli.py', 66, 66)"
541,breaks in linear flow,"('/home/toffer/Repos/flask-tags/flask-2.0.0rc2/src/flask/cli.py', 70, 70)"
542,breaks in linear flow,"('/home/toffer/Repos/flask-tags/flask-2.0.0rc2/src/flask/cli.py', 72, 72)"
543,breaks in linear flow,"('/home/toffer/Repos/flask-tags/flask-2.0.0rc2/src/flask/cli.py', 73, 73)"
544,breaks in linear flow,"('/home/toffer/Repos/flask-tags/flask-2.0.0rc2/src/flask/cli.py', 98, 98)"
545,breaks in linear flow,"('/home/toffer/Repos/flask-tags/flask-2.0.0rc2/src/flask/cli.py', 106, 106)"
546,breaks in linear flow,"('/home/toffer/Repos/flask-tags/flask-2.0.0rc2/src/flask/cli.py', 133, 133)"
547,breaks in linear flow,"('/home/toffer/Repos/flask-tags/flask-2.0.0rc2/src/flask/cli.py', 134, 134)"
548,breaks in linear flow,"('/home/toffer/Repos/flask-tags/flask-2.0.0rc2/src/flask/cli.py', 158, 158)"
549,breaks in linear flow,"('/home/toffer/Repos/flask-tags/flask-2.0.0rc2/src/flask/cli.py', 163, 163)"
550,breaks in linear flow,"('/home/toffer/Repos/flask-tags/flask-2.0.0rc2/src/flask/cli.py', 168, 168)"
551,breaks in linear flow,"('/home/toffer/Repos/flask-tags/flask-2.0.0rc2/src/flask/cli.py', 179, 179)"
552,breaks in linear flow,"('/home/toffer/Repos/flask-tags/flask-2.0.0rc2/src/flask/cli.py', 192, 192)"
553,breaks in linear flow,"('/home/toffer/Repos/flask-tags/flask-2.0.0rc2/src/flask/cli.py', 199, 199)"
554,breaks in linear flow,"('/home/toffer/Repos/flask-tags/flask-2.0.0rc2/src/flask/cli.py', 202, 202)"
555,breaks in linear flow,"('/home/toffer/Repos/flask-tags/flask-2.0.0rc2/src/flask/cli.py', 203, 203)"
556,breaks in linear flow,"('/home/toffer/Repos/flask-tags/flask-2.0.0rc2/src/flask/cli.py', 214, 214)"
557,breaks in linear flow,"('/home/toffer/Repos/flask-tags/flask-2.0.0rc2/src/flask/cli.py', 230, 230)"
558,breaks in linear flow,"('/home/toffer/Repos/flask-tags/flask-2.0.0rc2/src/flask/cli.py', 233, 233)"
559,breaks in linear flow,"('/home/toffer/Repos/flask-tags/flask-2.0.0rc2/src/flask/cli.py', 239, 239)"
560,breaks in linear flow,"('/home/toffer/Repos/flask-tags/flask-2.0.0rc2/src/flask/cli.py', 243, 243)"
561,breaks in linear flow,"('/home/toffer/Repos/flask-tags/flask-2.0.0rc2/src/flask/cli.py', 244, 244)"
562,breaks in linear flow,"('/home/toffer/Repos/flask-tags/flask-2.0.0rc2/src/flask/cli.py', 246, 246)"
563,breaks in linear flow,"('/home/toffer/Repos/flask-tags/flask-2.0.0rc2/src/flask/cli.py', 257, 257)"
564,breaks in linear flow,"('/home/toffer/Repos/flask-tags/flask-2.0.0rc2/src/flask/cli.py', 260, 260)"
565,breaks in linear flow,"('/home/toffer/Repos/flask-tags/flask-2.0.0rc2/src/flask/cli.py', 272, 272)"
566,breaks in linear flow,"('/home/toffer/Repos/flask-tags/flask-2.0.0rc2/src/flask/cli.py', 279, 279)"
567,breaks in linear flow,"('/home/toffer/Repos/flask-tags/flask-2.0.0rc2/src/flask/cli.py', 317, 317)"
568,breaks in linear flow,"('/home/toffer/Repos/flask-tags/flask-2.0.0rc2/src/flask/cli.py', 320, 320)"
569,breaks in linear flow,"('/home/toffer/Repos/flask-tags/flask-2.0.0rc2/src/flask/cli.py', 331, 331)"
570,breaks in linear flow,"('/home/toffer/Repos/flask-tags/flask-2.0.0rc2/src/flask/cli.py', 340, 340)"
571,breaks in linear flow,"('/home/toffer/Repos/flask-tags/flask-2.0.0rc2/src/flask/cli.py', 352, 352)"
572,breaks in linear flow,"('/home/toffer/Repos/flask-tags/flask-2.0.0rc2/src/flask/cli.py', 356, 356)"
573,breaks in linear flow,"('/home/toffer/Repos/flask-tags/flask-2.0.0rc2/src/flask/cli.py', 391, 391)"
574,breaks in linear flow,"('/home/toffer/Repos/flask-tags/flask-2.0.0rc2/src/flask/cli.py', 394, 394)"
575,breaks in linear flow,"('/home/toffer/Repos/flask-tags/flask-2.0.0rc2/src/flask/cli.py', 397, 397)"
576,breaks in linear flow,"('/home/toffer/Repos/flask-tags/flask-2.0.0rc2/src/flask/cli.py', 404, 404)"
577,breaks in linear flow,"('/home/toffer/Repos/flask-tags/flask-2.0.0rc2/src/flask/cli.py', 408, 408)"
578,breaks in linear flow,"('/home/toffer/Repos/flask-tags/flask-2.0.0rc2/src/flask/cli.py', 409, 409)"
579,breaks in linear flow,"('/home/toffer/Repos/flask-tags/flask-2.0.0rc2/src/flask/cli.py', 411, 411)"
580,breaks in linear flow,"('/home/toffer/Repos/flask-tags/flask-2.0.0rc2/src/flask/cli.py', 418, 418)"
581,breaks in linear flow,"('/home/toffer/Repos/flask-tags/flask-2.0.0rc2/src/flask/cli.py', 461, 461)"
582,breaks in linear flow,"('/home/toffer/Repos/flask-tags/flask-2.0.0rc2/src/flask/cli.py', 510, 510)"
583,breaks in linear flow,"('/home/toffer/Repos/flask-tags/flask-2.0.0rc2/src/flask/cli.py', 518, 518)"
584,breaks in linear flow,"('/home/toffer/Repos/flask-tags/flask-2.0.0rc2/src/flask/cli.py', 526, 526)"
585,breaks in linear flow,"('/home/toffer/Repos/flask-tags/flask-2.0.0rc2/src/flask/cli.py', 530, 530)"
586,breaks in linear flow,"('/home/toffer/Repos/flask-tags/flask-2.0.0rc2/src/flask/cli.py', 534, 534)"
587,breaks in linear flow,"('/home/toffer/Repos/flask-tags/flask-2.0.0rc2/src/flask/cli.py', 544, 544)"
588,breaks in linear flow,"('/home/toffer/Repos/flask-tags/flask-2.0.0rc2/src/flask/cli.py', 553, 553)"
589,breaks in linear flow,"('/home/toffer/Repos/flask-tags/flask-2.0.0rc2/src/flask/cli.py', 566, 566)"
590,breaks in linear flow,"('/home/toffer/Repos/flask-tags/flask-2.0.0rc2/src/flask/cli.py', 570, 570)"
591,breaks in linear flow,"('/home/toffer/Repos/flask-tags/flask-2.0.0rc2/src/flask/cli.py', 584, 584)"
592,breaks in linear flow,"('/home/toffer/Repos/flask-tags/flask-2.0.0rc2/src/flask/cli.py', 589, 589)"
593,breaks in linear flow,"('/home/toffer/Repos/flask-tags/flask-2.0.0rc2/src/flask/cli.py', 628, 628)"
594,breaks in linear flow,"('/home/toffer/Repos/flask-tags/flask-2.0.0rc2/src/flask/cli.py', 629, 629)"
595,breaks in linear flow,"('/home/toffer/Repos/flask-tags/flask-2.0.0rc2/src/flask/cli.py', 641, 641)"
596,breaks in linear flow,"('/home/toffer/Repos/flask-tags/flask-2.0.0rc2/src/flask/cli.py', 642, 642)"
597,breaks in linear flow,"('/home/toffer/Repos/flask-tags/flask-2.0.0rc2/src/flask/cli.py', 649, 649)"
598,breaks in linear flow,"('/home/toffer/Repos/flask-tags/flask-2.0.0rc2/src/flask/cli.py', 652, 652)"
599,breaks in linear flow,"('/home/toffer/Repos/flask-tags/flask-2.0.0rc2/src/flask/cli.py', 653, 653)"
600,breaks in linear flow,"('/home/toffer/Repos/flask-tags/flask-2.0.0rc2/src/flask/cli.py', 655, 655)"
601,breaks in linear flow,"('/home/toffer/Repos/flask-tags/flask-2.0.0rc2/src/flask/cli.py', 667, 667)"
602,breaks in linear flow,"('/home/toffer/Repos/flask-tags/flask-2.0.0rc2/src/flask/cli.py', 670, 670)"
603,breaks in linear flow,"('/home/toffer/Repos/flask-tags/flask-2.0.0rc2/src/flask/cli.py', 673, 673)"
604,breaks in linear flow,"('/home/toffer/Repos/flask-tags/flask-2.0.0rc2/src/flask/cli.py', 680, 680)"
605,breaks in linear flow,"('/home/toffer/Repos/flask-tags/flask-2.0.0rc2/src/flask/cli.py', 688, 688)"
606,breaks in linear flow,"('/home/toffer/Repos/flask-tags/flask-2.0.0rc2/src/flask/cli.py', 704, 704)"
607,breaks in linear flow,"('/home/toffer/Repos/flask-tags/flask-2.0.0rc2/src/flask/cli.py', 713, 713)"
608,breaks in linear flow,"('/home/toffer/Repos/flask-tags/flask-2.0.0rc2/src/flask/cli.py', 716, 716)"
609,breaks in linear flow,"('/home/toffer/Repos/flask-tags/flask-2.0.0rc2/src/flask/cli.py', 719, 719)"
610,breaks in linear flow,"('/home/toffer/Repos/flask-tags/flask-2.0.0rc2/src/flask/cli.py', 730, 730)"
611,breaks in linear flow,"('/home/toffer/Repos/flask-tags/flask-2.0.0rc2/src/flask/cli.py', 744, 744)"
612,breaks in linear flow,"('/home/toffer/Repos/flask-tags/flask-2.0.0rc2/src/flask/cli.py', 745, 745)"
613,breaks in linear flow,"('/home/toffer/Repos/flask-tags/flask-2.0.0rc2/src/flask/cli.py', 750, 750)"
614,breaks in linear flow,"('/home/toffer/Repos/flask-tags/flask-2.0.0rc2/src/flask/cli.py', 755, 755)"
615,breaks in linear flow,"('/home/toffer/Repos/flask-tags/flask-2.0.0rc2/src/flask/cli.py', 761, 761)"
616,breaks in linear flow,"('/home/toffer/Repos/flask-tags/flask-2.0.0rc2/src/flask/cli.py', 838, 838)"
617,breaks in linear flow,"('/home/toffer/Repos/flask-tags/flask-2.0.0rc2/src/flask/cli.py', 841, 841)"
618,breaks in linear flow,"('/home/toffer/Repos/flask-tags/flask-2.0.0rc2/src/flask/cli.py', 885, 885)"
619,breaks in linear flow,"('/home/toffer/Repos/flask-tags/flask-2.0.0rc2/src/flask/cli.py', 896, 896)"
620,breaks in linear flow,"('/home/toffer/Repos/flask-tags/flask-2.0.0rc2/src/flask/cli.py', 900, 900)"
621,breaks in linear flow,"('/home/toffer/Repos/flask-tags/flask-2.0.0rc2/src/flask/cli.py', 929, 929)"
622,breaks in linear flow,"('/home/toffer/Repos/flask-tags/flask-2.0.0rc2/src/flask/cli.py', 935, 935)"
623,breaks in linear flow,"('/home/toffer/Repos/flask-tags/flask-2.0.0rc2/src/flask/cli.py', 957, 957)"
624,breaks in linear flow,"('/home/toffer/Repos/flask-tags/flask-2.0.0rc2/src/flask/cli.py', 982, 982)"
625,breaks in linear flow,"('/home/toffer/Repos/flask-tags/flask-2.0.0rc2/src/flask/cli.py', 993, 993)"
626,breaks in linear flow,"('/home/toffer/Repos/flask-tags/flask-2.0.0rc2/src/flask/wrappers.py', 10, 10)"
627,breaks in linear flow,"('/home/toffer/Repos/flask-tags/flask-2.0.0rc2/src/flask/wrappers.py', 54, 54)"
628,breaks in linear flow,"('/home/toffer/Repos/flask-tags/flask-2.0.0rc2/src/flask/wrappers.py', 66, 66)"
629,breaks in linear flow,"('/home/toffer/Repos/flask-tags/flask-2.0.0rc2/src/flask/wrappers.py', 74, 74)"
630,breaks in linear flow,"('/home/toffer/Repos/flask-tags/flask-2.0.0rc2/src/flask/wrappers.py', 84, 84)"
631,breaks in linear flow,"('/home/toffer/Repos/flask-tags/flask-2.0.0rc2/src/flask/wrappers.py', 95, 95)"
632,breaks in linear flow,"('/home/toffer/Repos/flask-tags/flask-2.0.0rc2/src/flask/wrappers.py', 130, 130)"
633,breaks in linear flow,"('/home/toffer/Repos/flask-tags/flask-2.0.0rc2/src/flask/testing.py', 17, 17)"
634,breaks in linear flow,"('/home/toffer/Repos/flask-tags/flask-2.0.0rc2/src/flask/testing.py', 60, 60)"
635,breaks in linear flow,"('/home/toffer/Repos/flask-tags/flask-2.0.0rc2/src/flask/testing.py', 64, 64)"
636,breaks in linear flow,"('/home/toffer/Repos/flask-tags/flask-2.0.0rc2/src/flask/testing.py', 67, 67)"
637,breaks in linear flow,"('/home/toffer/Repos/flask-tags/flask-2.0.0rc2/src/flask/testing.py', 77, 77)"
638,breaks in linear flow,"('/home/toffer/Repos/flask-tags/flask-2.0.0rc2/src/flask/testing.py', 139, 139)"
639,breaks in linear flow,"('/home/toffer/Repos/flask-tags/flask-2.0.0rc2/src/flask/testing.py', 150, 150)"
640,breaks in linear flow,"('/home/toffer/Repos/flask-tags/flask-2.0.0rc2/src/flask/testing.py', 169, 169)"
641,breaks in linear flow,"('/home/toffer/Repos/flask-tags/flask-2.0.0rc2/src/flask/testing.py', 192, 192)"
642,breaks in linear flow,"('/home/toffer/Repos/flask-tags/flask-2.0.0rc2/src/flask/testing.py', 195, 195)"
643,breaks in linear flow,"('/home/toffer/Repos/flask-tags/flask-2.0.0rc2/src/flask/testing.py', 207, 207)"
644,breaks in linear flow,"('/home/toffer/Repos/flask-tags/flask-2.0.0rc2/src/flask/testing.py', 224, 224)"
645,breaks in linear flow,"('/home/toffer/Repos/flask-tags/flask-2.0.0rc2/src/flask/testing.py', 238, 238)"
646,breaks in linear flow,"('/home/toffer/Repos/flask-tags/flask-2.0.0rc2/src/flask/testing.py', 241, 241)"
647,breaks in linear flow,"('/home/toffer/Repos/flask-tags/flask-2.0.0rc2/src/flask/testing.py', 244, 244)"
648,breaks in linear flow,"('/home/toffer/Repos/flask-tags/flask-2.0.0rc2/src/flask/testing.py', 274, 274)"
649,breaks in linear flow,"('/home/toffer/Repos/flask-tags/flask-2.0.0rc2/src/flask/testing.py', 277, 277)"
650,breaks in linear flow,"('/home/toffer/Repos/flask-tags/flask-2.0.0rc2/src/flask/debughelpers.py', 31, 31)"
651,breaks in linear flow,"('/home/toffer/Repos/flask-tags/flask-2.0.0rc2/src/flask/debughelpers.py', 58, 58)"
652,breaks in linear flow,"('/home/toffer/Repos/flask-tags/flask-2.0.0rc2/src/flask/debughelpers.py', 86, 86)"
653,breaks in linear flow,"('/home/toffer/Repos/flask-tags/flask-2.0.0rc2/src/flask/debughelpers.py', 87, 87)"
654,breaks in linear flow,"('/home/toffer/Repos/flask-tags/flask-2.0.0rc2/src/flask/debughelpers.py', 98, 98)"
655,breaks in linear flow,"('/home/toffer/Repos/flask-tags/flask-2.0.0rc2/src/flask/debughelpers.py', 99, 99)"
656,breaks in linear flow,"('/home/toffer/Repos/flask-tags/flask-2.0.0rc2/src/flask/debughelpers.py', 100, 100)"
657,breaks in linear flow,"('/home/toffer/Repos/flask-tags/flask-2.0.0rc2/src/flask/debughelpers.py', 101, 101)"
658,breaks in linear flow,"('/home/toffer/Repos/flask-tags/flask-2.0.0rc2/src/flask/debughelpers.py', 102, 102)"
659,breaks in linear flow,"('/home/toffer/Repos/flask-tags/flask-2.0.0rc2/src/flask/debughelpers.py', 103, 103)"
660,breaks in linear flow,"('/home/toffer/Repos/flask-tags/flask-2.0.0rc2/src/flask/debughelpers.py', 105, 105)"
661,breaks in linear flow,"('/home/toffer/Repos/flask-tags/flask-2.0.0rc2/src/flask/debughelpers.py', 107, 107)"
662,breaks in linear flow,"('/home/toffer/Repos/flask-tags/flask-2.0.0rc2/src/flask/debughelpers.py', 109, 109)"
663,breaks in linear flow,"('/home/toffer/Repos/flask-tags/flask-2.0.0rc2/src/flask/debughelpers.py', 119, 119)"
664,breaks in linear flow,"('/home/toffer/Repos/flask-tags/flask-2.0.0rc2/src/flask/debughelpers.py', 122, 122)"
665,breaks in linear flow,"('/home/toffer/Repos/flask-tags/flask-2.0.0rc2/src/flask/debughelpers.py', 123, 123)"
666,breaks in linear flow,"('/home/toffer/Repos/flask-tags/flask-2.0.0rc2/src/flask/debughelpers.py', 132, 132)"
667,breaks in linear flow,"('/home/toffer/Repos/flask-tags/flask-2.0.0rc2/src/flask/debughelpers.py', 135, 135)"
668,breaks in linear flow,"('/home/toffer/Repos/flask-tags/flask-2.0.0rc2/src/flask/debughelpers.py', 143, 143)"
669,breaks in linear flow,"('/home/toffer/Repos/flask-tags/flask-2.0.0rc2/src/flask/debughelpers.py', 150, 150)"
670,breaks in linear flow,"('/home/toffer/Repos/flask-tags/flask-2.0.0rc2/src/flask/debughelpers.py', 162, 162)"
671,breaks in linear flow,"('/home/toffer/Repos/flask-tags/flask-2.0.0rc2/src/flask/logging.py', 9, 9)"
672,breaks in linear flow,"('/home/toffer/Repos/flask-tags/flask-2.0.0rc2/src/flask/logging.py', 33, 33)"
673,breaks in linear flow,"('/home/toffer/Repos/flask-tags/flask-2.0.0rc2/src/flask/logging.py', 34, 34)"
674,breaks in linear flow,"('/home/toffer/Repos/flask-tags/flask-2.0.0rc2/src/flask/logging.py', 37, 37)"
675,breaks in linear flow,"('/home/toffer/Repos/flask-tags/flask-2.0.0rc2/src/flask/logging.py', 38, 38)"
676,breaks in linear flow,"('/home/toffer/Repos/flask-tags/flask-2.0.0rc2/src/flask/logging.py', 68, 68)"
677,breaks in linear flow,"('/home/toffer/Repos/flask-tags/flask-2.0.0rc2/src/flask/logging.py', 71, 71)"
678,breaks in linear flow,"('/home/toffer/Repos/flask-tags/flask-2.0.0rc2/src/flask/config.py', 17, 17)"
679,breaks in linear flow,"('/home/toffer/Repos/flask-tags/flask-2.0.0rc2/src/flask/config.py', 20, 20)"
680,breaks in linear flow,"('/home/toffer/Repos/flask-tags/flask-2.0.0rc2/src/flask/config.py', 89, 89)"
681,breaks in linear flow,"('/home/toffer/Repos/flask-tags/flask-2.0.0rc2/src/flask/config.py', 90, 90)"
682,breaks in linear flow,"('/home/toffer/Repos/flask-tags/flask-2.0.0rc2/src/flask/config.py', 120, 120)"
683,breaks in linear flow,"('/home/toffer/Repos/flask-tags/flask-2.0.0rc2/src/flask/config.py', 121, 121)"
684,breaks in linear flow,"('/home/toffer/Repos/flask-tags/flask-2.0.0rc2/src/flask/config.py', 160, 160)"
685,breaks in linear flow,"('/home/toffer/Repos/flask-tags/flask-2.0.0rc2/src/flask/config.py', 162, 162)"
686,breaks in linear flow,"('/home/toffer/Repos/flask-tags/flask-2.0.0rc2/src/flask/config.py', 163, 163)"
687,breaks in linear flow,"('/home/toffer/Repos/flask-tags/flask-2.0.0rc2/src/flask/config.py', 196, 196)"
688,breaks in linear flow,"('/home/toffer/Repos/flask-tags/flask-2.0.0rc2/src/flask/config.py', 197, 197)"
689,breaks in linear flow,"('/home/toffer/Repos/flask-tags/flask-2.0.0rc2/src/flask/config.py', 214, 214)"
690,breaks in linear flow,"('/home/toffer/Repos/flask-tags/flask-2.0.0rc2/src/flask/config.py', 217, 217)"
691,breaks in linear flow,"('/home/toffer/Repos/flask-tags/flask-2.0.0rc2/src/flask/config.py', 218, 218)"
692,breaks in linear flow,"('/home/toffer/Repos/flask-tags/flask-2.0.0rc2/src/flask/config.py', 253, 253)"
693,breaks in linear flow,"('/home/toffer/Repos/flask-tags/flask-2.0.0rc2/src/flask/config.py', 254, 254)"
694,breaks in linear flow,"('/home/toffer/Repos/flask-tags/flask-2.0.0rc2/src/flask/config.py', 255, 255)"
695,breaks in linear flow,"('/home/toffer/Repos/flask-tags/flask-2.0.0rc2/src/flask/config.py', 256, 256)"
696,breaks in linear flow,"('/home/toffer/Repos/flask-tags/flask-2.0.0rc2/src/flask/config.py', 260, 260)"
697,breaks in linear flow,"('/home/toffer/Repos/flask-tags/flask-2.0.0rc2/src/flask/views.py', 85, 85)"
698,breaks in linear flow,"('/home/toffer/Repos/flask-tags/flask-2.0.0rc2/src/flask/views.py', 88, 88)"
699,breaks in linear flow,"('/home/toffer/Repos/flask-tags/flask-2.0.0rc2/src/flask/views.py', 113, 113)"
700,breaks in linear flow,"('/home/toffer/Repos/flask-tags/flask-2.0.0rc2/src/flask/views.py', 116, 116)"
701,breaks in linear flow,"('/home/toffer/Repos/flask-tags/flask-2.0.0rc2/src/flask/views.py', 117, 117)"
702,breaks in linear flow,"('/home/toffer/Repos/flask-tags/flask-2.0.0rc2/src/flask/views.py', 120, 120)"
703,breaks in linear flow,"('/home/toffer/Repos/flask-tags/flask-2.0.0rc2/src/flask/views.py', 121, 121)"
704,breaks in linear flow,"('/home/toffer/Repos/flask-tags/flask-2.0.0rc2/src/flask/views.py', 128, 128)"
705,breaks in linear flow,"('/home/toffer/Repos/flask-tags/flask-2.0.0rc2/src/flask/views.py', 153, 153)"
706,breaks in linear flow,"('/home/toffer/Repos/flask-tags/flask-2.0.0rc2/src/flask/signals.py', 7, 7)"
707,breaks in linear flow,"('/home/toffer/Repos/flask-tags/flask-2.0.0rc2/src/flask/json/tag.py', 250, 250)"
708,breaks in linear flow,"('/home/toffer/Repos/flask-tags/flask-2.0.0rc2/src/flask/json/tag.py', 275, 275)"
709,breaks in linear flow,"('/home/toffer/Repos/flask-tags/flask-2.0.0rc2/src/flask/json/tag.py', 276, 276)"
710,breaks in linear flow,"('/home/toffer/Repos/flask-tags/flask-2.0.0rc2/src/flask/json/tag.py', 281, 281)"
711,breaks in linear flow,"('/home/toffer/Repos/flask-tags/flask-2.0.0rc2/src/flask/json/tag.py', 288, 288)"
712,breaks in linear flow,"('/home/toffer/Repos/flask-tags/flask-2.0.0rc2/src/flask/json/tag.py', 289, 289)"
713,breaks in linear flow,"('/home/toffer/Repos/flask-tags/flask-2.0.0rc2/src/flask/json/tag.py', 296, 296)"
714,breaks in linear flow,"('/home/toffer/Repos/flask-tags/flask-2.0.0rc2/src/flask/json/tag.py', 301, 301)"
715,breaks in linear flow,"('/home/toffer/Repos/flask-tags/flask-2.0.0rc2/src/flask/json/__init__.py', 14, 14)"
716,breaks in linear flow,"('/home/toffer/Repos/flask-tags/flask-2.0.0rc2/src/flask/json/__init__.py', 20, 20)"
717,breaks in linear flow,"('/home/toffer/Repos/flask-tags/flask-2.0.0rc2/src/flask/json/__init__.py', 48, 48)"
718,breaks in linear flow,"('/home/toffer/Repos/flask-tags/flask-2.0.0rc2/src/flask/json/__init__.py', 50, 50)"
719,breaks in linear flow,"('/home/toffer/Repos/flask-tags/flask-2.0.0rc2/src/flask/json/__init__.py', 52, 52)"
720,breaks in linear flow,"('/home/toffer/Repos/flask-tags/flask-2.0.0rc2/src/flask/json/__init__.py', 54, 54)"
721,breaks in linear flow,"('/home/toffer/Repos/flask-tags/flask-2.0.0rc2/src/flask/json/__init__.py', 74, 74)"
722,breaks in linear flow,"('/home/toffer/Repos/flask-tags/flask-2.0.0rc2/src/flask/json/__init__.py', 77, 77)"
723,breaks in linear flow,"('/home/toffer/Repos/flask-tags/flask-2.0.0rc2/src/flask/json/__init__.py', 80, 80)"
724,breaks in linear flow,"('/home/toffer/Repos/flask-tags/flask-2.0.0rc2/src/flask/json/__init__.py', 95, 95)"
725,breaks in linear flow,"('/home/toffer/Repos/flask-tags/flask-2.0.0rc2/src/flask/json/__init__.py', 98, 98)"
726,breaks in linear flow,"('/home/toffer/Repos/flask-tags/flask-2.0.0rc2/src/flask/json/__init__.py', 101, 101)"
727,breaks in linear flow,"('/home/toffer/Repos/flask-tags/flask-2.0.0rc2/src/flask/json/__init__.py', 131, 131)"
728,breaks in linear flow,"('/home/toffer/Repos/flask-tags/flask-2.0.0rc2/src/flask/json/__init__.py', 138, 138)"
729,breaks in linear flow,"('/home/toffer/Repos/flask-tags/flask-2.0.0rc2/src/flask/json/__init__.py', 168, 168)"
730,breaks in linear flow,"('/home/toffer/Repos/flask-tags/flask-2.0.0rc2/src/flask/json/__init__.py', 172, 172)"
731,breaks in linear flow,"('/home/toffer/Repos/flask-tags/flask-2.0.0rc2/src/flask/json/__init__.py', 205, 205)"
732,breaks in linear flow,"('/home/toffer/Repos/flask-tags/flask-2.0.0rc2/src/flask/json/__init__.py', 213, 213)"
733,breaks in linear flow,"('/home/toffer/Repos/flask-tags/flask-2.0.0rc2/src/flask/json/__init__.py', 237, 237)"
734,breaks in linear flow,"('/home/toffer/Repos/flask-tags/flask-2.0.0rc2/src/flask/json/__init__.py', 246, 246)"
735,breaks in linear flow,"('/home/toffer/Repos/flask-tags/flask-2.0.0rc2/src/flask/json/__init__.py', 336, 336)"
736,breaks in linear flow,"('/home/toffer/Repos/flask-tags/flask-2.0.0rc2/src/flask/json/__init__.py', 340, 340)"
737,recursion,"('/home/toffer/Repos/flask-tags/flask-2.0.0rc2/tests/test_basic.py', 588, 588)"
738,recursion,"('/home/toffer/Repos/flask-tags/flask-2.0.0rc2/tests/test_views.py', 38, 38)"
739,recursion,"('/home/toffer/Repos/flask-tags/flask-2.0.0rc2/src/flask/templating.py', 78, 78)"
