,type,file_start_end
0,method length,"('/home/toffer/Repos/flask-tags/flask-0.6/tests/flaskext_test.py', 123, 150)"
1,method length,"('/home/toffer/Repos/flask-tags/flask-0.6/tests/flask_tests.py', 81, 109)"
2,method length,"('/home/toffer/Repos/flask-tags/flask-0.6/tests/flask_tests.py', 249, 276)"
3,method length,"('/home/toffer/Repos/flask-tags/flask-0.6/tests/flask_tests.py', 660, 693)"
4,method length,"('/home/toffer/Repos/flask-tags/flask-0.6/tests/flask_tests.py', 751, 777)"
5,method length,"('/home/toffer/Repos/flask-tags/flask-0.6/tests/flask_tests.py', 821, 854)"
6,method length,"('/home/toffer/Repos/flask-tags/flask-0.6/tests/flask_tests.py', 890, 919)"
7,method length,"('/home/toffer/Repos/flask-tags/flask-0.6/tests/flask_tests.py', 1086, 1124)"
8,method length,"('/home/toffer/Repos/flask-tags/flask-0.6/flask/helpers.py', 70, 100)"
9,method length,"('/home/toffer/Repos/flask-tags/flask-0.6/flask/helpers.py', 103, 142)"
10,method length,"('/home/toffer/Repos/flask-tags/flask-0.6/flask/helpers.py', 145, 178)"
11,method length,"('/home/toffer/Repos/flask-tags/flask-0.6/flask/helpers.py', 252, 358)"
12,method length,"('/home/toffer/Repos/flask-tags/flask-0.6/flask/helpers.py', 361, 394)"
13,method length,"('/home/toffer/Repos/flask-tags/flask-0.6/flask/app.py', 200, 287)"
14,method length,"('/home/toffer/Repos/flask-tags/flask-0.6/flask/app.py', 368, 400)"
15,method length,"('/home/toffer/Repos/flask-tags/flask-0.6/flask/app.py', 461, 516)"
16,method length,"('/home/toffer/Repos/flask-tags/flask-0.6/flask/app.py', 518, 588)"
17,method length,"('/home/toffer/Repos/flask-tags/flask-0.6/flask/app.py', 700, 730)"
18,method length,"('/home/toffer/Repos/flask-tags/flask-0.6/flask/app.py', 784, 821)"
19,method length,"('/home/toffer/Repos/flask-tags/flask-0.6/flask/app.py', 831, 870)"
20,method length,"('/home/toffer/Repos/flask-tags/flask-0.6/flask/config.py', 122, 149)"
21,method length,"('/home/toffer/Repos/flask-tags/flask-0.6/examples/minitwit/minitwit_tests.py', 107, 145)"
22,file length,"('/home/toffer/Repos/flask-tags/flask-0.6/tests/flask_tests.py', -1, -1)"
23,file length,"('/home/toffer/Repos/flask-tags/flask-0.6/flask/helpers.py', -1, -1)"
24,file length,"('/home/toffer/Repos/flask-tags/flask-0.6/flask/app.py', -1, -1)"
25,argument count,"('/home/toffer/Repos/flask-tags/flask-0.6/tests/flaskext_test.py', 123, 123)"
26,argument count,"('/home/toffer/Repos/flask-tags/flask-0.6/flask/module.py', 116, 117)"
27,argument count,"('/home/toffer/Repos/flask-tags/flask-0.6/flask/module.py', 137, 137)"
28,argument count,"('/home/toffer/Repos/flask-tags/flask-0.6/flask/helpers.py', 250, 252)"
29,argument count,"('/home/toffer/Repos/flask-tags/flask-0.6/flask/app.py', 461, 461)"
30,argument count,"('/home/toffer/Repos/flask-tags/flask-0.6/examples/minitwit/minitwit_tests.py', 32, 32)"
31,method count,"('/home/toffer/Repos/flask-tags/flask-0.6/tests/flask_tests.py', 38, 1163)"
32,method count,"('/home/toffer/Repos/flask-tags/flask-0.6/flask/app.py', 200, 873)"
33,Return Statements,"('/home/toffer/Repos/flask-tags/flask-0.6/tests/flask_tests.py', 695, 716)"
34,breaks in linear flow,"('/home/toffer/Repos/flask-tags/flask-0.6/docs/conf.py', 52, 52)"
35,breaks in linear flow,"('/home/toffer/Repos/flask-tags/flask-0.6/docs/conf.py', 60, 60)"
36,breaks in linear flow,"('/home/toffer/Repos/flask-tags/flask-0.6/docs/conf.py', 257, 257)"
37,breaks in linear flow,"('/home/toffer/Repos/flask-tags/flask-0.6/tests/flaskext_test.py', 34, 34)"
38,breaks in linear flow,"('/home/toffer/Repos/flask-tags/flask-0.6/tests/flaskext_test.py', 136, 136)"
39,breaks in linear flow,"('/home/toffer/Repos/flask-tags/flask-0.6/tests/flaskext_test.py', 144, 144)"
40,breaks in linear flow,"('/home/toffer/Repos/flask-tags/flask-0.6/tests/flaskext_test.py', 147, 147)"
41,breaks in linear flow,"('/home/toffer/Repos/flask-tags/flask-0.6/tests/flaskext_test.py', 156, 156)"
42,breaks in linear flow,"('/home/toffer/Repos/flask-tags/flask-0.6/tests/flaskext_test.py', 170, 170)"
43,breaks in linear flow,"('/home/toffer/Repos/flask-tags/flask-0.6/tests/flaskext_test.py', 179, 179)"
44,breaks in linear flow,"('/home/toffer/Repos/flask-tags/flask-0.6/tests/flaskext_test.py', 191, 191)"
45,breaks in linear flow,"('/home/toffer/Repos/flask-tags/flask-0.6/tests/flaskext_test.py', 193, 193)"
46,breaks in linear flow,"('/home/toffer/Repos/flask-tags/flask-0.6/tests/flaskext_test.py', 194, 194)"
47,breaks in linear flow,"('/home/toffer/Repos/flask-tags/flask-0.6/tests/flaskext_test.py', 213, 213)"
48,breaks in linear flow,"('/home/toffer/Repos/flask-tags/flask-0.6/tests/flaskext_test.py', 223, 223)"
49,breaks in linear flow,"('/home/toffer/Repos/flask-tags/flask-0.6/tests/flaskext_test.py', 224, 224)"
50,breaks in linear flow,"('/home/toffer/Repos/flask-tags/flask-0.6/tests/flaskext_test.py', 248, 248)"
51,breaks in linear flow,"('/home/toffer/Repos/flask-tags/flask-0.6/tests/flaskext_test.py', 263, 263)"
52,breaks in linear flow,"('/home/toffer/Repos/flask-tags/flask-0.6/tests/flaskext_test.py', 266, 266)"
53,breaks in linear flow,"('/home/toffer/Repos/flask-tags/flask-0.6/tests/flaskext_test.py', 297, 297)"
54,breaks in linear flow,"('/home/toffer/Repos/flask-tags/flask-0.6/tests/flaskext_test.py', 306, 306)"
55,breaks in linear flow,"('/home/toffer/Repos/flask-tags/flask-0.6/tests/flaskext_test.py', 312, 312)"
56,breaks in linear flow,"('/home/toffer/Repos/flask-tags/flask-0.6/tests/flask_tests.py', 76, 76)"
57,breaks in linear flow,"('/home/toffer/Repos/flask-tags/flask-0.6/tests/flask_tests.py', 106, 106)"
58,breaks in linear flow,"('/home/toffer/Repos/flask-tags/flask-0.6/tests/flask_tests.py', 204, 204)"
59,breaks in linear flow,"('/home/toffer/Repos/flask-tags/flask-0.6/tests/flask_tests.py', 456, 456)"
60,breaks in linear flow,"('/home/toffer/Repos/flask-tags/flask-0.6/tests/flask_tests.py', 475, 475)"
61,breaks in linear flow,"('/home/toffer/Repos/flask-tags/flask-0.6/tests/flask_tests.py', 771, 771)"
62,breaks in linear flow,"('/home/toffer/Repos/flask-tags/flask-0.6/tests/flask_tests.py', 787, 787)"
63,breaks in linear flow,"('/home/toffer/Repos/flask-tags/flask-0.6/tests/flask_tests.py', 793, 793)"
64,breaks in linear flow,"('/home/toffer/Repos/flask-tags/flask-0.6/tests/flask_tests.py', 916, 916)"
65,breaks in linear flow,"('/home/toffer/Repos/flask-tags/flask-0.6/tests/flask_tests.py', 945, 945)"
66,breaks in linear flow,"('/home/toffer/Repos/flask-tags/flask-0.6/tests/flask_tests.py', 949, 949)"
67,breaks in linear flow,"('/home/toffer/Repos/flask-tags/flask-0.6/tests/flask_tests.py', 958, 958)"
68,breaks in linear flow,"('/home/toffer/Repos/flask-tags/flask-0.6/tests/flask_tests.py', 998, 998)"
69,breaks in linear flow,"('/home/toffer/Repos/flask-tags/flask-0.6/tests/flask_tests.py', 1158, 1158)"
70,breaks in linear flow,"('/home/toffer/Repos/flask-tags/flask-0.6/tests/flask_tests.py', 1160, 1160)"
71,breaks in linear flow,"('/home/toffer/Repos/flask-tags/flask-0.6/tests/flask_tests.py', 1167, 1167)"
72,breaks in linear flow,"('/home/toffer/Repos/flask-tags/flask-0.6/flask/templating.py', 43, 43)"
73,breaks in linear flow,"('/home/toffer/Repos/flask-tags/flask-0.6/flask/templating.py', 46, 46)"
74,breaks in linear flow,"('/home/toffer/Repos/flask-tags/flask-0.6/flask/templating.py', 49, 49)"
75,breaks in linear flow,"('/home/toffer/Repos/flask-tags/flask-0.6/flask/templating.py', 56, 56)"
76,breaks in linear flow,"('/home/toffer/Repos/flask-tags/flask-0.6/flask/templating.py', 57, 57)"
77,breaks in linear flow,"('/home/toffer/Repos/flask-tags/flask-0.6/flask/templating.py', 58, 58)"
78,breaks in linear flow,"('/home/toffer/Repos/flask-tags/flask-0.6/flask/module.py', 25, 25)"
79,breaks in linear flow,"('/home/toffer/Repos/flask-tags/flask-0.6/flask/module.py', 28, 28)"
80,breaks in linear flow,"('/home/toffer/Repos/flask-tags/flask-0.6/flask/module.py', 30, 30)"
81,breaks in linear flow,"('/home/toffer/Repos/flask-tags/flask-0.6/flask/module.py', 118, 118)"
82,breaks in linear flow,"('/home/toffer/Repos/flask-tags/flask-0.6/flask/module.py', 148, 148)"
83,breaks in linear flow,"('/home/toffer/Repos/flask-tags/flask-0.6/flask/module.py', 152, 152)"
84,breaks in linear flow,"('/home/toffer/Repos/flask-tags/flask-0.6/flask/__init__.py', 33, 33)"
85,breaks in linear flow,"('/home/toffer/Repos/flask-tags/flask-0.6/flask/ctx.py', 34, 34)"
86,breaks in linear flow,"('/home/toffer/Repos/flask-tags/flask-0.6/flask/ctx.py', 43, 43)"
87,breaks in linear flow,"('/home/toffer/Repos/flask-tags/flask-0.6/flask/ctx.py', 64, 64)"
88,breaks in linear flow,"('/home/toffer/Repos/flask-tags/flask-0.6/flask/helpers.py', 25, 25)"
89,breaks in linear flow,"('/home/toffer/Repos/flask-tags/flask-0.6/flask/helpers.py', 28, 28)"
90,breaks in linear flow,"('/home/toffer/Repos/flask-tags/flask-0.6/flask/helpers.py', 32, 32)"
91,breaks in linear flow,"('/home/toffer/Repos/flask-tags/flask-0.6/flask/helpers.py', 46, 46)"
92,breaks in linear flow,"('/home/toffer/Repos/flask-tags/flask-0.6/flask/helpers.py', 51, 51)"
93,breaks in linear flow,"('/home/toffer/Repos/flask-tags/flask-0.6/flask/helpers.py', 54, 54)"
94,breaks in linear flow,"('/home/toffer/Repos/flask-tags/flask-0.6/flask/helpers.py', 97, 97)"
95,breaks in linear flow,"('/home/toffer/Repos/flask-tags/flask-0.6/flask/helpers.py', 138, 138)"
96,breaks in linear flow,"('/home/toffer/Repos/flask-tags/flask-0.6/flask/helpers.py', 140, 140)"
97,breaks in linear flow,"('/home/toffer/Repos/flask-tags/flask-0.6/flask/helpers.py', 171, 171)"
98,breaks in linear flow,"('/home/toffer/Repos/flask-tags/flask-0.6/flask/helpers.py', 173, 173)"
99,breaks in linear flow,"('/home/toffer/Repos/flask-tags/flask-0.6/flask/helpers.py', 243, 243)"
100,breaks in linear flow,"('/home/toffer/Repos/flask-tags/flask-0.6/flask/helpers.py', 245, 245)"
101,breaks in linear flow,"('/home/toffer/Repos/flask-tags/flask-0.6/flask/helpers.py', 294, 294)"
102,breaks in linear flow,"('/home/toffer/Repos/flask-tags/flask-0.6/flask/helpers.py', 300, 300)"
103,breaks in linear flow,"('/home/toffer/Repos/flask-tags/flask-0.6/flask/helpers.py', 301, 301)"
104,breaks in linear flow,"('/home/toffer/Repos/flask-tags/flask-0.6/flask/helpers.py', 303, 303)"
105,breaks in linear flow,"('/home/toffer/Repos/flask-tags/flask-0.6/flask/helpers.py', 305, 305)"
106,breaks in linear flow,"('/home/toffer/Repos/flask-tags/flask-0.6/flask/helpers.py', 309, 309)"
107,breaks in linear flow,"('/home/toffer/Repos/flask-tags/flask-0.6/flask/helpers.py', 310, 310)"
108,breaks in linear flow,"('/home/toffer/Repos/flask-tags/flask-0.6/flask/helpers.py', 311, 311)"
109,breaks in linear flow,"('/home/toffer/Repos/flask-tags/flask-0.6/flask/helpers.py', 318, 318)"
110,breaks in linear flow,"('/home/toffer/Repos/flask-tags/flask-0.6/flask/helpers.py', 319, 319)"
111,breaks in linear flow,"('/home/toffer/Repos/flask-tags/flask-0.6/flask/helpers.py', 324, 324)"
112,breaks in linear flow,"('/home/toffer/Repos/flask-tags/flask-0.6/flask/helpers.py', 338, 338)"
113,breaks in linear flow,"('/home/toffer/Repos/flask-tags/flask-0.6/flask/helpers.py', 342, 342)"
114,breaks in linear flow,"('/home/toffer/Repos/flask-tags/flask-0.6/flask/helpers.py', 346, 346)"
115,breaks in linear flow,"('/home/toffer/Repos/flask-tags/flask-0.6/flask/helpers.py', 352, 352)"
116,breaks in linear flow,"('/home/toffer/Repos/flask-tags/flask-0.6/flask/helpers.py', 356, 356)"
117,breaks in linear flow,"('/home/toffer/Repos/flask-tags/flask-0.6/flask/helpers.py', 389, 389)"
118,breaks in linear flow,"('/home/toffer/Repos/flask-tags/flask-0.6/flask/helpers.py', 392, 392)"
119,breaks in linear flow,"('/home/toffer/Repos/flask-tags/flask-0.6/flask/helpers.py', 401, 401)"
120,breaks in linear flow,"('/home/toffer/Repos/flask-tags/flask-0.6/flask/app.py', 202, 202)"
121,breaks in linear flow,"('/home/toffer/Repos/flask-tags/flask-0.6/flask/app.py', 302, 302)"
122,breaks in linear flow,"('/home/toffer/Repos/flask-tags/flask-0.6/flask/app.py', 305, 305)"
123,breaks in linear flow,"('/home/toffer/Repos/flask-tags/flask-0.6/flask/app.py', 318, 318)"
124,breaks in linear flow,"('/home/toffer/Repos/flask-tags/flask-0.6/flask/app.py', 341, 341)"
125,breaks in linear flow,"('/home/toffer/Repos/flask-tags/flask-0.6/flask/app.py', 358, 358)"
126,breaks in linear flow,"('/home/toffer/Repos/flask-tags/flask-0.6/flask/app.py', 361, 361)"
127,breaks in linear flow,"('/home/toffer/Repos/flask-tags/flask-0.6/flask/app.py', 396, 396)"
128,breaks in linear flow,"('/home/toffer/Repos/flask-tags/flask-0.6/flask/app.py', 428, 428)"
129,breaks in linear flow,"('/home/toffer/Repos/flask-tags/flask-0.6/flask/app.py', 442, 442)"
130,breaks in linear flow,"('/home/toffer/Repos/flask-tags/flask-0.6/flask/app.py', 444, 444)"
131,breaks in linear flow,"('/home/toffer/Repos/flask-tags/flask-0.6/flask/app.py', 458, 458)"
132,breaks in linear flow,"('/home/toffer/Repos/flask-tags/flask-0.6/flask/app.py', 504, 504)"
133,breaks in linear flow,"('/home/toffer/Repos/flask-tags/flask-0.6/flask/app.py', 509, 509)"
134,breaks in linear flow,"('/home/toffer/Repos/flask-tags/flask-0.6/flask/app.py', 515, 515)"
135,breaks in linear flow,"('/home/toffer/Repos/flask-tags/flask-0.6/flask/app.py', 653, 653)"
136,breaks in linear flow,"('/home/toffer/Repos/flask-tags/flask-0.6/flask/app.py', 668, 668)"
137,breaks in linear flow,"('/home/toffer/Repos/flask-tags/flask-0.6/flask/app.py', 674, 674)"
138,breaks in linear flow,"('/home/toffer/Repos/flask-tags/flask-0.6/flask/app.py', 686, 686)"
139,breaks in linear flow,"('/home/toffer/Repos/flask-tags/flask-0.6/flask/app.py', 691, 691)"
140,breaks in linear flow,"('/home/toffer/Repos/flask-tags/flask-0.6/flask/app.py', 697, 697)"
141,breaks in linear flow,"('/home/toffer/Repos/flask-tags/flask-0.6/flask/app.py', 722, 722)"
142,breaks in linear flow,"('/home/toffer/Repos/flask-tags/flask-0.6/flask/app.py', 724, 724)"
143,breaks in linear flow,"('/home/toffer/Repos/flask-tags/flask-0.6/flask/app.py', 726, 726)"
144,breaks in linear flow,"('/home/toffer/Repos/flask-tags/flask-0.6/flask/app.py', 728, 728)"
145,breaks in linear flow,"('/home/toffer/Repos/flask-tags/flask-0.6/flask/app.py', 751, 751)"
146,breaks in linear flow,"('/home/toffer/Repos/flask-tags/flask-0.6/flask/app.py', 753, 753)"
147,breaks in linear flow,"('/home/toffer/Repos/flask-tags/flask-0.6/flask/app.py', 755, 755)"
148,breaks in linear flow,"('/home/toffer/Repos/flask-tags/flask-0.6/flask/app.py', 773, 773)"
149,breaks in linear flow,"('/home/toffer/Repos/flask-tags/flask-0.6/flask/app.py', 776, 776)"
150,breaks in linear flow,"('/home/toffer/Repos/flask-tags/flask-0.6/flask/app.py', 778, 778)"
151,breaks in linear flow,"('/home/toffer/Repos/flask-tags/flask-0.6/flask/app.py', 780, 780)"
152,breaks in linear flow,"('/home/toffer/Repos/flask-tags/flask-0.6/flask/app.py', 860, 860)"
153,breaks in linear flow,"('/home/toffer/Repos/flask-tags/flask-0.6/flask/app.py', 863, 863)"
154,breaks in linear flow,"('/home/toffer/Repos/flask-tags/flask-0.6/flask/app.py', 867, 867)"
155,breaks in linear flow,"('/home/toffer/Repos/flask-tags/flask-0.6/flask/wrappers.py', 49, 49)"
156,breaks in linear flow,"('/home/toffer/Repos/flask-tags/flask-0.6/flask/wrappers.py', 59, 59)"
157,breaks in linear flow,"('/home/toffer/Repos/flask-tags/flask-0.6/flask/wrappers.py', 65, 65)"
158,breaks in linear flow,"('/home/toffer/Repos/flask-tags/flask-0.6/flask/wrappers.py', 73, 73)"
159,breaks in linear flow,"('/home/toffer/Repos/flask-tags/flask-0.6/flask/wrappers.py', 75, 75)"
160,breaks in linear flow,"('/home/toffer/Repos/flask-tags/flask-0.6/flask/testing.py', 27, 27)"
161,breaks in linear flow,"('/home/toffer/Repos/flask-tags/flask-0.6/flask/testing.py', 44, 44)"
162,breaks in linear flow,"('/home/toffer/Repos/flask-tags/flask-0.6/flask/config.py', 27, 27)"
163,breaks in linear flow,"('/home/toffer/Repos/flask-tags/flask-0.6/flask/config.py', 96, 96)"
164,breaks in linear flow,"('/home/toffer/Repos/flask-tags/flask-0.6/flask/config.py', 97, 97)"
165,breaks in linear flow,"('/home/toffer/Repos/flask-tags/flask-0.6/flask/config.py', 145, 145)"
166,breaks in linear flow,"('/home/toffer/Repos/flask-tags/flask-0.6/flask/config.py', 147, 147)"
167,breaks in linear flow,"('/home/toffer/Repos/flask-tags/flask-0.6/flask/config.py', 148, 148)"
168,breaks in linear flow,"('/home/toffer/Repos/flask-tags/flask-0.6/flask/signals.py', 16, 16)"
169,breaks in linear flow,"('/home/toffer/Repos/flask-tags/flask-0.6/examples/jqueryexample/jqueryexample.py', 28, 28)"
170,breaks in linear flow,"('/home/toffer/Repos/flask-tags/flask-0.6/examples/flaskr/flaskr.py', 66, 66)"
171,breaks in linear flow,"('/home/toffer/Repos/flask-tags/flask-0.6/examples/flaskr/flaskr.py', 78, 78)"
172,breaks in linear flow,"('/home/toffer/Repos/flask-tags/flask-0.6/examples/flaskr/flaskr.py', 79, 79)"
173,breaks in linear flow,"('/home/toffer/Repos/flask-tags/flask-0.6/examples/flaskr/flaskr.py', 97, 97)"
174,breaks in linear flow,"('/home/toffer/Repos/flask-tags/flask-0.6/examples/flaskr/flaskr_tests.py', 73, 73)"
175,breaks in linear flow,"('/home/toffer/Repos/flask-tags/flask-0.6/examples/minitwit/minitwit.py', 80, 80)"
176,breaks in linear flow,"('/home/toffer/Repos/flask-tags/flask-0.6/examples/minitwit/minitwit.py', 98, 98)"
177,breaks in linear flow,"('/home/toffer/Repos/flask-tags/flask-0.6/examples/minitwit/minitwit.py', 124, 124)"
178,breaks in linear flow,"('/home/toffer/Repos/flask-tags/flask-0.6/examples/minitwit/minitwit.py', 127, 127)"
179,breaks in linear flow,"('/home/toffer/Repos/flask-tags/flask-0.6/examples/minitwit/minitwit.py', 143, 143)"
180,breaks in linear flow,"('/home/toffer/Repos/flask-tags/flask-0.6/examples/minitwit/minitwit.py', 146, 146)"
181,breaks in linear flow,"('/home/toffer/Repos/flask-tags/flask-0.6/examples/minitwit/minitwit.py', 158, 158)"
182,breaks in linear flow,"('/home/toffer/Repos/flask-tags/flask-0.6/examples/minitwit/minitwit.py', 161, 161)"
183,breaks in linear flow,"('/home/toffer/Repos/flask-tags/flask-0.6/examples/minitwit/minitwit.py', 173, 173)"
184,breaks in linear flow,"('/home/toffer/Repos/flask-tags/flask-0.6/examples/minitwit/minitwit.py', 175, 175)"
185,breaks in linear flow,"('/home/toffer/Repos/flask-tags/flask-0.6/examples/minitwit/minitwit.py', 187, 187)"
186,breaks in linear flow,"('/home/toffer/Repos/flask-tags/flask-0.6/examples/minitwit/minitwit.py', 190, 190)"
187,breaks in linear flow,"('/home/toffer/Repos/flask-tags/flask-0.6/examples/minitwit/minitwit.py', 193, 193)"
188,breaks in linear flow,"('/home/toffer/Repos/flask-tags/flask-0.6/examples/minitwit/minitwit.py', 208, 208)"
189,breaks in linear flow,"('/home/toffer/Repos/flask-tags/flask-0.6/examples/minitwit/minitwit.py', 211, 211)"
190,breaks in linear flow,"('/home/toffer/Repos/flask-tags/flask-0.6/examples/minitwit/minitwit.py', 212, 212)"
191,breaks in linear flow,"('/home/toffer/Repos/flask-tags/flask-0.6/examples/minitwit/minitwit.py', 247, 247)"
192,breaks in linear flow,"('/home/toffer/Repos/flask-tags/flask-0.6/examples/minitwit/minitwit_tests.py', 34, 34)"
193,breaks in linear flow,"('/home/toffer/Repos/flask-tags/flask-0.6/examples/minitwit/minitwit_tests.py', 36, 36)"
194,breaks in linear flow,"('/home/toffer/Repos/flask-tags/flask-0.6/examples/minitwit/minitwit_tests.py', 65, 65)"
195,breaks in linear flow,"('/home/toffer/Repos/flask-tags/flask-0.6/examples/minitwit/minitwit_tests.py', 148, 148)"
196,recursion,"('/home/toffer/Repos/flask-tags/flask-0.6/tests/flaskext_test.py', 189, 189)"
197,recursion,"('/home/toffer/Repos/flask-tags/flask-0.6/tests/flaskext_test.py', 251, 251)"
