,type,file_start_end
0,method length,"('/home/toffer/Repos/flask-tags/flask-0.4/flask.py', 177, 210)"
1,method length,"('/home/toffer/Repos/flask-tags/flask-0.4/flask.py', 282, 312)"
2,method length,"('/home/toffer/Repos/flask-tags/flask-0.4/flask.py', 316, 384)"
3,method length,"('/home/toffer/Repos/flask-tags/flask-0.4/flask.py', 740, 767)"
4,method length,"('/home/toffer/Repos/flask-tags/flask-0.4/flask.py', 892, 980)"
5,method length,"('/home/toffer/Repos/flask-tags/flask-0.4/flask.py', 983, 1015)"
6,method length,"('/home/toffer/Repos/flask-tags/flask-0.4/flask.py', 1060, 1096)"
7,method length,"('/home/toffer/Repos/flask-tags/flask-0.4/flask.py', 1136, 1178)"
8,method length,"('/home/toffer/Repos/flask-tags/flask-0.4/flask.py', 1180, 1248)"
9,method length,"('/home/toffer/Repos/flask-tags/flask-0.4/flask.py', 1351, 1381)"
10,method length,"('/home/toffer/Repos/flask-tags/flask-0.4/flask.py', 1421, 1458)"
11,method length,"('/home/toffer/Repos/flask-tags/flask-0.4/flask.py', 1460, 1497)"
12,method length,"('/home/toffer/Repos/flask-tags/flask-0.4/tests/flask_tests.py', 80, 108)"
13,method length,"('/home/toffer/Repos/flask-tags/flask-0.4/tests/flask_tests.py', 225, 252)"
14,method length,"('/home/toffer/Repos/flask-tags/flask-0.4/tests/flask_tests.py', 535, 568)"
15,method length,"('/home/toffer/Repos/flask-tags/flask-0.4/tests/flask_tests.py', 649, 682)"
16,method length,"('/home/toffer/Repos/flask-tags/flask-0.4/tests/flask_tests.py', 718, 747)"
17,method length,"('/home/toffer/Repos/flask-tags/flask-0.4/examples/minitwit/minitwit_tests.py', 107, 145)"
18,file length,"('/home/toffer/Repos/flask-tags/flask-0.4/flask.py', -1, -1)"
19,file length,"('/home/toffer/Repos/flask-tags/flask-0.4/tests/flask_tests.py', -1, -1)"
20,argument count,"('/home/toffer/Repos/flask-tags/flask-0.4/flask.py', 561, 561)"
21,argument count,"('/home/toffer/Repos/flask-tags/flask-0.4/flask.py', 1136, 1136)"
22,argument count,"('/home/toffer/Repos/flask-tags/flask-0.4/examples/minitwit/minitwit_tests.py', 32, 32)"
23,method count,"('/home/toffer/Repos/flask-tags/flask-0.4/flask.py', 70, 1507)"
24,method count,"('/home/toffer/Repos/flask-tags/flask-0.4/tests/flask_tests.py', 37, 853)"
25,Return Statements,"('/home/toffer/Repos/flask-tags/flask-0.4/tests/flask_tests.py', 570, 591)"
26,breaks in linear flow,"('/home/toffer/Repos/flask-tags/flask-0.4/flask.py', 34, 34)"
27,breaks in linear flow,"('/home/toffer/Repos/flask-tags/flask-0.4/flask.py', 37, 37)"
28,breaks in linear flow,"('/home/toffer/Repos/flask-tags/flask-0.4/flask.py', 51, 51)"
29,breaks in linear flow,"('/home/toffer/Repos/flask-tags/flask-0.4/flask.py', 72, 72)"
30,breaks in linear flow,"('/home/toffer/Repos/flask-tags/flask-0.4/flask.py', 80, 80)"
31,breaks in linear flow,"('/home/toffer/Repos/flask-tags/flask-0.4/flask.py', 82, 82)"
32,breaks in linear flow,"('/home/toffer/Repos/flask-tags/flask-0.4/flask.py', 144, 144)"
33,breaks in linear flow,"('/home/toffer/Repos/flask-tags/flask-0.4/flask.py', 152, 152)"
34,breaks in linear flow,"('/home/toffer/Repos/flask-tags/flask-0.4/flask.py', 172, 172)"
35,breaks in linear flow,"('/home/toffer/Repos/flask-tags/flask-0.4/flask.py', 203, 203)"
36,breaks in linear flow,"('/home/toffer/Repos/flask-tags/flask-0.4/flask.py', 205, 205)"
37,breaks in linear flow,"('/home/toffer/Repos/flask-tags/flask-0.4/flask.py', 275, 275)"
38,breaks in linear flow,"('/home/toffer/Repos/flask-tags/flask-0.4/flask.py', 277, 277)"
39,breaks in linear flow,"('/home/toffer/Repos/flask-tags/flask-0.4/flask.py', 309, 309)"
40,breaks in linear flow,"('/home/toffer/Repos/flask-tags/flask-0.4/flask.py', 350, 350)"
41,breaks in linear flow,"('/home/toffer/Repos/flask-tags/flask-0.4/flask.py', 356, 356)"
42,breaks in linear flow,"('/home/toffer/Repos/flask-tags/flask-0.4/flask.py', 358, 358)"
43,breaks in linear flow,"('/home/toffer/Repos/flask-tags/flask-0.4/flask.py', 360, 360)"
44,breaks in linear flow,"('/home/toffer/Repos/flask-tags/flask-0.4/flask.py', 364, 364)"
45,breaks in linear flow,"('/home/toffer/Repos/flask-tags/flask-0.4/flask.py', 365, 365)"
46,breaks in linear flow,"('/home/toffer/Repos/flask-tags/flask-0.4/flask.py', 366, 366)"
47,breaks in linear flow,"('/home/toffer/Repos/flask-tags/flask-0.4/flask.py', 373, 373)"
48,breaks in linear flow,"('/home/toffer/Repos/flask-tags/flask-0.4/flask.py', 374, 374)"
49,breaks in linear flow,"('/home/toffer/Repos/flask-tags/flask-0.4/flask.py', 379, 379)"
50,breaks in linear flow,"('/home/toffer/Repos/flask-tags/flask-0.4/flask.py', 426, 426)"
51,breaks in linear flow,"('/home/toffer/Repos/flask-tags/flask-0.4/flask.py', 434, 434)"
52,breaks in linear flow,"('/home/toffer/Repos/flask-tags/flask-0.4/flask.py', 440, 440)"
53,breaks in linear flow,"('/home/toffer/Repos/flask-tags/flask-0.4/flask.py', 443, 443)"
54,breaks in linear flow,"('/home/toffer/Repos/flask-tags/flask-0.4/flask.py', 482, 482)"
55,breaks in linear flow,"('/home/toffer/Repos/flask-tags/flask-0.4/flask.py', 543, 543)"
56,breaks in linear flow,"('/home/toffer/Repos/flask-tags/flask-0.4/flask.py', 567, 567)"
57,breaks in linear flow,"('/home/toffer/Repos/flask-tags/flask-0.4/flask.py', 645, 645)"
58,breaks in linear flow,"('/home/toffer/Repos/flask-tags/flask-0.4/flask.py', 714, 714)"
59,breaks in linear flow,"('/home/toffer/Repos/flask-tags/flask-0.4/flask.py', 715, 715)"
60,breaks in linear flow,"('/home/toffer/Repos/flask-tags/flask-0.4/flask.py', 763, 763)"
61,breaks in linear flow,"('/home/toffer/Repos/flask-tags/flask-0.4/flask.py', 765, 765)"
62,breaks in linear flow,"('/home/toffer/Repos/flask-tags/flask-0.4/flask.py', 766, 766)"
63,breaks in linear flow,"('/home/toffer/Repos/flask-tags/flask-0.4/flask.py', 960, 960)"
64,breaks in linear flow,"('/home/toffer/Repos/flask-tags/flask-0.4/flask.py', 963, 963)"
65,breaks in linear flow,"('/home/toffer/Repos/flask-tags/flask-0.4/flask.py', 995, 995)"
66,breaks in linear flow,"('/home/toffer/Repos/flask-tags/flask-0.4/flask.py', 998, 998)"
67,breaks in linear flow,"('/home/toffer/Repos/flask-tags/flask-0.4/flask.py', 1023, 1023)"
68,breaks in linear flow,"('/home/toffer/Repos/flask-tags/flask-0.4/flask.py', 1036, 1036)"
69,breaks in linear flow,"('/home/toffer/Repos/flask-tags/flask-0.4/flask.py', 1038, 1038)"
70,breaks in linear flow,"('/home/toffer/Repos/flask-tags/flask-0.4/flask.py', 1054, 1054)"
71,breaks in linear flow,"('/home/toffer/Repos/flask-tags/flask-0.4/flask.py', 1079, 1079)"
72,breaks in linear flow,"('/home/toffer/Repos/flask-tags/flask-0.4/flask.py', 1094, 1094)"
73,breaks in linear flow,"('/home/toffer/Repos/flask-tags/flask-0.4/flask.py', 1106, 1106)"
74,breaks in linear flow,"('/home/toffer/Repos/flask-tags/flask-0.4/flask.py', 1120, 1120)"
75,breaks in linear flow,"('/home/toffer/Repos/flask-tags/flask-0.4/flask.py', 1133, 1133)"
76,breaks in linear flow,"('/home/toffer/Repos/flask-tags/flask-0.4/flask.py', 1170, 1170)"
77,breaks in linear flow,"('/home/toffer/Repos/flask-tags/flask-0.4/flask.py', 1177, 1177)"
78,breaks in linear flow,"('/home/toffer/Repos/flask-tags/flask-0.4/flask.py', 1313, 1313)"
79,breaks in linear flow,"('/home/toffer/Repos/flask-tags/flask-0.4/flask.py', 1327, 1327)"
80,breaks in linear flow,"('/home/toffer/Repos/flask-tags/flask-0.4/flask.py', 1333, 1333)"
81,breaks in linear flow,"('/home/toffer/Repos/flask-tags/flask-0.4/flask.py', 1345, 1345)"
82,breaks in linear flow,"('/home/toffer/Repos/flask-tags/flask-0.4/flask.py', 1348, 1348)"
83,breaks in linear flow,"('/home/toffer/Repos/flask-tags/flask-0.4/flask.py', 1373, 1373)"
84,breaks in linear flow,"('/home/toffer/Repos/flask-tags/flask-0.4/flask.py', 1375, 1375)"
85,breaks in linear flow,"('/home/toffer/Repos/flask-tags/flask-0.4/flask.py', 1377, 1377)"
86,breaks in linear flow,"('/home/toffer/Repos/flask-tags/flask-0.4/flask.py', 1379, 1379)"
87,breaks in linear flow,"('/home/toffer/Repos/flask-tags/flask-0.4/flask.py', 1392, 1392)"
88,breaks in linear flow,"('/home/toffer/Repos/flask-tags/flask-0.4/flask.py', 1394, 1394)"
89,breaks in linear flow,"('/home/toffer/Repos/flask-tags/flask-0.4/flask.py', 1396, 1396)"
90,breaks in linear flow,"('/home/toffer/Repos/flask-tags/flask-0.4/flask.py', 1410, 1410)"
91,breaks in linear flow,"('/home/toffer/Repos/flask-tags/flask-0.4/flask.py', 1413, 1413)"
92,breaks in linear flow,"('/home/toffer/Repos/flask-tags/flask-0.4/flask.py', 1415, 1415)"
93,breaks in linear flow,"('/home/toffer/Repos/flask-tags/flask-0.4/flask.py', 1417, 1417)"
94,breaks in linear flow,"('/home/toffer/Repos/flask-tags/flask-0.4/flask.py', 1449, 1449)"
95,breaks in linear flow,"('/home/toffer/Repos/flask-tags/flask-0.4/flask.py', 1452, 1452)"
96,breaks in linear flow,"('/home/toffer/Repos/flask-tags/flask-0.4/flask.py', 1456, 1456)"
97,breaks in linear flow,"('/home/toffer/Repos/flask-tags/flask-0.4/docs/conf.py', 52, 52)"
98,breaks in linear flow,"('/home/toffer/Repos/flask-tags/flask-0.4/docs/conf.py', 60, 60)"
99,breaks in linear flow,"('/home/toffer/Repos/flask-tags/flask-0.4/tests/flask_tests.py', 75, 75)"
100,breaks in linear flow,"('/home/toffer/Repos/flask-tags/flask-0.4/tests/flask_tests.py', 105, 105)"
101,breaks in linear flow,"('/home/toffer/Repos/flask-tags/flask-0.4/tests/flask_tests.py', 180, 180)"
102,breaks in linear flow,"('/home/toffer/Repos/flask-tags/flask-0.4/tests/flask_tests.py', 390, 390)"
103,breaks in linear flow,"('/home/toffer/Repos/flask-tags/flask-0.4/tests/flask_tests.py', 409, 409)"
104,breaks in linear flow,"('/home/toffer/Repos/flask-tags/flask-0.4/tests/flask_tests.py', 744, 744)"
105,breaks in linear flow,"('/home/toffer/Repos/flask-tags/flask-0.4/tests/flask_tests.py', 773, 773)"
106,breaks in linear flow,"('/home/toffer/Repos/flask-tags/flask-0.4/tests/flask_tests.py', 777, 777)"
107,breaks in linear flow,"('/home/toffer/Repos/flask-tags/flask-0.4/tests/flask_tests.py', 786, 786)"
108,breaks in linear flow,"('/home/toffer/Repos/flask-tags/flask-0.4/tests/flask_tests.py', 826, 826)"
109,breaks in linear flow,"('/home/toffer/Repos/flask-tags/flask-0.4/tests/flask_tests.py', 850, 850)"
110,breaks in linear flow,"('/home/toffer/Repos/flask-tags/flask-0.4/tests/flask_tests.py', 857, 857)"
111,breaks in linear flow,"('/home/toffer/Repos/flask-tags/flask-0.4/examples/jqueryexample/jqueryexample.py', 28, 28)"
112,breaks in linear flow,"('/home/toffer/Repos/flask-tags/flask-0.4/examples/flaskr/flaskr.py', 66, 66)"
113,breaks in linear flow,"('/home/toffer/Repos/flask-tags/flask-0.4/examples/flaskr/flaskr.py', 78, 78)"
114,breaks in linear flow,"('/home/toffer/Repos/flask-tags/flask-0.4/examples/flaskr/flaskr.py', 79, 79)"
115,breaks in linear flow,"('/home/toffer/Repos/flask-tags/flask-0.4/examples/flaskr/flaskr.py', 97, 97)"
116,breaks in linear flow,"('/home/toffer/Repos/flask-tags/flask-0.4/examples/flaskr/flaskr_tests.py', 73, 73)"
117,breaks in linear flow,"('/home/toffer/Repos/flask-tags/flask-0.4/examples/minitwit/minitwit.py', 80, 80)"
118,breaks in linear flow,"('/home/toffer/Repos/flask-tags/flask-0.4/examples/minitwit/minitwit.py', 98, 98)"
119,breaks in linear flow,"('/home/toffer/Repos/flask-tags/flask-0.4/examples/minitwit/minitwit.py', 124, 124)"
120,breaks in linear flow,"('/home/toffer/Repos/flask-tags/flask-0.4/examples/minitwit/minitwit.py', 127, 127)"
121,breaks in linear flow,"('/home/toffer/Repos/flask-tags/flask-0.4/examples/minitwit/minitwit.py', 143, 143)"
122,breaks in linear flow,"('/home/toffer/Repos/flask-tags/flask-0.4/examples/minitwit/minitwit.py', 146, 146)"
123,breaks in linear flow,"('/home/toffer/Repos/flask-tags/flask-0.4/examples/minitwit/minitwit.py', 158, 158)"
124,breaks in linear flow,"('/home/toffer/Repos/flask-tags/flask-0.4/examples/minitwit/minitwit.py', 161, 161)"
125,breaks in linear flow,"('/home/toffer/Repos/flask-tags/flask-0.4/examples/minitwit/minitwit.py', 173, 173)"
126,breaks in linear flow,"('/home/toffer/Repos/flask-tags/flask-0.4/examples/minitwit/minitwit.py', 175, 175)"
127,breaks in linear flow,"('/home/toffer/Repos/flask-tags/flask-0.4/examples/minitwit/minitwit.py', 187, 187)"
128,breaks in linear flow,"('/home/toffer/Repos/flask-tags/flask-0.4/examples/minitwit/minitwit.py', 190, 190)"
129,breaks in linear flow,"('/home/toffer/Repos/flask-tags/flask-0.4/examples/minitwit/minitwit.py', 193, 193)"
130,breaks in linear flow,"('/home/toffer/Repos/flask-tags/flask-0.4/examples/minitwit/minitwit.py', 208, 208)"
131,breaks in linear flow,"('/home/toffer/Repos/flask-tags/flask-0.4/examples/minitwit/minitwit.py', 211, 211)"
132,breaks in linear flow,"('/home/toffer/Repos/flask-tags/flask-0.4/examples/minitwit/minitwit.py', 212, 212)"
133,breaks in linear flow,"('/home/toffer/Repos/flask-tags/flask-0.4/examples/minitwit/minitwit.py', 247, 247)"
134,breaks in linear flow,"('/home/toffer/Repos/flask-tags/flask-0.4/examples/minitwit/minitwit_tests.py', 34, 34)"
135,breaks in linear flow,"('/home/toffer/Repos/flask-tags/flask-0.4/examples/minitwit/minitwit_tests.py', 36, 36)"
136,breaks in linear flow,"('/home/toffer/Repos/flask-tags/flask-0.4/examples/minitwit/minitwit_tests.py', 65, 65)"
137,breaks in linear flow,"('/home/toffer/Repos/flask-tags/flask-0.4/examples/minitwit/minitwit_tests.py', 148, 148)"
