,type,file_start_end
0,method length,"('/home/toffer/Repos/flask-tags/flask-0.10/flask/blueprints.py', 25, 60)"
1,method length,"('/home/toffer/Repos/flask-tags/flask-0.10/flask/ctx.py', 68, 100)"
2,method length,"('/home/toffer/Repos/flask-tags/flask-0.10/flask/ctx.py', 103, 132)"
3,method length,"('/home/toffer/Repos/flask-tags/flask-0.10/flask/ctx.py', 219, 257)"
4,method length,"('/home/toffer/Repos/flask-tags/flask-0.10/flask/ctx.py', 291, 323)"
5,method length,"('/home/toffer/Repos/flask-tags/flask-0.10/flask/ctx.py', 325, 366)"
6,method length,"('/home/toffer/Repos/flask-tags/flask-0.10/flask/helpers.py', 65, 134)"
7,method length,"('/home/toffer/Repos/flask-tags/flask-0.10/flask/helpers.py', 137, 183)"
8,method length,"('/home/toffer/Repos/flask-tags/flask-0.10/flask/helpers.py', 186, 316)"
9,method length,"('/home/toffer/Repos/flask-tags/flask-0.10/flask/helpers.py', 342, 368)"
10,method length,"('/home/toffer/Repos/flask-tags/flask-0.10/flask/helpers.py', 371, 407)"
11,method length,"('/home/toffer/Repos/flask-tags/flask-0.10/flask/helpers.py', 412, 555)"
12,method length,"('/home/toffer/Repos/flask-tags/flask-0.10/flask/helpers.py', 585, 616)"
13,method length,"('/home/toffer/Repos/flask-tags/flask-0.10/flask/helpers.py', 619, 649)"
14,method length,"('/home/toffer/Repos/flask-tags/flask-0.10/flask/helpers.py', 652, 700)"
15,method length,"('/home/toffer/Repos/flask-tags/flask-0.10/flask/app.py', 317, 509)"
16,method length,"('/home/toffer/Repos/flask-tags/flask-0.10/flask/app.py', 722, 777)"
17,method length,"('/home/toffer/Repos/flask-tags/flask-0.10/flask/app.py', 779, 815)"
18,method length,"('/home/toffer/Repos/flask-tags/flask-0.10/flask/app.py', 892, 985)"
19,method length,"('/home/toffer/Repos/flask-tags/flask-0.10/flask/app.py', 987, 1015)"
20,method length,"('/home/toffer/Repos/flask-tags/flask-0.10/flask/app.py', 1034, 1073)"
21,method length,"('/home/toffer/Repos/flask-tags/flask-0.10/flask/app.py', 1223, 1257)"
22,method length,"('/home/toffer/Repos/flask-tags/flask-0.10/flask/app.py', 1260, 1286)"
23,method length,"('/home/toffer/Repos/flask-tags/flask-0.10/flask/app.py', 1352, 1381)"
24,method length,"('/home/toffer/Repos/flask-tags/flask-0.10/flask/app.py', 1383, 1410)"
25,method length,"('/home/toffer/Repos/flask-tags/flask-0.10/flask/app.py', 1532, 1587)"
26,method length,"('/home/toffer/Repos/flask-tags/flask-0.10/flask/app.py', 1745, 1773)"
27,method length,"('/home/toffer/Repos/flask-tags/flask-0.10/flask/app.py', 1787, 1825)"
28,method length,"('/home/toffer/Repos/flask-tags/flask-0.10/flask/wrappers.py', 110, 148)"
29,method length,"('/home/toffer/Repos/flask-tags/flask-0.10/flask/testing.py', 49, 94)"
30,method length,"('/home/toffer/Repos/flask-tags/flask-0.10/flask/exthook.py', 55, 87)"
31,method length,"('/home/toffer/Repos/flask-tags/flask-0.10/flask/logging.py', 17, 45)"
32,method length,"('/home/toffer/Repos/flask-tags/flask-0.10/flask/json.py', 186, 224)"
33,method length,"('/home/toffer/Repos/flask-tags/flask-0.10/flask/config.py', 110, 136)"
34,method length,"('/home/toffer/Repos/flask-tags/flask-0.10/flask/config.py', 138, 165)"
35,method length,"('/home/toffer/Repos/flask-tags/flask-0.10/flask/views.py', 73, 102)"
36,method length,"('/home/toffer/Repos/flask-tags/flask-0.10/flask/testsuite/blueprints.py', 68, 101)"
37,method length,"('/home/toffer/Repos/flask-tags/flask-0.10/flask/testsuite/blueprints.py', 162, 193)"
38,method length,"('/home/toffer/Repos/flask-tags/flask-0.10/flask/testsuite/blueprints.py', 195, 227)"
39,method length,"('/home/toffer/Repos/flask-tags/flask-0.10/flask/testsuite/blueprints.py', 259, 297)"
40,method length,"('/home/toffer/Repos/flask-tags/flask-0.10/flask/testsuite/blueprints.py', 347, 391)"
41,method length,"('/home/toffer/Repos/flask-tags/flask-0.10/flask/testsuite/blueprints.py', 483, 514)"
42,method length,"('/home/toffer/Repos/flask-tags/flask-0.10/flask/testsuite/blueprints.py', 516, 566)"
43,method length,"('/home/toffer/Repos/flask-tags/flask-0.10/flask/testsuite/helpers.py', 108, 136)"
44,method length,"('/home/toffer/Repos/flask-tags/flask-0.10/flask/testsuite/helpers.py', 157, 195)"
45,method length,"('/home/toffer/Repos/flask-tags/flask-0.10/flask/testsuite/helpers.py', 223, 279)"
46,method length,"('/home/toffer/Repos/flask-tags/flask-0.10/flask/testsuite/helpers.py', 281, 309)"
47,method length,"('/home/toffer/Repos/flask-tags/flask-0.10/flask/testsuite/helpers.py', 311, 351)"
48,method length,"('/home/toffer/Repos/flask-tags/flask-0.10/flask/testsuite/helpers.py', 364, 393)"
49,method length,"('/home/toffer/Repos/flask-tags/flask-0.10/flask/testsuite/reqctx.py', 36, 81)"
50,method length,"('/home/toffer/Repos/flask-tags/flask-0.10/flask/testsuite/testing.py', 48, 78)"
51,method length,"('/home/toffer/Repos/flask-tags/flask-0.10/flask/testsuite/testing.py', 137, 165)"
52,method length,"('/home/toffer/Repos/flask-tags/flask-0.10/flask/testsuite/signals.py', 40, 78)"
53,method length,"('/home/toffer/Repos/flask-tags/flask-0.10/flask/testsuite/basic.py', 267, 298)"
54,method length,"('/home/toffer/Repos/flask-tags/flask-0.10/flask/testsuite/basic.py', 317, 343)"
55,method length,"('/home/toffer/Repos/flask-tags/flask-0.10/flask/testsuite/basic.py', 363, 436)"
56,method length,"('/home/toffer/Repos/flask-tags/flask-0.10/flask/testsuite/basic.py', 505, 536)"
57,method length,"('/home/toffer/Repos/flask-tags/flask-0.10/flask/testsuite/basic.py', 538, 566)"
58,method length,"('/home/toffer/Repos/flask-tags/flask-0.10/flask/testsuite/basic.py', 815, 864)"
59,method length,"('/home/toffer/Repos/flask-tags/flask-0.10/flask/testsuite/basic.py', 912, 941)"
60,method length,"('/home/toffer/Repos/flask-tags/flask-0.10/flask/testsuite/basic.py', 1085, 1117)"
61,method length,"('/home/toffer/Repos/flask-tags/flask-0.10/scripts/make-release.py', 119, 147)"
62,method length,"('/home/toffer/Repos/flask-tags/flask-0.10/scripts/flaskext_test.py', 120, 147)"
63,method length,"('/home/toffer/Repos/flask-tags/flask-0.10/scripts/flask-07-upgrade.py', 85, 124)"
64,method length,"('/home/toffer/Repos/flask-tags/flask-0.10/scripts/flask-07-upgrade.py', 128, 169)"
65,method length,"('/home/toffer/Repos/flask-tags/flask-0.10/scripts/flaskext_compat.py', 51, 83)"
66,method length,"('/home/toffer/Repos/flask-tags/flask-0.10/examples/minitwit/minitwit.py', 211, 237)"
67,method length,"('/home/toffer/Repos/flask-tags/flask-0.10/examples/minitwit/minitwit_tests.py', 107, 145)"
68,file length,"('/home/toffer/Repos/flask-tags/flask-0.10/flask/blueprints.py', -1, -1)"
69,file length,"('/home/toffer/Repos/flask-tags/flask-0.10/flask/ctx.py', -1, -1)"
70,file length,"('/home/toffer/Repos/flask-tags/flask-0.10/flask/helpers.py', -1, -1)"
71,file length,"('/home/toffer/Repos/flask-tags/flask-0.10/flask/app.py', -1, -1)"
72,file length,"('/home/toffer/Repos/flask-tags/flask-0.10/flask/testsuite/blueprints.py', -1, -1)"
73,file length,"('/home/toffer/Repos/flask-tags/flask-0.10/flask/testsuite/templating.py', -1, -1)"
74,file length,"('/home/toffer/Repos/flask-tags/flask-0.10/flask/testsuite/helpers.py', -1, -1)"
75,file length,"('/home/toffer/Repos/flask-tags/flask-0.10/flask/testsuite/config.py', -1, -1)"
76,file length,"('/home/toffer/Repos/flask-tags/flask-0.10/flask/testsuite/basic.py', -1, -1)"
77,argument count,"('/home/toffer/Repos/flask-tags/flask-0.10/docs/flaskdocext.py', 8, 8)"
78,argument count,"('/home/toffer/Repos/flask-tags/flask-0.10/flask/blueprints.py', 24, 24)"
79,argument count,"('/home/toffer/Repos/flask-tags/flask-0.10/flask/blueprints.py', 62, 62)"
80,argument count,"('/home/toffer/Repos/flask-tags/flask-0.10/flask/blueprints.py', 92, 94)"
81,argument count,"('/home/toffer/Repos/flask-tags/flask-0.10/flask/blueprints.py', 165, 165)"
82,argument count,"('/home/toffer/Repos/flask-tags/flask-0.10/flask/module.py', 32, 33)"
83,argument count,"('/home/toffer/Repos/flask-tags/flask-0.10/flask/helpers.py', 410, 412)"
84,argument count,"('/home/toffer/Repos/flask-tags/flask-0.10/flask/app.py', 315, 317)"
85,argument count,"('/home/toffer/Repos/flask-tags/flask-0.10/flask/app.py', 722, 722)"
86,argument count,"('/home/toffer/Repos/flask-tags/flask-0.10/flask/app.py', 892, 892)"
87,argument count,"('/home/toffer/Repos/flask-tags/flask-0.10/flask/testing.py', 23, 23)"
88,argument count,"('/home/toffer/Repos/flask-tags/flask-0.10/flask/testsuite/__init__.py', 79, 79)"
89,argument count,"('/home/toffer/Repos/flask-tags/flask-0.10/flask/testsuite/__init__.py', 141, 141)"
90,argument count,"('/home/toffer/Repos/flask-tags/flask-0.10/scripts/flaskext_test.py', 120, 120)"
91,argument count,"('/home/toffer/Repos/flask-tags/flask-0.10/examples/minitwit/minitwit_tests.py', 32, 32)"
92,method count,"('/home/toffer/Repos/flask-tags/flask-0.10/flask/blueprints.py', 24, 399)"
93,method count,"('/home/toffer/Repos/flask-tags/flask-0.10/flask/sessions.py', 23, 323)"
94,method count,"('/home/toffer/Repos/flask-tags/flask-0.10/flask/ctx.py', 27, 393)"
95,method count,"('/home/toffer/Repos/flask-tags/flask-0.10/flask/helpers.py', 56, 848)"
96,method count,"('/home/toffer/Repos/flask-tags/flask-0.10/flask/app.py', 43, 1841)"
97,method count,"('/home/toffer/Repos/flask-tags/flask-0.10/flask/testsuite/blueprints.py', 32, 789)"
98,method count,"('/home/toffer/Repos/flask-tags/flask-0.10/flask/testsuite/templating.py', 19, 301)"
99,method count,"('/home/toffer/Repos/flask-tags/flask-0.10/flask/testsuite/__init__.py', 26, 245)"
100,method count,"('/home/toffer/Repos/flask-tags/flask-0.10/flask/testsuite/helpers.py', 21, 586)"
101,method count,"('/home/toffer/Repos/flask-tags/flask-0.10/flask/testsuite/testing.py', 20, 241)"
102,method count,"('/home/toffer/Repos/flask-tags/flask-0.10/flask/testsuite/config.py', 28, 298)"
103,method count,"('/home/toffer/Repos/flask-tags/flask-0.10/flask/testsuite/views.py', 20, 168)"
104,method count,"('/home/toffer/Repos/flask-tags/flask-0.10/flask/testsuite/basic.py', 28, 1221)"
105,Return Statements,"('/home/toffer/Repos/flask-tags/flask-0.10/flask/sessions.py', 59, 82)"
106,Return Statements,"('/home/toffer/Repos/flask-tags/flask-0.10/flask/sessions.py', 60, 81)"
107,Return Statements,"('/home/toffer/Repos/flask-tags/flask-0.10/flask/sessions.py', 84, 98)"
108,Return Statements,"('/home/toffer/Repos/flask-tags/flask-0.10/flask/sessions.py', 85, 97)"
109,Return Statements,"('/home/toffer/Repos/flask-tags/flask-0.10/flask/testsuite/blueprints.py', 104, 125)"
110,Return Statements,"('/home/toffer/Repos/flask-tags/flask-0.10/flask/testsuite/blueprints.py', 482, 514)"
111,Return Statements,"('/home/toffer/Repos/flask-tags/flask-0.10/flask/testsuite/helpers.py', 108, 136)"
112,Return Statements,"('/home/toffer/Repos/flask-tags/flask-0.10/flask/testsuite/basic.py', 357, 436)"
113,Return Statements,"('/home/toffer/Repos/flask-tags/flask-0.10/scripts/flask-07-upgrade.py', 85, 124)"
114,Return Statements,"('/home/toffer/Repos/flask-tags/flask-0.10/scripts/flask-07-upgrade.py', 127, 169)"
115,nested controlflow,"('/home/toffer/Repos/flask-tags/flask-0.10/setup.py', 69, 73)"
116,nested controlflow,"('/home/toffer/Repos/flask-tags/flask-0.10/flask/templating.py', 96, 103)"
117,nested controlflow,"('/home/toffer/Repos/flask-tags/flask-0.10/flask/helpers.py', 264, 272)"
118,nested controlflow,"('/home/toffer/Repos/flask-tags/flask-0.10/scripts/flask-07-upgrade.py', 75, 80)"
119,nested controlflow,"('/home/toffer/Repos/flask-tags/flask-0.10/scripts/flask-07-upgrade.py', 102, 108)"
120,nested controlflow,"('/home/toffer/Repos/flask-tags/flask-0.10/scripts/flask-07-upgrade.py', 248, 262)"
121,breaks in linear flow,"('/home/toffer/Repos/flask-tags/flask-0.10/setup.py', 62, 62)"
122,breaks in linear flow,"('/home/toffer/Repos/flask-tags/flask-0.10/setup.py', 69, 69)"
123,breaks in linear flow,"('/home/toffer/Repos/flask-tags/flask-0.10/setup.py', 70, 70)"
124,breaks in linear flow,"('/home/toffer/Repos/flask-tags/flask-0.10/setup.py', 71, 71)"
125,breaks in linear flow,"('/home/toffer/Repos/flask-tags/flask-0.10/setup.py', 72, 72)"
126,breaks in linear flow,"('/home/toffer/Repos/flask-tags/flask-0.10/setup.py', 74, 74)"
127,breaks in linear flow,"('/home/toffer/Repos/flask-tags/flask-0.10/docs/flaskdocext.py', 10, 10)"
128,breaks in linear flow,"('/home/toffer/Repos/flask-tags/flask-0.10/docs/conf.py', 54, 54)"
129,breaks in linear flow,"('/home/toffer/Repos/flask-tags/flask-0.10/docs/conf.py', 62, 62)"
130,breaks in linear flow,"('/home/toffer/Repos/flask-tags/flask-0.10/docs/conf.py', 259, 259)"
131,breaks in linear flow,"('/home/toffer/Repos/flask-tags/flask-0.10/flask/blueprints.py', 42, 42)"
132,breaks in linear flow,"('/home/toffer/Repos/flask-tags/flask-0.10/flask/blueprints.py', 50, 50)"
133,breaks in linear flow,"('/home/toffer/Repos/flask-tags/flask-0.10/flask/blueprints.py', 67, 67)"
134,breaks in linear flow,"('/home/toffer/Repos/flask-tags/flask-0.10/flask/blueprints.py', 70, 70)"
135,breaks in linear flow,"('/home/toffer/Repos/flask-tags/flask-0.10/flask/blueprints.py', 73, 73)"
136,breaks in linear flow,"('/home/toffer/Repos/flask-tags/flask-0.10/flask/blueprints.py', 103, 103)"
137,breaks in linear flow,"('/home/toffer/Repos/flask-tags/flask-0.10/flask/blueprints.py', 113, 113)"
138,breaks in linear flow,"('/home/toffer/Repos/flask-tags/flask-0.10/flask/blueprints.py', 127, 127)"
139,breaks in linear flow,"('/home/toffer/Repos/flask-tags/flask-0.10/flask/blueprints.py', 147, 147)"
140,breaks in linear flow,"('/home/toffer/Repos/flask-tags/flask-0.10/flask/blueprints.py', 152, 152)"
141,breaks in linear flow,"('/home/toffer/Repos/flask-tags/flask-0.10/flask/blueprints.py', 169, 169)"
142,breaks in linear flow,"('/home/toffer/Repos/flask-tags/flask-0.10/flask/globals.py', 19, 19)"
143,breaks in linear flow,"('/home/toffer/Repos/flask-tags/flask-0.10/flask/globals.py', 26, 26)"
144,breaks in linear flow,"('/home/toffer/Repos/flask-tags/flask-0.10/flask/globals.py', 33, 33)"
145,breaks in linear flow,"('/home/toffer/Repos/flask-tags/flask-0.10/flask/sessions.py', 61, 61)"
146,breaks in linear flow,"('/home/toffer/Repos/flask-tags/flask-0.10/flask/sessions.py', 76, 76)"
147,breaks in linear flow,"('/home/toffer/Repos/flask-tags/flask-0.10/flask/sessions.py', 86, 86)"
148,breaks in linear flow,"('/home/toffer/Repos/flask-tags/flask-0.10/flask/sessions.py', 89, 89)"
149,breaks in linear flow,"('/home/toffer/Repos/flask-tags/flask-0.10/flask/sessions.py', 197, 197)"
150,breaks in linear flow,"('/home/toffer/Repos/flask-tags/flask-0.10/flask/sessions.py', 199, 199)"
151,breaks in linear flow,"('/home/toffer/Repos/flask-tags/flask-0.10/flask/sessions.py', 206, 206)"
152,breaks in linear flow,"('/home/toffer/Repos/flask-tags/flask-0.10/flask/sessions.py', 212, 212)"
153,breaks in linear flow,"('/home/toffer/Repos/flask-tags/flask-0.10/flask/sessions.py', 214, 214)"
154,breaks in linear flow,"('/home/toffer/Repos/flask-tags/flask-0.10/flask/sessions.py', 247, 247)"
155,breaks in linear flow,"('/home/toffer/Repos/flask-tags/flask-0.10/flask/sessions.py', 286, 286)"
156,breaks in linear flow,"('/home/toffer/Repos/flask-tags/flask-0.10/flask/sessions.py', 298, 298)"
157,breaks in linear flow,"('/home/toffer/Repos/flask-tags/flask-0.10/flask/sessions.py', 301, 301)"
158,breaks in linear flow,"('/home/toffer/Repos/flask-tags/flask-0.10/flask/sessions.py', 307, 307)"
159,breaks in linear flow,"('/home/toffer/Repos/flask-tags/flask-0.10/flask/sessions.py', 313, 313)"
160,breaks in linear flow,"('/home/toffer/Repos/flask-tags/flask-0.10/flask/sessions.py', 314, 314)"
161,breaks in linear flow,"('/home/toffer/Repos/flask-tags/flask-0.10/flask/templating.py', 28, 28)"
162,breaks in linear flow,"('/home/toffer/Repos/flask-tags/flask-0.10/flask/templating.py', 30, 30)"
163,breaks in linear flow,"('/home/toffer/Repos/flask-tags/flask-0.10/flask/templating.py', 43, 43)"
164,breaks in linear flow,"('/home/toffer/Repos/flask-tags/flask-0.10/flask/templating.py', 58, 58)"
165,breaks in linear flow,"('/home/toffer/Repos/flask-tags/flask-0.10/flask/templating.py', 61, 61)"
166,breaks in linear flow,"('/home/toffer/Repos/flask-tags/flask-0.10/flask/templating.py', 68, 68)"
167,breaks in linear flow,"('/home/toffer/Repos/flask-tags/flask-0.10/flask/templating.py', 76, 76)"
168,breaks in linear flow,"('/home/toffer/Repos/flask-tags/flask-0.10/flask/templating.py', 78, 78)"
169,breaks in linear flow,"('/home/toffer/Repos/flask-tags/flask-0.10/flask/templating.py', 80, 80)"
170,breaks in linear flow,"('/home/toffer/Repos/flask-tags/flask-0.10/flask/templating.py', 83, 83)"
171,breaks in linear flow,"('/home/toffer/Repos/flask-tags/flask-0.10/flask/templating.py', 84, 84)"
172,breaks in linear flow,"('/home/toffer/Repos/flask-tags/flask-0.10/flask/templating.py', 85, 85)"
173,breaks in linear flow,"('/home/toffer/Repos/flask-tags/flask-0.10/flask/templating.py', 87, 87)"
174,breaks in linear flow,"('/home/toffer/Repos/flask-tags/flask-0.10/flask/templating.py', 93, 93)"
175,breaks in linear flow,"('/home/toffer/Repos/flask-tags/flask-0.10/flask/templating.py', 96, 96)"
176,breaks in linear flow,"('/home/toffer/Repos/flask-tags/flask-0.10/flask/templating.py', 98, 98)"
177,breaks in linear flow,"('/home/toffer/Repos/flask-tags/flask-0.10/flask/templating.py', 99, 99)"
178,breaks in linear flow,"('/home/toffer/Repos/flask-tags/flask-0.10/flask/templating.py', 101, 101)"
179,breaks in linear flow,"('/home/toffer/Repos/flask-tags/flask-0.10/flask/module.py', 34, 34)"
180,breaks in linear flow,"('/home/toffer/Repos/flask-tags/flask-0.10/flask/module.py', 41, 41)"
181,breaks in linear flow,"('/home/toffer/Repos/flask-tags/flask-0.10/flask/ctx.py', 38, 38)"
182,breaks in linear flow,"('/home/toffer/Repos/flask-tags/flask-0.10/flask/ctx.py', 92, 92)"
183,breaks in linear flow,"('/home/toffer/Repos/flask-tags/flask-0.10/flask/ctx.py', 172, 172)"
184,breaks in linear flow,"('/home/toffer/Repos/flask-tags/flask-0.10/flask/ctx.py', 173, 173)"
185,breaks in linear flow,"('/home/toffer/Repos/flask-tags/flask-0.10/flask/ctx.py', 221, 221)"
186,breaks in linear flow,"('/home/toffer/Repos/flask-tags/flask-0.10/flask/ctx.py', 252, 252)"
187,breaks in linear flow,"('/home/toffer/Repos/flask-tags/flask-0.10/flask/ctx.py', 256, 256)"
188,breaks in linear flow,"('/home/toffer/Repos/flask-tags/flask-0.10/flask/ctx.py', 288, 288)"
189,breaks in linear flow,"('/home/toffer/Repos/flask-tags/flask-0.10/flask/ctx.py', 302, 302)"
190,breaks in linear flow,"('/home/toffer/Repos/flask-tags/flask-0.10/flask/ctx.py', 308, 308)"
191,breaks in linear flow,"('/home/toffer/Repos/flask-tags/flask-0.10/flask/ctx.py', 322, 322)"
192,breaks in linear flow,"('/home/toffer/Repos/flask-tags/flask-0.10/flask/ctx.py', 336, 336)"
193,breaks in linear flow,"('/home/toffer/Repos/flask-tags/flask-0.10/flask/ctx.py', 339, 339)"
194,breaks in linear flow,"('/home/toffer/Repos/flask-tags/flask-0.10/flask/ctx.py', 347, 347)"
195,breaks in linear flow,"('/home/toffer/Repos/flask-tags/flask-0.10/flask/ctx.py', 351, 351)"
196,breaks in linear flow,"('/home/toffer/Repos/flask-tags/flask-0.10/flask/ctx.py', 361, 361)"
197,breaks in linear flow,"('/home/toffer/Repos/flask-tags/flask-0.10/flask/ctx.py', 365, 365)"
198,breaks in linear flow,"('/home/toffer/Repos/flask-tags/flask-0.10/flask/ctx.py', 369, 369)"
199,breaks in linear flow,"('/home/toffer/Repos/flask-tags/flask-0.10/flask/helpers.py', 25, 25)"
200,breaks in linear flow,"('/home/toffer/Repos/flask-tags/flask-0.10/flask/helpers.py', 34, 34)"
201,breaks in linear flow,"('/home/toffer/Repos/flask-tags/flask-0.10/flask/helpers.py', 101, 101)"
202,breaks in linear flow,"('/home/toffer/Repos/flask-tags/flask-0.10/flask/helpers.py', 109, 109)"
203,breaks in linear flow,"('/home/toffer/Repos/flask-tags/flask-0.10/flask/helpers.py', 122, 122)"
204,breaks in linear flow,"('/home/toffer/Repos/flask-tags/flask-0.10/flask/helpers.py', 125, 125)"
205,breaks in linear flow,"('/home/toffer/Repos/flask-tags/flask-0.10/flask/helpers.py', 179, 179)"
206,breaks in linear flow,"('/home/toffer/Repos/flask-tags/flask-0.10/flask/helpers.py', 181, 181)"
207,breaks in linear flow,"('/home/toffer/Repos/flask-tags/flask-0.10/flask/helpers.py', 257, 257)"
208,breaks in linear flow,"('/home/toffer/Repos/flask-tags/flask-0.10/flask/helpers.py', 264, 264)"
209,breaks in linear flow,"('/home/toffer/Repos/flask-tags/flask-0.10/flask/helpers.py', 267, 267)"
210,breaks in linear flow,"('/home/toffer/Repos/flask-tags/flask-0.10/flask/helpers.py', 268, 268)"
211,breaks in linear flow,"('/home/toffer/Repos/flask-tags/flask-0.10/flask/helpers.py', 269, 269)"
212,breaks in linear flow,"('/home/toffer/Repos/flask-tags/flask-0.10/flask/helpers.py', 275, 275)"
213,breaks in linear flow,"('/home/toffer/Repos/flask-tags/flask-0.10/flask/helpers.py', 276, 276)"
214,breaks in linear flow,"('/home/toffer/Repos/flask-tags/flask-0.10/flask/helpers.py', 286, 286)"
215,breaks in linear flow,"('/home/toffer/Repos/flask-tags/flask-0.10/flask/helpers.py', 298, 298)"
216,breaks in linear flow,"('/home/toffer/Repos/flask-tags/flask-0.10/flask/helpers.py', 299, 299)"
217,breaks in linear flow,"('/home/toffer/Repos/flask-tags/flask-0.10/flask/helpers.py', 306, 306)"
218,breaks in linear flow,"('/home/toffer/Repos/flask-tags/flask-0.10/flask/helpers.py', 314, 314)"
219,breaks in linear flow,"('/home/toffer/Repos/flask-tags/flask-0.10/flask/helpers.py', 400, 400)"
220,breaks in linear flow,"('/home/toffer/Repos/flask-tags/flask-0.10/flask/helpers.py', 403, 403)"
221,breaks in linear flow,"('/home/toffer/Repos/flask-tags/flask-0.10/flask/helpers.py', 405, 405)"
222,breaks in linear flow,"('/home/toffer/Repos/flask-tags/flask-0.10/flask/helpers.py', 471, 471)"
223,breaks in linear flow,"('/home/toffer/Repos/flask-tags/flask-0.10/flask/helpers.py', 481, 481)"
224,breaks in linear flow,"('/home/toffer/Repos/flask-tags/flask-0.10/flask/helpers.py', 487, 487)"
225,breaks in linear flow,"('/home/toffer/Repos/flask-tags/flask-0.10/flask/helpers.py', 494, 494)"
226,breaks in linear flow,"('/home/toffer/Repos/flask-tags/flask-0.10/flask/helpers.py', 495, 495)"
227,breaks in linear flow,"('/home/toffer/Repos/flask-tags/flask-0.10/flask/helpers.py', 497, 497)"
228,breaks in linear flow,"('/home/toffer/Repos/flask-tags/flask-0.10/flask/helpers.py', 499, 499)"
229,breaks in linear flow,"('/home/toffer/Repos/flask-tags/flask-0.10/flask/helpers.py', 503, 503)"
230,breaks in linear flow,"('/home/toffer/Repos/flask-tags/flask-0.10/flask/helpers.py', 504, 504)"
231,breaks in linear flow,"('/home/toffer/Repos/flask-tags/flask-0.10/flask/helpers.py', 505, 505)"
232,breaks in linear flow,"('/home/toffer/Repos/flask-tags/flask-0.10/flask/helpers.py', 512, 512)"
233,breaks in linear flow,"('/home/toffer/Repos/flask-tags/flask-0.10/flask/helpers.py', 513, 513)"
234,breaks in linear flow,"('/home/toffer/Repos/flask-tags/flask-0.10/flask/helpers.py', 519, 519)"
235,breaks in linear flow,"('/home/toffer/Repos/flask-tags/flask-0.10/flask/helpers.py', 530, 530)"
236,breaks in linear flow,"('/home/toffer/Repos/flask-tags/flask-0.10/flask/helpers.py', 534, 534)"
237,breaks in linear flow,"('/home/toffer/Repos/flask-tags/flask-0.10/flask/helpers.py', 536, 536)"
238,breaks in linear flow,"('/home/toffer/Repos/flask-tags/flask-0.10/flask/helpers.py', 540, 540)"
239,breaks in linear flow,"('/home/toffer/Repos/flask-tags/flask-0.10/flask/helpers.py', 549, 549)"
240,breaks in linear flow,"('/home/toffer/Repos/flask-tags/flask-0.10/flask/helpers.py', 553, 553)"
241,breaks in linear flow,"('/home/toffer/Repos/flask-tags/flask-0.10/flask/helpers.py', 575, 575)"
242,breaks in linear flow,"('/home/toffer/Repos/flask-tags/flask-0.10/flask/helpers.py', 576, 576)"
243,breaks in linear flow,"('/home/toffer/Repos/flask-tags/flask-0.10/flask/helpers.py', 578, 578)"
244,breaks in linear flow,"('/home/toffer/Repos/flask-tags/flask-0.10/flask/helpers.py', 613, 613)"
245,breaks in linear flow,"('/home/toffer/Repos/flask-tags/flask-0.10/flask/helpers.py', 627, 627)"
246,breaks in linear flow,"('/home/toffer/Repos/flask-tags/flask-0.10/flask/helpers.py', 636, 636)"
247,breaks in linear flow,"('/home/toffer/Repos/flask-tags/flask-0.10/flask/helpers.py', 641, 641)"
248,breaks in linear flow,"('/home/toffer/Repos/flask-tags/flask-0.10/flask/helpers.py', 662, 662)"
249,breaks in linear flow,"('/home/toffer/Repos/flask-tags/flask-0.10/flask/helpers.py', 667, 667)"
250,breaks in linear flow,"('/home/toffer/Repos/flask-tags/flask-0.10/flask/helpers.py', 682, 682)"
251,breaks in linear flow,"('/home/toffer/Repos/flask-tags/flask-0.10/flask/helpers.py', 687, 687)"
252,breaks in linear flow,"('/home/toffer/Repos/flask-tags/flask-0.10/flask/helpers.py', 692, 692)"
253,breaks in linear flow,"('/home/toffer/Repos/flask-tags/flask-0.10/flask/helpers.py', 719, 719)"
254,breaks in linear flow,"('/home/toffer/Repos/flask-tags/flask-0.10/flask/helpers.py', 723, 723)"
255,breaks in linear flow,"('/home/toffer/Repos/flask-tags/flask-0.10/flask/helpers.py', 747, 747)"
256,breaks in linear flow,"('/home/toffer/Repos/flask-tags/flask-0.10/flask/helpers.py', 755, 755)"
257,breaks in linear flow,"('/home/toffer/Repos/flask-tags/flask-0.10/flask/helpers.py', 756, 756)"
258,breaks in linear flow,"('/home/toffer/Repos/flask-tags/flask-0.10/flask/helpers.py', 780, 780)"
259,breaks in linear flow,"('/home/toffer/Repos/flask-tags/flask-0.10/flask/helpers.py', 816, 816)"
260,breaks in linear flow,"('/home/toffer/Repos/flask-tags/flask-0.10/flask/helpers.py', 847, 847)"
261,breaks in linear flow,"('/home/toffer/Repos/flask-tags/flask-0.10/flask/app.py', 44, 44)"
262,breaks in linear flow,"('/home/toffer/Repos/flask-tags/flask-0.10/flask/app.py', 54, 54)"
263,breaks in linear flow,"('/home/toffer/Repos/flask-tags/flask-0.10/flask/app.py', 320, 320)"
264,breaks in linear flow,"('/home/toffer/Repos/flask-tags/flask-0.10/flask/app.py', 326, 326)"
265,breaks in linear flow,"('/home/toffer/Repos/flask-tags/flask-0.10/flask/app.py', 328, 328)"
266,breaks in linear flow,"('/home/toffer/Repos/flask-tags/flask-0.10/flask/app.py', 330, 330)"
267,breaks in linear flow,"('/home/toffer/Repos/flask-tags/flask-0.10/flask/app.py', 506, 506)"
268,breaks in linear flow,"('/home/toffer/Repos/flask-tags/flask-0.10/flask/app.py', 532, 532)"
269,breaks in linear flow,"('/home/toffer/Repos/flask-tags/flask-0.10/flask/app.py', 534, 534)"
270,breaks in linear flow,"('/home/toffer/Repos/flask-tags/flask-0.10/flask/app.py', 547, 547)"
271,breaks in linear flow,"('/home/toffer/Repos/flask-tags/flask-0.10/flask/app.py', 560, 560)"
272,breaks in linear flow,"('/home/toffer/Repos/flask-tags/flask-0.10/flask/app.py', 577, 577)"
273,breaks in linear flow,"('/home/toffer/Repos/flask-tags/flask-0.10/flask/app.py', 580, 580)"
274,breaks in linear flow,"('/home/toffer/Repos/flask-tags/flask-0.10/flask/app.py', 610, 610)"
275,breaks in linear flow,"('/home/toffer/Repos/flask-tags/flask-0.10/flask/app.py', 623, 623)"
276,breaks in linear flow,"('/home/toffer/Repos/flask-tags/flask-0.10/flask/app.py', 648, 648)"
277,breaks in linear flow,"('/home/toffer/Repos/flask-tags/flask-0.10/flask/app.py', 693, 693)"
278,breaks in linear flow,"('/home/toffer/Repos/flask-tags/flask-0.10/flask/app.py', 710, 710)"
279,breaks in linear flow,"('/home/toffer/Repos/flask-tags/flask-0.10/flask/app.py', 712, 712)"
280,breaks in linear flow,"('/home/toffer/Repos/flask-tags/flask-0.10/flask/app.py', 715, 715)"
281,breaks in linear flow,"('/home/toffer/Repos/flask-tags/flask-0.10/flask/app.py', 759, 759)"
282,breaks in linear flow,"('/home/toffer/Repos/flask-tags/flask-0.10/flask/app.py', 761, 761)"
283,breaks in linear flow,"('/home/toffer/Repos/flask-tags/flask-0.10/flask/app.py', 763, 763)"
284,breaks in linear flow,"('/home/toffer/Repos/flask-tags/flask-0.10/flask/app.py', 767, 767)"
285,breaks in linear flow,"('/home/toffer/Repos/flask-tags/flask-0.10/flask/app.py', 813, 813)"
286,breaks in linear flow,"('/home/toffer/Repos/flask-tags/flask-0.10/flask/app.py', 859, 859)"
287,breaks in linear flow,"('/home/toffer/Repos/flask-tags/flask-0.10/flask/app.py', 880, 880)"
288,breaks in linear flow,"('/home/toffer/Repos/flask-tags/flask-0.10/flask/app.py', 941, 941)"
289,breaks in linear flow,"('/home/toffer/Repos/flask-tags/flask-0.10/flask/app.py', 949, 949)"
290,breaks in linear flow,"('/home/toffer/Repos/flask-tags/flask-0.10/flask/app.py', 961, 961)"
291,breaks in linear flow,"('/home/toffer/Repos/flask-tags/flask-0.10/flask/app.py', 962, 962)"
292,breaks in linear flow,"('/home/toffer/Repos/flask-tags/flask-0.10/flask/app.py', 980, 980)"
293,breaks in linear flow,"('/home/toffer/Repos/flask-tags/flask-0.10/flask/app.py', 982, 982)"
294,breaks in linear flow,"('/home/toffer/Repos/flask-tags/flask-0.10/flask/app.py', 1086, 1086)"
295,breaks in linear flow,"('/home/toffer/Repos/flask-tags/flask-0.10/flask/app.py', 1088, 1088)"
296,breaks in linear flow,"('/home/toffer/Repos/flask-tags/flask-0.10/flask/app.py', 1322, 1322)"
297,breaks in linear flow,"('/home/toffer/Repos/flask-tags/flask-0.10/flask/app.py', 1324, 1324)"
298,breaks in linear flow,"('/home/toffer/Repos/flask-tags/flask-0.10/flask/app.py', 1328, 1328)"
299,breaks in linear flow,"('/home/toffer/Repos/flask-tags/flask-0.10/flask/app.py', 1346, 1346)"
300,breaks in linear flow,"('/home/toffer/Repos/flask-tags/flask-0.10/flask/app.py', 1348, 1348)"
301,breaks in linear flow,"('/home/toffer/Repos/flask-tags/flask-0.10/flask/app.py', 1369, 1369)"
302,breaks in linear flow,"('/home/toffer/Repos/flask-tags/flask-0.10/flask/app.py', 1374, 1374)"
303,breaks in linear flow,"('/home/toffer/Repos/flask-tags/flask-0.10/flask/app.py', 1377, 1377)"
304,breaks in linear flow,"('/home/toffer/Repos/flask-tags/flask-0.10/flask/app.py', 1378, 1378)"
305,breaks in linear flow,"('/home/toffer/Repos/flask-tags/flask-0.10/flask/app.py', 1397, 1397)"
306,breaks in linear flow,"('/home/toffer/Repos/flask-tags/flask-0.10/flask/app.py', 1402, 1402)"
307,breaks in linear flow,"('/home/toffer/Repos/flask-tags/flask-0.10/flask/app.py', 1408, 1408)"
308,breaks in linear flow,"('/home/toffer/Repos/flask-tags/flask-0.10/flask/app.py', 1433, 1433)"
309,breaks in linear flow,"('/home/toffer/Repos/flask-tags/flask-0.10/flask/app.py', 1452, 1452)"
310,breaks in linear flow,"('/home/toffer/Repos/flask-tags/flask-0.10/flask/app.py', 1457, 1457)"
311,breaks in linear flow,"('/home/toffer/Repos/flask-tags/flask-0.10/flask/app.py', 1474, 1474)"
312,breaks in linear flow,"('/home/toffer/Repos/flask-tags/flask-0.10/flask/app.py', 1476, 1476)"
313,breaks in linear flow,"('/home/toffer/Repos/flask-tags/flask-0.10/flask/app.py', 1490, 1490)"
314,breaks in linear flow,"('/home/toffer/Repos/flask-tags/flask-0.10/flask/app.py', 1493, 1493)"
315,breaks in linear flow,"('/home/toffer/Repos/flask-tags/flask-0.10/flask/app.py', 1496, 1496)"
316,breaks in linear flow,"('/home/toffer/Repos/flask-tags/flask-0.10/flask/app.py', 1507, 1507)"
317,breaks in linear flow,"('/home/toffer/Repos/flask-tags/flask-0.10/flask/app.py', 1514, 1514)"
318,breaks in linear flow,"('/home/toffer/Repos/flask-tags/flask-0.10/flask/app.py', 1516, 1516)"
319,breaks in linear flow,"('/home/toffer/Repos/flask-tags/flask-0.10/flask/app.py', 1562, 1562)"
320,breaks in linear flow,"('/home/toffer/Repos/flask-tags/flask-0.10/flask/app.py', 1565, 1565)"
321,breaks in linear flow,"('/home/toffer/Repos/flask-tags/flask-0.10/flask/app.py', 1568, 1568)"
322,breaks in linear flow,"('/home/toffer/Repos/flask-tags/flask-0.10/flask/app.py', 1573, 1573)"
323,breaks in linear flow,"('/home/toffer/Repos/flask-tags/flask-0.10/flask/app.py', 1579, 1579)"
324,breaks in linear flow,"('/home/toffer/Repos/flask-tags/flask-0.10/flask/app.py', 1580, 1580)"
325,breaks in linear flow,"('/home/toffer/Repos/flask-tags/flask-0.10/flask/app.py', 1584, 1584)"
326,breaks in linear flow,"('/home/toffer/Repos/flask-tags/flask-0.10/flask/app.py', 1600, 1600)"
327,breaks in linear flow,"('/home/toffer/Repos/flask-tags/flask-0.10/flask/app.py', 1605, 1605)"
328,breaks in linear flow,"('/home/toffer/Repos/flask-tags/flask-0.10/flask/app.py', 1619, 1619)"
329,breaks in linear flow,"('/home/toffer/Repos/flask-tags/flask-0.10/flask/app.py', 1622, 1622)"
330,breaks in linear flow,"('/home/toffer/Repos/flask-tags/flask-0.10/flask/app.py', 1629, 1629)"
331,breaks in linear flow,"('/home/toffer/Repos/flask-tags/flask-0.10/flask/app.py', 1632, 1632)"
332,breaks in linear flow,"('/home/toffer/Repos/flask-tags/flask-0.10/flask/app.py', 1634, 1634)"
333,breaks in linear flow,"('/home/toffer/Repos/flask-tags/flask-0.10/flask/app.py', 1640, 1640)"
334,breaks in linear flow,"('/home/toffer/Repos/flask-tags/flask-0.10/flask/app.py', 1657, 1657)"
335,breaks in linear flow,"('/home/toffer/Repos/flask-tags/flask-0.10/flask/app.py', 1659, 1659)"
336,breaks in linear flow,"('/home/toffer/Repos/flask-tags/flask-0.10/flask/app.py', 1663, 1663)"
337,breaks in linear flow,"('/home/toffer/Repos/flask-tags/flask-0.10/flask/app.py', 1665, 1665)"
338,breaks in linear flow,"('/home/toffer/Repos/flask-tags/flask-0.10/flask/app.py', 1667, 1667)"
339,breaks in linear flow,"('/home/toffer/Repos/flask-tags/flask-0.10/flask/app.py', 1686, 1686)"
340,breaks in linear flow,"('/home/toffer/Repos/flask-tags/flask-0.10/flask/app.py', 1688, 1688)"
341,breaks in linear flow,"('/home/toffer/Repos/flask-tags/flask-0.10/flask/app.py', 1690, 1690)"
342,breaks in linear flow,"('/home/toffer/Repos/flask-tags/flask-0.10/flask/app.py', 1692, 1692)"
343,breaks in linear flow,"('/home/toffer/Repos/flask-tags/flask-0.10/flask/app.py', 1707, 1707)"
344,breaks in linear flow,"('/home/toffer/Repos/flask-tags/flask-0.10/flask/app.py', 1711, 1711)"
345,breaks in linear flow,"('/home/toffer/Repos/flask-tags/flask-0.10/flask/app.py', 1713, 1713)"
346,breaks in linear flow,"('/home/toffer/Repos/flask-tags/flask-0.10/flask/app.py', 1724, 1724)"
347,breaks in linear flow,"('/home/toffer/Repos/flask-tags/flask-0.10/flask/app.py', 1726, 1726)"
348,breaks in linear flow,"('/home/toffer/Repos/flask-tags/flask-0.10/flask/app.py', 1818, 1818)"
349,breaks in linear flow,"('/home/toffer/Repos/flask-tags/flask-0.10/flask/app.py', 1823, 1823)"
350,breaks in linear flow,"('/home/toffer/Repos/flask-tags/flask-0.10/flask/wrappers.py', 25, 25)"
351,breaks in linear flow,"('/home/toffer/Repos/flask-tags/flask-0.10/flask/wrappers.py', 68, 68)"
352,breaks in linear flow,"('/home/toffer/Repos/flask-tags/flask-0.10/flask/wrappers.py', 78, 78)"
353,breaks in linear flow,"('/home/toffer/Repos/flask-tags/flask-0.10/flask/wrappers.py', 91, 91)"
354,breaks in linear flow,"('/home/toffer/Repos/flask-tags/flask-0.10/flask/wrappers.py', 97, 97)"
355,breaks in linear flow,"('/home/toffer/Repos/flask-tags/flask-0.10/flask/wrappers.py', 124, 124)"
356,breaks in linear flow,"('/home/toffer/Repos/flask-tags/flask-0.10/flask/wrappers.py', 127, 127)"
357,breaks in linear flow,"('/home/toffer/Repos/flask-tags/flask-0.10/flask/wrappers.py', 137, 137)"
358,breaks in linear flow,"('/home/toffer/Repos/flask-tags/flask-0.10/flask/wrappers.py', 141, 141)"
359,breaks in linear flow,"('/home/toffer/Repos/flask-tags/flask-0.10/flask/wrappers.py', 142, 142)"
360,breaks in linear flow,"('/home/toffer/Repos/flask-tags/flask-0.10/flask/wrappers.py', 146, 146)"
361,breaks in linear flow,"('/home/toffer/Repos/flask-tags/flask-0.10/flask/wrappers.py', 170, 170)"
362,breaks in linear flow,"('/home/toffer/Repos/flask-tags/flask-0.10/flask/testing.py', 19, 19)"
363,breaks in linear flow,"('/home/toffer/Repos/flask-tags/flask-0.10/flask/testing.py', 27, 27)"
364,breaks in linear flow,"('/home/toffer/Repos/flask-tags/flask-0.10/flask/testing.py', 30, 30)"
365,breaks in linear flow,"('/home/toffer/Repos/flask-tags/flask-0.10/flask/testing.py', 32, 32)"
366,breaks in linear flow,"('/home/toffer/Repos/flask-tags/flask-0.10/flask/testing.py', 64, 64)"
367,breaks in linear flow,"('/home/toffer/Repos/flask-tags/flask-0.10/flask/testing.py', 73, 73)"
368,breaks in linear flow,"('/home/toffer/Repos/flask-tags/flask-0.10/flask/testing.py', 91, 91)"
369,breaks in linear flow,"('/home/toffer/Repos/flask-tags/flask-0.10/flask/testing.py', 111, 111)"
370,breaks in linear flow,"('/home/toffer/Repos/flask-tags/flask-0.10/flask/testing.py', 123, 123)"
371,breaks in linear flow,"('/home/toffer/Repos/flask-tags/flask-0.10/flask/debughelpers.py', 34, 34)"
372,breaks in linear flow,"('/home/toffer/Repos/flask-tags/flask-0.10/flask/debughelpers.py', 57, 57)"
373,breaks in linear flow,"('/home/toffer/Repos/flask-tags/flask-0.10/flask/debughelpers.py', 81, 81)"
374,breaks in linear flow,"('/home/toffer/Repos/flask-tags/flask-0.10/flask/debughelpers.py', 82, 82)"
375,breaks in linear flow,"('/home/toffer/Repos/flask-tags/flask-0.10/flask/exthook.py', 52, 52)"
376,breaks in linear flow,"('/home/toffer/Repos/flask-tags/flask-0.10/flask/exthook.py', 56, 56)"
377,breaks in linear flow,"('/home/toffer/Repos/flask-tags/flask-0.10/flask/exthook.py', 59, 59)"
378,breaks in linear flow,"('/home/toffer/Repos/flask-tags/flask-0.10/flask/exthook.py', 63, 63)"
379,breaks in linear flow,"('/home/toffer/Repos/flask-tags/flask-0.10/flask/exthook.py', 80, 80)"
380,breaks in linear flow,"('/home/toffer/Repos/flask-tags/flask-0.10/flask/exthook.py', 82, 82)"
381,breaks in linear flow,"('/home/toffer/Repos/flask-tags/flask-0.10/flask/exthook.py', 84, 84)"
382,breaks in linear flow,"('/home/toffer/Repos/flask-tags/flask-0.10/flask/exthook.py', 95, 95)"
383,breaks in linear flow,"('/home/toffer/Repos/flask-tags/flask-0.10/flask/exthook.py', 96, 96)"
384,breaks in linear flow,"('/home/toffer/Repos/flask-tags/flask-0.10/flask/exthook.py', 104, 104)"
385,breaks in linear flow,"('/home/toffer/Repos/flask-tags/flask-0.10/flask/exthook.py', 111, 111)"
386,breaks in linear flow,"('/home/toffer/Repos/flask-tags/flask-0.10/flask/logging.py', 28, 28)"
387,breaks in linear flow,"('/home/toffer/Repos/flask-tags/flask-0.10/flask/json.py', 24, 24)"
388,breaks in linear flow,"('/home/toffer/Repos/flask-tags/flask-0.10/flask/json.py', 39, 39)"
389,breaks in linear flow,"('/home/toffer/Repos/flask-tags/flask-0.10/flask/json.py', 47, 47)"
390,breaks in linear flow,"('/home/toffer/Repos/flask-tags/flask-0.10/flask/json.py', 77, 77)"
391,breaks in linear flow,"('/home/toffer/Repos/flask-tags/flask-0.10/flask/json.py', 79, 79)"
392,breaks in linear flow,"('/home/toffer/Repos/flask-tags/flask-0.10/flask/json.py', 81, 81)"
393,breaks in linear flow,"('/home/toffer/Repos/flask-tags/flask-0.10/flask/json.py', 96, 96)"
394,breaks in linear flow,"('/home/toffer/Repos/flask-tags/flask-0.10/flask/json.py', 98, 98)"
395,breaks in linear flow,"('/home/toffer/Repos/flask-tags/flask-0.10/flask/json.py', 108, 108)"
396,breaks in linear flow,"('/home/toffer/Repos/flask-tags/flask-0.10/flask/json.py', 127, 127)"
397,breaks in linear flow,"('/home/toffer/Repos/flask-tags/flask-0.10/flask/json.py', 136, 136)"
398,breaks in linear flow,"('/home/toffer/Repos/flask-tags/flask-0.10/flask/json.py', 147, 147)"
399,breaks in linear flow,"('/home/toffer/Repos/flask-tags/flask-0.10/flask/json.py', 156, 156)"
400,breaks in linear flow,"('/home/toffer/Repos/flask-tags/flask-0.10/flask/json.py', 176, 176)"
401,breaks in linear flow,"('/home/toffer/Repos/flask-tags/flask-0.10/flask/json.py', 219, 219)"
402,breaks in linear flow,"('/home/toffer/Repos/flask-tags/flask-0.10/flask/config.py', 28, 28)"
403,breaks in linear flow,"('/home/toffer/Repos/flask-tags/flask-0.10/flask/config.py', 31, 31)"
404,breaks in linear flow,"('/home/toffer/Repos/flask-tags/flask-0.10/flask/config.py', 100, 100)"
405,breaks in linear flow,"('/home/toffer/Repos/flask-tags/flask-0.10/flask/config.py', 101, 101)"
406,breaks in linear flow,"('/home/toffer/Repos/flask-tags/flask-0.10/flask/config.py', 130, 130)"
407,breaks in linear flow,"('/home/toffer/Repos/flask-tags/flask-0.10/flask/config.py', 131, 131)"
408,breaks in linear flow,"('/home/toffer/Repos/flask-tags/flask-0.10/flask/config.py', 161, 161)"
409,breaks in linear flow,"('/home/toffer/Repos/flask-tags/flask-0.10/flask/config.py', 163, 163)"
410,breaks in linear flow,"('/home/toffer/Repos/flask-tags/flask-0.10/flask/config.py', 164, 164)"
411,breaks in linear flow,"('/home/toffer/Repos/flask-tags/flask-0.10/flask/views.py', 86, 86)"
412,breaks in linear flow,"('/home/toffer/Repos/flask-tags/flask-0.10/flask/views.py', 89, 89)"
413,breaks in linear flow,"('/home/toffer/Repos/flask-tags/flask-0.10/flask/views.py', 109, 109)"
414,breaks in linear flow,"('/home/toffer/Repos/flask-tags/flask-0.10/flask/views.py', 111, 111)"
415,breaks in linear flow,"('/home/toffer/Repos/flask-tags/flask-0.10/flask/views.py', 112, 112)"
416,breaks in linear flow,"('/home/toffer/Repos/flask-tags/flask-0.10/flask/views.py', 118, 118)"
417,breaks in linear flow,"('/home/toffer/Repos/flask-tags/flask-0.10/flask/views.py', 146, 146)"
418,breaks in linear flow,"('/home/toffer/Repos/flask-tags/flask-0.10/flask/signals.py', 16, 16)"
419,breaks in linear flow,"('/home/toffer/Repos/flask-tags/flask-0.10/flask/_compat.py', 19, 19)"
420,breaks in linear flow,"('/home/toffer/Repos/flask-tags/flask-0.10/flask/_compat.py', 31, 31)"
421,breaks in linear flow,"('/home/toffer/Repos/flask-tags/flask-0.10/flask/_compat.py', 70, 70)"
422,breaks in linear flow,"('/home/toffer/Repos/flask-tags/flask-0.10/flask/testsuite/blueprints.py', 187, 187)"
423,breaks in linear flow,"('/home/toffer/Repos/flask-tags/flask-0.10/flask/testsuite/blueprints.py', 203, 203)"
424,breaks in linear flow,"('/home/toffer/Repos/flask-tags/flask-0.10/flask/testsuite/blueprints.py', 209, 209)"
425,breaks in linear flow,"('/home/toffer/Repos/flask-tags/flask-0.10/flask/testsuite/blueprints.py', 222, 222)"
426,breaks in linear flow,"('/home/toffer/Repos/flask-tags/flask-0.10/flask/testsuite/blueprints.py', 368, 368)"
427,breaks in linear flow,"('/home/toffer/Repos/flask-tags/flask-0.10/flask/testsuite/blueprints.py', 385, 385)"
428,breaks in linear flow,"('/home/toffer/Repos/flask-tags/flask-0.10/flask/testsuite/blueprints.py', 407, 407)"
429,breaks in linear flow,"('/home/toffer/Repos/flask-tags/flask-0.10/flask/testsuite/blueprints.py', 527, 527)"
430,breaks in linear flow,"('/home/toffer/Repos/flask-tags/flask-0.10/flask/testsuite/blueprints.py', 536, 536)"
431,breaks in linear flow,"('/home/toffer/Repos/flask-tags/flask-0.10/flask/testsuite/__init__.py', 31, 31)"
432,breaks in linear flow,"('/home/toffer/Repos/flask-tags/flask-0.10/flask/testsuite/__init__.py', 35, 35)"
433,breaks in linear flow,"('/home/toffer/Repos/flask-tags/flask-0.10/flask/testsuite/__init__.py', 39, 39)"
434,breaks in linear flow,"('/home/toffer/Repos/flask-tags/flask-0.10/flask/testsuite/__init__.py', 48, 48)"
435,breaks in linear flow,"('/home/toffer/Repos/flask-tags/flask-0.10/flask/testsuite/__init__.py', 50, 50)"
436,breaks in linear flow,"('/home/toffer/Repos/flask-tags/flask-0.10/flask/testsuite/__init__.py', 57, 57)"
437,breaks in linear flow,"('/home/toffer/Repos/flask-tags/flask-0.10/flask/testsuite/__init__.py', 61, 61)"
438,breaks in linear flow,"('/home/toffer/Repos/flask-tags/flask-0.10/flask/testsuite/__init__.py', 105, 105)"
439,breaks in linear flow,"('/home/toffer/Repos/flask-tags/flask-0.10/flask/testsuite/__init__.py', 120, 120)"
440,breaks in linear flow,"('/home/toffer/Repos/flask-tags/flask-0.10/flask/testsuite/__init__.py', 143, 143)"
441,breaks in linear flow,"('/home/toffer/Repos/flask-tags/flask-0.10/flask/testsuite/__init__.py', 160, 160)"
442,breaks in linear flow,"('/home/toffer/Repos/flask-tags/flask-0.10/flask/testsuite/__init__.py', 179, 179)"
443,breaks in linear flow,"('/home/toffer/Repos/flask-tags/flask-0.10/flask/testsuite/__init__.py', 201, 201)"
444,breaks in linear flow,"('/home/toffer/Repos/flask-tags/flask-0.10/flask/testsuite/__init__.py', 205, 205)"
445,breaks in linear flow,"('/home/toffer/Repos/flask-tags/flask-0.10/flask/testsuite/__init__.py', 206, 206)"
446,breaks in linear flow,"('/home/toffer/Repos/flask-tags/flask-0.10/flask/testsuite/__init__.py', 212, 212)"
447,breaks in linear flow,"('/home/toffer/Repos/flask-tags/flask-0.10/flask/testsuite/__init__.py', 215, 215)"
448,breaks in linear flow,"('/home/toffer/Repos/flask-tags/flask-0.10/flask/testsuite/__init__.py', 218, 218)"
449,breaks in linear flow,"('/home/toffer/Repos/flask-tags/flask-0.10/flask/testsuite/__init__.py', 236, 236)"
450,breaks in linear flow,"('/home/toffer/Repos/flask-tags/flask-0.10/flask/testsuite/__init__.py', 245, 245)"
451,breaks in linear flow,"('/home/toffer/Repos/flask-tags/flask-0.10/flask/testsuite/helpers.py', 26, 26)"
452,breaks in linear flow,"('/home/toffer/Repos/flask-tags/flask-0.10/flask/testsuite/helpers.py', 63, 63)"
453,breaks in linear flow,"('/home/toffer/Repos/flask-tags/flask-0.10/flask/testsuite/helpers.py', 114, 114)"
454,breaks in linear flow,"('/home/toffer/Repos/flask-tags/flask-0.10/flask/testsuite/helpers.py', 122, 122)"
455,breaks in linear flow,"('/home/toffer/Repos/flask-tags/flask-0.10/flask/testsuite/helpers.py', 154, 154)"
456,breaks in linear flow,"('/home/toffer/Repos/flask-tags/flask-0.10/flask/testsuite/helpers.py', 390, 390)"
457,breaks in linear flow,"('/home/toffer/Repos/flask-tags/flask-0.10/flask/testsuite/helpers.py', 426, 426)"
458,breaks in linear flow,"('/home/toffer/Repos/flask-tags/flask-0.10/flask/testsuite/helpers.py', 430, 430)"
459,breaks in linear flow,"('/home/toffer/Repos/flask-tags/flask-0.10/flask/testsuite/helpers.py', 439, 439)"
460,breaks in linear flow,"('/home/toffer/Repos/flask-tags/flask-0.10/flask/testsuite/helpers.py', 480, 480)"
461,breaks in linear flow,"('/home/toffer/Repos/flask-tags/flask-0.10/flask/testsuite/helpers.py', 516, 516)"
462,breaks in linear flow,"('/home/toffer/Repos/flask-tags/flask-0.10/flask/testsuite/helpers.py', 581, 581)"
463,breaks in linear flow,"('/home/toffer/Repos/flask-tags/flask-0.10/flask/testsuite/regression.py', 45, 45)"
464,breaks in linear flow,"('/home/toffer/Repos/flask-tags/flask-0.10/flask/testsuite/regression.py', 48, 48)"
465,breaks in linear flow,"('/home/toffer/Repos/flask-tags/flask-0.10/flask/testsuite/regression.py', 75, 75)"
466,breaks in linear flow,"('/home/toffer/Repos/flask-tags/flask-0.10/flask/testsuite/regression.py', 78, 78)"
467,breaks in linear flow,"('/home/toffer/Repos/flask-tags/flask-0.10/flask/testsuite/regression.py', 113, 113)"
468,breaks in linear flow,"('/home/toffer/Repos/flask-tags/flask-0.10/flask/testsuite/reqctx.py', 16, 16)"
469,breaks in linear flow,"('/home/toffer/Repos/flask-tags/flask-0.10/flask/testsuite/reqctx.py', 59, 59)"
470,breaks in linear flow,"('/home/toffer/Repos/flask-tags/flask-0.10/flask/testsuite/reqctx.py', 69, 69)"
471,breaks in linear flow,"('/home/toffer/Repos/flask-tags/flask-0.10/flask/testsuite/reqctx.py', 78, 78)"
472,breaks in linear flow,"('/home/toffer/Repos/flask-tags/flask-0.10/flask/testsuite/reqctx.py', 122, 122)"
473,breaks in linear flow,"('/home/toffer/Repos/flask-tags/flask-0.10/flask/testsuite/reqctx.py', 177, 177)"
474,breaks in linear flow,"('/home/toffer/Repos/flask-tags/flask-0.10/flask/testsuite/testing.py', 54, 54)"
475,breaks in linear flow,"('/home/toffer/Repos/flask-tags/flask-0.10/flask/testsuite/testing.py', 74, 74)"
476,breaks in linear flow,"('/home/toffer/Repos/flask-tags/flask-0.10/flask/testsuite/testing.py', 108, 108)"
477,breaks in linear flow,"('/home/toffer/Repos/flask-tags/flask-0.10/flask/testsuite/testing.py', 132, 132)"
478,breaks in linear flow,"('/home/toffer/Repos/flask-tags/flask-0.10/flask/testsuite/testing.py', 162, 162)"
479,breaks in linear flow,"('/home/toffer/Repos/flask-tags/flask-0.10/flask/testsuite/testing.py', 211, 211)"
480,breaks in linear flow,"('/home/toffer/Repos/flask-tags/flask-0.10/flask/testsuite/ext.py', 16, 16)"
481,breaks in linear flow,"('/home/toffer/Repos/flask-tags/flask-0.10/flask/testsuite/ext.py', 28, 28)"
482,breaks in linear flow,"('/home/toffer/Repos/flask-tags/flask-0.10/flask/testsuite/ext.py', 29, 29)"
483,breaks in linear flow,"('/home/toffer/Repos/flask-tags/flask-0.10/flask/testsuite/ext.py', 39, 39)"
484,breaks in linear flow,"('/home/toffer/Repos/flask-tags/flask-0.10/flask/testsuite/ext.py', 41, 41)"
485,breaks in linear flow,"('/home/toffer/Repos/flask-tags/flask-0.10/flask/testsuite/ext.py', 48, 48)"
486,breaks in linear flow,"('/home/toffer/Repos/flask-tags/flask-0.10/flask/testsuite/ext.py', 106, 106)"
487,breaks in linear flow,"('/home/toffer/Repos/flask-tags/flask-0.10/flask/testsuite/ext.py', 113, 113)"
488,breaks in linear flow,"('/home/toffer/Repos/flask-tags/flask-0.10/flask/testsuite/ext.py', 116, 116)"
489,breaks in linear flow,"('/home/toffer/Repos/flask-tags/flask-0.10/flask/testsuite/ext.py', 126, 126)"
490,breaks in linear flow,"('/home/toffer/Repos/flask-tags/flask-0.10/flask/testsuite/config.py', 59, 59)"
491,breaks in linear flow,"('/home/toffer/Repos/flask-tags/flask-0.10/flask/testsuite/config.py', 78, 78)"
492,breaks in linear flow,"('/home/toffer/Repos/flask-tags/flask-0.10/flask/testsuite/config.py', 93, 93)"
493,breaks in linear flow,"('/home/toffer/Repos/flask-tags/flask-0.10/flask/testsuite/config.py', 113, 113)"
494,breaks in linear flow,"('/home/toffer/Repos/flask-tags/flask-0.10/flask/testsuite/config.py', 143, 143)"
495,breaks in linear flow,"('/home/toffer/Repos/flask-tags/flask-0.10/flask/testsuite/config.py', 156, 156)"
496,breaks in linear flow,"('/home/toffer/Repos/flask-tags/flask-0.10/flask/testsuite/config.py', 183, 183)"
497,breaks in linear flow,"('/home/toffer/Repos/flask-tags/flask-0.10/flask/testsuite/config.py', 201, 201)"
498,breaks in linear flow,"('/home/toffer/Repos/flask-tags/flask-0.10/flask/testsuite/config.py', 218, 218)"
499,breaks in linear flow,"('/home/toffer/Repos/flask-tags/flask-0.10/flask/testsuite/config.py', 236, 236)"
500,breaks in linear flow,"('/home/toffer/Repos/flask-tags/flask-0.10/flask/testsuite/config.py', 253, 253)"
501,breaks in linear flow,"('/home/toffer/Repos/flask-tags/flask-0.10/flask/testsuite/config.py', 271, 271)"
502,breaks in linear flow,"('/home/toffer/Repos/flask-tags/flask-0.10/flask/testsuite/config.py', 291, 291)"
503,breaks in linear flow,"('/home/toffer/Repos/flask-tags/flask-0.10/flask/testsuite/examples.py', 28, 28)"
504,breaks in linear flow,"('/home/toffer/Repos/flask-tags/flask-0.10/flask/testsuite/examples.py', 34, 34)"
505,breaks in linear flow,"('/home/toffer/Repos/flask-tags/flask-0.10/flask/testsuite/signals.py', 151, 151)"
506,breaks in linear flow,"('/home/toffer/Repos/flask-tags/flask-0.10/flask/testsuite/basic.py', 258, 258)"
507,breaks in linear flow,"('/home/toffer/Repos/flask-tags/flask-0.10/flask/testsuite/basic.py', 517, 517)"
508,breaks in linear flow,"('/home/toffer/Repos/flask-tags/flask-0.10/flask/testsuite/basic.py', 528, 528)"
509,breaks in linear flow,"('/home/toffer/Repos/flask-tags/flask-0.10/flask/testsuite/basic.py', 631, 631)"
510,breaks in linear flow,"('/home/toffer/Repos/flask-tags/flask-0.10/flask/testsuite/basic.py', 647, 647)"
511,breaks in linear flow,"('/home/toffer/Repos/flask-tags/flask-0.10/flask/testsuite/basic.py', 666, 666)"
512,breaks in linear flow,"('/home/toffer/Repos/flask-tags/flask-0.10/flask/testsuite/basic.py', 756, 756)"
513,breaks in linear flow,"('/home/toffer/Repos/flask-tags/flask-0.10/flask/testsuite/basic.py', 760, 760)"
514,breaks in linear flow,"('/home/toffer/Repos/flask-tags/flask-0.10/flask/testsuite/basic.py', 805, 805)"
515,breaks in linear flow,"('/home/toffer/Repos/flask-tags/flask-0.10/flask/testsuite/basic.py', 846, 846)"
516,breaks in linear flow,"('/home/toffer/Repos/flask-tags/flask-0.10/flask/testsuite/basic.py', 857, 857)"
517,breaks in linear flow,"('/home/toffer/Repos/flask-tags/flask-0.10/flask/testsuite/basic.py', 873, 873)"
518,breaks in linear flow,"('/home/toffer/Repos/flask-tags/flask-0.10/flask/testsuite/basic.py', 877, 877)"
519,breaks in linear flow,"('/home/toffer/Repos/flask-tags/flask-0.10/flask/testsuite/basic.py', 888, 888)"
520,breaks in linear flow,"('/home/toffer/Repos/flask-tags/flask-0.10/flask/testsuite/basic.py', 917, 917)"
521,breaks in linear flow,"('/home/toffer/Repos/flask-tags/flask-0.10/flask/testsuite/basic.py', 990, 990)"
522,breaks in linear flow,"('/home/toffer/Repos/flask-tags/flask-0.10/flask/testsuite/basic.py', 1024, 1024)"
523,breaks in linear flow,"('/home/toffer/Repos/flask-tags/flask-0.10/flask/testsuite/basic.py', 1074, 1074)"
524,breaks in linear flow,"('/home/toffer/Repos/flask-tags/flask-0.10/scripts/make-release.py', 25, 25)"
525,breaks in linear flow,"('/home/toffer/Repos/flask-tags/flask-0.10/scripts/make-release.py', 27, 27)"
526,breaks in linear flow,"('/home/toffer/Repos/flask-tags/flask-0.10/scripts/make-release.py', 28, 28)"
527,breaks in linear flow,"('/home/toffer/Repos/flask-tags/flask-0.10/scripts/make-release.py', 31, 31)"
528,breaks in linear flow,"('/home/toffer/Repos/flask-tags/flask-0.10/scripts/make-release.py', 32, 32)"
529,breaks in linear flow,"('/home/toffer/Repos/flask-tags/flask-0.10/scripts/make-release.py', 33, 33)"
530,breaks in linear flow,"('/home/toffer/Repos/flask-tags/flask-0.10/scripts/make-release.py', 35, 35)"
531,breaks in linear flow,"('/home/toffer/Repos/flask-tags/flask-0.10/scripts/make-release.py', 36, 36)"
532,breaks in linear flow,"('/home/toffer/Repos/flask-tags/flask-0.10/scripts/make-release.py', 40, 40)"
533,breaks in linear flow,"('/home/toffer/Repos/flask-tags/flask-0.10/scripts/make-release.py', 41, 41)"
534,breaks in linear flow,"('/home/toffer/Repos/flask-tags/flask-0.10/scripts/make-release.py', 50, 50)"
535,breaks in linear flow,"('/home/toffer/Repos/flask-tags/flask-0.10/scripts/make-release.py', 71, 71)"
536,breaks in linear flow,"('/home/toffer/Repos/flask-tags/flask-0.10/scripts/make-release.py', 123, 123)"
537,breaks in linear flow,"('/home/toffer/Repos/flask-tags/flask-0.10/scripts/make-release.py', 133, 133)"
538,breaks in linear flow,"('/home/toffer/Repos/flask-tags/flask-0.10/scripts/make-release.py', 135, 135)"
539,breaks in linear flow,"('/home/toffer/Repos/flask-tags/flask-0.10/scripts/make-release.py', 138, 138)"
540,breaks in linear flow,"('/home/toffer/Repos/flask-tags/flask-0.10/scripts/make-release.py', 150, 150)"
541,breaks in linear flow,"('/home/toffer/Repos/flask-tags/flask-0.10/scripts/flaskext_test.py', 31, 31)"
542,breaks in linear flow,"('/home/toffer/Repos/flask-tags/flask-0.10/scripts/flaskext_test.py', 133, 133)"
543,breaks in linear flow,"('/home/toffer/Repos/flask-tags/flask-0.10/scripts/flaskext_test.py', 141, 141)"
544,breaks in linear flow,"('/home/toffer/Repos/flask-tags/flask-0.10/scripts/flaskext_test.py', 144, 144)"
545,breaks in linear flow,"('/home/toffer/Repos/flask-tags/flask-0.10/scripts/flaskext_test.py', 153, 153)"
546,breaks in linear flow,"('/home/toffer/Repos/flask-tags/flask-0.10/scripts/flaskext_test.py', 167, 167)"
547,breaks in linear flow,"('/home/toffer/Repos/flask-tags/flask-0.10/scripts/flaskext_test.py', 176, 176)"
548,breaks in linear flow,"('/home/toffer/Repos/flask-tags/flask-0.10/scripts/flaskext_test.py', 188, 188)"
549,breaks in linear flow,"('/home/toffer/Repos/flask-tags/flask-0.10/scripts/flaskext_test.py', 190, 190)"
550,breaks in linear flow,"('/home/toffer/Repos/flask-tags/flask-0.10/scripts/flaskext_test.py', 191, 191)"
551,breaks in linear flow,"('/home/toffer/Repos/flask-tags/flask-0.10/scripts/flaskext_test.py', 211, 211)"
552,breaks in linear flow,"('/home/toffer/Repos/flask-tags/flask-0.10/scripts/flaskext_test.py', 222, 222)"
553,breaks in linear flow,"('/home/toffer/Repos/flask-tags/flask-0.10/scripts/flaskext_test.py', 223, 223)"
554,breaks in linear flow,"('/home/toffer/Repos/flask-tags/flask-0.10/scripts/flaskext_test.py', 259, 259)"
555,breaks in linear flow,"('/home/toffer/Repos/flask-tags/flask-0.10/scripts/flaskext_test.py', 262, 262)"
556,breaks in linear flow,"('/home/toffer/Repos/flask-tags/flask-0.10/scripts/flaskext_test.py', 293, 293)"
557,breaks in linear flow,"('/home/toffer/Repos/flask-tags/flask-0.10/scripts/flaskext_test.py', 302, 302)"
558,breaks in linear flow,"('/home/toffer/Repos/flask-tags/flask-0.10/scripts/flaskext_test.py', 308, 308)"
559,breaks in linear flow,"('/home/toffer/Repos/flask-tags/flask-0.10/scripts/flask-07-upgrade.py', 31, 31)"
560,breaks in linear flow,"('/home/toffer/Repos/flask-tags/flask-0.10/scripts/flask-07-upgrade.py', 58, 58)"
561,breaks in linear flow,"('/home/toffer/Repos/flask-tags/flask-0.10/scripts/flask-07-upgrade.py', 67, 67)"
562,breaks in linear flow,"('/home/toffer/Repos/flask-tags/flask-0.10/scripts/flask-07-upgrade.py', 71, 71)"
563,breaks in linear flow,"('/home/toffer/Repos/flask-tags/flask-0.10/scripts/flask-07-upgrade.py', 75, 75)"
564,breaks in linear flow,"('/home/toffer/Repos/flask-tags/flask-0.10/scripts/flask-07-upgrade.py', 76, 76)"
565,breaks in linear flow,"('/home/toffer/Repos/flask-tags/flask-0.10/scripts/flask-07-upgrade.py', 77, 77)"
566,breaks in linear flow,"('/home/toffer/Repos/flask-tags/flask-0.10/scripts/flask-07-upgrade.py', 79, 79)"
567,breaks in linear flow,"('/home/toffer/Repos/flask-tags/flask-0.10/scripts/flask-07-upgrade.py', 86, 86)"
568,breaks in linear flow,"('/home/toffer/Repos/flask-tags/flask-0.10/scripts/flask-07-upgrade.py', 94, 94)"
569,breaks in linear flow,"('/home/toffer/Repos/flask-tags/flask-0.10/scripts/flask-07-upgrade.py', 96, 96)"
570,breaks in linear flow,"('/home/toffer/Repos/flask-tags/flask-0.10/scripts/flask-07-upgrade.py', 102, 102)"
571,breaks in linear flow,"('/home/toffer/Repos/flask-tags/flask-0.10/scripts/flask-07-upgrade.py', 103, 103)"
572,breaks in linear flow,"('/home/toffer/Repos/flask-tags/flask-0.10/scripts/flask-07-upgrade.py', 104, 104)"
573,breaks in linear flow,"('/home/toffer/Repos/flask-tags/flask-0.10/scripts/flask-07-upgrade.py', 106, 106)"
574,breaks in linear flow,"('/home/toffer/Repos/flask-tags/flask-0.10/scripts/flask-07-upgrade.py', 111, 111)"
575,breaks in linear flow,"('/home/toffer/Repos/flask-tags/flask-0.10/scripts/flask-07-upgrade.py', 113, 113)"
576,breaks in linear flow,"('/home/toffer/Repos/flask-tags/flask-0.10/scripts/flask-07-upgrade.py', 117, 117)"
577,breaks in linear flow,"('/home/toffer/Repos/flask-tags/flask-0.10/scripts/flask-07-upgrade.py', 134, 134)"
578,breaks in linear flow,"('/home/toffer/Repos/flask-tags/flask-0.10/scripts/flask-07-upgrade.py', 138, 138)"
579,breaks in linear flow,"('/home/toffer/Repos/flask-tags/flask-0.10/scripts/flask-07-upgrade.py', 143, 143)"
580,breaks in linear flow,"('/home/toffer/Repos/flask-tags/flask-0.10/scripts/flask-07-upgrade.py', 156, 156)"
581,breaks in linear flow,"('/home/toffer/Repos/flask-tags/flask-0.10/scripts/flask-07-upgrade.py', 158, 158)"
582,breaks in linear flow,"('/home/toffer/Repos/flask-tags/flask-0.10/scripts/flask-07-upgrade.py', 160, 160)"
583,breaks in linear flow,"('/home/toffer/Repos/flask-tags/flask-0.10/scripts/flask-07-upgrade.py', 161, 161)"
584,breaks in linear flow,"('/home/toffer/Repos/flask-tags/flask-0.10/scripts/flask-07-upgrade.py', 163, 163)"
585,breaks in linear flow,"('/home/toffer/Repos/flask-tags/flask-0.10/scripts/flask-07-upgrade.py', 165, 165)"
586,breaks in linear flow,"('/home/toffer/Repos/flask-tags/flask-0.10/scripts/flask-07-upgrade.py', 167, 167)"
587,breaks in linear flow,"('/home/toffer/Repos/flask-tags/flask-0.10/scripts/flask-07-upgrade.py', 174, 174)"
588,breaks in linear flow,"('/home/toffer/Repos/flask-tags/flask-0.10/scripts/flask-07-upgrade.py', 181, 181)"
589,breaks in linear flow,"('/home/toffer/Repos/flask-tags/flask-0.10/scripts/flask-07-upgrade.py', 182, 182)"
590,breaks in linear flow,"('/home/toffer/Repos/flask-tags/flask-0.10/scripts/flask-07-upgrade.py', 184, 184)"
591,breaks in linear flow,"('/home/toffer/Repos/flask-tags/flask-0.10/scripts/flask-07-upgrade.py', 185, 185)"
592,breaks in linear flow,"('/home/toffer/Repos/flask-tags/flask-0.10/scripts/flask-07-upgrade.py', 187, 187)"
593,breaks in linear flow,"('/home/toffer/Repos/flask-tags/flask-0.10/scripts/flask-07-upgrade.py', 189, 189)"
594,breaks in linear flow,"('/home/toffer/Repos/flask-tags/flask-0.10/scripts/flask-07-upgrade.py', 190, 190)"
595,breaks in linear flow,"('/home/toffer/Repos/flask-tags/flask-0.10/scripts/flask-07-upgrade.py', 198, 198)"
596,breaks in linear flow,"('/home/toffer/Repos/flask-tags/flask-0.10/scripts/flask-07-upgrade.py', 200, 200)"
597,breaks in linear flow,"('/home/toffer/Repos/flask-tags/flask-0.10/scripts/flask-07-upgrade.py', 214, 214)"
598,breaks in linear flow,"('/home/toffer/Repos/flask-tags/flask-0.10/scripts/flask-07-upgrade.py', 222, 222)"
599,breaks in linear flow,"('/home/toffer/Repos/flask-tags/flask-0.10/scripts/flask-07-upgrade.py', 225, 225)"
600,breaks in linear flow,"('/home/toffer/Repos/flask-tags/flask-0.10/scripts/flask-07-upgrade.py', 232, 232)"
601,breaks in linear flow,"('/home/toffer/Repos/flask-tags/flask-0.10/scripts/flask-07-upgrade.py', 248, 248)"
602,breaks in linear flow,"('/home/toffer/Repos/flask-tags/flask-0.10/scripts/flask-07-upgrade.py', 250, 250)"
603,breaks in linear flow,"('/home/toffer/Repos/flask-tags/flask-0.10/scripts/flask-07-upgrade.py', 252, 252)"
604,breaks in linear flow,"('/home/toffer/Repos/flask-tags/flask-0.10/scripts/flask-07-upgrade.py', 253, 253)"
605,breaks in linear flow,"('/home/toffer/Repos/flask-tags/flask-0.10/scripts/flask-07-upgrade.py', 254, 254)"
606,breaks in linear flow,"('/home/toffer/Repos/flask-tags/flask-0.10/scripts/flask-07-upgrade.py', 261, 261)"
607,breaks in linear flow,"('/home/toffer/Repos/flask-tags/flask-0.10/scripts/flask-07-upgrade.py', 266, 266)"
608,breaks in linear flow,"('/home/toffer/Repos/flask-tags/flask-0.10/scripts/flask-07-upgrade.py', 269, 269)"
609,breaks in linear flow,"('/home/toffer/Repos/flask-tags/flask-0.10/scripts/flask-07-upgrade.py', 286, 286)"
610,breaks in linear flow,"('/home/toffer/Repos/flask-tags/flask-0.10/scripts/flask-07-upgrade.py', 289, 289)"
611,breaks in linear flow,"('/home/toffer/Repos/flask-tags/flask-0.10/scripts/flask-07-upgrade.py', 292, 292)"
612,breaks in linear flow,"('/home/toffer/Repos/flask-tags/flask-0.10/scripts/flask-07-upgrade.py', 296, 296)"
613,breaks in linear flow,"('/home/toffer/Repos/flask-tags/flask-0.10/scripts/flaskext_compat.py', 48, 48)"
614,breaks in linear flow,"('/home/toffer/Repos/flask-tags/flask-0.10/scripts/flaskext_compat.py', 52, 52)"
615,breaks in linear flow,"('/home/toffer/Repos/flask-tags/flask-0.10/scripts/flaskext_compat.py', 55, 55)"
616,breaks in linear flow,"('/home/toffer/Repos/flask-tags/flask-0.10/scripts/flaskext_compat.py', 59, 59)"
617,breaks in linear flow,"('/home/toffer/Repos/flask-tags/flask-0.10/scripts/flaskext_compat.py', 76, 76)"
618,breaks in linear flow,"('/home/toffer/Repos/flask-tags/flask-0.10/scripts/flaskext_compat.py', 78, 78)"
619,breaks in linear flow,"('/home/toffer/Repos/flask-tags/flask-0.10/scripts/flaskext_compat.py', 80, 80)"
620,breaks in linear flow,"('/home/toffer/Repos/flask-tags/flask-0.10/scripts/flaskext_compat.py', 91, 91)"
621,breaks in linear flow,"('/home/toffer/Repos/flask-tags/flask-0.10/scripts/flaskext_compat.py', 92, 92)"
622,breaks in linear flow,"('/home/toffer/Repos/flask-tags/flask-0.10/scripts/flaskext_compat.py', 100, 100)"
623,breaks in linear flow,"('/home/toffer/Repos/flask-tags/flask-0.10/scripts/flaskext_compat.py', 107, 107)"
624,breaks in linear flow,"('/home/toffer/Repos/flask-tags/flask-0.10/examples/jqueryexample/jqueryexample.py', 28, 28)"
625,breaks in linear flow,"('/home/toffer/Repos/flask-tags/flask-0.10/examples/blueprintexample/blueprintexample_test.py', 35, 35)"
626,breaks in linear flow,"('/home/toffer/Repos/flask-tags/flask-0.10/examples/blueprintexample/blueprintexample.py', 10, 10)"
627,breaks in linear flow,"('/home/toffer/Repos/flask-tags/flask-0.10/examples/blueprintexample/simple_page/simple_page.py', 12, 12)"
628,breaks in linear flow,"('/home/toffer/Repos/flask-tags/flask-0.10/examples/flaskr/flaskr.py', 44, 44)"
629,breaks in linear flow,"('/home/toffer/Repos/flask-tags/flask-0.10/examples/flaskr/flaskr.py', 56, 56)"
630,breaks in linear flow,"('/home/toffer/Repos/flask-tags/flask-0.10/examples/flaskr/flaskr.py', 70, 70)"
631,breaks in linear flow,"('/home/toffer/Repos/flask-tags/flask-0.10/examples/flaskr/flaskr.py', 83, 83)"
632,breaks in linear flow,"('/home/toffer/Repos/flask-tags/flask-0.10/examples/flaskr/flaskr.py', 84, 84)"
633,breaks in linear flow,"('/home/toffer/Repos/flask-tags/flask-0.10/examples/flaskr/flaskr.py', 102, 102)"
634,breaks in linear flow,"('/home/toffer/Repos/flask-tags/flask-0.10/examples/flaskr/flaskr_tests.py', 74, 74)"
635,breaks in linear flow,"('/home/toffer/Repos/flask-tags/flask-0.10/examples/persona/persona.py', 20, 20)"
636,breaks in linear flow,"('/home/toffer/Repos/flask-tags/flask-0.10/examples/persona/persona.py', 40, 40)"
637,breaks in linear flow,"('/home/toffer/Repos/flask-tags/flask-0.10/examples/persona/persona.py', 42, 42)"
638,breaks in linear flow,"('/home/toffer/Repos/flask-tags/flask-0.10/examples/persona/persona.py', 58, 58)"
639,breaks in linear flow,"('/home/toffer/Repos/flask-tags/flask-0.10/examples/minitwit/minitwit.py', 38, 38)"
640,breaks in linear flow,"('/home/toffer/Repos/flask-tags/flask-0.10/examples/minitwit/minitwit.py', 48, 48)"
641,breaks in linear flow,"('/home/toffer/Repos/flask-tags/flask-0.10/examples/minitwit/minitwit.py', 89, 89)"
642,breaks in linear flow,"('/home/toffer/Repos/flask-tags/flask-0.10/examples/minitwit/minitwit.py', 100, 100)"
643,breaks in linear flow,"('/home/toffer/Repos/flask-tags/flask-0.10/examples/minitwit/minitwit.py', 126, 126)"
644,breaks in linear flow,"('/home/toffer/Repos/flask-tags/flask-0.10/examples/minitwit/minitwit.py', 129, 129)"
645,breaks in linear flow,"('/home/toffer/Repos/flask-tags/flask-0.10/examples/minitwit/minitwit.py', 145, 145)"
646,breaks in linear flow,"('/home/toffer/Repos/flask-tags/flask-0.10/examples/minitwit/minitwit.py', 148, 148)"
647,breaks in linear flow,"('/home/toffer/Repos/flask-tags/flask-0.10/examples/minitwit/minitwit.py', 161, 161)"
648,breaks in linear flow,"('/home/toffer/Repos/flask-tags/flask-0.10/examples/minitwit/minitwit.py', 164, 164)"
649,breaks in linear flow,"('/home/toffer/Repos/flask-tags/flask-0.10/examples/minitwit/minitwit.py', 177, 177)"
650,breaks in linear flow,"('/home/toffer/Repos/flask-tags/flask-0.10/examples/minitwit/minitwit.py', 179, 179)"
651,breaks in linear flow,"('/home/toffer/Repos/flask-tags/flask-0.10/examples/minitwit/minitwit.py', 192, 192)"
652,breaks in linear flow,"('/home/toffer/Repos/flask-tags/flask-0.10/examples/minitwit/minitwit.py', 195, 195)"
653,breaks in linear flow,"('/home/toffer/Repos/flask-tags/flask-0.10/examples/minitwit/minitwit.py', 198, 198)"
654,breaks in linear flow,"('/home/toffer/Repos/flask-tags/flask-0.10/examples/minitwit/minitwit.py', 213, 213)"
655,breaks in linear flow,"('/home/toffer/Repos/flask-tags/flask-0.10/examples/minitwit/minitwit.py', 216, 216)"
656,breaks in linear flow,"('/home/toffer/Repos/flask-tags/flask-0.10/examples/minitwit/minitwit.py', 217, 217)"
657,breaks in linear flow,"('/home/toffer/Repos/flask-tags/flask-0.10/examples/minitwit/minitwit.py', 253, 253)"
658,breaks in linear flow,"('/home/toffer/Repos/flask-tags/flask-0.10/examples/minitwit/minitwit_tests.py', 34, 34)"
659,breaks in linear flow,"('/home/toffer/Repos/flask-tags/flask-0.10/examples/minitwit/minitwit_tests.py', 36, 36)"
660,breaks in linear flow,"('/home/toffer/Repos/flask-tags/flask-0.10/examples/minitwit/minitwit_tests.py', 65, 65)"
661,breaks in linear flow,"('/home/toffer/Repos/flask-tags/flask-0.10/examples/minitwit/minitwit_tests.py', 148, 148)"
662,recursion,"('/home/toffer/Repos/flask-tags/flask-0.10/flask/app.py', 1381, 1381)"
663,recursion,"('/home/toffer/Repos/flask-tags/flask-0.10/scripts/make-release.py', 129, 130)"
664,recursion,"('/home/toffer/Repos/flask-tags/flask-0.10/scripts/make-release.py', 141, 141)"
665,recursion,"('/home/toffer/Repos/flask-tags/flask-0.10/scripts/flaskext_test.py', 186, 186)"
666,recursion,"('/home/toffer/Repos/flask-tags/flask-0.10/scripts/flaskext_test.py', 247, 247)"
