,type,file_start_end
0,method length,"('/home/toffer/Repos/flask-tags/flask-0.12/tests/test_helpers.py', 240, 268)"
1,method length,"('/home/toffer/Repos/flask-tags/flask-0.12/tests/test_helpers.py', 289, 358)"
2,method length,"('/home/toffer/Repos/flask-tags/flask-0.12/tests/test_helpers.py', 411, 467)"
3,method length,"('/home/toffer/Repos/flask-tags/flask-0.12/tests/test_helpers.py', 473, 530)"
4,method length,"('/home/toffer/Repos/flask-tags/flask-0.12/tests/test_helpers.py', 532, 559)"
5,method length,"('/home/toffer/Repos/flask-tags/flask-0.12/tests/test_helpers.py', 561, 601)"
6,method length,"('/home/toffer/Repos/flask-tags/flask-0.12/tests/conftest.py', 38, 65)"
7,method length,"('/home/toffer/Repos/flask-tags/flask-0.12/tests/conftest.py', 94, 120)"
8,method length,"('/home/toffer/Repos/flask-tags/flask-0.12/tests/test_cli.py', 146, 173)"
9,method length,"('/home/toffer/Repos/flask-tags/flask-0.12/tests/test_basic.py', 107, 143)"
10,method length,"('/home/toffer/Repos/flask-tags/flask-0.12/tests/test_basic.py', 318, 350)"
11,method length,"('/home/toffer/Repos/flask-tags/flask-0.12/tests/test_basic.py', 372, 401)"
12,method length,"('/home/toffer/Repos/flask-tags/flask-0.12/tests/test_basic.py', 404, 445)"
13,method length,"('/home/toffer/Repos/flask-tags/flask-0.12/tests/test_basic.py', 467, 546)"
14,method length,"('/home/toffer/Repos/flask-tags/flask-0.12/tests/test_basic.py', 656, 691)"
15,method length,"('/home/toffer/Repos/flask-tags/flask-0.12/tests/test_basic.py', 694, 729)"
16,method length,"('/home/toffer/Repos/flask-tags/flask-0.12/tests/test_basic.py', 732, 768)"
17,method length,"('/home/toffer/Repos/flask-tags/flask-0.12/tests/test_basic.py', 828, 860)"
18,method length,"('/home/toffer/Repos/flask-tags/flask-0.12/tests/test_basic.py', 913, 970)"
19,method length,"('/home/toffer/Repos/flask-tags/flask-0.12/tests/test_basic.py', 1195, 1249)"
20,method length,"('/home/toffer/Repos/flask-tags/flask-0.12/tests/test_basic.py', 1319, 1348)"
21,method length,"('/home/toffer/Repos/flask-tags/flask-0.12/tests/test_basic.py', 1522, 1554)"
22,method length,"('/home/toffer/Repos/flask-tags/flask-0.12/tests/test_signals.py', 73, 110)"
23,method length,"('/home/toffer/Repos/flask-tags/flask-0.12/tests/test_ext.py', 40, 66)"
24,method length,"('/home/toffer/Repos/flask-tags/flask-0.12/tests/test_reqctx.py', 66, 104)"
25,method length,"('/home/toffer/Repos/flask-tags/flask-0.12/tests/test_config.py', 47, 73)"
26,method length,"('/home/toffer/Repos/flask-tags/flask-0.12/tests/test_testing.py', 81, 111)"
27,method length,"('/home/toffer/Repos/flask-tags/flask-0.12/tests/test_testing.py', 164, 193)"
28,method length,"('/home/toffer/Repos/flask-tags/flask-0.12/tests/test_blueprints.py', 21, 59)"
29,method length,"('/home/toffer/Repos/flask-tags/flask-0.12/tests/test_blueprints.py', 61, 92)"
30,method length,"('/home/toffer/Repos/flask-tags/flask-0.12/tests/test_blueprints.py', 142, 182)"
31,method length,"('/home/toffer/Repos/flask-tags/flask-0.12/tests/test_blueprints.py', 273, 304)"
32,method length,"('/home/toffer/Repos/flask-tags/flask-0.12/tests/test_blueprints.py', 306, 356)"
33,method length,"('/home/toffer/Repos/flask-tags/flask-0.12/tests/test_templating.py', 318, 347)"
34,method length,"('/home/toffer/Repos/flask-tags/flask-0.12/tests/test_templating.py', 349, 382)"
35,method length,"('/home/toffer/Repos/flask-tags/flask-0.12/tests/test_user_error_handler.py', 6, 32)"
36,method length,"('/home/toffer/Repos/flask-tags/flask-0.12/tests/test_user_error_handler.py', 35, 73)"
37,method length,"('/home/toffer/Repos/flask-tags/flask-0.12/tests/test_user_error_handler.py', 76, 111)"
38,method length,"('/home/toffer/Repos/flask-tags/flask-0.12/tests/test_user_error_handler.py', 114, 140)"
39,method length,"('/home/toffer/Repos/flask-tags/flask-0.12/flask/blueprints.py', 25, 60)"
40,method length,"('/home/toffer/Repos/flask-tags/flask-0.12/flask/sessions.py', 337, 366)"
41,method length,"('/home/toffer/Repos/flask-tags/flask-0.12/flask/ctx.py', 79, 111)"
42,method length,"('/home/toffer/Repos/flask-tags/flask-0.12/flask/ctx.py', 114, 143)"
43,method length,"('/home/toffer/Repos/flask-tags/flask-0.12/flask/ctx.py', 237, 265)"
44,method length,"('/home/toffer/Repos/flask-tags/flask-0.12/flask/ctx.py', 299, 334)"
45,method length,"('/home/toffer/Repos/flask-tags/flask-0.12/flask/ctx.py', 336, 379)"
46,method length,"('/home/toffer/Repos/flask-tags/flask-0.12/flask/helpers.py', 73, 142)"
47,method length,"('/home/toffer/Repos/flask-tags/flask-0.12/flask/helpers.py', 145, 191)"
48,method length,"('/home/toffer/Repos/flask-tags/flask-0.12/flask/helpers.py', 194, 337)"
49,method length,"('/home/toffer/Repos/flask-tags/flask-0.12/flask/helpers.py', 363, 389)"
50,method length,"('/home/toffer/Repos/flask-tags/flask-0.12/flask/helpers.py', 392, 428)"
51,method length,"('/home/toffer/Repos/flask-tags/flask-0.12/flask/helpers.py', 433, 602)"
52,method length,"('/home/toffer/Repos/flask-tags/flask-0.12/flask/helpers.py', 605, 633)"
53,method length,"('/home/toffer/Repos/flask-tags/flask-0.12/flask/helpers.py', 636, 672)"
54,method length,"('/home/toffer/Repos/flask-tags/flask-0.12/flask/helpers.py', 675, 718)"
55,method length,"('/home/toffer/Repos/flask-tags/flask-0.12/flask/helpers.py', 744, 796)"
56,method length,"('/home/toffer/Repos/flask-tags/flask-0.12/flask/app.py', 342, 549)"
57,method length,"('/home/toffer/Repos/flask-tags/flask-0.12/flask/app.py', 679, 711)"
58,method length,"('/home/toffer/Repos/flask-tags/flask-0.12/flask/app.py', 782, 846)"
59,method length,"('/home/toffer/Repos/flask-tags/flask-0.12/flask/app.py', 848, 902)"
60,method length,"('/home/toffer/Repos/flask-tags/flask-0.12/flask/app.py', 961, 1052)"
61,method length,"('/home/toffer/Repos/flask-tags/flask-0.12/flask/app.py', 1054, 1082)"
62,method length,"('/home/toffer/Repos/flask-tags/flask-0.12/flask/app.py', 1116, 1161)"
63,method length,"('/home/toffer/Repos/flask-tags/flask-0.12/flask/app.py', 1327, 1363)"
64,method length,"('/home/toffer/Repos/flask-tags/flask-0.12/flask/app.py', 1366, 1394)"
65,method length,"('/home/toffer/Repos/flask-tags/flask-0.12/flask/app.py', 1520, 1547)"
66,method length,"('/home/toffer/Repos/flask-tags/flask-0.12/flask/app.py', 1690, 1750)"
67,method length,"('/home/toffer/Repos/flask-tags/flask-0.12/flask/app.py', 1910, 1938)"
68,method length,"('/home/toffer/Repos/flask-tags/flask-0.12/flask/app.py', 1952, 1990)"
69,method length,"('/home/toffer/Repos/flask-tags/flask-0.12/flask/cli.py', 51, 77)"
70,method length,"('/home/toffer/Repos/flask-tags/flask-0.12/flask/cli.py', 395, 432)"
71,method length,"('/home/toffer/Repos/flask-tags/flask-0.12/flask/cli.py', 437, 466)"
72,method length,"('/home/toffer/Repos/flask-tags/flask-0.12/flask/wrappers.py', 125, 165)"
73,method length,"('/home/toffer/Repos/flask-tags/flask-0.12/flask/testing.py', 65, 112)"
74,method length,"('/home/toffer/Repos/flask-tags/flask-0.12/flask/debughelpers.py', 110, 155)"
75,method length,"('/home/toffer/Repos/flask-tags/flask-0.12/flask/exthook.py', 63, 110)"
76,method length,"('/home/toffer/Repos/flask-tags/flask-0.12/flask/logging.py', 50, 94)"
77,method length,"('/home/toffer/Repos/flask-tags/flask-0.12/flask/json.py', 158, 190)"
78,method length,"('/home/toffer/Repos/flask-tags/flask-0.12/flask/json.py', 198, 265)"
79,method length,"('/home/toffer/Repos/flask-tags/flask-0.12/flask/config.py', 111, 137)"
80,method length,"('/home/toffer/Repos/flask-tags/flask-0.12/flask/config.py', 139, 171)"
81,method length,"('/home/toffer/Repos/flask-tags/flask-0.12/flask/config.py', 221, 260)"
82,method length,"('/home/toffer/Repos/flask-tags/flask-0.12/flask/views.py', 73, 102)"
83,method length,"('/home/toffer/Repos/flask-tags/flask-0.12/scripts/make-release.py', 115, 142)"
84,method length,"('/home/toffer/Repos/flask-tags/flask-0.12/scripts/flaskext_tester.py', 120, 147)"
85,method length,"('/home/toffer/Repos/flask-tags/flask-0.12/scripts/flask-07-upgrade.py', 86, 125)"
86,method length,"('/home/toffer/Repos/flask-tags/flask-0.12/scripts/flask-07-upgrade.py', 129, 170)"
87,method length,"('/home/toffer/Repos/flask-tags/flask-0.12/scripts/flaskext_compat.py', 51, 83)"
88,method length,"('/home/toffer/Repos/flask-tags/flask-0.12/examples/minitwit/tests/test_minitwit.py', 113, 151)"
89,method length,"('/home/toffer/Repos/flask-tags/flask-0.12/examples/minitwit/minitwit/minitwit.py', 217, 243)"
90,file length,"('/home/toffer/Repos/flask-tags/flask-0.12/tests/test_helpers.py', -1, -1)"
91,file length,"('/home/toffer/Repos/flask-tags/flask-0.12/tests/test_basic.py', -1, -1)"
92,file length,"('/home/toffer/Repos/flask-tags/flask-0.12/tests/test_blueprints.py', -1, -1)"
93,file length,"('/home/toffer/Repos/flask-tags/flask-0.12/tests/test_templating.py', -1, -1)"
94,file length,"('/home/toffer/Repos/flask-tags/flask-0.12/flask/blueprints.py', -1, -1)"
95,file length,"('/home/toffer/Repos/flask-tags/flask-0.12/flask/sessions.py', -1, -1)"
96,file length,"('/home/toffer/Repos/flask-tags/flask-0.12/flask/ctx.py', -1, -1)"
97,file length,"('/home/toffer/Repos/flask-tags/flask-0.12/flask/helpers.py', -1, -1)"
98,file length,"('/home/toffer/Repos/flask-tags/flask-0.12/flask/app.py', -1, -1)"
99,file length,"('/home/toffer/Repos/flask-tags/flask-0.12/flask/cli.py', -1, -1)"
100,argument count,"('/home/toffer/Repos/flask-tags/flask-0.12/docs/flaskdocext.py', 8, 8)"
101,argument count,"('/home/toffer/Repos/flask-tags/flask-0.12/tests/test_basic.py', 1282, 1283)"
102,argument count,"('/home/toffer/Repos/flask-tags/flask-0.12/tests/test_basic.py', 1676, 1676)"
103,argument count,"('/home/toffer/Repos/flask-tags/flask-0.12/tests/test_instance_config.py', 64, 65)"
104,argument count,"('/home/toffer/Repos/flask-tags/flask-0.12/tests/test_instance_config.py', 77, 79)"
105,argument count,"('/home/toffer/Repos/flask-tags/flask-0.12/tests/test_instance_config.py', 93, 95)"
106,argument count,"('/home/toffer/Repos/flask-tags/flask-0.12/flask/blueprints.py', 24, 24)"
107,argument count,"('/home/toffer/Repos/flask-tags/flask-0.12/flask/blueprints.py', 62, 62)"
108,argument count,"('/home/toffer/Repos/flask-tags/flask-0.12/flask/blueprints.py', 92, 95)"
109,argument count,"('/home/toffer/Repos/flask-tags/flask-0.12/flask/blueprints.py', 166, 166)"
110,argument count,"('/home/toffer/Repos/flask-tags/flask-0.12/flask/helpers.py', 431, 433)"
111,argument count,"('/home/toffer/Repos/flask-tags/flask-0.12/flask/app.py', 339, 342)"
112,argument count,"('/home/toffer/Repos/flask-tags/flask-0.12/flask/app.py', 782, 782)"
113,argument count,"('/home/toffer/Repos/flask-tags/flask-0.12/flask/app.py', 961, 961)"
114,argument count,"('/home/toffer/Repos/flask-tags/flask-0.12/flask/cli.py', 300, 301)"
115,argument count,"('/home/toffer/Repos/flask-tags/flask-0.12/flask/cli.py', 394, 395)"
116,argument count,"('/home/toffer/Repos/flask-tags/flask-0.12/flask/testing.py', 24, 24)"
117,argument count,"('/home/toffer/Repos/flask-tags/flask-0.12/scripts/flaskext_tester.py', 120, 120)"
118,argument count,"('/home/toffer/Repos/flask-tags/flask-0.12/examples/minitwit/tests/test_minitwit.py', 32, 32)"
119,method count,"('/home/toffer/Repos/flask-tags/flask-0.12/tests/test_appctx.py', 17, 160)"
120,method count,"('/home/toffer/Repos/flask-tags/flask-0.12/tests/test_helpers.py', 27, 886)"
121,method count,"('/home/toffer/Repos/flask-tags/flask-0.12/tests/test_basic.py', 28, 1676)"
122,method count,"('/home/toffer/Repos/flask-tags/flask-0.12/tests/test_signals.py', 27, 191)"
123,method count,"('/home/toffer/Repos/flask-tags/flask-0.12/tests/test_views.py', 19, 153)"
124,method count,"('/home/toffer/Repos/flask-tags/flask-0.12/tests/test_ext.py', 24, 198)"
125,method count,"('/home/toffer/Repos/flask-tags/flask-0.12/tests/test_reqctx.py', 22, 186)"
126,method count,"('/home/toffer/Repos/flask-tags/flask-0.12/tests/test_testing.py', 19, 261)"
127,method count,"('/home/toffer/Repos/flask-tags/flask-0.12/tests/test_blueprints.py', 21, 571)"
128,method count,"('/home/toffer/Repos/flask-tags/flask-0.12/tests/test_templating.py', 19, 391)"
129,method count,"('/home/toffer/Repos/flask-tags/flask-0.12/tests/test_user_error_handler.py', 6, 132)"
130,method count,"('/home/toffer/Repos/flask-tags/flask-0.12/flask/blueprints.py', 24, 412)"
131,method count,"('/home/toffer/Repos/flask-tags/flask-0.12/flask/sessions.py', 30, 365)"
132,method count,"('/home/toffer/Repos/flask-tags/flask-0.12/flask/ctx.py', 29, 409)"
133,method count,"('/home/toffer/Repos/flask-tags/flask-0.12/flask/helpers.py', 57, 959)"
134,method count,"('/home/toffer/Repos/flask-tags/flask-0.12/flask/app.py', 45, 1999)"
135,method count,"('/home/toffer/Repos/flask-tags/flask-0.12/flask/cli.py', 27, 506)"
136,Return Statements,"('/home/toffer/Repos/flask-tags/flask-0.12/tests/test_helpers.py', 240, 268)"
137,Return Statements,"('/home/toffer/Repos/flask-tags/flask-0.12/tests/test_basic.py', 461, 546)"
138,Return Statements,"('/home/toffer/Repos/flask-tags/flask-0.12/tests/test_basic.py', 913, 970)"
139,Return Statements,"('/home/toffer/Repos/flask-tags/flask-0.12/tests/test_blueprints.py', 272, 304)"
140,Return Statements,"('/home/toffer/Repos/flask-tags/flask-0.12/flask/sessions.py', 52, 76)"
141,Return Statements,"('/home/toffer/Repos/flask-tags/flask-0.12/scripts/flask-07-upgrade.py', 86, 125)"
142,Return Statements,"('/home/toffer/Repos/flask-tags/flask-0.12/scripts/flask-07-upgrade.py', 128, 170)"
143,nested controlflow,"('/home/toffer/Repos/flask-tags/flask-0.12/flask/helpers.py', 276, 284)"
144,nested controlflow,"('/home/toffer/Repos/flask-tags/flask-0.12/scripts/flask-07-upgrade.py', 76, 81)"
145,nested controlflow,"('/home/toffer/Repos/flask-tags/flask-0.12/scripts/flask-07-upgrade.py', 103, 109)"
146,nested controlflow,"('/home/toffer/Repos/flask-tags/flask-0.12/scripts/flask-07-upgrade.py', 249, 263)"
147,breaks in linear flow,"('/home/toffer/Repos/flask-tags/flask-0.12/docs/flaskdocext.py', 10, 10)"
148,breaks in linear flow,"('/home/toffer/Repos/flask-tags/flask-0.12/docs/conf.py', 59, 59)"
149,breaks in linear flow,"('/home/toffer/Repos/flask-tags/flask-0.12/docs/conf.py', 64, 64)"
150,breaks in linear flow,"('/home/toffer/Repos/flask-tags/flask-0.12/docs/conf.py', 272, 272)"
151,breaks in linear flow,"('/home/toffer/Repos/flask-tags/flask-0.12/tests/test_appctx.py', 73, 73)"
152,breaks in linear flow,"('/home/toffer/Repos/flask-tags/flask-0.12/tests/test_appctx.py', 91, 91)"
153,breaks in linear flow,"('/home/toffer/Repos/flask-tags/flask-0.12/tests/test_appctx.py', 166, 166)"
154,breaks in linear flow,"('/home/toffer/Repos/flask-tags/flask-0.12/tests/test_helpers.py', 32, 32)"
155,breaks in linear flow,"('/home/toffer/Repos/flask-tags/flask-0.12/tests/test_helpers.py', 151, 151)"
156,breaks in linear flow,"('/home/toffer/Repos/flask-tags/flask-0.12/tests/test_helpers.py', 171, 171)"
157,breaks in linear flow,"('/home/toffer/Repos/flask-tags/flask-0.12/tests/test_helpers.py', 185, 185)"
158,breaks in linear flow,"('/home/toffer/Repos/flask-tags/flask-0.12/tests/test_helpers.py', 246, 246)"
159,breaks in linear flow,"('/home/toffer/Repos/flask-tags/flask-0.12/tests/test_helpers.py', 254, 254)"
160,breaks in linear flow,"('/home/toffer/Repos/flask-tags/flask-0.12/tests/test_helpers.py', 286, 286)"
161,breaks in linear flow,"('/home/toffer/Repos/flask-tags/flask-0.12/tests/test_helpers.py', 357, 357)"
162,breaks in linear flow,"('/home/toffer/Repos/flask-tags/flask-0.12/tests/test_helpers.py', 691, 691)"
163,breaks in linear flow,"('/home/toffer/Repos/flask-tags/flask-0.12/tests/test_helpers.py', 695, 695)"
164,breaks in linear flow,"('/home/toffer/Repos/flask-tags/flask-0.12/tests/test_helpers.py', 704, 704)"
165,breaks in linear flow,"('/home/toffer/Repos/flask-tags/flask-0.12/tests/test_helpers.py', 751, 751)"
166,breaks in linear flow,"('/home/toffer/Repos/flask-tags/flask-0.12/tests/test_helpers.py', 785, 785)"
167,breaks in linear flow,"('/home/toffer/Repos/flask-tags/flask-0.12/tests/test_helpers.py', 869, 869)"
168,breaks in linear flow,"('/home/toffer/Repos/flask-tags/flask-0.12/tests/test_helpers.py', 885, 885)"
169,breaks in linear flow,"('/home/toffer/Repos/flask-tags/flask-0.12/tests/conftest.py', 31, 31)"
170,breaks in linear flow,"('/home/toffer/Repos/flask-tags/flask-0.12/tests/conftest.py', 48, 48)"
171,breaks in linear flow,"('/home/toffer/Repos/flask-tags/flask-0.12/tests/conftest.py', 56, 56)"
172,breaks in linear flow,"('/home/toffer/Repos/flask-tags/flask-0.12/tests/conftest.py', 98, 98)"
173,breaks in linear flow,"('/home/toffer/Repos/flask-tags/flask-0.12/tests/test_regression.py', 44, 44)"
174,breaks in linear flow,"('/home/toffer/Repos/flask-tags/flask-0.12/tests/test_regression.py', 67, 67)"
175,breaks in linear flow,"('/home/toffer/Repos/flask-tags/flask-0.12/tests/test_regression.py', 70, 70)"
176,breaks in linear flow,"('/home/toffer/Repos/flask-tags/flask-0.12/tests/test_basic.py', 670, 670)"
177,breaks in linear flow,"('/home/toffer/Repos/flask-tags/flask-0.12/tests/test_basic.py', 682, 682)"
178,breaks in linear flow,"('/home/toffer/Repos/flask-tags/flask-0.12/tests/test_basic.py', 1088, 1088)"
179,breaks in linear flow,"('/home/toffer/Repos/flask-tags/flask-0.12/tests/test_basic.py', 1092, 1092)"
180,breaks in linear flow,"('/home/toffer/Repos/flask-tags/flask-0.12/tests/test_basic.py', 1183, 1183)"
181,breaks in linear flow,"('/home/toffer/Repos/flask-tags/flask-0.12/tests/test_basic.py', 1227, 1227)"
182,breaks in linear flow,"('/home/toffer/Repos/flask-tags/flask-0.12/tests/test_basic.py', 1240, 1240)"
183,breaks in linear flow,"('/home/toffer/Repos/flask-tags/flask-0.12/tests/test_basic.py', 1261, 1261)"
184,breaks in linear flow,"('/home/toffer/Repos/flask-tags/flask-0.12/tests/test_basic.py', 1272, 1272)"
185,breaks in linear flow,"('/home/toffer/Repos/flask-tags/flask-0.12/tests/test_basic.py', 1324, 1324)"
186,breaks in linear flow,"('/home/toffer/Repos/flask-tags/flask-0.12/tests/test_basic.py', 1510, 1510)"
187,breaks in linear flow,"('/home/toffer/Repos/flask-tags/flask-0.12/tests/test_signals.py', 16, 16)"
188,breaks in linear flow,"('/home/toffer/Repos/flask-tags/flask-0.12/tests/test_ext.py', 17, 17)"
189,breaks in linear flow,"('/home/toffer/Repos/flask-tags/flask-0.12/tests/test_ext.py', 41, 41)"
190,breaks in linear flow,"('/home/toffer/Repos/flask-tags/flask-0.12/tests/test_ext.py', 42, 42)"
191,breaks in linear flow,"('/home/toffer/Repos/flask-tags/flask-0.12/tests/test_ext.py', 54, 54)"
192,breaks in linear flow,"('/home/toffer/Repos/flask-tags/flask-0.12/tests/test_ext.py', 56, 56)"
193,breaks in linear flow,"('/home/toffer/Repos/flask-tags/flask-0.12/tests/test_ext.py', 63, 63)"
194,breaks in linear flow,"('/home/toffer/Repos/flask-tags/flask-0.12/tests/test_ext.py', 174, 174)"
195,breaks in linear flow,"('/home/toffer/Repos/flask-tags/flask-0.12/tests/test_ext.py', 184, 184)"
196,breaks in linear flow,"('/home/toffer/Repos/flask-tags/flask-0.12/tests/test_ext.py', 194, 194)"
197,breaks in linear flow,"('/home/toffer/Repos/flask-tags/flask-0.12/tests/test_reqctx.py', 18, 18)"
198,breaks in linear flow,"('/home/toffer/Repos/flask-tags/flask-0.12/tests/test_reqctx.py', 44, 44)"
199,breaks in linear flow,"('/home/toffer/Repos/flask-tags/flask-0.12/tests/test_reqctx.py', 62, 62)"
200,breaks in linear flow,"('/home/toffer/Repos/flask-tags/flask-0.12/tests/test_reqctx.py', 91, 91)"
201,breaks in linear flow,"('/home/toffer/Repos/flask-tags/flask-0.12/tests/test_instance_config.py', 117, 117)"
202,breaks in linear flow,"('/home/toffer/Repos/flask-tags/flask-0.12/tests/test_testing.py', 87, 87)"
203,breaks in linear flow,"('/home/toffer/Repos/flask-tags/flask-0.12/tests/test_testing.py', 107, 107)"
204,breaks in linear flow,"('/home/toffer/Repos/flask-tags/flask-0.12/tests/test_testing.py', 190, 190)"
205,breaks in linear flow,"('/home/toffer/Repos/flask-tags/flask-0.12/tests/test_blueprints.py', 163, 163)"
206,breaks in linear flow,"('/home/toffer/Repos/flask-tags/flask-0.12/tests/test_blueprints.py', 198, 198)"
207,breaks in linear flow,"('/home/toffer/Repos/flask-tags/flask-0.12/tests/test_blueprints.py', 317, 317)"
208,breaks in linear flow,"('/home/toffer/Repos/flask-tags/flask-0.12/tests/test_blueprints.py', 326, 326)"
209,breaks in linear flow,"('/home/toffer/Repos/flask-tags/flask-0.12/flask/blueprints.py', 42, 42)"
210,breaks in linear flow,"('/home/toffer/Repos/flask-tags/flask-0.12/flask/blueprints.py', 50, 50)"
211,breaks in linear flow,"('/home/toffer/Repos/flask-tags/flask-0.12/flask/blueprints.py', 67, 67)"
212,breaks in linear flow,"('/home/toffer/Repos/flask-tags/flask-0.12/flask/blueprints.py', 70, 70)"
213,breaks in linear flow,"('/home/toffer/Repos/flask-tags/flask-0.12/flask/blueprints.py', 73, 73)"
214,breaks in linear flow,"('/home/toffer/Repos/flask-tags/flask-0.12/flask/blueprints.py', 104, 104)"
215,breaks in linear flow,"('/home/toffer/Repos/flask-tags/flask-0.12/flask/blueprints.py', 114, 114)"
216,breaks in linear flow,"('/home/toffer/Repos/flask-tags/flask-0.12/flask/blueprints.py', 128, 128)"
217,breaks in linear flow,"('/home/toffer/Repos/flask-tags/flask-0.12/flask/blueprints.py', 148, 148)"
218,breaks in linear flow,"('/home/toffer/Repos/flask-tags/flask-0.12/flask/blueprints.py', 153, 153)"
219,breaks in linear flow,"('/home/toffer/Repos/flask-tags/flask-0.12/flask/blueprints.py', 170, 170)"
220,breaks in linear flow,"('/home/toffer/Repos/flask-tags/flask-0.12/flask/globals.py', 36, 36)"
221,breaks in linear flow,"('/home/toffer/Repos/flask-tags/flask-0.12/flask/globals.py', 43, 43)"
222,breaks in linear flow,"('/home/toffer/Repos/flask-tags/flask-0.12/flask/globals.py', 50, 50)"
223,breaks in linear flow,"('/home/toffer/Repos/flask-tags/flask-0.12/flask/__main__.py', 13, 13)"
224,breaks in linear flow,"('/home/toffer/Repos/flask-tags/flask-0.12/flask/sessions.py', 53, 53)"
225,breaks in linear flow,"('/home/toffer/Repos/flask-tags/flask-0.12/flask/sessions.py', 70, 70)"
226,breaks in linear flow,"('/home/toffer/Repos/flask-tags/flask-0.12/flask/sessions.py', 97, 97)"
227,breaks in linear flow,"('/home/toffer/Repos/flask-tags/flask-0.12/flask/sessions.py', 102, 102)"
228,breaks in linear flow,"('/home/toffer/Repos/flask-tags/flask-0.12/flask/sessions.py', 206, 206)"
229,breaks in linear flow,"('/home/toffer/Repos/flask-tags/flask-0.12/flask/sessions.py', 208, 208)"
230,breaks in linear flow,"('/home/toffer/Repos/flask-tags/flask-0.12/flask/sessions.py', 215, 215)"
231,breaks in linear flow,"('/home/toffer/Repos/flask-tags/flask-0.12/flask/sessions.py', 221, 221)"
232,breaks in linear flow,"('/home/toffer/Repos/flask-tags/flask-0.12/flask/sessions.py', 223, 223)"
233,breaks in linear flow,"('/home/toffer/Repos/flask-tags/flask-0.12/flask/sessions.py', 256, 256)"
234,breaks in linear flow,"('/home/toffer/Repos/flask-tags/flask-0.12/flask/sessions.py', 272, 272)"
235,breaks in linear flow,"('/home/toffer/Repos/flask-tags/flask-0.12/flask/sessions.py', 313, 313)"
236,breaks in linear flow,"('/home/toffer/Repos/flask-tags/flask-0.12/flask/sessions.py', 325, 325)"
237,breaks in linear flow,"('/home/toffer/Repos/flask-tags/flask-0.12/flask/sessions.py', 328, 328)"
238,breaks in linear flow,"('/home/toffer/Repos/flask-tags/flask-0.12/flask/sessions.py', 334, 334)"
239,breaks in linear flow,"('/home/toffer/Repos/flask-tags/flask-0.12/flask/sessions.py', 344, 344)"
240,breaks in linear flow,"('/home/toffer/Repos/flask-tags/flask-0.12/flask/sessions.py', 345, 345)"
241,breaks in linear flow,"('/home/toffer/Repos/flask-tags/flask-0.12/flask/sessions.py', 357, 357)"
242,breaks in linear flow,"('/home/toffer/Repos/flask-tags/flask-0.12/flask/templating.py', 25, 25)"
243,breaks in linear flow,"('/home/toffer/Repos/flask-tags/flask-0.12/flask/templating.py', 27, 27)"
244,breaks in linear flow,"('/home/toffer/Repos/flask-tags/flask-0.12/flask/templating.py', 40, 40)"
245,breaks in linear flow,"('/home/toffer/Repos/flask-tags/flask-0.12/flask/templating.py', 55, 55)"
246,breaks in linear flow,"('/home/toffer/Repos/flask-tags/flask-0.12/flask/templating.py', 63, 63)"
247,breaks in linear flow,"('/home/toffer/Repos/flask-tags/flask-0.12/flask/templating.py', 66, 66)"
248,breaks in linear flow,"('/home/toffer/Repos/flask-tags/flask-0.12/flask/templating.py', 68, 68)"
249,breaks in linear flow,"('/home/toffer/Repos/flask-tags/flask-0.12/flask/templating.py', 75, 75)"
250,breaks in linear flow,"('/home/toffer/Repos/flask-tags/flask-0.12/flask/templating.py', 80, 80)"
251,breaks in linear flow,"('/home/toffer/Repos/flask-tags/flask-0.12/flask/templating.py', 83, 83)"
252,breaks in linear flow,"('/home/toffer/Repos/flask-tags/flask-0.12/flask/templating.py', 84, 84)"
253,breaks in linear flow,"('/home/toffer/Repos/flask-tags/flask-0.12/flask/templating.py', 89, 89)"
254,breaks in linear flow,"('/home/toffer/Repos/flask-tags/flask-0.12/flask/templating.py', 92, 92)"
255,breaks in linear flow,"('/home/toffer/Repos/flask-tags/flask-0.12/flask/templating.py', 94, 94)"
256,breaks in linear flow,"('/home/toffer/Repos/flask-tags/flask-0.12/flask/templating.py', 100, 100)"
257,breaks in linear flow,"('/home/toffer/Repos/flask-tags/flask-0.12/flask/templating.py', 103, 103)"
258,breaks in linear flow,"('/home/toffer/Repos/flask-tags/flask-0.12/flask/templating.py', 105, 105)"
259,breaks in linear flow,"('/home/toffer/Repos/flask-tags/flask-0.12/flask/templating.py', 106, 106)"
260,breaks in linear flow,"('/home/toffer/Repos/flask-tags/flask-0.12/flask/ctx.py', 33, 33)"
261,breaks in linear flow,"('/home/toffer/Repos/flask-tags/flask-0.12/flask/ctx.py', 49, 49)"
262,breaks in linear flow,"('/home/toffer/Repos/flask-tags/flask-0.12/flask/ctx.py', 103, 103)"
263,breaks in linear flow,"('/home/toffer/Repos/flask-tags/flask-0.12/flask/ctx.py', 177, 177)"
264,breaks in linear flow,"('/home/toffer/Repos/flask-tags/flask-0.12/flask/ctx.py', 186, 186)"
265,breaks in linear flow,"('/home/toffer/Repos/flask-tags/flask-0.12/flask/ctx.py', 187, 187)"
266,breaks in linear flow,"('/home/toffer/Repos/flask-tags/flask-0.12/flask/ctx.py', 203, 203)"
267,breaks in linear flow,"('/home/toffer/Repos/flask-tags/flask-0.12/flask/ctx.py', 239, 239)"
268,breaks in linear flow,"('/home/toffer/Repos/flask-tags/flask-0.12/flask/ctx.py', 296, 296)"
269,breaks in linear flow,"('/home/toffer/Repos/flask-tags/flask-0.12/flask/ctx.py', 310, 310)"
270,breaks in linear flow,"('/home/toffer/Repos/flask-tags/flask-0.12/flask/ctx.py', 316, 316)"
271,breaks in linear flow,"('/home/toffer/Repos/flask-tags/flask-0.12/flask/ctx.py', 323, 323)"
272,breaks in linear flow,"('/home/toffer/Repos/flask-tags/flask-0.12/flask/ctx.py', 333, 333)"
273,breaks in linear flow,"('/home/toffer/Repos/flask-tags/flask-0.12/flask/ctx.py', 348, 348)"
274,breaks in linear flow,"('/home/toffer/Repos/flask-tags/flask-0.12/flask/ctx.py', 351, 351)"
275,breaks in linear flow,"('/home/toffer/Repos/flask-tags/flask-0.12/flask/ctx.py', 359, 359)"
276,breaks in linear flow,"('/home/toffer/Repos/flask-tags/flask-0.12/flask/ctx.py', 363, 363)"
277,breaks in linear flow,"('/home/toffer/Repos/flask-tags/flask-0.12/flask/ctx.py', 371, 371)"
278,breaks in linear flow,"('/home/toffer/Repos/flask-tags/flask-0.12/flask/ctx.py', 375, 375)"
279,breaks in linear flow,"('/home/toffer/Repos/flask-tags/flask-0.12/flask/ctx.py', 382, 382)"
280,breaks in linear flow,"('/home/toffer/Repos/flask-tags/flask-0.12/flask/ctx.py', 401, 401)"
281,breaks in linear flow,"('/home/toffer/Repos/flask-tags/flask-0.12/flask/helpers.py', 25, 25)"
282,breaks in linear flow,"('/home/toffer/Repos/flask-tags/flask-0.12/flask/helpers.py', 35, 35)"
283,breaks in linear flow,"('/home/toffer/Repos/flask-tags/flask-0.12/flask/helpers.py', 59, 59)"
284,breaks in linear flow,"('/home/toffer/Repos/flask-tags/flask-0.12/flask/helpers.py', 109, 109)"
285,breaks in linear flow,"('/home/toffer/Repos/flask-tags/flask-0.12/flask/helpers.py', 117, 117)"
286,breaks in linear flow,"('/home/toffer/Repos/flask-tags/flask-0.12/flask/helpers.py', 130, 130)"
287,breaks in linear flow,"('/home/toffer/Repos/flask-tags/flask-0.12/flask/helpers.py', 133, 133)"
288,breaks in linear flow,"('/home/toffer/Repos/flask-tags/flask-0.12/flask/helpers.py', 187, 187)"
289,breaks in linear flow,"('/home/toffer/Repos/flask-tags/flask-0.12/flask/helpers.py', 189, 189)"
290,breaks in linear flow,"('/home/toffer/Repos/flask-tags/flask-0.12/flask/helpers.py', 269, 269)"
291,breaks in linear flow,"('/home/toffer/Repos/flask-tags/flask-0.12/flask/helpers.py', 276, 276)"
292,breaks in linear flow,"('/home/toffer/Repos/flask-tags/flask-0.12/flask/helpers.py', 279, 279)"
293,breaks in linear flow,"('/home/toffer/Repos/flask-tags/flask-0.12/flask/helpers.py', 280, 280)"
294,breaks in linear flow,"('/home/toffer/Repos/flask-tags/flask-0.12/flask/helpers.py', 281, 281)"
295,breaks in linear flow,"('/home/toffer/Repos/flask-tags/flask-0.12/flask/helpers.py', 287, 287)"
296,breaks in linear flow,"('/home/toffer/Repos/flask-tags/flask-0.12/flask/helpers.py', 288, 288)"
297,breaks in linear flow,"('/home/toffer/Repos/flask-tags/flask-0.12/flask/helpers.py', 298, 298)"
298,breaks in linear flow,"('/home/toffer/Repos/flask-tags/flask-0.12/flask/helpers.py', 314, 314)"
299,breaks in linear flow,"('/home/toffer/Repos/flask-tags/flask-0.12/flask/helpers.py', 315, 315)"
300,breaks in linear flow,"('/home/toffer/Repos/flask-tags/flask-0.12/flask/helpers.py', 325, 325)"
301,breaks in linear flow,"('/home/toffer/Repos/flask-tags/flask-0.12/flask/helpers.py', 327, 327)"
302,breaks in linear flow,"('/home/toffer/Repos/flask-tags/flask-0.12/flask/helpers.py', 335, 335)"
303,breaks in linear flow,"('/home/toffer/Repos/flask-tags/flask-0.12/flask/helpers.py', 421, 421)"
304,breaks in linear flow,"('/home/toffer/Repos/flask-tags/flask-0.12/flask/helpers.py', 424, 424)"
305,breaks in linear flow,"('/home/toffer/Repos/flask-tags/flask-0.12/flask/helpers.py', 426, 426)"
306,breaks in linear flow,"('/home/toffer/Repos/flask-tags/flask-0.12/flask/helpers.py', 509, 509)"
307,breaks in linear flow,"('/home/toffer/Repos/flask-tags/flask-0.12/flask/helpers.py', 511, 511)"
308,breaks in linear flow,"('/home/toffer/Repos/flask-tags/flask-0.12/flask/helpers.py', 514, 514)"
309,breaks in linear flow,"('/home/toffer/Repos/flask-tags/flask-0.12/flask/helpers.py', 520, 520)"
310,breaks in linear flow,"('/home/toffer/Repos/flask-tags/flask-0.12/flask/helpers.py', 521, 521)"
311,breaks in linear flow,"('/home/toffer/Repos/flask-tags/flask-0.12/flask/helpers.py', 525, 525)"
312,breaks in linear flow,"('/home/toffer/Repos/flask-tags/flask-0.12/flask/helpers.py', 533, 533)"
313,breaks in linear flow,"('/home/toffer/Repos/flask-tags/flask-0.12/flask/helpers.py', 534, 534)"
314,breaks in linear flow,"('/home/toffer/Repos/flask-tags/flask-0.12/flask/helpers.py', 540, 540)"
315,breaks in linear flow,"('/home/toffer/Repos/flask-tags/flask-0.12/flask/helpers.py', 541, 541)"
316,breaks in linear flow,"('/home/toffer/Repos/flask-tags/flask-0.12/flask/helpers.py', 548, 548)"
317,breaks in linear flow,"('/home/toffer/Repos/flask-tags/flask-0.12/flask/helpers.py', 558, 558)"
318,breaks in linear flow,"('/home/toffer/Repos/flask-tags/flask-0.12/flask/helpers.py', 564, 564)"
319,breaks in linear flow,"('/home/toffer/Repos/flask-tags/flask-0.12/flask/helpers.py', 566, 566)"
320,breaks in linear flow,"('/home/toffer/Repos/flask-tags/flask-0.12/flask/helpers.py', 570, 570)"
321,breaks in linear flow,"('/home/toffer/Repos/flask-tags/flask-0.12/flask/helpers.py', 582, 582)"
322,breaks in linear flow,"('/home/toffer/Repos/flask-tags/flask-0.12/flask/helpers.py', 586, 586)"
323,breaks in linear flow,"('/home/toffer/Repos/flask-tags/flask-0.12/flask/helpers.py', 587, 587)"
324,breaks in linear flow,"('/home/toffer/Repos/flask-tags/flask-0.12/flask/helpers.py', 593, 593)"
325,breaks in linear flow,"('/home/toffer/Repos/flask-tags/flask-0.12/flask/helpers.py', 600, 600)"
326,breaks in linear flow,"('/home/toffer/Repos/flask-tags/flask-0.12/flask/helpers.py', 622, 622)"
327,breaks in linear flow,"('/home/toffer/Repos/flask-tags/flask-0.12/flask/helpers.py', 623, 623)"
328,breaks in linear flow,"('/home/toffer/Repos/flask-tags/flask-0.12/flask/helpers.py', 625, 625)"
329,breaks in linear flow,"('/home/toffer/Repos/flask-tags/flask-0.12/flask/helpers.py', 626, 626)"
330,breaks in linear flow,"('/home/toffer/Repos/flask-tags/flask-0.12/flask/helpers.py', 628, 628)"
331,breaks in linear flow,"('/home/toffer/Repos/flask-tags/flask-0.12/flask/helpers.py', 664, 664)"
332,breaks in linear flow,"('/home/toffer/Repos/flask-tags/flask-0.12/flask/helpers.py', 667, 667)"
333,breaks in linear flow,"('/home/toffer/Repos/flask-tags/flask-0.12/flask/helpers.py', 669, 669)"
334,breaks in linear flow,"('/home/toffer/Repos/flask-tags/flask-0.12/flask/helpers.py', 683, 683)"
335,breaks in linear flow,"('/home/toffer/Repos/flask-tags/flask-0.12/flask/helpers.py', 692, 692)"
336,breaks in linear flow,"('/home/toffer/Repos/flask-tags/flask-0.12/flask/helpers.py', 697, 697)"
337,breaks in linear flow,"('/home/toffer/Repos/flask-tags/flask-0.12/flask/helpers.py', 708, 708)"
338,breaks in linear flow,"('/home/toffer/Repos/flask-tags/flask-0.12/flask/helpers.py', 727, 727)"
339,breaks in linear flow,"('/home/toffer/Repos/flask-tags/flask-0.12/flask/helpers.py', 754, 754)"
340,breaks in linear flow,"('/home/toffer/Repos/flask-tags/flask-0.12/flask/helpers.py', 759, 759)"
341,breaks in linear flow,"('/home/toffer/Repos/flask-tags/flask-0.12/flask/helpers.py', 777, 777)"
342,breaks in linear flow,"('/home/toffer/Repos/flask-tags/flask-0.12/flask/helpers.py', 783, 783)"
343,breaks in linear flow,"('/home/toffer/Repos/flask-tags/flask-0.12/flask/helpers.py', 788, 788)"
344,breaks in linear flow,"('/home/toffer/Repos/flask-tags/flask-0.12/flask/helpers.py', 815, 815)"
345,breaks in linear flow,"('/home/toffer/Repos/flask-tags/flask-0.12/flask/helpers.py', 819, 819)"
346,breaks in linear flow,"('/home/toffer/Repos/flask-tags/flask-0.12/flask/helpers.py', 836, 836)"
347,breaks in linear flow,"('/home/toffer/Repos/flask-tags/flask-0.12/flask/helpers.py', 846, 846)"
348,breaks in linear flow,"('/home/toffer/Repos/flask-tags/flask-0.12/flask/helpers.py', 856, 856)"
349,breaks in linear flow,"('/home/toffer/Repos/flask-tags/flask-0.12/flask/helpers.py', 858, 858)"
350,breaks in linear flow,"('/home/toffer/Repos/flask-tags/flask-0.12/flask/helpers.py', 880, 880)"
351,breaks in linear flow,"('/home/toffer/Repos/flask-tags/flask-0.12/flask/helpers.py', 916, 916)"
352,breaks in linear flow,"('/home/toffer/Repos/flask-tags/flask-0.12/flask/helpers.py', 947, 947)"
353,breaks in linear flow,"('/home/toffer/Repos/flask-tags/flask-0.12/flask/app.py', 46, 46)"
354,breaks in linear flow,"('/home/toffer/Repos/flask-tags/flask-0.12/flask/app.py', 56, 56)"
355,breaks in linear flow,"('/home/toffer/Repos/flask-tags/flask-0.12/flask/app.py', 346, 346)"
356,breaks in linear flow,"('/home/toffer/Repos/flask-tags/flask-0.12/flask/app.py', 352, 352)"
357,breaks in linear flow,"('/home/toffer/Repos/flask-tags/flask-0.12/flask/app.py', 354, 354)"
358,breaks in linear flow,"('/home/toffer/Repos/flask-tags/flask-0.12/flask/app.py', 356, 356)"
359,breaks in linear flow,"('/home/toffer/Repos/flask-tags/flask-0.12/flask/app.py', 538, 538)"
360,breaks in linear flow,"('/home/toffer/Repos/flask-tags/flask-0.12/flask/app.py', 572, 572)"
361,breaks in linear flow,"('/home/toffer/Repos/flask-tags/flask-0.12/flask/app.py', 574, 574)"
362,breaks in linear flow,"('/home/toffer/Repos/flask-tags/flask-0.12/flask/app.py', 587, 587)"
363,breaks in linear flow,"('/home/toffer/Repos/flask-tags/flask-0.12/flask/app.py', 600, 600)"
364,breaks in linear flow,"('/home/toffer/Repos/flask-tags/flask-0.12/flask/app.py', 617, 617)"
365,breaks in linear flow,"('/home/toffer/Repos/flask-tags/flask-0.12/flask/app.py', 620, 620)"
366,breaks in linear flow,"('/home/toffer/Repos/flask-tags/flask-0.12/flask/app.py', 650, 650)"
367,breaks in linear flow,"('/home/toffer/Repos/flask-tags/flask-0.12/flask/app.py', 663, 663)"
368,breaks in linear flow,"('/home/toffer/Repos/flask-tags/flask-0.12/flask/app.py', 691, 691)"
369,breaks in linear flow,"('/home/toffer/Repos/flask-tags/flask-0.12/flask/app.py', 693, 693)"
370,breaks in linear flow,"('/home/toffer/Repos/flask-tags/flask-0.12/flask/app.py', 694, 694)"
371,breaks in linear flow,"('/home/toffer/Repos/flask-tags/flask-0.12/flask/app.py', 741, 741)"
372,breaks in linear flow,"('/home/toffer/Repos/flask-tags/flask-0.12/flask/app.py', 758, 758)"
373,breaks in linear flow,"('/home/toffer/Repos/flask-tags/flask-0.12/flask/app.py', 760, 760)"
374,breaks in linear flow,"('/home/toffer/Repos/flask-tags/flask-0.12/flask/app.py', 763, 763)"
375,breaks in linear flow,"('/home/toffer/Repos/flask-tags/flask-0.12/flask/app.py', 778, 778)"
376,breaks in linear flow,"('/home/toffer/Repos/flask-tags/flask-0.12/flask/app.py', 828, 828)"
377,breaks in linear flow,"('/home/toffer/Repos/flask-tags/flask-0.12/flask/app.py', 830, 830)"
378,breaks in linear flow,"('/home/toffer/Repos/flask-tags/flask-0.12/flask/app.py', 832, 832)"
379,breaks in linear flow,"('/home/toffer/Repos/flask-tags/flask-0.12/flask/app.py', 836, 836)"
380,breaks in linear flow,"('/home/toffer/Repos/flask-tags/flask-0.12/flask/app.py', 900, 900)"
381,breaks in linear flow,"('/home/toffer/Repos/flask-tags/flask-0.12/flask/app.py', 941, 941)"
382,breaks in linear flow,"('/home/toffer/Repos/flask-tags/flask-0.12/flask/app.py', 1010, 1010)"
383,breaks in linear flow,"('/home/toffer/Repos/flask-tags/flask-0.12/flask/app.py', 1018, 1018)"
384,breaks in linear flow,"('/home/toffer/Repos/flask-tags/flask-0.12/flask/app.py', 1020, 1020)"
385,breaks in linear flow,"('/home/toffer/Repos/flask-tags/flask-0.12/flask/app.py', 1033, 1033)"
386,breaks in linear flow,"('/home/toffer/Repos/flask-tags/flask-0.12/flask/app.py', 1034, 1034)"
387,breaks in linear flow,"('/home/toffer/Repos/flask-tags/flask-0.12/flask/app.py', 1047, 1047)"
388,breaks in linear flow,"('/home/toffer/Repos/flask-tags/flask-0.12/flask/app.py', 1049, 1049)"
389,breaks in linear flow,"('/home/toffer/Repos/flask-tags/flask-0.12/flask/app.py', 1103, 1103)"
390,breaks in linear flow,"('/home/toffer/Repos/flask-tags/flask-0.12/flask/app.py', 1110, 1110)"
391,breaks in linear flow,"('/home/toffer/Repos/flask-tags/flask-0.12/flask/app.py', 1179, 1179)"
392,breaks in linear flow,"('/home/toffer/Repos/flask-tags/flask-0.12/flask/app.py', 1437, 1437)"
393,breaks in linear flow,"('/home/toffer/Repos/flask-tags/flask-0.12/flask/app.py', 1439, 1439)"
394,breaks in linear flow,"('/home/toffer/Repos/flask-tags/flask-0.12/flask/app.py', 1441, 1441)"
395,breaks in linear flow,"('/home/toffer/Repos/flask-tags/flask-0.12/flask/app.py', 1450, 1450)"
396,breaks in linear flow,"('/home/toffer/Repos/flask-tags/flask-0.12/flask/app.py', 1465, 1465)"
397,breaks in linear flow,"('/home/toffer/Repos/flask-tags/flask-0.12/flask/app.py', 1469, 1469)"
398,breaks in linear flow,"('/home/toffer/Repos/flask-tags/flask-0.12/flask/app.py', 1487, 1487)"
399,breaks in linear flow,"('/home/toffer/Repos/flask-tags/flask-0.12/flask/app.py', 1489, 1489)"
400,breaks in linear flow,"('/home/toffer/Repos/flask-tags/flask-0.12/flask/app.py', 1511, 1511)"
401,breaks in linear flow,"('/home/toffer/Repos/flask-tags/flask-0.12/flask/app.py', 1516, 1516)"
402,breaks in linear flow,"('/home/toffer/Repos/flask-tags/flask-0.12/flask/app.py', 1534, 1534)"
403,breaks in linear flow,"('/home/toffer/Repos/flask-tags/flask-0.12/flask/app.py', 1539, 1539)"
404,breaks in linear flow,"('/home/toffer/Repos/flask-tags/flask-0.12/flask/app.py', 1545, 1545)"
405,breaks in linear flow,"('/home/toffer/Repos/flask-tags/flask-0.12/flask/app.py', 1570, 1570)"
406,breaks in linear flow,"('/home/toffer/Repos/flask-tags/flask-0.12/flask/app.py', 1589, 1589)"
407,breaks in linear flow,"('/home/toffer/Repos/flask-tags/flask-0.12/flask/app.py', 1594, 1594)"
408,breaks in linear flow,"('/home/toffer/Repos/flask-tags/flask-0.12/flask/app.py', 1611, 1611)"
409,breaks in linear flow,"('/home/toffer/Repos/flask-tags/flask-0.12/flask/app.py', 1613, 1613)"
410,breaks in linear flow,"('/home/toffer/Repos/flask-tags/flask-0.12/flask/app.py', 1634, 1634)"
411,breaks in linear flow,"('/home/toffer/Repos/flask-tags/flask-0.12/flask/app.py', 1635, 1635)"
412,breaks in linear flow,"('/home/toffer/Repos/flask-tags/flask-0.12/flask/app.py', 1648, 1648)"
413,breaks in linear flow,"('/home/toffer/Repos/flask-tags/flask-0.12/flask/app.py', 1651, 1651)"
414,breaks in linear flow,"('/home/toffer/Repos/flask-tags/flask-0.12/flask/app.py', 1653, 1653)"
415,breaks in linear flow,"('/home/toffer/Repos/flask-tags/flask-0.12/flask/app.py', 1665, 1665)"
416,breaks in linear flow,"('/home/toffer/Repos/flask-tags/flask-0.12/flask/app.py', 1672, 1672)"
417,breaks in linear flow,"('/home/toffer/Repos/flask-tags/flask-0.12/flask/app.py', 1674, 1674)"
418,breaks in linear flow,"('/home/toffer/Repos/flask-tags/flask-0.12/flask/app.py', 1721, 1721)"
419,breaks in linear flow,"('/home/toffer/Repos/flask-tags/flask-0.12/flask/app.py', 1724, 1724)"
420,breaks in linear flow,"('/home/toffer/Repos/flask-tags/flask-0.12/flask/app.py', 1727, 1727)"
421,breaks in linear flow,"('/home/toffer/Repos/flask-tags/flask-0.12/flask/app.py', 1730, 1730)"
422,breaks in linear flow,"('/home/toffer/Repos/flask-tags/flask-0.12/flask/app.py', 1735, 1735)"
423,breaks in linear flow,"('/home/toffer/Repos/flask-tags/flask-0.12/flask/app.py', 1742, 1742)"
424,breaks in linear flow,"('/home/toffer/Repos/flask-tags/flask-0.12/flask/app.py', 1743, 1743)"
425,breaks in linear flow,"('/home/toffer/Repos/flask-tags/flask-0.12/flask/app.py', 1747, 1747)"
426,breaks in linear flow,"('/home/toffer/Repos/flask-tags/flask-0.12/flask/app.py', 1763, 1763)"
427,breaks in linear flow,"('/home/toffer/Repos/flask-tags/flask-0.12/flask/app.py', 1768, 1768)"
428,breaks in linear flow,"('/home/toffer/Repos/flask-tags/flask-0.12/flask/app.py', 1782, 1782)"
429,breaks in linear flow,"('/home/toffer/Repos/flask-tags/flask-0.12/flask/app.py', 1785, 1785)"
430,breaks in linear flow,"('/home/toffer/Repos/flask-tags/flask-0.12/flask/app.py', 1792, 1792)"
431,breaks in linear flow,"('/home/toffer/Repos/flask-tags/flask-0.12/flask/app.py', 1795, 1795)"
432,breaks in linear flow,"('/home/toffer/Repos/flask-tags/flask-0.12/flask/app.py', 1797, 1797)"
433,breaks in linear flow,"('/home/toffer/Repos/flask-tags/flask-0.12/flask/app.py', 1804, 1804)"
434,breaks in linear flow,"('/home/toffer/Repos/flask-tags/flask-0.12/flask/app.py', 1822, 1822)"
435,breaks in linear flow,"('/home/toffer/Repos/flask-tags/flask-0.12/flask/app.py', 1824, 1824)"
436,breaks in linear flow,"('/home/toffer/Repos/flask-tags/flask-0.12/flask/app.py', 1828, 1828)"
437,breaks in linear flow,"('/home/toffer/Repos/flask-tags/flask-0.12/flask/app.py', 1830, 1830)"
438,breaks in linear flow,"('/home/toffer/Repos/flask-tags/flask-0.12/flask/app.py', 1832, 1832)"
439,breaks in linear flow,"('/home/toffer/Repos/flask-tags/flask-0.12/flask/app.py', 1851, 1851)"
440,breaks in linear flow,"('/home/toffer/Repos/flask-tags/flask-0.12/flask/app.py', 1853, 1853)"
441,breaks in linear flow,"('/home/toffer/Repos/flask-tags/flask-0.12/flask/app.py', 1855, 1855)"
442,breaks in linear flow,"('/home/toffer/Repos/flask-tags/flask-0.12/flask/app.py', 1857, 1857)"
443,breaks in linear flow,"('/home/toffer/Repos/flask-tags/flask-0.12/flask/app.py', 1872, 1872)"
444,breaks in linear flow,"('/home/toffer/Repos/flask-tags/flask-0.12/flask/app.py', 1876, 1876)"
445,breaks in linear flow,"('/home/toffer/Repos/flask-tags/flask-0.12/flask/app.py', 1878, 1878)"
446,breaks in linear flow,"('/home/toffer/Repos/flask-tags/flask-0.12/flask/app.py', 1889, 1889)"
447,breaks in linear flow,"('/home/toffer/Repos/flask-tags/flask-0.12/flask/app.py', 1891, 1891)"
448,breaks in linear flow,"('/home/toffer/Repos/flask-tags/flask-0.12/flask/app.py', 1983, 1983)"
449,breaks in linear flow,"('/home/toffer/Repos/flask-tags/flask-0.12/flask/app.py', 1988, 1988)"
450,breaks in linear flow,"('/home/toffer/Repos/flask-tags/flask-0.12/flask/cli.py', 34, 34)"
451,breaks in linear flow,"('/home/toffer/Repos/flask-tags/flask-0.12/flask/cli.py', 36, 36)"
452,breaks in linear flow,"('/home/toffer/Repos/flask-tags/flask-0.12/flask/cli.py', 43, 43)"
453,breaks in linear flow,"('/home/toffer/Repos/flask-tags/flask-0.12/flask/cli.py', 58, 58)"
454,breaks in linear flow,"('/home/toffer/Repos/flask-tags/flask-0.12/flask/cli.py', 70, 70)"
455,breaks in linear flow,"('/home/toffer/Repos/flask-tags/flask-0.12/flask/cli.py', 73, 73)"
456,breaks in linear flow,"('/home/toffer/Repos/flask-tags/flask-0.12/flask/cli.py', 74, 74)"
457,breaks in linear flow,"('/home/toffer/Repos/flask-tags/flask-0.12/flask/cli.py', 83, 83)"
458,breaks in linear flow,"('/home/toffer/Repos/flask-tags/flask-0.12/flask/cli.py', 91, 91)"
459,breaks in linear flow,"('/home/toffer/Repos/flask-tags/flask-0.12/flask/cli.py', 97, 97)"
460,breaks in linear flow,"('/home/toffer/Repos/flask-tags/flask-0.12/flask/cli.py', 101, 101)"
461,breaks in linear flow,"('/home/toffer/Repos/flask-tags/flask-0.12/flask/cli.py', 110, 110)"
462,breaks in linear flow,"('/home/toffer/Repos/flask-tags/flask-0.12/flask/cli.py', 112, 112)"
463,breaks in linear flow,"('/home/toffer/Repos/flask-tags/flask-0.12/flask/cli.py', 118, 118)"
464,breaks in linear flow,"('/home/toffer/Repos/flask-tags/flask-0.12/flask/cli.py', 145, 145)"
465,breaks in linear flow,"('/home/toffer/Repos/flask-tags/flask-0.12/flask/cli.py', 156, 156)"
466,breaks in linear flow,"('/home/toffer/Repos/flask-tags/flask-0.12/flask/cli.py', 164, 164)"
467,breaks in linear flow,"('/home/toffer/Repos/flask-tags/flask-0.12/flask/cli.py', 176, 176)"
468,breaks in linear flow,"('/home/toffer/Repos/flask-tags/flask-0.12/flask/cli.py', 180, 180)"
469,breaks in linear flow,"('/home/toffer/Repos/flask-tags/flask-0.12/flask/cli.py', 197, 197)"
470,breaks in linear flow,"('/home/toffer/Repos/flask-tags/flask-0.12/flask/cli.py', 198, 198)"
471,breaks in linear flow,"('/home/toffer/Repos/flask-tags/flask-0.12/flask/cli.py', 220, 220)"
472,breaks in linear flow,"('/home/toffer/Repos/flask-tags/flask-0.12/flask/cli.py', 222, 222)"
473,breaks in linear flow,"('/home/toffer/Repos/flask-tags/flask-0.12/flask/cli.py', 225, 225)"
474,breaks in linear flow,"('/home/toffer/Repos/flask-tags/flask-0.12/flask/cli.py', 233, 233)"
475,breaks in linear flow,"('/home/toffer/Repos/flask-tags/flask-0.12/flask/cli.py', 270, 270)"
476,breaks in linear flow,"('/home/toffer/Repos/flask-tags/flask-0.12/flask/cli.py', 304, 304)"
477,breaks in linear flow,"('/home/toffer/Repos/flask-tags/flask-0.12/flask/cli.py', 310, 310)"
478,breaks in linear flow,"('/home/toffer/Repos/flask-tags/flask-0.12/flask/cli.py', 317, 317)"
479,breaks in linear flow,"('/home/toffer/Repos/flask-tags/flask-0.12/flask/cli.py', 321, 321)"
480,breaks in linear flow,"('/home/toffer/Repos/flask-tags/flask-0.12/flask/cli.py', 325, 325)"
481,breaks in linear flow,"('/home/toffer/Repos/flask-tags/flask-0.12/flask/cli.py', 340, 340)"
482,breaks in linear flow,"('/home/toffer/Repos/flask-tags/flask-0.12/flask/cli.py', 346, 346)"
483,breaks in linear flow,"('/home/toffer/Repos/flask-tags/flask-0.12/flask/cli.py', 348, 348)"
484,breaks in linear flow,"('/home/toffer/Repos/flask-tags/flask-0.12/flask/cli.py', 360, 360)"
485,breaks in linear flow,"('/home/toffer/Repos/flask-tags/flask-0.12/flask/cli.py', 370, 370)"
486,breaks in linear flow,"('/home/toffer/Repos/flask-tags/flask-0.12/flask/cli.py', 410, 410)"
487,breaks in linear flow,"('/home/toffer/Repos/flask-tags/flask-0.12/flask/cli.py', 412, 412)"
488,breaks in linear flow,"('/home/toffer/Repos/flask-tags/flask-0.12/flask/cli.py', 414, 414)"
489,breaks in linear flow,"('/home/toffer/Repos/flask-tags/flask-0.12/flask/cli.py', 421, 421)"
490,breaks in linear flow,"('/home/toffer/Repos/flask-tags/flask-0.12/flask/cli.py', 426, 426)"
491,breaks in linear flow,"('/home/toffer/Repos/flask-tags/flask-0.12/flask/cli.py', 428, 428)"
492,breaks in linear flow,"('/home/toffer/Repos/flask-tags/flask-0.12/flask/cli.py', 460, 460)"
493,breaks in linear flow,"('/home/toffer/Repos/flask-tags/flask-0.12/flask/cli.py', 494, 494)"
494,breaks in linear flow,"('/home/toffer/Repos/flask-tags/flask-0.12/flask/cli.py', 495, 495)"
495,breaks in linear flow,"('/home/toffer/Repos/flask-tags/flask-0.12/flask/cli.py', 510, 510)"
496,breaks in linear flow,"('/home/toffer/Repos/flask-tags/flask-0.12/flask/wrappers.py', 23, 23)"
497,breaks in linear flow,"('/home/toffer/Repos/flask-tags/flask-0.12/flask/wrappers.py', 66, 66)"
498,breaks in linear flow,"('/home/toffer/Repos/flask-tags/flask-0.12/flask/wrappers.py', 76, 76)"
499,breaks in linear flow,"('/home/toffer/Repos/flask-tags/flask-0.12/flask/wrappers.py', 89, 89)"
500,breaks in linear flow,"('/home/toffer/Repos/flask-tags/flask-0.12/flask/wrappers.py', 95, 95)"
501,breaks in linear flow,"('/home/toffer/Repos/flask-tags/flask-0.12/flask/wrappers.py', 119, 119)"
502,breaks in linear flow,"('/home/toffer/Repos/flask-tags/flask-0.12/flask/wrappers.py', 121, 121)"
503,breaks in linear flow,"('/home/toffer/Repos/flask-tags/flask-0.12/flask/wrappers.py', 141, 141)"
504,breaks in linear flow,"('/home/toffer/Repos/flask-tags/flask-0.12/flask/wrappers.py', 144, 144)"
505,breaks in linear flow,"('/home/toffer/Repos/flask-tags/flask-0.12/flask/wrappers.py', 154, 154)"
506,breaks in linear flow,"('/home/toffer/Repos/flask-tags/flask-0.12/flask/wrappers.py', 158, 158)"
507,breaks in linear flow,"('/home/toffer/Repos/flask-tags/flask-0.12/flask/wrappers.py', 159, 159)"
508,breaks in linear flow,"('/home/toffer/Repos/flask-tags/flask-0.12/flask/wrappers.py', 163, 163)"
509,breaks in linear flow,"('/home/toffer/Repos/flask-tags/flask-0.12/flask/wrappers.py', 180, 180)"
510,breaks in linear flow,"('/home/toffer/Repos/flask-tags/flask-0.12/flask/wrappers.py', 190, 190)"
511,breaks in linear flow,"('/home/toffer/Repos/flask-tags/flask-0.12/flask/testing.py', 20, 20)"
512,breaks in linear flow,"('/home/toffer/Repos/flask-tags/flask-0.12/flask/testing.py', 28, 28)"
513,breaks in linear flow,"('/home/toffer/Repos/flask-tags/flask-0.12/flask/testing.py', 31, 31)"
514,breaks in linear flow,"('/home/toffer/Repos/flask-tags/flask-0.12/flask/testing.py', 33, 33)"
515,breaks in linear flow,"('/home/toffer/Repos/flask-tags/flask-0.12/flask/testing.py', 35, 35)"
516,breaks in linear flow,"('/home/toffer/Repos/flask-tags/flask-0.12/flask/testing.py', 82, 82)"
517,breaks in linear flow,"('/home/toffer/Repos/flask-tags/flask-0.12/flask/testing.py', 91, 91)"
518,breaks in linear flow,"('/home/toffer/Repos/flask-tags/flask-0.12/flask/testing.py', 109, 109)"
519,breaks in linear flow,"('/home/toffer/Repos/flask-tags/flask-0.12/flask/testing.py', 130, 130)"
520,breaks in linear flow,"('/home/toffer/Repos/flask-tags/flask-0.12/flask/testing.py', 142, 142)"
521,breaks in linear flow,"('/home/toffer/Repos/flask-tags/flask-0.12/flask/debughelpers.py', 37, 37)"
522,breaks in linear flow,"('/home/toffer/Repos/flask-tags/flask-0.12/flask/debughelpers.py', 60, 60)"
523,breaks in linear flow,"('/home/toffer/Repos/flask-tags/flask-0.12/flask/debughelpers.py', 84, 84)"
524,breaks in linear flow,"('/home/toffer/Repos/flask-tags/flask-0.12/flask/debughelpers.py', 85, 85)"
525,breaks in linear flow,"('/home/toffer/Repos/flask-tags/flask-0.12/flask/debughelpers.py', 95, 95)"
526,breaks in linear flow,"('/home/toffer/Repos/flask-tags/flask-0.12/flask/debughelpers.py', 96, 96)"
527,breaks in linear flow,"('/home/toffer/Repos/flask-tags/flask-0.12/flask/debughelpers.py', 97, 97)"
528,breaks in linear flow,"('/home/toffer/Repos/flask-tags/flask-0.12/flask/debughelpers.py', 98, 98)"
529,breaks in linear flow,"('/home/toffer/Repos/flask-tags/flask-0.12/flask/debughelpers.py', 99, 99)"
530,breaks in linear flow,"('/home/toffer/Repos/flask-tags/flask-0.12/flask/debughelpers.py', 100, 100)"
531,breaks in linear flow,"('/home/toffer/Repos/flask-tags/flask-0.12/flask/debughelpers.py', 102, 102)"
532,breaks in linear flow,"('/home/toffer/Repos/flask-tags/flask-0.12/flask/debughelpers.py', 104, 104)"
533,breaks in linear flow,"('/home/toffer/Repos/flask-tags/flask-0.12/flask/debughelpers.py', 106, 106)"
534,breaks in linear flow,"('/home/toffer/Repos/flask-tags/flask-0.12/flask/debughelpers.py', 116, 116)"
535,breaks in linear flow,"('/home/toffer/Repos/flask-tags/flask-0.12/flask/debughelpers.py', 119, 119)"
536,breaks in linear flow,"('/home/toffer/Repos/flask-tags/flask-0.12/flask/debughelpers.py', 120, 120)"
537,breaks in linear flow,"('/home/toffer/Repos/flask-tags/flask-0.12/flask/debughelpers.py', 131, 131)"
538,breaks in linear flow,"('/home/toffer/Repos/flask-tags/flask-0.12/flask/debughelpers.py', 134, 134)"
539,breaks in linear flow,"('/home/toffer/Repos/flask-tags/flask-0.12/flask/debughelpers.py', 142, 142)"
540,breaks in linear flow,"('/home/toffer/Repos/flask-tags/flask-0.12/flask/debughelpers.py', 149, 149)"
541,breaks in linear flow,"('/home/toffer/Repos/flask-tags/flask-0.12/flask/exthook.py', 59, 59)"
542,breaks in linear flow,"('/home/toffer/Repos/flask-tags/flask-0.12/flask/exthook.py', 64, 64)"
543,breaks in linear flow,"('/home/toffer/Repos/flask-tags/flask-0.12/flask/exthook.py', 74, 74)"
544,breaks in linear flow,"('/home/toffer/Repos/flask-tags/flask-0.12/flask/exthook.py', 78, 78)"
545,breaks in linear flow,"('/home/toffer/Repos/flask-tags/flask-0.12/flask/exthook.py', 95, 95)"
546,breaks in linear flow,"('/home/toffer/Repos/flask-tags/flask-0.12/flask/exthook.py', 97, 97)"
547,breaks in linear flow,"('/home/toffer/Repos/flask-tags/flask-0.12/flask/exthook.py', 99, 99)"
548,breaks in linear flow,"('/home/toffer/Repos/flask-tags/flask-0.12/flask/exthook.py', 102, 102)"
549,breaks in linear flow,"('/home/toffer/Repos/flask-tags/flask-0.12/flask/exthook.py', 118, 118)"
550,breaks in linear flow,"('/home/toffer/Repos/flask-tags/flask-0.12/flask/exthook.py', 119, 119)"
551,breaks in linear flow,"('/home/toffer/Repos/flask-tags/flask-0.12/flask/exthook.py', 127, 127)"
552,breaks in linear flow,"('/home/toffer/Repos/flask-tags/flask-0.12/flask/exthook.py', 134, 134)"
553,breaks in linear flow,"('/home/toffer/Repos/flask-tags/flask-0.12/flask/logging.py', 38, 38)"
554,breaks in linear flow,"('/home/toffer/Repos/flask-tags/flask-0.12/flask/logging.py', 45, 45)"
555,breaks in linear flow,"('/home/toffer/Repos/flask-tags/flask-0.12/flask/logging.py', 61, 61)"
556,breaks in linear flow,"('/home/toffer/Repos/flask-tags/flask-0.12/flask/logging.py', 67, 67)"
557,breaks in linear flow,"('/home/toffer/Repos/flask-tags/flask-0.12/flask/logging.py', 72, 72)"
558,breaks in linear flow,"('/home/toffer/Repos/flask-tags/flask-0.12/flask/json.py', 36, 36)"
559,breaks in linear flow,"('/home/toffer/Repos/flask-tags/flask-0.12/flask/json.py', 44, 44)"
560,breaks in linear flow,"('/home/toffer/Repos/flask-tags/flask-0.12/flask/json.py', 74, 74)"
561,breaks in linear flow,"('/home/toffer/Repos/flask-tags/flask-0.12/flask/json.py', 76, 76)"
562,breaks in linear flow,"('/home/toffer/Repos/flask-tags/flask-0.12/flask/json.py', 78, 78)"
563,breaks in linear flow,"('/home/toffer/Repos/flask-tags/flask-0.12/flask/json.py', 93, 93)"
564,breaks in linear flow,"('/home/toffer/Repos/flask-tags/flask-0.12/flask/json.py', 95, 95)"
565,breaks in linear flow,"('/home/toffer/Repos/flask-tags/flask-0.12/flask/json.py', 105, 105)"
566,breaks in linear flow,"('/home/toffer/Repos/flask-tags/flask-0.12/flask/json.py', 124, 124)"
567,breaks in linear flow,"('/home/toffer/Repos/flask-tags/flask-0.12/flask/json.py', 133, 133)"
568,breaks in linear flow,"('/home/toffer/Repos/flask-tags/flask-0.12/flask/json.py', 144, 144)"
569,breaks in linear flow,"('/home/toffer/Repos/flask-tags/flask-0.12/flask/json.py', 153, 153)"
570,breaks in linear flow,"('/home/toffer/Repos/flask-tags/flask-0.12/flask/json.py', 188, 188)"
571,breaks in linear flow,"('/home/toffer/Repos/flask-tags/flask-0.12/flask/json.py', 251, 251)"
572,breaks in linear flow,"('/home/toffer/Repos/flask-tags/flask-0.12/flask/json.py', 255, 255)"
573,breaks in linear flow,"('/home/toffer/Repos/flask-tags/flask-0.12/flask/config.py', 29, 29)"
574,breaks in linear flow,"('/home/toffer/Repos/flask-tags/flask-0.12/flask/config.py', 32, 32)"
575,breaks in linear flow,"('/home/toffer/Repos/flask-tags/flask-0.12/flask/config.py', 101, 101)"
576,breaks in linear flow,"('/home/toffer/Repos/flask-tags/flask-0.12/flask/config.py', 102, 102)"
577,breaks in linear flow,"('/home/toffer/Repos/flask-tags/flask-0.12/flask/config.py', 131, 131)"
578,breaks in linear flow,"('/home/toffer/Repos/flask-tags/flask-0.12/flask/config.py', 132, 132)"
579,breaks in linear flow,"('/home/toffer/Repos/flask-tags/flask-0.12/flask/config.py', 167, 167)"
580,breaks in linear flow,"('/home/toffer/Repos/flask-tags/flask-0.12/flask/config.py', 169, 169)"
581,breaks in linear flow,"('/home/toffer/Repos/flask-tags/flask-0.12/flask/config.py', 170, 170)"
582,breaks in linear flow,"('/home/toffer/Repos/flask-tags/flask-0.12/flask/config.py', 191, 191)"
583,breaks in linear flow,"('/home/toffer/Repos/flask-tags/flask-0.12/flask/config.py', 192, 192)"
584,breaks in linear flow,"('/home/toffer/Repos/flask-tags/flask-0.12/flask/config.py', 205, 205)"
585,breaks in linear flow,"('/home/toffer/Repos/flask-tags/flask-0.12/flask/config.py', 206, 206)"
586,breaks in linear flow,"('/home/toffer/Repos/flask-tags/flask-0.12/flask/config.py', 215, 215)"
587,breaks in linear flow,"('/home/toffer/Repos/flask-tags/flask-0.12/flask/config.py', 216, 216)"
588,breaks in linear flow,"('/home/toffer/Repos/flask-tags/flask-0.12/flask/config.py', 217, 217)"
589,breaks in linear flow,"('/home/toffer/Repos/flask-tags/flask-0.12/flask/config.py', 250, 250)"
590,breaks in linear flow,"('/home/toffer/Repos/flask-tags/flask-0.12/flask/config.py', 251, 251)"
591,breaks in linear flow,"('/home/toffer/Repos/flask-tags/flask-0.12/flask/config.py', 252, 252)"
592,breaks in linear flow,"('/home/toffer/Repos/flask-tags/flask-0.12/flask/config.py', 253, 253)"
593,breaks in linear flow,"('/home/toffer/Repos/flask-tags/flask-0.12/flask/config.py', 257, 257)"
594,breaks in linear flow,"('/home/toffer/Repos/flask-tags/flask-0.12/flask/views.py', 86, 86)"
595,breaks in linear flow,"('/home/toffer/Repos/flask-tags/flask-0.12/flask/views.py', 89, 89)"
596,breaks in linear flow,"('/home/toffer/Repos/flask-tags/flask-0.12/flask/views.py', 109, 109)"
597,breaks in linear flow,"('/home/toffer/Repos/flask-tags/flask-0.12/flask/views.py', 111, 111)"
598,breaks in linear flow,"('/home/toffer/Repos/flask-tags/flask-0.12/flask/views.py', 112, 112)"
599,breaks in linear flow,"('/home/toffer/Repos/flask-tags/flask-0.12/flask/views.py', 118, 118)"
600,breaks in linear flow,"('/home/toffer/Repos/flask-tags/flask-0.12/flask/views.py', 146, 146)"
601,breaks in linear flow,"('/home/toffer/Repos/flask-tags/flask-0.12/flask/signals.py', 16, 16)"
602,breaks in linear flow,"('/home/toffer/Repos/flask-tags/flask-0.12/flask/_compat.py', 19, 19)"
603,breaks in linear flow,"('/home/toffer/Repos/flask-tags/flask-0.12/flask/_compat.py', 31, 31)"
604,breaks in linear flow,"('/home/toffer/Repos/flask-tags/flask-0.12/flask/_compat.py', 79, 79)"
605,breaks in linear flow,"('/home/toffer/Repos/flask-tags/flask-0.12/flask/_compat.py', 84, 84)"
606,breaks in linear flow,"('/home/toffer/Repos/flask-tags/flask-0.12/flask/_compat.py', 91, 91)"
607,breaks in linear flow,"('/home/toffer/Repos/flask-tags/flask-0.12/flask/_compat.py', 93, 93)"
608,breaks in linear flow,"('/home/toffer/Repos/flask-tags/flask-0.12/flask/_compat.py', 95, 95)"
609,breaks in linear flow,"('/home/toffer/Repos/flask-tags/flask-0.12/scripts/make-release.py', 26, 26)"
610,breaks in linear flow,"('/home/toffer/Repos/flask-tags/flask-0.12/scripts/make-release.py', 28, 28)"
611,breaks in linear flow,"('/home/toffer/Repos/flask-tags/flask-0.12/scripts/make-release.py', 29, 29)"
612,breaks in linear flow,"('/home/toffer/Repos/flask-tags/flask-0.12/scripts/make-release.py', 31, 31)"
613,breaks in linear flow,"('/home/toffer/Repos/flask-tags/flask-0.12/scripts/make-release.py', 32, 32)"
614,breaks in linear flow,"('/home/toffer/Repos/flask-tags/flask-0.12/scripts/make-release.py', 33, 33)"
615,breaks in linear flow,"('/home/toffer/Repos/flask-tags/flask-0.12/scripts/make-release.py', 35, 35)"
616,breaks in linear flow,"('/home/toffer/Repos/flask-tags/flask-0.12/scripts/make-release.py', 36, 36)"
617,breaks in linear flow,"('/home/toffer/Repos/flask-tags/flask-0.12/scripts/make-release.py', 40, 40)"
618,breaks in linear flow,"('/home/toffer/Repos/flask-tags/flask-0.12/scripts/make-release.py', 41, 41)"
619,breaks in linear flow,"('/home/toffer/Repos/flask-tags/flask-0.12/scripts/make-release.py', 50, 50)"
620,breaks in linear flow,"('/home/toffer/Repos/flask-tags/flask-0.12/scripts/make-release.py', 72, 72)"
621,breaks in linear flow,"('/home/toffer/Repos/flask-tags/flask-0.12/scripts/make-release.py', 119, 119)"
622,breaks in linear flow,"('/home/toffer/Repos/flask-tags/flask-0.12/scripts/make-release.py', 129, 129)"
623,breaks in linear flow,"('/home/toffer/Repos/flask-tags/flask-0.12/scripts/make-release.py', 131, 131)"
624,breaks in linear flow,"('/home/toffer/Repos/flask-tags/flask-0.12/scripts/make-release.py', 135, 135)"
625,breaks in linear flow,"('/home/toffer/Repos/flask-tags/flask-0.12/scripts/make-release.py', 145, 145)"
626,breaks in linear flow,"('/home/toffer/Repos/flask-tags/flask-0.12/scripts/flaskext_tester.py', 31, 31)"
627,breaks in linear flow,"('/home/toffer/Repos/flask-tags/flask-0.12/scripts/flaskext_tester.py', 133, 133)"
628,breaks in linear flow,"('/home/toffer/Repos/flask-tags/flask-0.12/scripts/flaskext_tester.py', 141, 141)"
629,breaks in linear flow,"('/home/toffer/Repos/flask-tags/flask-0.12/scripts/flaskext_tester.py', 144, 144)"
630,breaks in linear flow,"('/home/toffer/Repos/flask-tags/flask-0.12/scripts/flaskext_tester.py', 153, 153)"
631,breaks in linear flow,"('/home/toffer/Repos/flask-tags/flask-0.12/scripts/flaskext_tester.py', 167, 167)"
632,breaks in linear flow,"('/home/toffer/Repos/flask-tags/flask-0.12/scripts/flaskext_tester.py', 176, 176)"
633,breaks in linear flow,"('/home/toffer/Repos/flask-tags/flask-0.12/scripts/flaskext_tester.py', 188, 188)"
634,breaks in linear flow,"('/home/toffer/Repos/flask-tags/flask-0.12/scripts/flaskext_tester.py', 190, 190)"
635,breaks in linear flow,"('/home/toffer/Repos/flask-tags/flask-0.12/scripts/flaskext_tester.py', 191, 191)"
636,breaks in linear flow,"('/home/toffer/Repos/flask-tags/flask-0.12/scripts/flaskext_tester.py', 211, 211)"
637,breaks in linear flow,"('/home/toffer/Repos/flask-tags/flask-0.12/scripts/flaskext_tester.py', 222, 222)"
638,breaks in linear flow,"('/home/toffer/Repos/flask-tags/flask-0.12/scripts/flaskext_tester.py', 223, 223)"
639,breaks in linear flow,"('/home/toffer/Repos/flask-tags/flask-0.12/scripts/flaskext_tester.py', 259, 259)"
640,breaks in linear flow,"('/home/toffer/Repos/flask-tags/flask-0.12/scripts/flaskext_tester.py', 262, 262)"
641,breaks in linear flow,"('/home/toffer/Repos/flask-tags/flask-0.12/scripts/flaskext_tester.py', 293, 293)"
642,breaks in linear flow,"('/home/toffer/Repos/flask-tags/flask-0.12/scripts/flaskext_tester.py', 302, 302)"
643,breaks in linear flow,"('/home/toffer/Repos/flask-tags/flask-0.12/scripts/flaskext_tester.py', 308, 308)"
644,breaks in linear flow,"('/home/toffer/Repos/flask-tags/flask-0.12/scripts/flask-07-upgrade.py', 32, 32)"
645,breaks in linear flow,"('/home/toffer/Repos/flask-tags/flask-0.12/scripts/flask-07-upgrade.py', 59, 59)"
646,breaks in linear flow,"('/home/toffer/Repos/flask-tags/flask-0.12/scripts/flask-07-upgrade.py', 68, 68)"
647,breaks in linear flow,"('/home/toffer/Repos/flask-tags/flask-0.12/scripts/flask-07-upgrade.py', 72, 72)"
648,breaks in linear flow,"('/home/toffer/Repos/flask-tags/flask-0.12/scripts/flask-07-upgrade.py', 76, 76)"
649,breaks in linear flow,"('/home/toffer/Repos/flask-tags/flask-0.12/scripts/flask-07-upgrade.py', 77, 77)"
650,breaks in linear flow,"('/home/toffer/Repos/flask-tags/flask-0.12/scripts/flask-07-upgrade.py', 78, 78)"
651,breaks in linear flow,"('/home/toffer/Repos/flask-tags/flask-0.12/scripts/flask-07-upgrade.py', 80, 80)"
652,breaks in linear flow,"('/home/toffer/Repos/flask-tags/flask-0.12/scripts/flask-07-upgrade.py', 87, 87)"
653,breaks in linear flow,"('/home/toffer/Repos/flask-tags/flask-0.12/scripts/flask-07-upgrade.py', 95, 95)"
654,breaks in linear flow,"('/home/toffer/Repos/flask-tags/flask-0.12/scripts/flask-07-upgrade.py', 97, 97)"
655,breaks in linear flow,"('/home/toffer/Repos/flask-tags/flask-0.12/scripts/flask-07-upgrade.py', 103, 103)"
656,breaks in linear flow,"('/home/toffer/Repos/flask-tags/flask-0.12/scripts/flask-07-upgrade.py', 104, 104)"
657,breaks in linear flow,"('/home/toffer/Repos/flask-tags/flask-0.12/scripts/flask-07-upgrade.py', 105, 105)"
658,breaks in linear flow,"('/home/toffer/Repos/flask-tags/flask-0.12/scripts/flask-07-upgrade.py', 107, 107)"
659,breaks in linear flow,"('/home/toffer/Repos/flask-tags/flask-0.12/scripts/flask-07-upgrade.py', 112, 112)"
660,breaks in linear flow,"('/home/toffer/Repos/flask-tags/flask-0.12/scripts/flask-07-upgrade.py', 114, 114)"
661,breaks in linear flow,"('/home/toffer/Repos/flask-tags/flask-0.12/scripts/flask-07-upgrade.py', 118, 118)"
662,breaks in linear flow,"('/home/toffer/Repos/flask-tags/flask-0.12/scripts/flask-07-upgrade.py', 135, 135)"
663,breaks in linear flow,"('/home/toffer/Repos/flask-tags/flask-0.12/scripts/flask-07-upgrade.py', 139, 139)"
664,breaks in linear flow,"('/home/toffer/Repos/flask-tags/flask-0.12/scripts/flask-07-upgrade.py', 144, 144)"
665,breaks in linear flow,"('/home/toffer/Repos/flask-tags/flask-0.12/scripts/flask-07-upgrade.py', 157, 157)"
666,breaks in linear flow,"('/home/toffer/Repos/flask-tags/flask-0.12/scripts/flask-07-upgrade.py', 159, 159)"
667,breaks in linear flow,"('/home/toffer/Repos/flask-tags/flask-0.12/scripts/flask-07-upgrade.py', 161, 161)"
668,breaks in linear flow,"('/home/toffer/Repos/flask-tags/flask-0.12/scripts/flask-07-upgrade.py', 162, 162)"
669,breaks in linear flow,"('/home/toffer/Repos/flask-tags/flask-0.12/scripts/flask-07-upgrade.py', 164, 164)"
670,breaks in linear flow,"('/home/toffer/Repos/flask-tags/flask-0.12/scripts/flask-07-upgrade.py', 166, 166)"
671,breaks in linear flow,"('/home/toffer/Repos/flask-tags/flask-0.12/scripts/flask-07-upgrade.py', 168, 168)"
672,breaks in linear flow,"('/home/toffer/Repos/flask-tags/flask-0.12/scripts/flask-07-upgrade.py', 175, 175)"
673,breaks in linear flow,"('/home/toffer/Repos/flask-tags/flask-0.12/scripts/flask-07-upgrade.py', 182, 182)"
674,breaks in linear flow,"('/home/toffer/Repos/flask-tags/flask-0.12/scripts/flask-07-upgrade.py', 183, 183)"
675,breaks in linear flow,"('/home/toffer/Repos/flask-tags/flask-0.12/scripts/flask-07-upgrade.py', 185, 185)"
676,breaks in linear flow,"('/home/toffer/Repos/flask-tags/flask-0.12/scripts/flask-07-upgrade.py', 186, 186)"
677,breaks in linear flow,"('/home/toffer/Repos/flask-tags/flask-0.12/scripts/flask-07-upgrade.py', 188, 188)"
678,breaks in linear flow,"('/home/toffer/Repos/flask-tags/flask-0.12/scripts/flask-07-upgrade.py', 190, 190)"
679,breaks in linear flow,"('/home/toffer/Repos/flask-tags/flask-0.12/scripts/flask-07-upgrade.py', 191, 191)"
680,breaks in linear flow,"('/home/toffer/Repos/flask-tags/flask-0.12/scripts/flask-07-upgrade.py', 199, 199)"
681,breaks in linear flow,"('/home/toffer/Repos/flask-tags/flask-0.12/scripts/flask-07-upgrade.py', 201, 201)"
682,breaks in linear flow,"('/home/toffer/Repos/flask-tags/flask-0.12/scripts/flask-07-upgrade.py', 215, 215)"
683,breaks in linear flow,"('/home/toffer/Repos/flask-tags/flask-0.12/scripts/flask-07-upgrade.py', 223, 223)"
684,breaks in linear flow,"('/home/toffer/Repos/flask-tags/flask-0.12/scripts/flask-07-upgrade.py', 226, 226)"
685,breaks in linear flow,"('/home/toffer/Repos/flask-tags/flask-0.12/scripts/flask-07-upgrade.py', 233, 233)"
686,breaks in linear flow,"('/home/toffer/Repos/flask-tags/flask-0.12/scripts/flask-07-upgrade.py', 249, 249)"
687,breaks in linear flow,"('/home/toffer/Repos/flask-tags/flask-0.12/scripts/flask-07-upgrade.py', 251, 251)"
688,breaks in linear flow,"('/home/toffer/Repos/flask-tags/flask-0.12/scripts/flask-07-upgrade.py', 253, 253)"
689,breaks in linear flow,"('/home/toffer/Repos/flask-tags/flask-0.12/scripts/flask-07-upgrade.py', 254, 254)"
690,breaks in linear flow,"('/home/toffer/Repos/flask-tags/flask-0.12/scripts/flask-07-upgrade.py', 255, 255)"
691,breaks in linear flow,"('/home/toffer/Repos/flask-tags/flask-0.12/scripts/flask-07-upgrade.py', 262, 262)"
692,breaks in linear flow,"('/home/toffer/Repos/flask-tags/flask-0.12/scripts/flask-07-upgrade.py', 267, 267)"
693,breaks in linear flow,"('/home/toffer/Repos/flask-tags/flask-0.12/scripts/flask-07-upgrade.py', 270, 270)"
694,breaks in linear flow,"('/home/toffer/Repos/flask-tags/flask-0.12/scripts/flask-07-upgrade.py', 287, 287)"
695,breaks in linear flow,"('/home/toffer/Repos/flask-tags/flask-0.12/scripts/flask-07-upgrade.py', 290, 290)"
696,breaks in linear flow,"('/home/toffer/Repos/flask-tags/flask-0.12/scripts/flask-07-upgrade.py', 293, 293)"
697,breaks in linear flow,"('/home/toffer/Repos/flask-tags/flask-0.12/scripts/flask-07-upgrade.py', 297, 297)"
698,breaks in linear flow,"('/home/toffer/Repos/flask-tags/flask-0.12/scripts/flaskext_compat.py', 48, 48)"
699,breaks in linear flow,"('/home/toffer/Repos/flask-tags/flask-0.12/scripts/flaskext_compat.py', 52, 52)"
700,breaks in linear flow,"('/home/toffer/Repos/flask-tags/flask-0.12/scripts/flaskext_compat.py', 55, 55)"
701,breaks in linear flow,"('/home/toffer/Repos/flask-tags/flask-0.12/scripts/flaskext_compat.py', 59, 59)"
702,breaks in linear flow,"('/home/toffer/Repos/flask-tags/flask-0.12/scripts/flaskext_compat.py', 76, 76)"
703,breaks in linear flow,"('/home/toffer/Repos/flask-tags/flask-0.12/scripts/flaskext_compat.py', 78, 78)"
704,breaks in linear flow,"('/home/toffer/Repos/flask-tags/flask-0.12/scripts/flaskext_compat.py', 80, 80)"
705,breaks in linear flow,"('/home/toffer/Repos/flask-tags/flask-0.12/scripts/flaskext_compat.py', 91, 91)"
706,breaks in linear flow,"('/home/toffer/Repos/flask-tags/flask-0.12/scripts/flaskext_compat.py', 92, 92)"
707,breaks in linear flow,"('/home/toffer/Repos/flask-tags/flask-0.12/scripts/flaskext_compat.py', 100, 100)"
708,breaks in linear flow,"('/home/toffer/Repos/flask-tags/flask-0.12/scripts/flaskext_compat.py', 107, 107)"
709,breaks in linear flow,"('/home/toffer/Repos/flask-tags/flask-0.12/examples/jqueryexample/jqueryexample.py', 27, 27)"
710,breaks in linear flow,"('/home/toffer/Repos/flask-tags/flask-0.12/examples/blueprintexample/blueprintexample.py', 9, 9)"
711,breaks in linear flow,"('/home/toffer/Repos/flask-tags/flask-0.12/examples/blueprintexample/simple_page/simple_page.py', 12, 12)"
712,breaks in linear flow,"('/home/toffer/Repos/flask-tags/flask-0.12/examples/flaskr/flaskr/flaskr.py', 59, 59)"
713,breaks in linear flow,"('/home/toffer/Repos/flask-tags/flask-0.12/examples/flaskr/flaskr/flaskr.py', 67, 67)"
714,breaks in linear flow,"('/home/toffer/Repos/flask-tags/flask-0.12/examples/flaskr/flaskr/flaskr.py', 81, 81)"
715,breaks in linear flow,"('/home/toffer/Repos/flask-tags/flask-0.12/examples/flaskr/flaskr/flaskr.py', 94, 94)"
716,breaks in linear flow,"('/home/toffer/Repos/flask-tags/flask-0.12/examples/flaskr/flaskr/flaskr.py', 95, 95)"
717,breaks in linear flow,"('/home/toffer/Repos/flask-tags/flask-0.12/examples/minitwit/tests/test_minitwit.py', 34, 34)"
718,breaks in linear flow,"('/home/toffer/Repos/flask-tags/flask-0.12/examples/minitwit/tests/test_minitwit.py', 36, 36)"
719,breaks in linear flow,"('/home/toffer/Repos/flask-tags/flask-0.12/examples/minitwit/tests/test_minitwit.py', 69, 69)"
720,breaks in linear flow,"('/home/toffer/Repos/flask-tags/flask-0.12/examples/minitwit/minitwit/minitwit.py', 38, 38)"
721,breaks in linear flow,"('/home/toffer/Repos/flask-tags/flask-0.12/examples/minitwit/minitwit/minitwit.py', 48, 48)"
722,breaks in linear flow,"('/home/toffer/Repos/flask-tags/flask-0.12/examples/minitwit/minitwit/minitwit.py', 95, 95)"
723,breaks in linear flow,"('/home/toffer/Repos/flask-tags/flask-0.12/examples/minitwit/minitwit/minitwit.py', 106, 106)"
724,breaks in linear flow,"('/home/toffer/Repos/flask-tags/flask-0.12/examples/minitwit/minitwit/minitwit.py', 132, 132)"
725,breaks in linear flow,"('/home/toffer/Repos/flask-tags/flask-0.12/examples/minitwit/minitwit/minitwit.py', 135, 135)"
726,breaks in linear flow,"('/home/toffer/Repos/flask-tags/flask-0.12/examples/minitwit/minitwit/minitwit.py', 151, 151)"
727,breaks in linear flow,"('/home/toffer/Repos/flask-tags/flask-0.12/examples/minitwit/minitwit/minitwit.py', 154, 154)"
728,breaks in linear flow,"('/home/toffer/Repos/flask-tags/flask-0.12/examples/minitwit/minitwit/minitwit.py', 167, 167)"
729,breaks in linear flow,"('/home/toffer/Repos/flask-tags/flask-0.12/examples/minitwit/minitwit/minitwit.py', 170, 170)"
730,breaks in linear flow,"('/home/toffer/Repos/flask-tags/flask-0.12/examples/minitwit/minitwit/minitwit.py', 183, 183)"
731,breaks in linear flow,"('/home/toffer/Repos/flask-tags/flask-0.12/examples/minitwit/minitwit/minitwit.py', 185, 185)"
732,breaks in linear flow,"('/home/toffer/Repos/flask-tags/flask-0.12/examples/minitwit/minitwit/minitwit.py', 198, 198)"
733,breaks in linear flow,"('/home/toffer/Repos/flask-tags/flask-0.12/examples/minitwit/minitwit/minitwit.py', 201, 201)"
734,breaks in linear flow,"('/home/toffer/Repos/flask-tags/flask-0.12/examples/minitwit/minitwit/minitwit.py', 204, 204)"
735,breaks in linear flow,"('/home/toffer/Repos/flask-tags/flask-0.12/examples/minitwit/minitwit/minitwit.py', 219, 219)"
736,breaks in linear flow,"('/home/toffer/Repos/flask-tags/flask-0.12/examples/minitwit/minitwit/minitwit.py', 222, 222)"
737,breaks in linear flow,"('/home/toffer/Repos/flask-tags/flask-0.12/examples/minitwit/minitwit/minitwit.py', 223, 223)"
738,recursion,"('/home/toffer/Repos/flask-tags/flask-0.12/tests/test_views.py', 50, 50)"
739,recursion,"('/home/toffer/Repos/flask-tags/flask-0.12/scripts/make-release.py', 125, 126)"
740,recursion,"('/home/toffer/Repos/flask-tags/flask-0.12/scripts/make-release.py', 138, 138)"
741,recursion,"('/home/toffer/Repos/flask-tags/flask-0.12/scripts/flaskext_tester.py', 186, 186)"
742,recursion,"('/home/toffer/Repos/flask-tags/flask-0.12/scripts/flaskext_tester.py', 247, 247)"
