,type,file_start_end
0,method length,"('/home/toffer/Repos/flask-tags/flask-2.0.2/tests/test_helpers.py', 48, 90)"
1,method length,"('/home/toffer/Repos/flask-tags/flask-2.0.2/tests/test_helpers.py', 208, 237)"
2,method length,"('/home/toffer/Repos/flask-tags/flask-2.0.2/tests/test_async.py', 42, 79)"
3,method length,"('/home/toffer/Repos/flask-tags/flask-2.0.2/tests/test_async.py', 101, 156)"
4,method length,"('/home/toffer/Repos/flask-tags/flask-2.0.2/tests/conftest.py', 100, 127)"
5,method length,"('/home/toffer/Repos/flask-tags/flask-2.0.2/tests/conftest.py', 157, 189)"
6,method length,"('/home/toffer/Repos/flask-tags/flask-2.0.2/tests/conftest.py', 161, 187)"
7,method length,"('/home/toffer/Repos/flask-tags/flask-2.0.2/tests/test_cli.py', 50, 158)"
8,method length,"('/home/toffer/Repos/flask-tags/flask-2.0.2/tests/test_cli.py', 281, 320)"
9,method length,"('/home/toffer/Repos/flask-tags/flask-2.0.2/tests/test_cli.py', 631, 671)"
10,method length,"('/home/toffer/Repos/flask-tags/flask-2.0.2/tests/test_basic.py', 90, 124)"
11,method length,"('/home/toffer/Repos/flask-tags/flask-2.0.2/tests/test_basic.py', 158, 191)"
12,method length,"('/home/toffer/Repos/flask-tags/flask-2.0.2/tests/test_basic.py', 318, 353)"
13,method length,"('/home/toffer/Repos/flask-tags/flask-2.0.2/tests/test_basic.py', 424, 453)"
14,method length,"('/home/toffer/Repos/flask-tags/flask-2.0.2/tests/test_basic.py', 470, 498)"
15,method length,"('/home/toffer/Repos/flask-tags/flask-2.0.2/tests/test_basic.py', 501, 539)"
16,method length,"('/home/toffer/Repos/flask-tags/flask-2.0.2/tests/test_basic.py', 542, 594)"
17,method length,"('/home/toffer/Repos/flask-tags/flask-2.0.2/tests/test_basic.py', 612, 684)"
18,method length,"('/home/toffer/Repos/flask-tags/flask-2.0.2/tests/test_basic.py', 790, 825)"
19,method length,"('/home/toffer/Repos/flask-tags/flask-2.0.2/tests/test_basic.py', 828, 863)"
20,method length,"('/home/toffer/Repos/flask-tags/flask-2.0.2/tests/test_basic.py', 866, 901)"
21,method length,"('/home/toffer/Repos/flask-tags/flask-2.0.2/tests/test_basic.py', 977, 1006)"
22,method length,"('/home/toffer/Repos/flask-tags/flask-2.0.2/tests/test_basic.py', 1009, 1039)"
23,method length,"('/home/toffer/Repos/flask-tags/flask-2.0.2/tests/test_basic.py', 1042, 1070)"
24,method length,"('/home/toffer/Repos/flask-tags/flask-2.0.2/tests/test_basic.py', 1131, 1214)"
25,method length,"('/home/toffer/Repos/flask-tags/flask-2.0.2/tests/test_basic.py', 1217, 1258)"
26,method length,"('/home/toffer/Repos/flask-tags/flask-2.0.2/tests/test_basic.py', 1497, 1536)"
27,method length,"('/home/toffer/Repos/flask-tags/flask-2.0.2/tests/test_basic.py', 1603, 1629)"
28,method length,"('/home/toffer/Repos/flask-tags/flask-2.0.2/tests/test_basic.py', 1793, 1822)"
29,method length,"('/home/toffer/Repos/flask-tags/flask-2.0.2/tests/test_basic.py', 1985, 2012)"
30,method length,"('/home/toffer/Repos/flask-tags/flask-2.0.2/tests/test_signals.py', 61, 103)"
31,method length,"('/home/toffer/Repos/flask-tags/flask-2.0.2/tests/test_views.py', 101, 138)"
32,method length,"('/home/toffer/Repos/flask-tags/flask-2.0.2/tests/test_reqctx.py', 60, 98)"
33,method length,"('/home/toffer/Repos/flask-tags/flask-2.0.2/tests/test_reqctx.py', 144, 171)"
34,method length,"('/home/toffer/Repos/flask-tags/flask-2.0.2/tests/test_reqctx.py', 226, 272)"
35,method length,"('/home/toffer/Repos/flask-tags/flask-2.0.2/tests/test_testing.py', 215, 244)"
36,method length,"('/home/toffer/Repos/flask-tags/flask-2.0.2/tests/test_blueprints.py', 8, 43)"
37,method length,"('/home/toffer/Repos/flask-tags/flask-2.0.2/tests/test_blueprints.py', 46, 77)"
38,method length,"('/home/toffer/Repos/flask-tags/flask-2.0.2/tests/test_blueprints.py', 176, 220)"
39,method length,"('/home/toffer/Repos/flask-tags/flask-2.0.2/tests/test_blueprints.py', 290, 319)"
40,method length,"('/home/toffer/Repos/flask-tags/flask-2.0.2/tests/test_blueprints.py', 629, 666)"
41,method length,"('/home/toffer/Repos/flask-tags/flask-2.0.2/tests/test_blueprints.py', 690, 718)"
42,method length,"('/home/toffer/Repos/flask-tags/flask-2.0.2/tests/test_blueprints.py', 721, 761)"
43,method length,"('/home/toffer/Repos/flask-tags/flask-2.0.2/tests/test_blueprints.py', 791, 837)"
44,method length,"('/home/toffer/Repos/flask-tags/flask-2.0.2/tests/test_blueprints.py', 840, 917)"
45,method length,"('/home/toffer/Repos/flask-tags/flask-2.0.2/tests/test_blueprints.py', 974, 1003)"
46,method length,"('/home/toffer/Repos/flask-tags/flask-2.0.2/tests/test_templating.py', 353, 381)"
47,method length,"('/home/toffer/Repos/flask-tags/flask-2.0.2/tests/test_templating.py', 399, 432)"
48,method length,"('/home/toffer/Repos/flask-tags/flask-2.0.2/tests/test_user_error_handler.py', 10, 52)"
49,method length,"('/home/toffer/Repos/flask-tags/flask-2.0.2/tests/test_user_error_handler.py', 55, 91)"
50,method length,"('/home/toffer/Repos/flask-tags/flask-2.0.2/tests/test_user_error_handler.py', 94, 127)"
51,method length,"('/home/toffer/Repos/flask-tags/flask-2.0.2/tests/test_user_error_handler.py', 157, 208)"
52,method length,"('/home/toffer/Repos/flask-tags/flask-2.0.2/tests/test_json.py', 223, 256)"
53,method length,"('/home/toffer/Repos/flask-tags/flask-2.0.2/tests/test_json.py', 259, 299)"
54,method length,"('/home/toffer/Repos/flask-tags/flask-2.0.2/tests/test_json.py', 331, 399)"
55,method length,"('/home/toffer/Repos/flask-tags/flask-2.0.2/examples/tutorial/flaskr/__init__.py', 6, 50)"
56,method length,"('/home/toffer/Repos/flask-tags/flask-2.0.2/examples/tutorial/flaskr/auth.py', 47, 81)"
57,method length,"('/home/toffer/Repos/flask-tags/flask-2.0.2/examples/tutorial/flaskr/blog.py', 28, 57)"
58,method length,"('/home/toffer/Repos/flask-tags/flask-2.0.2/src/flask/scaffold.py', 101, 241)"
59,method length,"('/home/toffer/Repos/flask-tags/flask-2.0.2/src/flask/scaffold.py', 413, 442)"
60,method length,"('/home/toffer/Repos/flask-tags/flask-2.0.2/src/flask/scaffold.py', 452, 510)"
61,method length,"('/home/toffer/Repos/flask-tags/flask-2.0.2/src/flask/scaffold.py', 574, 610)"
62,method length,"('/home/toffer/Repos/flask-tags/flask-2.0.2/src/flask/scaffold.py', 654, 690)"
63,method length,"('/home/toffer/Repos/flask-tags/flask-2.0.2/src/flask/scaffold.py', 784, 833)"
64,method length,"('/home/toffer/Repos/flask-tags/flask-2.0.2/src/flask/scaffold.py', 836, 875)"
65,method length,"('/home/toffer/Repos/flask-tags/flask-2.0.2/src/flask/blueprints.py', 41, 78)"
66,method length,"('/home/toffer/Repos/flask-tags/flask-2.0.2/src/flask/blueprints.py', 271, 401)"
67,method length,"('/home/toffer/Repos/flask-tags/flask-2.0.2/src/flask/sessions.py', 178, 234)"
68,method length,"('/home/toffer/Repos/flask-tags/flask-2.0.2/src/flask/sessions.py', 368, 404)"
69,method length,"('/home/toffer/Repos/flask-tags/flask-2.0.2/src/flask/ctx.py', 137, 174)"
70,method length,"('/home/toffer/Repos/flask-tags/flask-2.0.2/src/flask/ctx.py', 177, 206)"
71,method length,"('/home/toffer/Repos/flask-tags/flask-2.0.2/src/flask/ctx.py', 302, 332)"
72,method length,"('/home/toffer/Repos/flask-tags/flask-2.0.2/src/flask/ctx.py', 372, 412)"
73,method length,"('/home/toffer/Repos/flask-tags/flask-2.0.2/src/flask/ctx.py', 414, 451)"
74,method length,"('/home/toffer/Repos/flask-tags/flask-2.0.2/src/flask/helpers.py', 70, 142)"
75,method length,"('/home/toffer/Repos/flask-tags/flask-2.0.2/src/flask/helpers.py', 145, 191)"
76,method length,"('/home/toffer/Repos/flask-tags/flask-2.0.2/src/flask/helpers.py', 194, 342)"
77,method length,"('/home/toffer/Repos/flask-tags/flask-2.0.2/src/flask/helpers.py', 367, 396)"
78,method length,"('/home/toffer/Repos/flask-tags/flask-2.0.2/src/flask/helpers.py', 401, 439)"
79,method length,"('/home/toffer/Repos/flask-tags/flask-2.0.2/src/flask/helpers.py', 452, 493)"
80,method length,"('/home/toffer/Repos/flask-tags/flask-2.0.2/src/flask/helpers.py', 510, 627)"
81,method length,"('/home/toffer/Repos/flask-tags/flask-2.0.2/src/flask/helpers.py', 658, 702)"
82,method length,"('/home/toffer/Repos/flask-tags/flask-2.0.2/src/flask/helpers.py', 705, 751)"
83,method length,"('/home/toffer/Repos/flask-tags/flask-2.0.2/src/flask/app.py', 396, 520)"
84,method length,"('/home/toffer/Repos/flask-tags/flask-2.0.2/src/flask/app.py', 674, 707)"
85,method length,"('/home/toffer/Repos/flask-tags/flask-2.0.2/src/flask/app.py', 732, 758)"
86,method length,"('/home/toffer/Repos/flask-tags/flask-2.0.2/src/flask/app.py', 812, 925)"
87,method length,"('/home/toffer/Repos/flask-tags/flask-2.0.2/src/flask/app.py', 927, 983)"
88,method length,"('/home/toffer/Repos/flask-tags/flask-2.0.2/src/flask/app.py', 1045, 1094)"
89,method length,"('/home/toffer/Repos/flask-tags/flask-2.0.2/src/flask/app.py', 1227, 1257)"
90,method length,"('/home/toffer/Repos/flask-tags/flask-2.0.2/src/flask/app.py', 1295, 1326)"
91,method length,"('/home/toffer/Repos/flask-tags/flask-2.0.2/src/flask/app.py', 1328, 1361)"
92,method length,"('/home/toffer/Repos/flask-tags/flask-2.0.2/src/flask/app.py', 1365, 1393)"
93,method length,"('/home/toffer/Repos/flask-tags/flask-2.0.2/src/flask/app.py', 1395, 1442)"
94,method length,"('/home/toffer/Repos/flask-tags/flask-2.0.2/src/flask/app.py', 1605, 1631)"
95,method length,"('/home/toffer/Repos/flask-tags/flask-2.0.2/src/flask/app.py', 1633, 1749)"
96,method length,"('/home/toffer/Repos/flask-tags/flask-2.0.2/src/flask/app.py', 1753, 1791)"
97,method length,"('/home/toffer/Repos/flask-tags/flask-2.0.2/src/flask/app.py', 1864, 1890)"
98,method length,"('/home/toffer/Repos/flask-tags/flask-2.0.2/src/flask/app.py', 1894, 1923)"
99,method length,"('/home/toffer/Repos/flask-tags/flask-2.0.2/src/flask/app.py', 1987, 2041)"
100,method length,"('/home/toffer/Repos/flask-tags/flask-2.0.2/src/flask/app.py', 2043, 2084)"
101,method length,"('/home/toffer/Repos/flask-tags/flask-2.0.2/src/flask/cli.py', 37, 87)"
102,method length,"('/home/toffer/Repos/flask-tags/flask-2.0.2/src/flask/cli.py', 90, 123)"
103,method length,"('/home/toffer/Repos/flask-tags/flask-2.0.2/src/flask/cli.py', 152, 224)"
104,method length,"('/home/toffer/Repos/flask-tags/flask-2.0.2/src/flask/cli.py', 227, 253)"
105,method length,"('/home/toffer/Repos/flask-tags/flask-2.0.2/src/flask/cli.py', 388, 428)"
106,method length,"('/home/toffer/Repos/flask-tags/flask-2.0.2/src/flask/cli.py', 610, 664)"
107,method length,"('/home/toffer/Repos/flask-tags/flask-2.0.2/src/flask/cli.py', 667, 693)"
108,method length,"('/home/toffer/Repos/flask-tags/flask-2.0.2/src/flask/cli.py', 707, 737)"
109,method length,"('/home/toffer/Repos/flask-tags/flask-2.0.2/src/flask/cli.py', 740, 768)"
110,method length,"('/home/toffer/Repos/flask-tags/flask-2.0.2/src/flask/cli.py', 831, 862)"
111,method length,"('/home/toffer/Repos/flask-tags/flask-2.0.2/src/flask/cli.py', 867, 913)"
112,method length,"('/home/toffer/Repos/flask-tags/flask-2.0.2/src/flask/cli.py', 929, 962)"
113,method length,"('/home/toffer/Repos/flask-tags/flask-2.0.2/src/flask/testing.py', 53, 82)"
114,method length,"('/home/toffer/Repos/flask-tags/flask-2.0.2/src/flask/testing.py', 122, 172)"
115,method length,"('/home/toffer/Repos/flask-tags/flask-2.0.2/src/flask/testing.py', 182, 221)"
116,method length,"('/home/toffer/Repos/flask-tags/flask-2.0.2/src/flask/debughelpers.py', 114, 159)"
117,method length,"('/home/toffer/Repos/flask-tags/flask-2.0.2/src/flask/config.py', 100, 127)"
118,method length,"('/home/toffer/Repos/flask-tags/flask-2.0.2/src/flask/config.py', 129, 165)"
119,method length,"('/home/toffer/Repos/flask-tags/flask-2.0.2/src/flask/config.py', 172, 205)"
120,method length,"('/home/toffer/Repos/flask-tags/flask-2.0.2/src/flask/config.py', 253, 292)"
121,method length,"('/home/toffer/Repos/flask-tags/flask-2.0.2/src/flask/views.py', 72, 103)"
122,method length,"('/home/toffer/Repos/flask-tags/flask-2.0.2/src/flask/json/tag.py', 258, 284)"
123,method length,"('/home/toffer/Repos/flask-tags/flask-2.0.2/src/flask/json/__init__.py', 110, 145)"
124,method length,"('/home/toffer/Repos/flask-tags/flask-2.0.2/src/flask/json/__init__.py', 150, 184)"
125,method length,"('/home/toffer/Repos/flask-tags/flask-2.0.2/src/flask/json/__init__.py', 187, 220)"
126,method length,"('/home/toffer/Repos/flask-tags/flask-2.0.2/src/flask/json/__init__.py', 223, 253)"
127,method length,"('/home/toffer/Repos/flask-tags/flask-2.0.2/src/flask/json/__init__.py', 288, 357)"
128,file length,"('/home/toffer/Repos/flask-tags/flask-2.0.2/tests/test_cli.py', -1, -1)"
129,file length,"('/home/toffer/Repos/flask-tags/flask-2.0.2/tests/test_basic.py', -1, -1)"
130,file length,"('/home/toffer/Repos/flask-tags/flask-2.0.2/tests/test_testing.py', -1, -1)"
131,file length,"('/home/toffer/Repos/flask-tags/flask-2.0.2/tests/test_blueprints.py', -1, -1)"
132,file length,"('/home/toffer/Repos/flask-tags/flask-2.0.2/tests/test_templating.py', -1, -1)"
133,file length,"('/home/toffer/Repos/flask-tags/flask-2.0.2/tests/test_json.py', -1, -1)"
134,file length,"('/home/toffer/Repos/flask-tags/flask-2.0.2/src/flask/scaffold.py', -1, -1)"
135,file length,"('/home/toffer/Repos/flask-tags/flask-2.0.2/src/flask/blueprints.py', -1, -1)"
136,file length,"('/home/toffer/Repos/flask-tags/flask-2.0.2/src/flask/sessions.py', -1, -1)"
137,file length,"('/home/toffer/Repos/flask-tags/flask-2.0.2/src/flask/ctx.py', -1, -1)"
138,file length,"('/home/toffer/Repos/flask-tags/flask-2.0.2/src/flask/helpers.py', -1, -1)"
139,file length,"('/home/toffer/Repos/flask-tags/flask-2.0.2/src/flask/app.py', -1, -1)"
140,file length,"('/home/toffer/Repos/flask-tags/flask-2.0.2/src/flask/cli.py', -1, -1)"
141,file length,"('/home/toffer/Repos/flask-tags/flask-2.0.2/src/flask/json/__init__.py', -1, -1)"
142,argument count,"('/home/toffer/Repos/flask-tags/flask-2.0.2/docs/conf.py', 69, 69)"
143,argument count,"('/home/toffer/Repos/flask-tags/flask-2.0.2/tests/test_helpers.py', 265, 267)"
144,argument count,"('/home/toffer/Repos/flask-tags/flask-2.0.2/tests/test_helpers.py', 284, 284)"
145,argument count,"('/home/toffer/Repos/flask-tags/flask-2.0.2/tests/test_basic.py', 1568, 1570)"
146,argument count,"('/home/toffer/Repos/flask-tags/flask-2.0.2/tests/test_basic.py', 1952, 1952)"
147,argument count,"('/home/toffer/Repos/flask-tags/flask-2.0.2/tests/test_basic.py', 1973, 1975)"
148,argument count,"('/home/toffer/Repos/flask-tags/flask-2.0.2/tests/test_instance_config.py', 62, 64)"
149,argument count,"('/home/toffer/Repos/flask-tags/flask-2.0.2/tests/test_instance_config.py', 75, 77)"
150,argument count,"('/home/toffer/Repos/flask-tags/flask-2.0.2/tests/test_instance_config.py', 93, 95)"
151,argument count,"('/home/toffer/Repos/flask-tags/flask-2.0.2/tests/test_blueprints.py', 120, 120)"
152,argument count,"('/home/toffer/Repos/flask-tags/flask-2.0.2/tests/test_blueprints.py', 929, 936)"
153,argument count,"('/home/toffer/Repos/flask-tags/flask-2.0.2/src/flask/scaffold.py', 92, 99)"
154,argument count,"('/home/toffer/Repos/flask-tags/flask-2.0.2/src/flask/scaffold.py', 445, 452)"
155,argument count,"('/home/toffer/Repos/flask-tags/flask-2.0.2/src/flask/blueprints.py', 34, 40)"
156,argument count,"('/home/toffer/Repos/flask-tags/flask-2.0.2/src/flask/blueprints.py', 80, 86)"
157,argument count,"('/home/toffer/Repos/flask-tags/flask-2.0.2/src/flask/blueprints.py', 175, 187)"
158,argument count,"('/home/toffer/Repos/flask-tags/flask-2.0.2/src/flask/blueprints.py', 403, 410)"
159,argument count,"('/home/toffer/Repos/flask-tags/flask-2.0.2/src/flask/ctx.py', 296, 302)"
160,argument count,"('/home/toffer/Repos/flask-tags/flask-2.0.2/src/flask/helpers.py', 442, 452)"
161,argument count,"('/home/toffer/Repos/flask-tags/flask-2.0.2/src/flask/helpers.py', 496, 510)"
162,argument count,"('/home/toffer/Repos/flask-tags/flask-2.0.2/src/flask/app.py', 384, 396)"
163,argument count,"('/home/toffer/Repos/flask-tags/flask-2.0.2/src/flask/app.py', 805, 812)"
164,argument count,"('/home/toffer/Repos/flask-tags/flask-2.0.2/src/flask/app.py', 1038, 1045)"
165,argument count,"('/home/toffer/Repos/flask-tags/flask-2.0.2/src/flask/cli.py', 503, 511)"
166,argument count,"('/home/toffer/Repos/flask-tags/flask-2.0.2/src/flask/cli.py', 829, 831)"
167,argument count,"('/home/toffer/Repos/flask-tags/flask-2.0.2/src/flask/testing.py', 44, 53)"
168,argument count,"('/home/toffer/Repos/flask-tags/flask-2.0.2/src/flask/testing.py', 174, 181)"
169,argument count,"('/home/toffer/Repos/flask-tags/flask-2.0.2/src/flask/testing.py', 257, 259)"
170,method count,"('/home/toffer/Repos/flask-tags/flask-2.0.2/tests/test_appctx.py', 6, 200)"
171,method count,"('/home/toffer/Repos/flask-tags/flask-2.0.2/tests/test_helpers.py', 18, 312)"
172,method count,"('/home/toffer/Repos/flask-tags/flask-2.0.2/tests/test_async.py', 26, 162)"
173,method count,"('/home/toffer/Repos/flask-tags/flask-2.0.2/tests/test_cli.py', 39, 687)"
174,method count,"('/home/toffer/Repos/flask-tags/flask-2.0.2/tests/test_basic.py', 28, 2027)"
175,method count,"('/home/toffer/Repos/flask-tags/flask-2.0.2/tests/test_signals.py', 15, 185)"
176,method count,"('/home/toffer/Repos/flask-tags/flask-2.0.2/tests/test_views.py', 7, 232)"
177,method count,"('/home/toffer/Repos/flask-tags/flask-2.0.2/tests/test_reqctx.py', 13, 316)"
178,method count,"('/home/toffer/Repos/flask-tags/flask-2.0.2/tests/test_testing.py', 18, 415)"
179,method count,"('/home/toffer/Repos/flask-tags/flask-2.0.2/tests/test_blueprints.py', 8, 991)"
180,method count,"('/home/toffer/Repos/flask-tags/flask-2.0.2/tests/test_templating.py', 10, 442)"
181,method count,"('/home/toffer/Repos/flask-tags/flask-2.0.2/tests/test_user_error_handler.py', 10, 283)"
182,method count,"('/home/toffer/Repos/flask-tags/flask-2.0.2/tests/test_json.py', 14, 404)"
183,method count,"('/home/toffer/Repos/flask-tags/flask-2.0.2/src/flask/scaffold.py', 40, 874)"
184,method count,"('/home/toffer/Repos/flask-tags/flask-2.0.2/src/flask/blueprints.py', 34, 608)"
185,method count,"('/home/toffer/Repos/flask-tags/flask-2.0.2/src/flask/sessions.py', 24, 403)"
186,method count,"('/home/toffer/Repos/flask-tags/flask-2.0.2/src/flask/ctx.py', 47, 479)"
187,method count,"('/home/toffer/Repos/flask-tags/flask-2.0.2/src/flask/helpers.py', 29, 835)"
188,method count,"('/home/toffer/Repos/flask-tags/flask-2.0.2/src/flask/app.py', 81, 2090)"
189,method count,"('/home/toffer/Repos/flask-tags/flask-2.0.2/src/flask/cli.py', 37, 993)"
190,method count,"('/home/toffer/Repos/flask-tags/flask-2.0.2/src/flask/json/tag.py', 66, 311)"
191,Return Statements,"('/home/toffer/Repos/flask-tags/flask-2.0.2/tests/test_async.py', 42, 79)"
192,Return Statements,"('/home/toffer/Repos/flask-tags/flask-2.0.2/tests/test_cli.py', 50, 158)"
193,Return Statements,"('/home/toffer/Repos/flask-tags/flask-2.0.2/tests/test_basic.py', 542, 594)"
194,Return Statements,"('/home/toffer/Repos/flask-tags/flask-2.0.2/tests/test_basic.py', 606, 684)"
195,Return Statements,"('/home/toffer/Repos/flask-tags/flask-2.0.2/tests/test_basic.py', 1131, 1214)"
196,Return Statements,"('/home/toffer/Repos/flask-tags/flask-2.0.2/tests/test_reqctx.py', 223, 272)"
197,Return Statements,"('/home/toffer/Repos/flask-tags/flask-2.0.2/tests/test_blueprints.py', 290, 319)"
198,Return Statements,"('/home/toffer/Repos/flask-tags/flask-2.0.2/tests/test_blueprints.py', 791, 837)"
199,Return Statements,"('/home/toffer/Repos/flask-tags/flask-2.0.2/tests/test_blueprints.py', 840, 917)"
200,Return Statements,"('/home/toffer/Repos/flask-tags/flask-2.0.2/tests/test_user_error_handler.py', 157, 208)"
201,Return Statements,"('/home/toffer/Repos/flask-tags/flask-2.0.2/tests/test_json.py', 223, 256)"
202,Return Statements,"('/home/toffer/Repos/flask-tags/flask-2.0.2/tests/test_json.py', 259, 299)"
203,Return Statements,"('/home/toffer/Repos/flask-tags/flask-2.0.2/src/flask/scaffold.py', 784, 833)"
204,Return Statements,"('/home/toffer/Repos/flask-tags/flask-2.0.2/src/flask/scaffold.py', 836, 875)"
205,Return Statements,"('/home/toffer/Repos/flask-tags/flask-2.0.2/src/flask/json/__init__.py', 43, 57)"
206,nested controlflow,"('/home/toffer/Repos/flask-tags/flask-2.0.2/src/flask/app.py', 1279, 1290)"
207,nested controlflow,"('/home/toffer/Repos/flask-tags/flask-2.0.2/src/flask/app.py', 1854, 1860)"
208,nested controlflow,"('/home/toffer/Repos/flask-tags/flask-2.0.2/src/flask/cli.py', 400, 413)"
209,breaks in linear flow,"('/home/toffer/Repos/flask-tags/flask-2.0.2/docs/conf.py', 74, 74)"
210,breaks in linear flow,"('/home/toffer/Repos/flask-tags/flask-2.0.2/docs/conf.py', 80, 80)"
211,breaks in linear flow,"('/home/toffer/Repos/flask-tags/flask-2.0.2/docs/conf.py', 85, 85)"
212,breaks in linear flow,"('/home/toffer/Repos/flask-tags/flask-2.0.2/tests/test_appctx.py', 64, 64)"
213,breaks in linear flow,"('/home/toffer/Repos/flask-tags/flask-2.0.2/tests/test_appctx.py', 83, 83)"
214,breaks in linear flow,"('/home/toffer/Repos/flask-tags/flask-2.0.2/tests/test_appctx.py', 206, 206)"
215,breaks in linear flow,"('/home/toffer/Repos/flask-tags/flask-2.0.2/tests/test_helpers.py', 144, 144)"
216,breaks in linear flow,"('/home/toffer/Repos/flask-tags/flask-2.0.2/tests/test_helpers.py', 176, 176)"
217,breaks in linear flow,"('/home/toffer/Repos/flask-tags/flask-2.0.2/tests/test_helpers.py', 269, 269)"
218,breaks in linear flow,"('/home/toffer/Repos/flask-tags/flask-2.0.2/tests/conftest.py', 28, 28)"
219,breaks in linear flow,"('/home/toffer/Repos/flask-tags/flask-2.0.2/tests/conftest.py', 29, 29)"
220,breaks in linear flow,"('/home/toffer/Repos/flask-tags/flask-2.0.2/tests/conftest.py', 83, 83)"
221,breaks in linear flow,"('/home/toffer/Repos/flask-tags/flask-2.0.2/tests/conftest.py', 94, 94)"
222,breaks in linear flow,"('/home/toffer/Repos/flask-tags/flask-2.0.2/tests/conftest.py', 110, 110)"
223,breaks in linear flow,"('/home/toffer/Repos/flask-tags/flask-2.0.2/tests/conftest.py', 118, 118)"
224,breaks in linear flow,"('/home/toffer/Repos/flask-tags/flask-2.0.2/tests/test_cli.py', 483, 483)"
225,breaks in linear flow,"('/home/toffer/Repos/flask-tags/flask-2.0.2/tests/test_cli.py', 527, 527)"
226,breaks in linear flow,"('/home/toffer/Repos/flask-tags/flask-2.0.2/tests/test_cli.py', 550, 550)"
227,breaks in linear flow,"('/home/toffer/Repos/flask-tags/flask-2.0.2/tests/test_cli.py', 685, 685)"
228,breaks in linear flow,"('/home/toffer/Repos/flask-tags/flask-2.0.2/tests/test_basic.py', 581, 581)"
229,breaks in linear flow,"('/home/toffer/Repos/flask-tags/flask-2.0.2/tests/test_basic.py', 803, 803)"
230,breaks in linear flow,"('/home/toffer/Repos/flask-tags/flask-2.0.2/tests/test_basic.py', 815, 815)"
231,breaks in linear flow,"('/home/toffer/Repos/flask-tags/flask-2.0.2/tests/test_basic.py', 1089, 1089)"
232,breaks in linear flow,"('/home/toffer/Repos/flask-tags/flask-2.0.2/tests/test_basic.py', 1094, 1094)"
233,breaks in linear flow,"('/home/toffer/Repos/flask-tags/flask-2.0.2/tests/test_basic.py', 1106, 1106)"
234,breaks in linear flow,"('/home/toffer/Repos/flask-tags/flask-2.0.2/tests/test_basic.py', 1363, 1363)"
235,breaks in linear flow,"('/home/toffer/Repos/flask-tags/flask-2.0.2/tests/test_basic.py', 1367, 1367)"
236,breaks in linear flow,"('/home/toffer/Repos/flask-tags/flask-2.0.2/tests/test_basic.py', 1523, 1523)"
237,breaks in linear flow,"('/home/toffer/Repos/flask-tags/flask-2.0.2/tests/test_basic.py', 1547, 1547)"
238,breaks in linear flow,"('/home/toffer/Repos/flask-tags/flask-2.0.2/tests/test_basic.py', 1558, 1558)"
239,breaks in linear flow,"('/home/toffer/Repos/flask-tags/flask-2.0.2/tests/test_basic.py', 1606, 1606)"
240,breaks in linear flow,"('/home/toffer/Repos/flask-tags/flask-2.0.2/tests/test_basic.py', 1781, 1781)"
241,breaks in linear flow,"('/home/toffer/Repos/flask-tags/flask-2.0.2/tests/test_signals.py', 5, 5)"
242,breaks in linear flow,"('/home/toffer/Repos/flask-tags/flask-2.0.2/tests/test_reqctx.py', 9, 9)"
243,breaks in linear flow,"('/home/toffer/Repos/flask-tags/flask-2.0.2/tests/test_reqctx.py', 36, 36)"
244,breaks in linear flow,"('/home/toffer/Repos/flask-tags/flask-2.0.2/tests/test_reqctx.py', 55, 55)"
245,breaks in linear flow,"('/home/toffer/Repos/flask-tags/flask-2.0.2/tests/test_reqctx.py', 229, 229)"
246,breaks in linear flow,"('/home/toffer/Repos/flask-tags/flask-2.0.2/tests/test_logging.py', 32, 32)"
247,breaks in linear flow,"('/home/toffer/Repos/flask-tags/flask-2.0.2/tests/test_instance_config.py', 120, 120)"
248,breaks in linear flow,"('/home/toffer/Repos/flask-tags/flask-2.0.2/tests/test_testing.py', 14, 14)"
249,breaks in linear flow,"('/home/toffer/Repos/flask-tags/flask-2.0.2/tests/test_testing.py', 146, 146)"
250,breaks in linear flow,"('/home/toffer/Repos/flask-tags/flask-2.0.2/tests/test_testing.py', 241, 241)"
251,breaks in linear flow,"('/home/toffer/Repos/flask-tags/flask-2.0.2/tests/test_blueprints.py', 198, 198)"
252,breaks in linear flow,"('/home/toffer/Repos/flask-tags/flask-2.0.2/tests/test_blueprints.py', 236, 236)"
253,breaks in linear flow,"('/home/toffer/Repos/flask-tags/flask-2.0.2/tests/test_user_error_handler.py', 32, 32)"
254,breaks in linear flow,"('/home/toffer/Repos/flask-tags/flask-2.0.2/tests/test_user_error_handler.py', 241, 241)"
255,breaks in linear flow,"('/home/toffer/Repos/flask-tags/flask-2.0.2/tests/test_json.py', 99, 99)"
256,breaks in linear flow,"('/home/toffer/Repos/flask-tags/flask-2.0.2/tests/test_json.py', 127, 127)"
257,breaks in linear flow,"('/home/toffer/Repos/flask-tags/flask-2.0.2/tests/test_json.py', 230, 230)"
258,breaks in linear flow,"('/home/toffer/Repos/flask-tags/flask-2.0.2/tests/test_json.py', 240, 240)"
259,breaks in linear flow,"('/home/toffer/Repos/flask-tags/flask-2.0.2/tests/test_json.py', 268, 268)"
260,breaks in linear flow,"('/home/toffer/Repos/flask-tags/flask-2.0.2/tests/test_json.py', 279, 279)"
261,breaks in linear flow,"('/home/toffer/Repos/flask-tags/flask-2.0.2/tests/test_json.py', 308, 308)"
262,breaks in linear flow,"('/home/toffer/Repos/flask-tags/flask-2.0.2/tests/test_json.py', 398, 398)"
263,breaks in linear flow,"('/home/toffer/Repos/flask-tags/flask-2.0.2/examples/tutorial/flaskr/__init__.py', 16, 16)"
264,breaks in linear flow,"('/home/toffer/Repos/flask-tags/flask-2.0.2/examples/tutorial/flaskr/__init__.py', 26, 26)"
265,breaks in linear flow,"('/home/toffer/Repos/flask-tags/flask-2.0.2/examples/tutorial/flaskr/auth.py', 24, 24)"
266,breaks in linear flow,"('/home/toffer/Repos/flask-tags/flask-2.0.2/examples/tutorial/flaskr/auth.py', 38, 38)"
267,breaks in linear flow,"('/home/toffer/Repos/flask-tags/flask-2.0.2/examples/tutorial/flaskr/auth.py', 53, 53)"
268,breaks in linear flow,"('/home/toffer/Repos/flask-tags/flask-2.0.2/examples/tutorial/flaskr/auth.py', 59, 59)"
269,breaks in linear flow,"('/home/toffer/Repos/flask-tags/flask-2.0.2/examples/tutorial/flaskr/auth.py', 64, 64)"
270,breaks in linear flow,"('/home/toffer/Repos/flask-tags/flask-2.0.2/examples/tutorial/flaskr/auth.py', 71, 71)"
271,breaks in linear flow,"('/home/toffer/Repos/flask-tags/flask-2.0.2/examples/tutorial/flaskr/auth.py', 87, 87)"
272,breaks in linear flow,"('/home/toffer/Repos/flask-tags/flask-2.0.2/examples/tutorial/flaskr/auth.py', 96, 96)"
273,breaks in linear flow,"('/home/toffer/Repos/flask-tags/flask-2.0.2/examples/tutorial/flaskr/auth.py', 101, 101)"
274,breaks in linear flow,"('/home/toffer/Repos/flask-tags/flask-2.0.2/examples/tutorial/flaskr/blog.py', 51, 51)"
275,breaks in linear flow,"('/home/toffer/Repos/flask-tags/flask-2.0.2/examples/tutorial/flaskr/blog.py', 54, 54)"
276,breaks in linear flow,"('/home/toffer/Repos/flask-tags/flask-2.0.2/examples/tutorial/flaskr/blog.py', 64, 64)"
277,breaks in linear flow,"('/home/toffer/Repos/flask-tags/flask-2.0.2/examples/tutorial/flaskr/blog.py', 69, 69)"
278,breaks in linear flow,"('/home/toffer/Repos/flask-tags/flask-2.0.2/examples/tutorial/flaskr/blog.py', 72, 72)"
279,breaks in linear flow,"('/home/toffer/Repos/flask-tags/flask-2.0.2/examples/tutorial/flaskr/blog.py', 92, 92)"
280,breaks in linear flow,"('/home/toffer/Repos/flask-tags/flask-2.0.2/examples/tutorial/flaskr/blog.py', 97, 97)"
281,breaks in linear flow,"('/home/toffer/Repos/flask-tags/flask-2.0.2/examples/tutorial/flaskr/blog.py', 100, 100)"
282,breaks in linear flow,"('/home/toffer/Repos/flask-tags/flask-2.0.2/examples/tutorial/flaskr/db.py', 14, 14)"
283,breaks in linear flow,"('/home/toffer/Repos/flask-tags/flask-2.0.2/examples/tutorial/flaskr/db.py', 29, 29)"
284,breaks in linear flow,"('/home/toffer/Repos/flask-tags/flask-2.0.2/src/flask/scaffold.py', 30, 30)"
285,breaks in linear flow,"('/home/toffer/Repos/flask-tags/flask-2.0.2/src/flask/scaffold.py', 46, 46)"
286,breaks in linear flow,"('/home/toffer/Repos/flask-tags/flask-2.0.2/src/flask/scaffold.py', 112, 112)"
287,breaks in linear flow,"('/home/toffer/Repos/flask-tags/flask-2.0.2/src/flask/scaffold.py', 254, 254)"
288,breaks in linear flow,"('/home/toffer/Repos/flask-tags/flask-2.0.2/src/flask/scaffold.py', 261, 261)"
289,breaks in linear flow,"('/home/toffer/Repos/flask-tags/flask-2.0.2/src/flask/scaffold.py', 281, 281)"
290,breaks in linear flow,"('/home/toffer/Repos/flask-tags/flask-2.0.2/src/flask/scaffold.py', 284, 284)"
291,breaks in linear flow,"('/home/toffer/Repos/flask-tags/flask-2.0.2/src/flask/scaffold.py', 292, 292)"
292,breaks in linear flow,"('/home/toffer/Repos/flask-tags/flask-2.0.2/src/flask/scaffold.py', 313, 313)"
293,breaks in linear flow,"('/home/toffer/Repos/flask-tags/flask-2.0.2/src/flask/scaffold.py', 326, 326)"
294,breaks in linear flow,"('/home/toffer/Repos/flask-tags/flask-2.0.2/src/flask/scaffold.py', 344, 344)"
295,breaks in linear flow,"('/home/toffer/Repos/flask-tags/flask-2.0.2/src/flask/scaffold.py', 367, 367)"
296,breaks in linear flow,"('/home/toffer/Repos/flask-tags/flask-2.0.2/src/flask/scaffold.py', 373, 373)"
297,breaks in linear flow,"('/home/toffer/Repos/flask-tags/flask-2.0.2/src/flask/scaffold.py', 704, 704)"
298,breaks in linear flow,"('/home/toffer/Repos/flask-tags/flask-2.0.2/src/flask/scaffold.py', 713, 713)"
299,breaks in linear flow,"('/home/toffer/Repos/flask-tags/flask-2.0.2/src/flask/scaffold.py', 736, 736)"
300,breaks in linear flow,"('/home/toffer/Repos/flask-tags/flask-2.0.2/src/flask/scaffold.py', 745, 745)"
301,breaks in linear flow,"('/home/toffer/Repos/flask-tags/flask-2.0.2/src/flask/scaffold.py', 766, 766)"
302,breaks in linear flow,"('/home/toffer/Repos/flask-tags/flask-2.0.2/src/flask/scaffold.py', 773, 773)"
303,breaks in linear flow,"('/home/toffer/Repos/flask-tags/flask-2.0.2/src/flask/scaffold.py', 789, 789)"
304,breaks in linear flow,"('/home/toffer/Repos/flask-tags/flask-2.0.2/src/flask/scaffold.py', 796, 796)"
305,breaks in linear flow,"('/home/toffer/Repos/flask-tags/flask-2.0.2/src/flask/scaffold.py', 800, 800)"
306,breaks in linear flow,"('/home/toffer/Repos/flask-tags/flask-2.0.2/src/flask/scaffold.py', 812, 812)"
307,breaks in linear flow,"('/home/toffer/Repos/flask-tags/flask-2.0.2/src/flask/scaffold.py', 816, 816)"
308,breaks in linear flow,"('/home/toffer/Repos/flask-tags/flask-2.0.2/src/flask/scaffold.py', 830, 830)"
309,breaks in linear flow,"('/home/toffer/Repos/flask-tags/flask-2.0.2/src/flask/scaffold.py', 854, 854)"
310,breaks in linear flow,"('/home/toffer/Repos/flask-tags/flask-2.0.2/src/flask/scaffold.py', 860, 860)"
311,breaks in linear flow,"('/home/toffer/Repos/flask-tags/flask-2.0.2/src/flask/scaffold.py', 864, 864)"
312,breaks in linear flow,"('/home/toffer/Repos/flask-tags/flask-2.0.2/src/flask/scaffold.py', 868, 868)"
313,breaks in linear flow,"('/home/toffer/Repos/flask-tags/flask-2.0.2/src/flask/blueprints.py', 20, 20)"
314,breaks in linear flow,"('/home/toffer/Repos/flask-tags/flask-2.0.2/src/flask/blueprints.py', 58, 58)"
315,breaks in linear flow,"('/home/toffer/Repos/flask-tags/flask-2.0.2/src/flask/blueprints.py', 66, 66)"
316,breaks in linear flow,"('/home/toffer/Repos/flask-tags/flask-2.0.2/src/flask/blueprints.py', 91, 91)"
317,breaks in linear flow,"('/home/toffer/Repos/flask-tags/flask-2.0.2/src/flask/blueprints.py', 92, 92)"
318,breaks in linear flow,"('/home/toffer/Repos/flask-tags/flask-2.0.2/src/flask/blueprints.py', 97, 97)"
319,breaks in linear flow,"('/home/toffer/Repos/flask-tags/flask-2.0.2/src/flask/blueprints.py', 100, 100)"
320,breaks in linear flow,"('/home/toffer/Repos/flask-tags/flask-2.0.2/src/flask/blueprints.py', 196, 196)"
321,breaks in linear flow,"('/home/toffer/Repos/flask-tags/flask-2.0.2/src/flask/blueprints.py', 204, 204)"
322,breaks in linear flow,"('/home/toffer/Repos/flask-tags/flask-2.0.2/src/flask/blueprints.py', 220, 220)"
323,breaks in linear flow,"('/home/toffer/Repos/flask-tags/flask-2.0.2/src/flask/blueprints.py', 240, 240)"
324,breaks in linear flow,"('/home/toffer/Repos/flask-tags/flask-2.0.2/src/flask/blueprints.py', 267, 267)"
325,breaks in linear flow,"('/home/toffer/Repos/flask-tags/flask-2.0.2/src/flask/blueprints.py', 301, 301)"
326,breaks in linear flow,"('/home/toffer/Repos/flask-tags/flask-2.0.2/src/flask/blueprints.py', 304, 304)"
327,breaks in linear flow,"('/home/toffer/Repos/flask-tags/flask-2.0.2/src/flask/blueprints.py', 328, 328)"
328,breaks in linear flow,"('/home/toffer/Repos/flask-tags/flask-2.0.2/src/flask/blueprints.py', 336, 336)"
329,breaks in linear flow,"('/home/toffer/Repos/flask-tags/flask-2.0.2/src/flask/blueprints.py', 339, 339)"
330,breaks in linear flow,"('/home/toffer/Repos/flask-tags/flask-2.0.2/src/flask/blueprints.py', 343, 343)"
331,breaks in linear flow,"('/home/toffer/Repos/flask-tags/flask-2.0.2/src/flask/blueprints.py', 356, 356)"
332,breaks in linear flow,"('/home/toffer/Repos/flask-tags/flask-2.0.2/src/flask/blueprints.py', 369, 369)"
333,breaks in linear flow,"('/home/toffer/Repos/flask-tags/flask-2.0.2/src/flask/blueprints.py', 374, 374)"
334,breaks in linear flow,"('/home/toffer/Repos/flask-tags/flask-2.0.2/src/flask/blueprints.py', 375, 375)"
335,breaks in linear flow,"('/home/toffer/Repos/flask-tags/flask-2.0.2/src/flask/blueprints.py', 384, 384)"
336,breaks in linear flow,"('/home/toffer/Repos/flask-tags/flask-2.0.2/src/flask/blueprints.py', 388, 388)"
337,breaks in linear flow,"('/home/toffer/Repos/flask-tags/flask-2.0.2/src/flask/blueprints.py', 391, 391)"
338,breaks in linear flow,"('/home/toffer/Repos/flask-tags/flask-2.0.2/src/flask/blueprints.py', 414, 414)"
339,breaks in linear flow,"('/home/toffer/Repos/flask-tags/flask-2.0.2/src/flask/blueprints.py', 417, 417)"
340,breaks in linear flow,"('/home/toffer/Repos/flask-tags/flask-2.0.2/src/flask/globals.py', 7, 7)"
341,breaks in linear flow,"('/home/toffer/Repos/flask-tags/flask-2.0.2/src/flask/globals.py', 32, 32)"
342,breaks in linear flow,"('/home/toffer/Repos/flask-tags/flask-2.0.2/src/flask/globals.py', 39, 39)"
343,breaks in linear flow,"('/home/toffer/Repos/flask-tags/flask-2.0.2/src/flask/globals.py', 46, 46)"
344,breaks in linear flow,"('/home/toffer/Repos/flask-tags/flask-2.0.2/src/flask/typing.py', 4, 4)"
345,breaks in linear flow,"('/home/toffer/Repos/flask-tags/flask-2.0.2/src/flask/typing.py', 51, 51)"
346,breaks in linear flow,"('/home/toffer/Repos/flask-tags/flask-2.0.2/src/flask/sessions.py', 14, 14)"
347,breaks in linear flow,"('/home/toffer/Repos/flask-tags/flask-2.0.2/src/flask/sessions.py', 192, 192)"
348,breaks in linear flow,"('/home/toffer/Repos/flask-tags/flask-2.0.2/src/flask/sessions.py', 198, 198)"
349,breaks in linear flow,"('/home/toffer/Repos/flask-tags/flask-2.0.2/src/flask/sessions.py', 206, 206)"
350,breaks in linear flow,"('/home/toffer/Repos/flask-tags/flask-2.0.2/src/flask/sessions.py', 220, 220)"
351,breaks in linear flow,"('/home/toffer/Repos/flask-tags/flask-2.0.2/src/flask/sessions.py', 230, 230)"
352,breaks in linear flow,"('/home/toffer/Repos/flask-tags/flask-2.0.2/src/flask/sessions.py', 272, 272)"
353,breaks in linear flow,"('/home/toffer/Repos/flask-tags/flask-2.0.2/src/flask/sessions.py', 338, 338)"
354,breaks in linear flow,"('/home/toffer/Repos/flask-tags/flask-2.0.2/src/flask/sessions.py', 354, 354)"
355,breaks in linear flow,"('/home/toffer/Repos/flask-tags/flask-2.0.2/src/flask/sessions.py', 357, 357)"
356,breaks in linear flow,"('/home/toffer/Repos/flask-tags/flask-2.0.2/src/flask/sessions.py', 363, 363)"
357,breaks in linear flow,"('/home/toffer/Repos/flask-tags/flask-2.0.2/src/flask/sessions.py', 377, 377)"
358,breaks in linear flow,"('/home/toffer/Repos/flask-tags/flask-2.0.2/src/flask/sessions.py', 378, 378)"
359,breaks in linear flow,"('/home/toffer/Repos/flask-tags/flask-2.0.2/src/flask/sessions.py', 386, 386)"
360,breaks in linear flow,"('/home/toffer/Repos/flask-tags/flask-2.0.2/src/flask/sessions.py', 389, 389)"
361,breaks in linear flow,"('/home/toffer/Repos/flask-tags/flask-2.0.2/src/flask/templating.py', 13, 13)"
362,breaks in linear flow,"('/home/toffer/Repos/flask-tags/flask-2.0.2/src/flask/templating.py', 25, 25)"
363,breaks in linear flow,"('/home/toffer/Repos/flask-tags/flask-2.0.2/src/flask/templating.py', 27, 27)"
364,breaks in linear flow,"('/home/toffer/Repos/flask-tags/flask-2.0.2/src/flask/templating.py', 40, 40)"
365,breaks in linear flow,"('/home/toffer/Repos/flask-tags/flask-2.0.2/src/flask/templating.py', 57, 57)"
366,breaks in linear flow,"('/home/toffer/Repos/flask-tags/flask-2.0.2/src/flask/templating.py', 70, 70)"
367,breaks in linear flow,"('/home/toffer/Repos/flask-tags/flask-2.0.2/src/flask/templating.py', 73, 73)"
368,breaks in linear flow,"('/home/toffer/Repos/flask-tags/flask-2.0.2/src/flask/templating.py', 75, 75)"
369,breaks in linear flow,"('/home/toffer/Repos/flask-tags/flask-2.0.2/src/flask/templating.py', 83, 83)"
370,breaks in linear flow,"('/home/toffer/Repos/flask-tags/flask-2.0.2/src/flask/templating.py', 90, 90)"
371,breaks in linear flow,"('/home/toffer/Repos/flask-tags/flask-2.0.2/src/flask/templating.py', 93, 93)"
372,breaks in linear flow,"('/home/toffer/Repos/flask-tags/flask-2.0.2/src/flask/templating.py', 94, 94)"
373,breaks in linear flow,"('/home/toffer/Repos/flask-tags/flask-2.0.2/src/flask/templating.py', 101, 101)"
374,breaks in linear flow,"('/home/toffer/Repos/flask-tags/flask-2.0.2/src/flask/templating.py', 104, 104)"
375,breaks in linear flow,"('/home/toffer/Repos/flask-tags/flask-2.0.2/src/flask/templating.py', 106, 106)"
376,breaks in linear flow,"('/home/toffer/Repos/flask-tags/flask-2.0.2/src/flask/templating.py', 112, 112)"
377,breaks in linear flow,"('/home/toffer/Repos/flask-tags/flask-2.0.2/src/flask/templating.py', 115, 115)"
378,breaks in linear flow,"('/home/toffer/Repos/flask-tags/flask-2.0.2/src/flask/templating.py', 117, 117)"
379,breaks in linear flow,"('/home/toffer/Repos/flask-tags/flask-2.0.2/src/flask/templating.py', 118, 118)"
380,breaks in linear flow,"('/home/toffer/Repos/flask-tags/flask-2.0.2/src/flask/ctx.py', 14, 14)"
381,breaks in linear flow,"('/home/toffer/Repos/flask-tags/flask-2.0.2/src/flask/ctx.py', 50, 50)"
382,breaks in linear flow,"('/home/toffer/Repos/flask-tags/flask-2.0.2/src/flask/ctx.py', 59, 59)"
383,breaks in linear flow,"('/home/toffer/Repos/flask-tags/flask-2.0.2/src/flask/ctx.py', 82, 82)"
384,breaks in linear flow,"('/home/toffer/Repos/flask-tags/flask-2.0.2/src/flask/ctx.py', 107, 107)"
385,breaks in linear flow,"('/home/toffer/Repos/flask-tags/flask-2.0.2/src/flask/ctx.py', 162, 162)"
386,breaks in linear flow,"('/home/toffer/Repos/flask-tags/flask-2.0.2/src/flask/ctx.py', 247, 247)"
387,breaks in linear flow,"('/home/toffer/Repos/flask-tags/flask-2.0.2/src/flask/ctx.py', 248, 248)"
388,breaks in linear flow,"('/home/toffer/Repos/flask-tags/flask-2.0.2/src/flask/ctx.py', 304, 304)"
389,breaks in linear flow,"('/home/toffer/Repos/flask-tags/flask-2.0.2/src/flask/ctx.py', 310, 310)"
390,breaks in linear flow,"('/home/toffer/Repos/flask-tags/flask-2.0.2/src/flask/ctx.py', 369, 369)"
391,breaks in linear flow,"('/home/toffer/Repos/flask-tags/flask-2.0.2/src/flask/ctx.py', 383, 383)"
392,breaks in linear flow,"('/home/toffer/Repos/flask-tags/flask-2.0.2/src/flask/ctx.py', 389, 389)"
393,breaks in linear flow,"('/home/toffer/Repos/flask-tags/flask-2.0.2/src/flask/ctx.py', 402, 402)"
394,breaks in linear flow,"('/home/toffer/Repos/flask-tags/flask-2.0.2/src/flask/ctx.py', 406, 406)"
395,breaks in linear flow,"('/home/toffer/Repos/flask-tags/flask-2.0.2/src/flask/ctx.py', 411, 411)"
396,breaks in linear flow,"('/home/toffer/Repos/flask-tags/flask-2.0.2/src/flask/ctx.py', 426, 426)"
397,breaks in linear flow,"('/home/toffer/Repos/flask-tags/flask-2.0.2/src/flask/ctx.py', 429, 429)"
398,breaks in linear flow,"('/home/toffer/Repos/flask-tags/flask-2.0.2/src/flask/ctx.py', 434, 434)"
399,breaks in linear flow,"('/home/toffer/Repos/flask-tags/flask-2.0.2/src/flask/ctx.py', 442, 442)"
400,breaks in linear flow,"('/home/toffer/Repos/flask-tags/flask-2.0.2/src/flask/ctx.py', 446, 446)"
401,breaks in linear flow,"('/home/toffer/Repos/flask-tags/flask-2.0.2/src/flask/ctx.py', 454, 454)"
402,breaks in linear flow,"('/home/toffer/Repos/flask-tags/flask-2.0.2/src/flask/helpers.py', 25, 25)"
403,breaks in linear flow,"('/home/toffer/Repos/flask-tags/flask-2.0.2/src/flask/helpers.py', 45, 45)"
404,breaks in linear flow,"('/home/toffer/Repos/flask-tags/flask-2.0.2/src/flask/helpers.py', 60, 60)"
405,breaks in linear flow,"('/home/toffer/Repos/flask-tags/flask-2.0.2/src/flask/helpers.py', 106, 106)"
406,breaks in linear flow,"('/home/toffer/Repos/flask-tags/flask-2.0.2/src/flask/helpers.py', 116, 116)"
407,breaks in linear flow,"('/home/toffer/Repos/flask-tags/flask-2.0.2/src/flask/helpers.py', 133, 133)"
408,breaks in linear flow,"('/home/toffer/Repos/flask-tags/flask-2.0.2/src/flask/helpers.py', 187, 187)"
409,breaks in linear flow,"('/home/toffer/Repos/flask-tags/flask-2.0.2/src/flask/helpers.py', 189, 189)"
410,breaks in linear flow,"('/home/toffer/Repos/flask-tags/flask-2.0.2/src/flask/helpers.py', 273, 273)"
411,breaks in linear flow,"('/home/toffer/Repos/flask-tags/flask-2.0.2/src/flask/helpers.py', 282, 282)"
412,breaks in linear flow,"('/home/toffer/Repos/flask-tags/flask-2.0.2/src/flask/helpers.py', 286, 286)"
413,breaks in linear flow,"('/home/toffer/Repos/flask-tags/flask-2.0.2/src/flask/helpers.py', 287, 287)"
414,breaks in linear flow,"('/home/toffer/Repos/flask-tags/flask-2.0.2/src/flask/helpers.py', 299, 299)"
415,breaks in linear flow,"('/home/toffer/Repos/flask-tags/flask-2.0.2/src/flask/helpers.py', 317, 317)"
416,breaks in linear flow,"('/home/toffer/Repos/flask-tags/flask-2.0.2/src/flask/helpers.py', 318, 318)"
417,breaks in linear flow,"('/home/toffer/Repos/flask-tags/flask-2.0.2/src/flask/helpers.py', 329, 329)"
418,breaks in linear flow,"('/home/toffer/Repos/flask-tags/flask-2.0.2/src/flask/helpers.py', 331, 331)"
419,breaks in linear flow,"('/home/toffer/Repos/flask-tags/flask-2.0.2/src/flask/helpers.py', 340, 340)"
420,breaks in linear flow,"('/home/toffer/Repos/flask-tags/flask-2.0.2/src/flask/helpers.py', 431, 431)"
421,breaks in linear flow,"('/home/toffer/Repos/flask-tags/flask-2.0.2/src/flask/helpers.py', 435, 435)"
422,breaks in linear flow,"('/home/toffer/Repos/flask-tags/flask-2.0.2/src/flask/helpers.py', 437, 437)"
423,breaks in linear flow,"('/home/toffer/Repos/flask-tags/flask-2.0.2/src/flask/helpers.py', 453, 453)"
424,breaks in linear flow,"('/home/toffer/Repos/flask-tags/flask-2.0.2/src/flask/helpers.py', 463, 463)"
425,breaks in linear flow,"('/home/toffer/Repos/flask-tags/flask-2.0.2/src/flask/helpers.py', 472, 472)"
426,breaks in linear flow,"('/home/toffer/Repos/flask-tags/flask-2.0.2/src/flask/helpers.py', 481, 481)"
427,breaks in linear flow,"('/home/toffer/Repos/flask-tags/flask-2.0.2/src/flask/helpers.py', 647, 647)"
428,breaks in linear flow,"('/home/toffer/Repos/flask-tags/flask-2.0.2/src/flask/helpers.py', 691, 691)"
429,breaks in linear flow,"('/home/toffer/Repos/flask-tags/flask-2.0.2/src/flask/helpers.py', 717, 717)"
430,breaks in linear flow,"('/home/toffer/Repos/flask-tags/flask-2.0.2/src/flask/helpers.py', 726, 726)"
431,breaks in linear flow,"('/home/toffer/Repos/flask-tags/flask-2.0.2/src/flask/helpers.py', 729, 729)"
432,breaks in linear flow,"('/home/toffer/Repos/flask-tags/flask-2.0.2/src/flask/helpers.py', 740, 740)"
433,breaks in linear flow,"('/home/toffer/Repos/flask-tags/flask-2.0.2/src/flask/helpers.py', 773, 773)"
434,breaks in linear flow,"('/home/toffer/Repos/flask-tags/flask-2.0.2/src/flask/helpers.py', 818, 818)"
435,breaks in linear flow,"('/home/toffer/Repos/flask-tags/flask-2.0.2/src/flask/helpers.py', 821, 821)"
436,breaks in linear flow,"('/home/toffer/Repos/flask-tags/flask-2.0.2/src/flask/helpers.py', 833, 833)"
437,breaks in linear flow,"('/home/toffer/Repos/flask-tags/flask-2.0.2/src/flask/app.py', 70, 70)"
438,breaks in linear flow,"('/home/toffer/Repos/flask-tags/flask-2.0.2/src/flask/app.py', 77, 77)"
439,breaks in linear flow,"('/home/toffer/Repos/flask-tags/flask-2.0.2/src/flask/app.py', 82, 82)"
440,breaks in linear flow,"('/home/toffer/Repos/flask-tags/flask-2.0.2/src/flask/app.py', 85, 85)"
441,breaks in linear flow,"('/home/toffer/Repos/flask-tags/flask-2.0.2/src/flask/app.py', 92, 92)"
442,breaks in linear flow,"('/home/toffer/Repos/flask-tags/flask-2.0.2/src/flask/app.py', 405, 405)"
443,breaks in linear flow,"('/home/toffer/Repos/flask-tags/flask-2.0.2/src/flask/app.py', 504, 504)"
444,breaks in linear flow,"('/home/toffer/Repos/flask-tags/flask-2.0.2/src/flask/app.py', 535, 535)"
445,breaks in linear flow,"('/home/toffer/Repos/flask-tags/flask-2.0.2/src/flask/app.py', 537, 537)"
446,breaks in linear flow,"('/home/toffer/Repos/flask-tags/flask-2.0.2/src/flask/app.py', 550, 550)"
447,breaks in linear flow,"('/home/toffer/Repos/flask-tags/flask-2.0.2/src/flask/app.py', 563, 563)"
448,breaks in linear flow,"('/home/toffer/Repos/flask-tags/flask-2.0.2/src/flask/app.py', 623, 623)"
449,breaks in linear flow,"('/home/toffer/Repos/flask-tags/flask-2.0.2/src/flask/app.py', 639, 639)"
450,breaks in linear flow,"('/home/toffer/Repos/flask-tags/flask-2.0.2/src/flask/app.py', 688, 688)"
451,breaks in linear flow,"('/home/toffer/Repos/flask-tags/flask-2.0.2/src/flask/app.py', 691, 691)"
452,breaks in linear flow,"('/home/toffer/Repos/flask-tags/flask-2.0.2/src/flask/app.py', 728, 728)"
453,breaks in linear flow,"('/home/toffer/Repos/flask-tags/flask-2.0.2/src/flask/app.py', 746, 746)"
454,breaks in linear flow,"('/home/toffer/Repos/flask-tags/flask-2.0.2/src/flask/app.py', 753, 753)"
455,breaks in linear flow,"('/home/toffer/Repos/flask-tags/flask-2.0.2/src/flask/app.py', 754, 754)"
456,breaks in linear flow,"('/home/toffer/Repos/flask-tags/flask-2.0.2/src/flask/app.py', 755, 755)"
457,breaks in linear flow,"('/home/toffer/Repos/flask-tags/flask-2.0.2/src/flask/app.py', 768, 768)"
458,breaks in linear flow,"('/home/toffer/Repos/flask-tags/flask-2.0.2/src/flask/app.py', 872, 872)"
459,breaks in linear flow,"('/home/toffer/Repos/flask-tags/flask-2.0.2/src/flask/app.py', 878, 878)"
460,breaks in linear flow,"('/home/toffer/Repos/flask-tags/flask-2.0.2/src/flask/app.py', 882, 882)"
461,breaks in linear flow,"('/home/toffer/Repos/flask-tags/flask-2.0.2/src/flask/app.py', 889, 889)"
462,breaks in linear flow,"('/home/toffer/Repos/flask-tags/flask-2.0.2/src/flask/app.py', 895, 895)"
463,breaks in linear flow,"('/home/toffer/Repos/flask-tags/flask-2.0.2/src/flask/app.py', 898, 898)"
464,breaks in linear flow,"('/home/toffer/Repos/flask-tags/flask-2.0.2/src/flask/app.py', 899, 899)"
465,breaks in linear flow,"('/home/toffer/Repos/flask-tags/flask-2.0.2/src/flask/app.py', 904, 904)"
466,breaks in linear flow,"('/home/toffer/Repos/flask-tags/flask-2.0.2/src/flask/app.py', 979, 979)"
467,breaks in linear flow,"('/home/toffer/Repos/flask-tags/flask-2.0.2/src/flask/app.py', 997, 997)"
468,breaks in linear flow,"('/home/toffer/Repos/flask-tags/flask-2.0.2/src/flask/app.py', 1046, 1046)"
469,breaks in linear flow,"('/home/toffer/Repos/flask-tags/flask-2.0.2/src/flask/app.py', 1054, 1054)"
470,breaks in linear flow,"('/home/toffer/Repos/flask-tags/flask-2.0.2/src/flask/app.py', 1056, 1056)"
471,breaks in linear flow,"('/home/toffer/Repos/flask-tags/flask-2.0.2/src/flask/app.py', 1068, 1068)"
472,breaks in linear flow,"('/home/toffer/Repos/flask-tags/flask-2.0.2/src/flask/app.py', 1073, 1073)"
473,breaks in linear flow,"('/home/toffer/Repos/flask-tags/flask-2.0.2/src/flask/app.py', 1074, 1074)"
474,breaks in linear flow,"('/home/toffer/Repos/flask-tags/flask-2.0.2/src/flask/app.py', 1087, 1087)"
475,breaks in linear flow,"('/home/toffer/Repos/flask-tags/flask-2.0.2/src/flask/app.py', 1089, 1089)"
476,breaks in linear flow,"('/home/toffer/Repos/flask-tags/flask-2.0.2/src/flask/app.py', 1279, 1279)"
477,breaks in linear flow,"('/home/toffer/Repos/flask-tags/flask-2.0.2/src/flask/app.py', 1280, 1280)"
478,breaks in linear flow,"('/home/toffer/Repos/flask-tags/flask-2.0.2/src/flask/app.py', 1283, 1283)"
479,breaks in linear flow,"('/home/toffer/Repos/flask-tags/flask-2.0.2/src/flask/app.py', 1284, 1284)"
480,breaks in linear flow,"('/home/toffer/Repos/flask-tags/flask-2.0.2/src/flask/app.py', 1286, 1286)"
481,breaks in linear flow,"('/home/toffer/Repos/flask-tags/flask-2.0.2/src/flask/app.py', 1289, 1289)"
482,breaks in linear flow,"('/home/toffer/Repos/flask-tags/flask-2.0.2/src/flask/app.py', 1314, 1314)"
483,breaks in linear flow,"('/home/toffer/Repos/flask-tags/flask-2.0.2/src/flask/app.py', 1320, 1320)"
484,breaks in linear flow,"('/home/toffer/Repos/flask-tags/flask-2.0.2/src/flask/app.py', 1324, 1324)"
485,breaks in linear flow,"('/home/toffer/Repos/flask-tags/flask-2.0.2/src/flask/app.py', 1345, 1345)"
486,breaks in linear flow,"('/home/toffer/Repos/flask-tags/flask-2.0.2/src/flask/app.py', 1351, 1351)"
487,breaks in linear flow,"('/home/toffer/Repos/flask-tags/flask-2.0.2/src/flask/app.py', 1358, 1358)"
488,breaks in linear flow,"('/home/toffer/Repos/flask-tags/flask-2.0.2/src/flask/app.py', 1380, 1380)"
489,breaks in linear flow,"('/home/toffer/Repos/flask-tags/flask-2.0.2/src/flask/app.py', 1385, 1385)"
490,breaks in linear flow,"('/home/toffer/Repos/flask-tags/flask-2.0.2/src/flask/app.py', 1390, 1390)"
491,breaks in linear flow,"('/home/toffer/Repos/flask-tags/flask-2.0.2/src/flask/app.py', 1426, 1426)"
492,breaks in linear flow,"('/home/toffer/Repos/flask-tags/flask-2.0.2/src/flask/app.py', 1429, 1429)"
493,breaks in linear flow,"('/home/toffer/Repos/flask-tags/flask-2.0.2/src/flask/app.py', 1439, 1439)"
494,breaks in linear flow,"('/home/toffer/Repos/flask-tags/flask-2.0.2/src/flask/app.py', 1469, 1469)"
495,breaks in linear flow,"('/home/toffer/Repos/flask-tags/flask-2.0.2/src/flask/app.py', 1491, 1491)"
496,breaks in linear flow,"('/home/toffer/Repos/flask-tags/flask-2.0.2/src/flask/app.py', 1496, 1496)"
497,breaks in linear flow,"('/home/toffer/Repos/flask-tags/flask-2.0.2/src/flask/app.py', 1515, 1515)"
498,breaks in linear flow,"('/home/toffer/Repos/flask-tags/flask-2.0.2/src/flask/app.py', 1517, 1517)"
499,breaks in linear flow,"('/home/toffer/Repos/flask-tags/flask-2.0.2/src/flask/app.py', 1542, 1542)"
500,breaks in linear flow,"('/home/toffer/Repos/flask-tags/flask-2.0.2/src/flask/app.py', 1543, 1543)"
501,breaks in linear flow,"('/home/toffer/Repos/flask-tags/flask-2.0.2/src/flask/app.py', 1557, 1557)"
502,breaks in linear flow,"('/home/toffer/Repos/flask-tags/flask-2.0.2/src/flask/app.py', 1560, 1560)"
503,breaks in linear flow,"('/home/toffer/Repos/flask-tags/flask-2.0.2/src/flask/app.py', 1562, 1562)"
504,breaks in linear flow,"('/home/toffer/Repos/flask-tags/flask-2.0.2/src/flask/app.py', 1598, 1598)"
505,breaks in linear flow,"('/home/toffer/Repos/flask-tags/flask-2.0.2/src/flask/app.py', 1619, 1619)"
506,breaks in linear flow,"('/home/toffer/Repos/flask-tags/flask-2.0.2/src/flask/app.py', 1625, 1625)"
507,breaks in linear flow,"('/home/toffer/Repos/flask-tags/flask-2.0.2/src/flask/app.py', 1679, 1679)"
508,breaks in linear flow,"('/home/toffer/Repos/flask-tags/flask-2.0.2/src/flask/app.py', 1683, 1683)"
509,breaks in linear flow,"('/home/toffer/Repos/flask-tags/flask-2.0.2/src/flask/app.py', 1687, 1687)"
510,breaks in linear flow,"('/home/toffer/Repos/flask-tags/flask-2.0.2/src/flask/app.py', 1700, 1700)"
511,breaks in linear flow,"('/home/toffer/Repos/flask-tags/flask-2.0.2/src/flask/app.py', 1708, 1708)"
512,breaks in linear flow,"('/home/toffer/Repos/flask-tags/flask-2.0.2/src/flask/app.py', 1709, 1709)"
513,breaks in linear flow,"('/home/toffer/Repos/flask-tags/flask-2.0.2/src/flask/app.py', 1722, 1722)"
514,breaks in linear flow,"('/home/toffer/Repos/flask-tags/flask-2.0.2/src/flask/app.py', 1739, 1739)"
515,breaks in linear flow,"('/home/toffer/Repos/flask-tags/flask-2.0.2/src/flask/app.py', 1740, 1740)"
516,breaks in linear flow,"('/home/toffer/Repos/flask-tags/flask-2.0.2/src/flask/app.py', 1746, 1746)"
517,breaks in linear flow,"('/home/toffer/Repos/flask-tags/flask-2.0.2/src/flask/app.py', 1768, 1768)"
518,breaks in linear flow,"('/home/toffer/Repos/flask-tags/flask-2.0.2/src/flask/app.py', 1772, 1772)"
519,breaks in linear flow,"('/home/toffer/Repos/flask-tags/flask-2.0.2/src/flask/app.py', 1784, 1784)"
520,breaks in linear flow,"('/home/toffer/Repos/flask-tags/flask-2.0.2/src/flask/app.py', 1804, 1804)"
521,breaks in linear flow,"('/home/toffer/Repos/flask-tags/flask-2.0.2/src/flask/app.py', 1809, 1809)"
522,breaks in linear flow,"('/home/toffer/Repos/flask-tags/flask-2.0.2/src/flask/app.py', 1810, 1810)"
523,breaks in linear flow,"('/home/toffer/Repos/flask-tags/flask-2.0.2/src/flask/app.py', 1811, 1811)"
524,breaks in linear flow,"('/home/toffer/Repos/flask-tags/flask-2.0.2/src/flask/app.py', 1820, 1820)"
525,breaks in linear flow,"('/home/toffer/Repos/flask-tags/flask-2.0.2/src/flask/app.py', 1823, 1823)"
526,breaks in linear flow,"('/home/toffer/Repos/flask-tags/flask-2.0.2/src/flask/app.py', 1827, 1827)"
527,breaks in linear flow,"('/home/toffer/Repos/flask-tags/flask-2.0.2/src/flask/app.py', 1832, 1832)"
528,breaks in linear flow,"('/home/toffer/Repos/flask-tags/flask-2.0.2/src/flask/app.py', 1849, 1849)"
529,breaks in linear flow,"('/home/toffer/Repos/flask-tags/flask-2.0.2/src/flask/app.py', 1850, 1850)"
530,breaks in linear flow,"('/home/toffer/Repos/flask-tags/flask-2.0.2/src/flask/app.py', 1851, 1851)"
531,breaks in linear flow,"('/home/toffer/Repos/flask-tags/flask-2.0.2/src/flask/app.py', 1854, 1854)"
532,breaks in linear flow,"('/home/toffer/Repos/flask-tags/flask-2.0.2/src/flask/app.py', 1855, 1855)"
533,breaks in linear flow,"('/home/toffer/Repos/flask-tags/flask-2.0.2/src/flask/app.py', 1856, 1856)"
534,breaks in linear flow,"('/home/toffer/Repos/flask-tags/flask-2.0.2/src/flask/app.py', 1859, 1859)"
535,breaks in linear flow,"('/home/toffer/Repos/flask-tags/flask-2.0.2/src/flask/app.py', 1879, 1879)"
536,breaks in linear flow,"('/home/toffer/Repos/flask-tags/flask-2.0.2/src/flask/app.py', 1882, 1882)"
537,breaks in linear flow,"('/home/toffer/Repos/flask-tags/flask-2.0.2/src/flask/app.py', 1883, 1883)"
538,breaks in linear flow,"('/home/toffer/Repos/flask-tags/flask-2.0.2/src/flask/app.py', 1884, 1884)"
539,breaks in linear flow,"('/home/toffer/Repos/flask-tags/flask-2.0.2/src/flask/app.py', 1887, 1887)"
540,breaks in linear flow,"('/home/toffer/Repos/flask-tags/flask-2.0.2/src/flask/app.py', 1915, 1915)"
541,breaks in linear flow,"('/home/toffer/Repos/flask-tags/flask-2.0.2/src/flask/app.py', 1918, 1918)"
542,breaks in linear flow,"('/home/toffer/Repos/flask-tags/flask-2.0.2/src/flask/app.py', 1919, 1919)"
543,breaks in linear flow,"('/home/toffer/Repos/flask-tags/flask-2.0.2/src/flask/app.py', 1920, 1920)"
544,breaks in linear flow,"('/home/toffer/Repos/flask-tags/flask-2.0.2/src/flask/app.py', 1942, 1942)"
545,breaks in linear flow,"('/home/toffer/Repos/flask-tags/flask-2.0.2/src/flask/app.py', 1945, 1945)"
546,breaks in linear flow,"('/home/toffer/Repos/flask-tags/flask-2.0.2/src/flask/app.py', 2074, 2074)"
547,breaks in linear flow,"('/home/toffer/Repos/flask-tags/flask-2.0.2/src/flask/app.py', 2077, 2077)"
548,breaks in linear flow,"('/home/toffer/Repos/flask-tags/flask-2.0.2/src/flask/app.py', 2082, 2082)"
549,breaks in linear flow,"('/home/toffer/Repos/flask-tags/flask-2.0.2/src/flask/cli.py', 24, 24)"
550,breaks in linear flow,"('/home/toffer/Repos/flask-tags/flask-2.0.2/src/flask/cli.py', 29, 29)"
551,breaks in linear flow,"('/home/toffer/Repos/flask-tags/flask-2.0.2/src/flask/cli.py', 44, 44)"
552,breaks in linear flow,"('/home/toffer/Repos/flask-tags/flask-2.0.2/src/flask/cli.py', 47, 47)"
553,breaks in linear flow,"('/home/toffer/Repos/flask-tags/flask-2.0.2/src/flask/cli.py', 53, 53)"
554,breaks in linear flow,"('/home/toffer/Repos/flask-tags/flask-2.0.2/src/flask/cli.py', 63, 63)"
555,breaks in linear flow,"('/home/toffer/Repos/flask-tags/flask-2.0.2/src/flask/cli.py', 66, 66)"
556,breaks in linear flow,"('/home/toffer/Repos/flask-tags/flask-2.0.2/src/flask/cli.py', 70, 70)"
557,breaks in linear flow,"('/home/toffer/Repos/flask-tags/flask-2.0.2/src/flask/cli.py', 72, 72)"
558,breaks in linear flow,"('/home/toffer/Repos/flask-tags/flask-2.0.2/src/flask/cli.py', 73, 73)"
559,breaks in linear flow,"('/home/toffer/Repos/flask-tags/flask-2.0.2/src/flask/cli.py', 99, 99)"
560,breaks in linear flow,"('/home/toffer/Repos/flask-tags/flask-2.0.2/src/flask/cli.py', 107, 107)"
561,breaks in linear flow,"('/home/toffer/Repos/flask-tags/flask-2.0.2/src/flask/cli.py', 110, 110)"
562,breaks in linear flow,"('/home/toffer/Repos/flask-tags/flask-2.0.2/src/flask/cli.py', 137, 137)"
563,breaks in linear flow,"('/home/toffer/Repos/flask-tags/flask-2.0.2/src/flask/cli.py', 138, 138)"
564,breaks in linear flow,"('/home/toffer/Repos/flask-tags/flask-2.0.2/src/flask/cli.py', 162, 162)"
565,breaks in linear flow,"('/home/toffer/Repos/flask-tags/flask-2.0.2/src/flask/cli.py', 167, 167)"
566,breaks in linear flow,"('/home/toffer/Repos/flask-tags/flask-2.0.2/src/flask/cli.py', 172, 172)"
567,breaks in linear flow,"('/home/toffer/Repos/flask-tags/flask-2.0.2/src/flask/cli.py', 183, 183)"
568,breaks in linear flow,"('/home/toffer/Repos/flask-tags/flask-2.0.2/src/flask/cli.py', 196, 196)"
569,breaks in linear flow,"('/home/toffer/Repos/flask-tags/flask-2.0.2/src/flask/cli.py', 203, 203)"
570,breaks in linear flow,"('/home/toffer/Repos/flask-tags/flask-2.0.2/src/flask/cli.py', 206, 206)"
571,breaks in linear flow,"('/home/toffer/Repos/flask-tags/flask-2.0.2/src/flask/cli.py', 207, 207)"
572,breaks in linear flow,"('/home/toffer/Repos/flask-tags/flask-2.0.2/src/flask/cli.py', 218, 218)"
573,breaks in linear flow,"('/home/toffer/Repos/flask-tags/flask-2.0.2/src/flask/cli.py', 234, 234)"
574,breaks in linear flow,"('/home/toffer/Repos/flask-tags/flask-2.0.2/src/flask/cli.py', 237, 237)"
575,breaks in linear flow,"('/home/toffer/Repos/flask-tags/flask-2.0.2/src/flask/cli.py', 243, 243)"
576,breaks in linear flow,"('/home/toffer/Repos/flask-tags/flask-2.0.2/src/flask/cli.py', 247, 247)"
577,breaks in linear flow,"('/home/toffer/Repos/flask-tags/flask-2.0.2/src/flask/cli.py', 248, 248)"
578,breaks in linear flow,"('/home/toffer/Repos/flask-tags/flask-2.0.2/src/flask/cli.py', 250, 250)"
579,breaks in linear flow,"('/home/toffer/Repos/flask-tags/flask-2.0.2/src/flask/cli.py', 261, 261)"
580,breaks in linear flow,"('/home/toffer/Repos/flask-tags/flask-2.0.2/src/flask/cli.py', 264, 264)"
581,breaks in linear flow,"('/home/toffer/Repos/flask-tags/flask-2.0.2/src/flask/cli.py', 275, 275)"
582,breaks in linear flow,"('/home/toffer/Repos/flask-tags/flask-2.0.2/src/flask/cli.py', 282, 282)"
583,breaks in linear flow,"('/home/toffer/Repos/flask-tags/flask-2.0.2/src/flask/cli.py', 320, 320)"
584,breaks in linear flow,"('/home/toffer/Repos/flask-tags/flask-2.0.2/src/flask/cli.py', 323, 323)"
585,breaks in linear flow,"('/home/toffer/Repos/flask-tags/flask-2.0.2/src/flask/cli.py', 334, 334)"
586,breaks in linear flow,"('/home/toffer/Repos/flask-tags/flask-2.0.2/src/flask/cli.py', 344, 344)"
587,breaks in linear flow,"('/home/toffer/Repos/flask-tags/flask-2.0.2/src/flask/cli.py', 356, 356)"
588,breaks in linear flow,"('/home/toffer/Repos/flask-tags/flask-2.0.2/src/flask/cli.py', 360, 360)"
589,breaks in linear flow,"('/home/toffer/Repos/flask-tags/flask-2.0.2/src/flask/cli.py', 395, 395)"
590,breaks in linear flow,"('/home/toffer/Repos/flask-tags/flask-2.0.2/src/flask/cli.py', 398, 398)"
591,breaks in linear flow,"('/home/toffer/Repos/flask-tags/flask-2.0.2/src/flask/cli.py', 401, 401)"
592,breaks in linear flow,"('/home/toffer/Repos/flask-tags/flask-2.0.2/src/flask/cli.py', 408, 408)"
593,breaks in linear flow,"('/home/toffer/Repos/flask-tags/flask-2.0.2/src/flask/cli.py', 412, 412)"
594,breaks in linear flow,"('/home/toffer/Repos/flask-tags/flask-2.0.2/src/flask/cli.py', 413, 413)"
595,breaks in linear flow,"('/home/toffer/Repos/flask-tags/flask-2.0.2/src/flask/cli.py', 415, 415)"
596,breaks in linear flow,"('/home/toffer/Repos/flask-tags/flask-2.0.2/src/flask/cli.py', 422, 422)"
597,breaks in linear flow,"('/home/toffer/Repos/flask-tags/flask-2.0.2/src/flask/cli.py', 465, 465)"
598,breaks in linear flow,"('/home/toffer/Repos/flask-tags/flask-2.0.2/src/flask/cli.py', 514, 514)"
599,breaks in linear flow,"('/home/toffer/Repos/flask-tags/flask-2.0.2/src/flask/cli.py', 522, 522)"
600,breaks in linear flow,"('/home/toffer/Repos/flask-tags/flask-2.0.2/src/flask/cli.py', 530, 530)"
601,breaks in linear flow,"('/home/toffer/Repos/flask-tags/flask-2.0.2/src/flask/cli.py', 534, 534)"
602,breaks in linear flow,"('/home/toffer/Repos/flask-tags/flask-2.0.2/src/flask/cli.py', 538, 538)"
603,breaks in linear flow,"('/home/toffer/Repos/flask-tags/flask-2.0.2/src/flask/cli.py', 548, 548)"
604,breaks in linear flow,"('/home/toffer/Repos/flask-tags/flask-2.0.2/src/flask/cli.py', 557, 557)"
605,breaks in linear flow,"('/home/toffer/Repos/flask-tags/flask-2.0.2/src/flask/cli.py', 570, 570)"
606,breaks in linear flow,"('/home/toffer/Repos/flask-tags/flask-2.0.2/src/flask/cli.py', 574, 574)"
607,breaks in linear flow,"('/home/toffer/Repos/flask-tags/flask-2.0.2/src/flask/cli.py', 588, 588)"
608,breaks in linear flow,"('/home/toffer/Repos/flask-tags/flask-2.0.2/src/flask/cli.py', 593, 593)"
609,breaks in linear flow,"('/home/toffer/Repos/flask-tags/flask-2.0.2/src/flask/cli.py', 632, 632)"
610,breaks in linear flow,"('/home/toffer/Repos/flask-tags/flask-2.0.2/src/flask/cli.py', 633, 633)"
611,breaks in linear flow,"('/home/toffer/Repos/flask-tags/flask-2.0.2/src/flask/cli.py', 645, 645)"
612,breaks in linear flow,"('/home/toffer/Repos/flask-tags/flask-2.0.2/src/flask/cli.py', 646, 646)"
613,breaks in linear flow,"('/home/toffer/Repos/flask-tags/flask-2.0.2/src/flask/cli.py', 653, 653)"
614,breaks in linear flow,"('/home/toffer/Repos/flask-tags/flask-2.0.2/src/flask/cli.py', 656, 656)"
615,breaks in linear flow,"('/home/toffer/Repos/flask-tags/flask-2.0.2/src/flask/cli.py', 657, 657)"
616,breaks in linear flow,"('/home/toffer/Repos/flask-tags/flask-2.0.2/src/flask/cli.py', 659, 659)"
617,breaks in linear flow,"('/home/toffer/Repos/flask-tags/flask-2.0.2/src/flask/cli.py', 671, 671)"
618,breaks in linear flow,"('/home/toffer/Repos/flask-tags/flask-2.0.2/src/flask/cli.py', 674, 674)"
619,breaks in linear flow,"('/home/toffer/Repos/flask-tags/flask-2.0.2/src/flask/cli.py', 677, 677)"
620,breaks in linear flow,"('/home/toffer/Repos/flask-tags/flask-2.0.2/src/flask/cli.py', 684, 684)"
621,breaks in linear flow,"('/home/toffer/Repos/flask-tags/flask-2.0.2/src/flask/cli.py', 692, 692)"
622,breaks in linear flow,"('/home/toffer/Repos/flask-tags/flask-2.0.2/src/flask/cli.py', 708, 708)"
623,breaks in linear flow,"('/home/toffer/Repos/flask-tags/flask-2.0.2/src/flask/cli.py', 717, 717)"
624,breaks in linear flow,"('/home/toffer/Repos/flask-tags/flask-2.0.2/src/flask/cli.py', 720, 720)"
625,breaks in linear flow,"('/home/toffer/Repos/flask-tags/flask-2.0.2/src/flask/cli.py', 723, 723)"
626,breaks in linear flow,"('/home/toffer/Repos/flask-tags/flask-2.0.2/src/flask/cli.py', 734, 734)"
627,breaks in linear flow,"('/home/toffer/Repos/flask-tags/flask-2.0.2/src/flask/cli.py', 748, 748)"
628,breaks in linear flow,"('/home/toffer/Repos/flask-tags/flask-2.0.2/src/flask/cli.py', 749, 749)"
629,breaks in linear flow,"('/home/toffer/Repos/flask-tags/flask-2.0.2/src/flask/cli.py', 754, 754)"
630,breaks in linear flow,"('/home/toffer/Repos/flask-tags/flask-2.0.2/src/flask/cli.py', 759, 759)"
631,breaks in linear flow,"('/home/toffer/Repos/flask-tags/flask-2.0.2/src/flask/cli.py', 765, 765)"
632,breaks in linear flow,"('/home/toffer/Repos/flask-tags/flask-2.0.2/src/flask/cli.py', 842, 842)"
633,breaks in linear flow,"('/home/toffer/Repos/flask-tags/flask-2.0.2/src/flask/cli.py', 845, 845)"
634,breaks in linear flow,"('/home/toffer/Repos/flask-tags/flask-2.0.2/src/flask/cli.py', 889, 889)"
635,breaks in linear flow,"('/home/toffer/Repos/flask-tags/flask-2.0.2/src/flask/cli.py', 900, 900)"
636,breaks in linear flow,"('/home/toffer/Repos/flask-tags/flask-2.0.2/src/flask/cli.py', 904, 904)"
637,breaks in linear flow,"('/home/toffer/Repos/flask-tags/flask-2.0.2/src/flask/cli.py', 933, 933)"
638,breaks in linear flow,"('/home/toffer/Repos/flask-tags/flask-2.0.2/src/flask/cli.py', 939, 939)"
639,breaks in linear flow,"('/home/toffer/Repos/flask-tags/flask-2.0.2/src/flask/cli.py', 961, 961)"
640,breaks in linear flow,"('/home/toffer/Repos/flask-tags/flask-2.0.2/src/flask/cli.py', 986, 986)"
641,breaks in linear flow,"('/home/toffer/Repos/flask-tags/flask-2.0.2/src/flask/cli.py', 997, 997)"
642,breaks in linear flow,"('/home/toffer/Repos/flask-tags/flask-2.0.2/src/flask/wrappers.py', 11, 11)"
643,breaks in linear flow,"('/home/toffer/Repos/flask-tags/flask-2.0.2/src/flask/wrappers.py', 56, 56)"
644,breaks in linear flow,"('/home/toffer/Repos/flask-tags/flask-2.0.2/src/flask/wrappers.py', 71, 71)"
645,breaks in linear flow,"('/home/toffer/Repos/flask-tags/flask-2.0.2/src/flask/wrappers.py', 90, 90)"
646,breaks in linear flow,"('/home/toffer/Repos/flask-tags/flask-2.0.2/src/flask/wrappers.py', 107, 107)"
647,breaks in linear flow,"('/home/toffer/Repos/flask-tags/flask-2.0.2/src/flask/wrappers.py', 117, 117)"
648,breaks in linear flow,"('/home/toffer/Repos/flask-tags/flask-2.0.2/src/flask/wrappers.py', 128, 128)"
649,breaks in linear flow,"('/home/toffer/Repos/flask-tags/flask-2.0.2/src/flask/wrappers.py', 163, 163)"
650,breaks in linear flow,"('/home/toffer/Repos/flask-tags/flask-2.0.2/src/flask/testing.py', 17, 17)"
651,breaks in linear flow,"('/home/toffer/Repos/flask-tags/flask-2.0.2/src/flask/testing.py', 60, 60)"
652,breaks in linear flow,"('/home/toffer/Repos/flask-tags/flask-2.0.2/src/flask/testing.py', 64, 64)"
653,breaks in linear flow,"('/home/toffer/Repos/flask-tags/flask-2.0.2/src/flask/testing.py', 67, 67)"
654,breaks in linear flow,"('/home/toffer/Repos/flask-tags/flask-2.0.2/src/flask/testing.py', 77, 77)"
655,breaks in linear flow,"('/home/toffer/Repos/flask-tags/flask-2.0.2/src/flask/testing.py', 139, 139)"
656,breaks in linear flow,"('/home/toffer/Repos/flask-tags/flask-2.0.2/src/flask/testing.py', 150, 150)"
657,breaks in linear flow,"('/home/toffer/Repos/flask-tags/flask-2.0.2/src/flask/testing.py', 169, 169)"
658,breaks in linear flow,"('/home/toffer/Repos/flask-tags/flask-2.0.2/src/flask/testing.py', 192, 192)"
659,breaks in linear flow,"('/home/toffer/Repos/flask-tags/flask-2.0.2/src/flask/testing.py', 195, 195)"
660,breaks in linear flow,"('/home/toffer/Repos/flask-tags/flask-2.0.2/src/flask/testing.py', 207, 207)"
661,breaks in linear flow,"('/home/toffer/Repos/flask-tags/flask-2.0.2/src/flask/testing.py', 224, 224)"
662,breaks in linear flow,"('/home/toffer/Repos/flask-tags/flask-2.0.2/src/flask/testing.py', 238, 238)"
663,breaks in linear flow,"('/home/toffer/Repos/flask-tags/flask-2.0.2/src/flask/testing.py', 241, 241)"
664,breaks in linear flow,"('/home/toffer/Repos/flask-tags/flask-2.0.2/src/flask/testing.py', 244, 244)"
665,breaks in linear flow,"('/home/toffer/Repos/flask-tags/flask-2.0.2/src/flask/testing.py', 274, 274)"
666,breaks in linear flow,"('/home/toffer/Repos/flask-tags/flask-2.0.2/src/flask/testing.py', 277, 277)"
667,breaks in linear flow,"('/home/toffer/Repos/flask-tags/flask-2.0.2/src/flask/debughelpers.py', 31, 31)"
668,breaks in linear flow,"('/home/toffer/Repos/flask-tags/flask-2.0.2/src/flask/debughelpers.py', 58, 58)"
669,breaks in linear flow,"('/home/toffer/Repos/flask-tags/flask-2.0.2/src/flask/debughelpers.py', 86, 86)"
670,breaks in linear flow,"('/home/toffer/Repos/flask-tags/flask-2.0.2/src/flask/debughelpers.py', 87, 87)"
671,breaks in linear flow,"('/home/toffer/Repos/flask-tags/flask-2.0.2/src/flask/debughelpers.py', 99, 99)"
672,breaks in linear flow,"('/home/toffer/Repos/flask-tags/flask-2.0.2/src/flask/debughelpers.py', 100, 100)"
673,breaks in linear flow,"('/home/toffer/Repos/flask-tags/flask-2.0.2/src/flask/debughelpers.py', 101, 101)"
674,breaks in linear flow,"('/home/toffer/Repos/flask-tags/flask-2.0.2/src/flask/debughelpers.py', 102, 102)"
675,breaks in linear flow,"('/home/toffer/Repos/flask-tags/flask-2.0.2/src/flask/debughelpers.py', 103, 103)"
676,breaks in linear flow,"('/home/toffer/Repos/flask-tags/flask-2.0.2/src/flask/debughelpers.py', 104, 104)"
677,breaks in linear flow,"('/home/toffer/Repos/flask-tags/flask-2.0.2/src/flask/debughelpers.py', 106, 106)"
678,breaks in linear flow,"('/home/toffer/Repos/flask-tags/flask-2.0.2/src/flask/debughelpers.py', 108, 108)"
679,breaks in linear flow,"('/home/toffer/Repos/flask-tags/flask-2.0.2/src/flask/debughelpers.py', 110, 110)"
680,breaks in linear flow,"('/home/toffer/Repos/flask-tags/flask-2.0.2/src/flask/debughelpers.py', 120, 120)"
681,breaks in linear flow,"('/home/toffer/Repos/flask-tags/flask-2.0.2/src/flask/debughelpers.py', 123, 123)"
682,breaks in linear flow,"('/home/toffer/Repos/flask-tags/flask-2.0.2/src/flask/debughelpers.py', 124, 124)"
683,breaks in linear flow,"('/home/toffer/Repos/flask-tags/flask-2.0.2/src/flask/debughelpers.py', 133, 133)"
684,breaks in linear flow,"('/home/toffer/Repos/flask-tags/flask-2.0.2/src/flask/debughelpers.py', 136, 136)"
685,breaks in linear flow,"('/home/toffer/Repos/flask-tags/flask-2.0.2/src/flask/debughelpers.py', 144, 144)"
686,breaks in linear flow,"('/home/toffer/Repos/flask-tags/flask-2.0.2/src/flask/debughelpers.py', 151, 151)"
687,breaks in linear flow,"('/home/toffer/Repos/flask-tags/flask-2.0.2/src/flask/debughelpers.py', 163, 163)"
688,breaks in linear flow,"('/home/toffer/Repos/flask-tags/flask-2.0.2/src/flask/logging.py', 9, 9)"
689,breaks in linear flow,"('/home/toffer/Repos/flask-tags/flask-2.0.2/src/flask/logging.py', 33, 33)"
690,breaks in linear flow,"('/home/toffer/Repos/flask-tags/flask-2.0.2/src/flask/logging.py', 34, 34)"
691,breaks in linear flow,"('/home/toffer/Repos/flask-tags/flask-2.0.2/src/flask/logging.py', 37, 37)"
692,breaks in linear flow,"('/home/toffer/Repos/flask-tags/flask-2.0.2/src/flask/logging.py', 38, 38)"
693,breaks in linear flow,"('/home/toffer/Repos/flask-tags/flask-2.0.2/src/flask/logging.py', 68, 68)"
694,breaks in linear flow,"('/home/toffer/Repos/flask-tags/flask-2.0.2/src/flask/logging.py', 71, 71)"
695,breaks in linear flow,"('/home/toffer/Repos/flask-tags/flask-2.0.2/src/flask/config.py', 17, 17)"
696,breaks in linear flow,"('/home/toffer/Repos/flask-tags/flask-2.0.2/src/flask/config.py', 20, 20)"
697,breaks in linear flow,"('/home/toffer/Repos/flask-tags/flask-2.0.2/src/flask/config.py', 89, 89)"
698,breaks in linear flow,"('/home/toffer/Repos/flask-tags/flask-2.0.2/src/flask/config.py', 90, 90)"
699,breaks in linear flow,"('/home/toffer/Repos/flask-tags/flask-2.0.2/src/flask/config.py', 121, 121)"
700,breaks in linear flow,"('/home/toffer/Repos/flask-tags/flask-2.0.2/src/flask/config.py', 122, 122)"
701,breaks in linear flow,"('/home/toffer/Repos/flask-tags/flask-2.0.2/src/flask/config.py', 161, 161)"
702,breaks in linear flow,"('/home/toffer/Repos/flask-tags/flask-2.0.2/src/flask/config.py', 163, 163)"
703,breaks in linear flow,"('/home/toffer/Repos/flask-tags/flask-2.0.2/src/flask/config.py', 164, 164)"
704,breaks in linear flow,"('/home/toffer/Repos/flask-tags/flask-2.0.2/src/flask/config.py', 198, 198)"
705,breaks in linear flow,"('/home/toffer/Repos/flask-tags/flask-2.0.2/src/flask/config.py', 199, 199)"
706,breaks in linear flow,"('/home/toffer/Repos/flask-tags/flask-2.0.2/src/flask/config.py', 243, 243)"
707,breaks in linear flow,"('/home/toffer/Repos/flask-tags/flask-2.0.2/src/flask/config.py', 246, 246)"
708,breaks in linear flow,"('/home/toffer/Repos/flask-tags/flask-2.0.2/src/flask/config.py', 247, 247)"
709,breaks in linear flow,"('/home/toffer/Repos/flask-tags/flask-2.0.2/src/flask/config.py', 282, 282)"
710,breaks in linear flow,"('/home/toffer/Repos/flask-tags/flask-2.0.2/src/flask/config.py', 283, 283)"
711,breaks in linear flow,"('/home/toffer/Repos/flask-tags/flask-2.0.2/src/flask/config.py', 284, 284)"
712,breaks in linear flow,"('/home/toffer/Repos/flask-tags/flask-2.0.2/src/flask/config.py', 285, 285)"
713,breaks in linear flow,"('/home/toffer/Repos/flask-tags/flask-2.0.2/src/flask/config.py', 289, 289)"
714,breaks in linear flow,"('/home/toffer/Repos/flask-tags/flask-2.0.2/src/flask/views.py', 86, 86)"
715,breaks in linear flow,"('/home/toffer/Repos/flask-tags/flask-2.0.2/src/flask/views.py', 89, 89)"
716,breaks in linear flow,"('/home/toffer/Repos/flask-tags/flask-2.0.2/src/flask/views.py', 114, 114)"
717,breaks in linear flow,"('/home/toffer/Repos/flask-tags/flask-2.0.2/src/flask/views.py', 117, 117)"
718,breaks in linear flow,"('/home/toffer/Repos/flask-tags/flask-2.0.2/src/flask/views.py', 118, 118)"
719,breaks in linear flow,"('/home/toffer/Repos/flask-tags/flask-2.0.2/src/flask/views.py', 121, 121)"
720,breaks in linear flow,"('/home/toffer/Repos/flask-tags/flask-2.0.2/src/flask/views.py', 122, 122)"
721,breaks in linear flow,"('/home/toffer/Repos/flask-tags/flask-2.0.2/src/flask/views.py', 129, 129)"
722,breaks in linear flow,"('/home/toffer/Repos/flask-tags/flask-2.0.2/src/flask/views.py', 154, 154)"
723,breaks in linear flow,"('/home/toffer/Repos/flask-tags/flask-2.0.2/src/flask/signals.py', 7, 7)"
724,breaks in linear flow,"('/home/toffer/Repos/flask-tags/flask-2.0.2/src/flask/json/tag.py', 250, 250)"
725,breaks in linear flow,"('/home/toffer/Repos/flask-tags/flask-2.0.2/src/flask/json/tag.py', 275, 275)"
726,breaks in linear flow,"('/home/toffer/Repos/flask-tags/flask-2.0.2/src/flask/json/tag.py', 276, 276)"
727,breaks in linear flow,"('/home/toffer/Repos/flask-tags/flask-2.0.2/src/flask/json/tag.py', 281, 281)"
728,breaks in linear flow,"('/home/toffer/Repos/flask-tags/flask-2.0.2/src/flask/json/tag.py', 288, 288)"
729,breaks in linear flow,"('/home/toffer/Repos/flask-tags/flask-2.0.2/src/flask/json/tag.py', 289, 289)"
730,breaks in linear flow,"('/home/toffer/Repos/flask-tags/flask-2.0.2/src/flask/json/tag.py', 296, 296)"
731,breaks in linear flow,"('/home/toffer/Repos/flask-tags/flask-2.0.2/src/flask/json/tag.py', 301, 301)"
732,breaks in linear flow,"('/home/toffer/Repos/flask-tags/flask-2.0.2/src/flask/json/__init__.py', 15, 15)"
733,breaks in linear flow,"('/home/toffer/Repos/flask-tags/flask-2.0.2/src/flask/json/__init__.py', 21, 21)"
734,breaks in linear flow,"('/home/toffer/Repos/flask-tags/flask-2.0.2/src/flask/json/__init__.py', 49, 49)"
735,breaks in linear flow,"('/home/toffer/Repos/flask-tags/flask-2.0.2/src/flask/json/__init__.py', 51, 51)"
736,breaks in linear flow,"('/home/toffer/Repos/flask-tags/flask-2.0.2/src/flask/json/__init__.py', 53, 53)"
737,breaks in linear flow,"('/home/toffer/Repos/flask-tags/flask-2.0.2/src/flask/json/__init__.py', 55, 55)"
738,breaks in linear flow,"('/home/toffer/Repos/flask-tags/flask-2.0.2/src/flask/json/__init__.py', 75, 75)"
739,breaks in linear flow,"('/home/toffer/Repos/flask-tags/flask-2.0.2/src/flask/json/__init__.py', 78, 78)"
740,breaks in linear flow,"('/home/toffer/Repos/flask-tags/flask-2.0.2/src/flask/json/__init__.py', 81, 81)"
741,breaks in linear flow,"('/home/toffer/Repos/flask-tags/flask-2.0.2/src/flask/json/__init__.py', 96, 96)"
742,breaks in linear flow,"('/home/toffer/Repos/flask-tags/flask-2.0.2/src/flask/json/__init__.py', 99, 99)"
743,breaks in linear flow,"('/home/toffer/Repos/flask-tags/flask-2.0.2/src/flask/json/__init__.py', 102, 102)"
744,breaks in linear flow,"('/home/toffer/Repos/flask-tags/flask-2.0.2/src/flask/json/__init__.py', 135, 135)"
745,breaks in linear flow,"('/home/toffer/Repos/flask-tags/flask-2.0.2/src/flask/json/__init__.py', 142, 142)"
746,breaks in linear flow,"('/home/toffer/Repos/flask-tags/flask-2.0.2/src/flask/json/__init__.py', 172, 172)"
747,breaks in linear flow,"('/home/toffer/Repos/flask-tags/flask-2.0.2/src/flask/json/__init__.py', 176, 176)"
748,breaks in linear flow,"('/home/toffer/Repos/flask-tags/flask-2.0.2/src/flask/json/__init__.py', 209, 209)"
749,breaks in linear flow,"('/home/toffer/Repos/flask-tags/flask-2.0.2/src/flask/json/__init__.py', 217, 217)"
750,breaks in linear flow,"('/home/toffer/Repos/flask-tags/flask-2.0.2/src/flask/json/__init__.py', 241, 241)"
751,breaks in linear flow,"('/home/toffer/Repos/flask-tags/flask-2.0.2/src/flask/json/__init__.py', 250, 250)"
752,breaks in linear flow,"('/home/toffer/Repos/flask-tags/flask-2.0.2/src/flask/json/__init__.py', 343, 343)"
753,breaks in linear flow,"('/home/toffer/Repos/flask-tags/flask-2.0.2/src/flask/json/__init__.py', 347, 347)"
754,recursion,"('/home/toffer/Repos/flask-tags/flask-2.0.2/tests/test_basic.py', 588, 588)"
755,recursion,"('/home/toffer/Repos/flask-tags/flask-2.0.2/tests/test_views.py', 38, 38)"
756,recursion,"('/home/toffer/Repos/flask-tags/flask-2.0.2/src/flask/templating.py', 81, 81)"
