,type,file_start_end
0,method length,"('/home/toffer/Repos/flask-tags/flask-0.1/flask.py', 225, 291)"
1,method length,"('/home/toffer/Repos/flask-tags/flask-0.1/flask.py', 390, 416)"
2,method length,"('/home/toffer/Repos/flask-tags/flask-0.1/flask.py', 418, 487)"
3,method length,"('/home/toffer/Repos/flask-tags/flask-0.1/flask.py', 556, 582)"
4,method length,"('/home/toffer/Repos/flask-tags/flask-0.1/examples/minitwit/minitwit_tests.py', 102, 140)"
5,file length,"('/home/toffer/Repos/flask-tags/flask-0.1/flask.py', -1, -1)"
6,argument count,"('/home/toffer/Repos/flask-tags/flask-0.1/examples/minitwit/minitwit_tests.py', 27, 27)"
7,method count,"('/home/toffer/Repos/flask-tags/flask-0.1/flask.py', 49, 654)"
8,method count,"('/home/toffer/Repos/flask-tags/flask-0.1/tests/flask_tests.py', 20, 174)"
9,breaks in linear flow,"('/home/toffer/Repos/flask-tags/flask-0.1/flask.py', 36, 36)"
10,breaks in linear flow,"('/home/toffer/Repos/flask-tags/flask-0.1/flask.py', 93, 93)"
11,breaks in linear flow,"('/home/toffer/Repos/flask-tags/flask-0.1/flask.py', 122, 122)"
12,breaks in linear flow,"('/home/toffer/Repos/flask-tags/flask-0.1/flask.py', 169, 169)"
13,breaks in linear flow,"('/home/toffer/Repos/flask-tags/flask-0.1/flask.py', 272, 272)"
14,breaks in linear flow,"('/home/toffer/Repos/flask-tags/flask-0.1/flask.py', 275, 275)"
15,breaks in linear flow,"('/home/toffer/Repos/flask-tags/flask-0.1/flask.py', 299, 299)"
16,breaks in linear flow,"('/home/toffer/Repos/flask-tags/flask-0.1/flask.py', 311, 311)"
17,breaks in linear flow,"('/home/toffer/Repos/flask-tags/flask-0.1/flask.py', 327, 327)"
18,breaks in linear flow,"('/home/toffer/Repos/flask-tags/flask-0.1/flask.py', 362, 362)"
19,breaks in linear flow,"('/home/toffer/Repos/flask-tags/flask-0.1/flask.py', 374, 374)"
20,breaks in linear flow,"('/home/toffer/Repos/flask-tags/flask-0.1/flask.py', 387, 387)"
21,breaks in linear flow,"('/home/toffer/Repos/flask-tags/flask-0.1/flask.py', 545, 545)"
22,breaks in linear flow,"('/home/toffer/Repos/flask-tags/flask-0.1/flask.py', 547, 547)"
23,breaks in linear flow,"('/home/toffer/Repos/flask-tags/flask-0.1/flask.py', 550, 550)"
24,breaks in linear flow,"('/home/toffer/Repos/flask-tags/flask-0.1/flask.py', 552, 552)"
25,breaks in linear flow,"('/home/toffer/Repos/flask-tags/flask-0.1/flask.py', 576, 576)"
26,breaks in linear flow,"('/home/toffer/Repos/flask-tags/flask-0.1/flask.py', 578, 578)"
27,breaks in linear flow,"('/home/toffer/Repos/flask-tags/flask-0.1/flask.py', 580, 580)"
28,breaks in linear flow,"('/home/toffer/Repos/flask-tags/flask-0.1/flask.py', 591, 591)"
29,breaks in linear flow,"('/home/toffer/Repos/flask-tags/flask-0.1/flask.py', 593, 593)"
30,breaks in linear flow,"('/home/toffer/Repos/flask-tags/flask-0.1/flask.py', 606, 606)"
31,breaks in linear flow,"('/home/toffer/Repos/flask-tags/flask-0.1/flask.py', 608, 608)"
32,breaks in linear flow,"('/home/toffer/Repos/flask-tags/flask-0.1/flask.py', 625, 625)"
33,breaks in linear flow,"('/home/toffer/Repos/flask-tags/flask-0.1/tests/flask_tests.py', 187, 187)"
34,breaks in linear flow,"('/home/toffer/Repos/flask-tags/flask-0.1/examples/flaskr/flaskr.py', 66, 66)"
35,breaks in linear flow,"('/home/toffer/Repos/flask-tags/flask-0.1/examples/flaskr/flaskr.py', 78, 78)"
36,breaks in linear flow,"('/home/toffer/Repos/flask-tags/flask-0.1/examples/flaskr/flaskr.py', 79, 79)"
37,breaks in linear flow,"('/home/toffer/Repos/flask-tags/flask-0.1/examples/flaskr/flaskr.py', 97, 97)"
38,breaks in linear flow,"('/home/toffer/Repos/flask-tags/flask-0.1/examples/flaskr/flaskr_tests.py', 65, 65)"
39,breaks in linear flow,"('/home/toffer/Repos/flask-tags/flask-0.1/examples/minitwit/minitwit.py', 79, 79)"
40,breaks in linear flow,"('/home/toffer/Repos/flask-tags/flask-0.1/examples/minitwit/minitwit.py', 97, 97)"
41,breaks in linear flow,"('/home/toffer/Repos/flask-tags/flask-0.1/examples/minitwit/minitwit.py', 124, 124)"
42,breaks in linear flow,"('/home/toffer/Repos/flask-tags/flask-0.1/examples/minitwit/minitwit.py', 127, 127)"
43,breaks in linear flow,"('/home/toffer/Repos/flask-tags/flask-0.1/examples/minitwit/minitwit.py', 142, 142)"
44,breaks in linear flow,"('/home/toffer/Repos/flask-tags/flask-0.1/examples/minitwit/minitwit.py', 145, 145)"
45,breaks in linear flow,"('/home/toffer/Repos/flask-tags/flask-0.1/examples/minitwit/minitwit.py', 157, 157)"
46,breaks in linear flow,"('/home/toffer/Repos/flask-tags/flask-0.1/examples/minitwit/minitwit.py', 160, 160)"
47,breaks in linear flow,"('/home/toffer/Repos/flask-tags/flask-0.1/examples/minitwit/minitwit.py', 172, 172)"
48,breaks in linear flow,"('/home/toffer/Repos/flask-tags/flask-0.1/examples/minitwit/minitwit.py', 174, 174)"
49,breaks in linear flow,"('/home/toffer/Repos/flask-tags/flask-0.1/examples/minitwit/minitwit.py', 186, 186)"
50,breaks in linear flow,"('/home/toffer/Repos/flask-tags/flask-0.1/examples/minitwit/minitwit.py', 189, 189)"
51,breaks in linear flow,"('/home/toffer/Repos/flask-tags/flask-0.1/examples/minitwit/minitwit.py', 192, 192)"
52,breaks in linear flow,"('/home/toffer/Repos/flask-tags/flask-0.1/examples/minitwit/minitwit.py', 207, 207)"
53,breaks in linear flow,"('/home/toffer/Repos/flask-tags/flask-0.1/examples/minitwit/minitwit.py', 210, 210)"
54,breaks in linear flow,"('/home/toffer/Repos/flask-tags/flask-0.1/examples/minitwit/minitwit.py', 211, 211)"
55,breaks in linear flow,"('/home/toffer/Repos/flask-tags/flask-0.1/examples/minitwit/minitwit.py', 249, 249)"
56,breaks in linear flow,"('/home/toffer/Repos/flask-tags/flask-0.1/examples/minitwit/minitwit_tests.py', 29, 29)"
57,breaks in linear flow,"('/home/toffer/Repos/flask-tags/flask-0.1/examples/minitwit/minitwit_tests.py', 31, 31)"
58,breaks in linear flow,"('/home/toffer/Repos/flask-tags/flask-0.1/examples/minitwit/minitwit_tests.py', 60, 60)"
59,breaks in linear flow,"('/home/toffer/Repos/flask-tags/flask-0.1/examples/minitwit/minitwit_tests.py', 143, 143)"
