,type,file_start_end
0,method length,"('/home/toffer/Repos/flask-tags/flask-1.0.3/tests/test_helpers.py', 276, 307)"
1,method length,"('/home/toffer/Repos/flask-tags/flask-1.0.3/tests/test_helpers.py', 309, 345)"
2,method length,"('/home/toffer/Repos/flask-tags/flask-1.0.3/tests/test_helpers.py', 365, 433)"
3,method length,"('/home/toffer/Repos/flask-tags/flask-1.0.3/tests/test_helpers.py', 476, 528)"
4,method length,"('/home/toffer/Repos/flask-tags/flask-1.0.3/tests/test_helpers.py', 534, 587)"
5,method length,"('/home/toffer/Repos/flask-tags/flask-1.0.3/tests/test_helpers.py', 605, 639)"
6,method length,"('/home/toffer/Repos/flask-tags/flask-1.0.3/tests/test_helpers.py', 663, 701)"
7,method length,"('/home/toffer/Repos/flask-tags/flask-1.0.3/tests/test_helpers.py', 831, 861)"
8,method length,"('/home/toffer/Repos/flask-tags/flask-1.0.3/tests/conftest.py', 105, 133)"
9,method length,"('/home/toffer/Repos/flask-tags/flask-1.0.3/tests/conftest.py', 162, 190)"
10,method length,"('/home/toffer/Repos/flask-tags/flask-1.0.3/tests/test_cli.py', 50, 142)"
11,method length,"('/home/toffer/Repos/flask-tags/flask-1.0.3/tests/test_cli.py', 262, 306)"
12,method length,"('/home/toffer/Repos/flask-tags/flask-1.0.3/tests/test_cli.py', 324, 351)"
13,method length,"('/home/toffer/Repos/flask-tags/flask-1.0.3/tests/test_basic.py', 73, 114)"
14,method length,"('/home/toffer/Repos/flask-tags/flask-1.0.3/tests/test_basic.py', 147, 179)"
15,method length,"('/home/toffer/Repos/flask-tags/flask-1.0.3/tests/test_basic.py', 412, 441)"
16,method length,"('/home/toffer/Repos/flask-tags/flask-1.0.3/tests/test_basic.py', 458, 486)"
17,method length,"('/home/toffer/Repos/flask-tags/flask-1.0.3/tests/test_basic.py', 489, 527)"
18,method length,"('/home/toffer/Repos/flask-tags/flask-1.0.3/tests/test_basic.py', 530, 582)"
19,method length,"('/home/toffer/Repos/flask-tags/flask-1.0.3/tests/test_basic.py', 600, 671)"
20,method length,"('/home/toffer/Repos/flask-tags/flask-1.0.3/tests/test_basic.py', 777, 812)"
21,method length,"('/home/toffer/Repos/flask-tags/flask-1.0.3/tests/test_basic.py', 815, 850)"
22,method length,"('/home/toffer/Repos/flask-tags/flask-1.0.3/tests/test_basic.py', 853, 888)"
23,method length,"('/home/toffer/Repos/flask-tags/flask-1.0.3/tests/test_basic.py', 964, 993)"
24,method length,"('/home/toffer/Repos/flask-tags/flask-1.0.3/tests/test_basic.py', 996, 1026)"
25,method length,"('/home/toffer/Repos/flask-tags/flask-1.0.3/tests/test_basic.py', 1029, 1057)"
26,method length,"('/home/toffer/Repos/flask-tags/flask-1.0.3/tests/test_basic.py', 1117, 1191)"
27,method length,"('/home/toffer/Repos/flask-tags/flask-1.0.3/tests/test_basic.py', 1194, 1234)"
28,method length,"('/home/toffer/Repos/flask-tags/flask-1.0.3/tests/test_basic.py', 1445, 1500)"
29,method length,"('/home/toffer/Repos/flask-tags/flask-1.0.3/tests/test_basic.py', 1753, 1782)"
30,method length,"('/home/toffer/Repos/flask-tags/flask-1.0.3/tests/test_basic.py', 1935, 1962)"
31,method length,"('/home/toffer/Repos/flask-tags/flask-1.0.3/tests/test_signals.py', 73, 110)"
32,method length,"('/home/toffer/Repos/flask-tags/flask-1.0.3/tests/test_views.py', 114, 151)"
33,method length,"('/home/toffer/Repos/flask-tags/flask-1.0.3/tests/test_reqctx.py', 70, 107)"
34,method length,"('/home/toffer/Repos/flask-tags/flask-1.0.3/tests/test_config.py', 49, 75)"
35,method length,"('/home/toffer/Repos/flask-tags/flask-1.0.3/tests/test_testing.py', 145, 172)"
36,method length,"('/home/toffer/Repos/flask-tags/flask-1.0.3/tests/test_testing.py', 219, 248)"
37,method length,"('/home/toffer/Repos/flask-tags/flask-1.0.3/tests/test_blueprints.py', 22, 57)"
38,method length,"('/home/toffer/Repos/flask-tags/flask-1.0.3/tests/test_blueprints.py', 60, 91)"
39,method length,"('/home/toffer/Repos/flask-tags/flask-1.0.3/tests/test_blueprints.py', 187, 227)"
40,method length,"('/home/toffer/Repos/flask-tags/flask-1.0.3/tests/test_blueprints.py', 315, 344)"
41,method length,"('/home/toffer/Repos/flask-tags/flask-1.0.3/tests/test_blueprints.py', 347, 406)"
42,method length,"('/home/toffer/Repos/flask-tags/flask-1.0.3/tests/test_blueprints.py', 697, 734)"
43,method length,"('/home/toffer/Repos/flask-tags/flask-1.0.3/tests/test_blueprints.py', 758, 786)"
44,method length,"('/home/toffer/Repos/flask-tags/flask-1.0.3/tests/test_blueprints.py', 789, 829)"
45,method length,"('/home/toffer/Repos/flask-tags/flask-1.0.3/tests/test_templating.py', 357, 385)"
46,method length,"('/home/toffer/Repos/flask-tags/flask-1.0.3/tests/test_templating.py', 402, 432)"
47,method length,"('/home/toffer/Repos/flask-tags/flask-1.0.3/tests/test_user_error_handler.py', 46, 82)"
48,method length,"('/home/toffer/Repos/flask-tags/flask-1.0.3/tests/test_user_error_handler.py', 85, 118)"
49,method length,"('/home/toffer/Repos/flask-tags/flask-1.0.3/tests/test_user_error_handler.py', 148, 199)"
50,method length,"('/home/toffer/Repos/flask-tags/flask-1.0.3/flask/blueprints.py', 25, 59)"
51,method length,"('/home/toffer/Repos/flask-tags/flask-1.0.3/flask/sessions.py', 173, 229)"
52,method length,"('/home/toffer/Repos/flask-tags/flask-1.0.3/flask/sessions.py', 348, 385)"
53,method length,"('/home/toffer/Repos/flask-tags/flask-1.0.3/flask/ctx.py', 121, 153)"
54,method length,"('/home/toffer/Repos/flask-tags/flask-1.0.3/flask/ctx.py', 156, 185)"
55,method length,"('/home/toffer/Repos/flask-tags/flask-1.0.3/flask/ctx.py', 279, 307)"
56,method length,"('/home/toffer/Repos/flask-tags/flask-1.0.3/flask/ctx.py', 341, 381)"
57,method length,"('/home/toffer/Repos/flask-tags/flask-1.0.3/flask/ctx.py', 383, 426)"
58,method length,"('/home/toffer/Repos/flask-tags/flask-1.0.3/flask/helpers.py', 95, 164)"
59,method length,"('/home/toffer/Repos/flask-tags/flask-1.0.3/flask/helpers.py', 167, 213)"
60,method length,"('/home/toffer/Repos/flask-tags/flask-1.0.3/flask/helpers.py', 216, 360)"
61,method length,"('/home/toffer/Repos/flask-tags/flask-1.0.3/flask/helpers.py', 386, 412)"
62,method length,"('/home/toffer/Repos/flask-tags/flask-1.0.3/flask/helpers.py', 415, 451)"
63,method length,"('/home/toffer/Repos/flask-tags/flask-1.0.3/flask/helpers.py', 456, 644)"
64,method length,"('/home/toffer/Repos/flask-tags/flask-1.0.3/flask/helpers.py', 647, 681)"
65,method length,"('/home/toffer/Repos/flask-tags/flask-1.0.3/flask/helpers.py', 684, 720)"
66,method length,"('/home/toffer/Repos/flask-tags/flask-1.0.3/flask/helpers.py', 723, 766)"
67,method length,"('/home/toffer/Repos/flask-tags/flask-1.0.3/flask/helpers.py', 792, 844)"
68,method length,"('/home/toffer/Repos/flask-tags/flask-1.0.3/flask/helpers.py', 1024, 1051)"
69,method length,"('/home/toffer/Repos/flask-tags/flask-1.0.3/flask/app.py', 366, 572)"
70,method length,"('/home/toffer/Repos/flask-tags/flask-1.0.3/flask/app.py', 717, 749)"
71,method length,"('/home/toffer/Repos/flask-tags/flask-1.0.3/flask/app.py', 845, 949)"
72,method length,"('/home/toffer/Repos/flask-tags/flask-1.0.3/flask/app.py', 951, 1005)"
73,method length,"('/home/toffer/Repos/flask-tags/flask-1.0.3/flask/app.py', 1082, 1116)"
74,method length,"('/home/toffer/Repos/flask-tags/flask-1.0.3/flask/app.py', 1127, 1223)"
75,method length,"('/home/toffer/Repos/flask-tags/flask-1.0.3/flask/app.py', 1225, 1253)"
76,method length,"('/home/toffer/Repos/flask-tags/flask-1.0.3/flask/app.py', 1287, 1319)"
77,method length,"('/home/toffer/Repos/flask-tags/flask-1.0.3/flask/app.py', 1495, 1531)"
78,method length,"('/home/toffer/Repos/flask-tags/flask-1.0.3/flask/app.py', 1534, 1564)"
79,method length,"('/home/toffer/Repos/flask-tags/flask-1.0.3/flask/app.py', 1630, 1661)"
80,method length,"('/home/toffer/Repos/flask-tags/flask-1.0.3/flask/app.py', 1663, 1695)"
81,method length,"('/home/toffer/Repos/flask-tags/flask-1.0.3/flask/app.py', 1697, 1738)"
82,method length,"('/home/toffer/Repos/flask-tags/flask-1.0.3/flask/app.py', 1740, 1767)"
83,method length,"('/home/toffer/Repos/flask-tags/flask-1.0.3/flask/app.py', 1910, 2014)"
84,method length,"('/home/toffer/Repos/flask-tags/flask-1.0.3/flask/app.py', 2016, 2047)"
85,method length,"('/home/toffer/Repos/flask-tags/flask-1.0.3/flask/app.py', 2136, 2165)"
86,method length,"('/home/toffer/Repos/flask-tags/flask-1.0.3/flask/app.py', 2225, 2279)"
87,method length,"('/home/toffer/Repos/flask-tags/flask-1.0.3/flask/app.py', 2281, 2322)"
88,method length,"('/home/toffer/Repos/flask-tags/flask-1.0.3/flask/cli.py', 44, 98)"
89,method length,"('/home/toffer/Repos/flask-tags/flask-1.0.3/flask/cli.py', 144, 201)"
90,method length,"('/home/toffer/Repos/flask-tags/flask-1.0.3/flask/cli.py', 363, 404)"
91,method length,"('/home/toffer/Repos/flask-tags/flask-1.0.3/flask/cli.py', 579, 625)"
92,method length,"('/home/toffer/Repos/flask-tags/flask-1.0.3/flask/cli.py', 695, 731)"
93,method length,"('/home/toffer/Repos/flask-tags/flask-1.0.3/flask/cli.py', 788, 817)"
94,method length,"('/home/toffer/Repos/flask-tags/flask-1.0.3/flask/cli.py', 836, 868)"
95,method length,"('/home/toffer/Repos/flask-tags/flask-1.0.3/flask/wrappers.py', 52, 90)"
96,method length,"('/home/toffer/Repos/flask-tags/flask-1.0.3/flask/testing.py', 27, 84)"
97,method length,"('/home/toffer/Repos/flask-tags/flask-1.0.3/flask/testing.py', 112, 160)"
98,method length,"('/home/toffer/Repos/flask-tags/flask-1.0.3/flask/testing.py', 162, 197)"
99,method length,"('/home/toffer/Repos/flask-tags/flask-1.0.3/flask/debughelpers.py', 114, 159)"
100,method length,"('/home/toffer/Repos/flask-tags/flask-1.0.3/flask/config.py', 111, 139)"
101,method length,"('/home/toffer/Repos/flask-tags/flask-1.0.3/flask/config.py', 141, 177)"
102,method length,"('/home/toffer/Repos/flask-tags/flask-1.0.3/flask/config.py', 227, 266)"
103,method length,"('/home/toffer/Repos/flask-tags/flask-1.0.3/flask/views.py', 77, 107)"
104,method length,"('/home/toffer/Repos/flask-tags/flask-1.0.3/flask/json/tag.py', 246, 272)"
105,method length,"('/home/toffer/Repos/flask-tags/flask-1.0.3/flask/json/__init__.py', 128, 168)"
106,method length,"('/home/toffer/Repos/flask-tags/flask-1.0.3/flask/json/__init__.py', 171, 197)"
107,method length,"('/home/toffer/Repos/flask-tags/flask-1.0.3/flask/json/__init__.py', 209, 236)"
108,method length,"('/home/toffer/Repos/flask-tags/flask-1.0.3/flask/json/__init__.py', 247, 279)"
109,method length,"('/home/toffer/Repos/flask-tags/flask-1.0.3/flask/json/__init__.py', 287, 353)"
110,method length,"('/home/toffer/Repos/flask-tags/flask-1.0.3/scripts/make-release.py', 13, 43)"
111,method length,"('/home/toffer/Repos/flask-tags/flask-1.0.3/scripts/make-release.py', 122, 160)"
112,method length,"('/home/toffer/Repos/flask-tags/flask-1.0.3/examples/tutorial/flaskr/__init__.py', 6, 48)"
113,method length,"('/home/toffer/Repos/flask-tags/flask-1.0.3/examples/tutorial/flaskr/auth.py', 40, 73)"
114,file length,"('/home/toffer/Repos/flask-tags/flask-1.0.3/tests/test_helpers.py', -1, -1)"
115,file length,"('/home/toffer/Repos/flask-tags/flask-1.0.3/tests/test_cli.py', -1, -1)"
116,file length,"('/home/toffer/Repos/flask-tags/flask-1.0.3/tests/test_basic.py', -1, -1)"
117,file length,"('/home/toffer/Repos/flask-tags/flask-1.0.3/tests/test_testing.py', -1, -1)"
118,file length,"('/home/toffer/Repos/flask-tags/flask-1.0.3/tests/test_blueprints.py', -1, -1)"
119,file length,"('/home/toffer/Repos/flask-tags/flask-1.0.3/tests/test_templating.py', -1, -1)"
120,file length,"('/home/toffer/Repos/flask-tags/flask-1.0.3/flask/blueprints.py', -1, -1)"
121,file length,"('/home/toffer/Repos/flask-tags/flask-1.0.3/flask/sessions.py', -1, -1)"
122,file length,"('/home/toffer/Repos/flask-tags/flask-1.0.3/flask/ctx.py', -1, -1)"
123,file length,"('/home/toffer/Repos/flask-tags/flask-1.0.3/flask/helpers.py', -1, -1)"
124,file length,"('/home/toffer/Repos/flask-tags/flask-1.0.3/flask/app.py', -1, -1)"
125,file length,"('/home/toffer/Repos/flask-tags/flask-1.0.3/flask/cli.py', -1, -1)"
126,file length,"('/home/toffer/Repos/flask-tags/flask-1.0.3/flask/json/__init__.py', -1, -1)"
127,argument count,"('/home/toffer/Repos/flask-tags/flask-1.0.3/docs/conf.py', 75, 75)"
128,argument count,"('/home/toffer/Repos/flask-tags/flask-1.0.3/tests/test_helpers.py', 143, 143)"
129,argument count,"('/home/toffer/Repos/flask-tags/flask-1.0.3/tests/test_helpers.py', 927, 927)"
130,argument count,"('/home/toffer/Repos/flask-tags/flask-1.0.3/tests/test_helpers.py', 941, 941)"
131,argument count,"('/home/toffer/Repos/flask-tags/flask-1.0.3/tests/test_basic.py', 1531, 1532)"
132,argument count,"('/home/toffer/Repos/flask-tags/flask-1.0.3/tests/test_basic.py', 1910, 1910)"
133,argument count,"('/home/toffer/Repos/flask-tags/flask-1.0.3/tests/test_basic.py', 1925, 1925)"
134,argument count,"('/home/toffer/Repos/flask-tags/flask-1.0.3/tests/test_instance_config.py', 65, 66)"
135,argument count,"('/home/toffer/Repos/flask-tags/flask-1.0.3/tests/test_instance_config.py', 78, 80)"
136,argument count,"('/home/toffer/Repos/flask-tags/flask-1.0.3/tests/test_instance_config.py', 94, 96)"
137,argument count,"('/home/toffer/Repos/flask-tags/flask-1.0.3/tests/test_blueprints.py', 131, 131)"
138,argument count,"('/home/toffer/Repos/flask-tags/flask-1.0.3/flask/blueprints.py', 24, 24)"
139,argument count,"('/home/toffer/Repos/flask-tags/flask-1.0.3/flask/blueprints.py', 61, 61)"
140,argument count,"('/home/toffer/Repos/flask-tags/flask-1.0.3/flask/blueprints.py', 117, 120)"
141,argument count,"('/home/toffer/Repos/flask-tags/flask-1.0.3/flask/blueprints.py', 198, 198)"
142,argument count,"('/home/toffer/Repos/flask-tags/flask-1.0.3/flask/helpers.py', 454, 456)"
143,argument count,"('/home/toffer/Repos/flask-tags/flask-1.0.3/flask/app.py', 354, 366)"
144,argument count,"('/home/toffer/Repos/flask-tags/flask-1.0.3/flask/app.py', 844, 845)"
145,argument count,"('/home/toffer/Repos/flask-tags/flask-1.0.3/flask/app.py', 1126, 1127)"
146,argument count,"('/home/toffer/Repos/flask-tags/flask-1.0.3/flask/cli.py', 477, 479)"
147,argument count,"('/home/toffer/Repos/flask-tags/flask-1.0.3/flask/cli.py', 757, 758)"
148,argument count,"('/home/toffer/Repos/flask-tags/flask-1.0.3/flask/testing.py', 24, 27)"
149,method count,"('/home/toffer/Repos/flask-tags/flask-1.0.3/tests/test_appctx.py', 17, 209)"
150,method count,"('/home/toffer/Repos/flask-tags/flask-1.0.3/tests/test_helpers.py', 30, 955)"
151,method count,"('/home/toffer/Repos/flask-tags/flask-1.0.3/tests/test_cli.py', 40, 576)"
152,method count,"('/home/toffer/Repos/flask-tags/flask-1.0.3/tests/test_basic.py', 28, 1951)"
153,method count,"('/home/toffer/Repos/flask-tags/flask-1.0.3/tests/test_signals.py', 27, 192)"
154,method count,"('/home/toffer/Repos/flask-tags/flask-1.0.3/tests/test_views.py', 20, 229)"
155,method count,"('/home/toffer/Repos/flask-tags/flask-1.0.3/tests/test_reqctx.py', 23, 221)"
156,method count,"('/home/toffer/Repos/flask-tags/flask-1.0.3/tests/test_testing.py', 29, 407)"
157,method count,"('/home/toffer/Repos/flask-tags/flask-1.0.3/tests/test_blueprints.py', 22, 850)"
158,method count,"('/home/toffer/Repos/flask-tags/flask-1.0.3/tests/test_templating.py', 20, 442)"
159,method count,"('/home/toffer/Repos/flask-tags/flask-1.0.3/tests/test_user_error_handler.py', 19, 188)"
160,method count,"('/home/toffer/Repos/flask-tags/flask-1.0.3/flask/blueprints.py', 24, 446)"
161,method count,"('/home/toffer/Repos/flask-tags/flask-1.0.3/flask/sessions.py', 28, 384)"
162,method count,"('/home/toffer/Repos/flask-tags/flask-1.0.3/flask/ctx.py', 46, 456)"
163,method count,"('/home/toffer/Repos/flask-tags/flask-1.0.3/flask/helpers.py', 49, 1050)"
164,method count,"('/home/toffer/Repos/flask-tags/flask-1.0.3/flask/app.py', 48, 2333)"
165,method count,"('/home/toffer/Repos/flask-tags/flask-1.0.3/flask/cli.py', 44, 905)"
166,method count,"('/home/toffer/Repos/flask-tags/flask-1.0.3/flask/json/tag.py', 65, 299)"
167,Return Statements,"('/home/toffer/Repos/flask-tags/flask-1.0.3/tests/test_helpers.py', 276, 307)"
168,Return Statements,"('/home/toffer/Repos/flask-tags/flask-1.0.3/tests/test_helpers.py', 309, 345)"
169,Return Statements,"('/home/toffer/Repos/flask-tags/flask-1.0.3/tests/test_cli.py', 50, 142)"
170,Return Statements,"('/home/toffer/Repos/flask-tags/flask-1.0.3/tests/test_basic.py', 530, 582)"
171,Return Statements,"('/home/toffer/Repos/flask-tags/flask-1.0.3/tests/test_basic.py', 594, 671)"
172,Return Statements,"('/home/toffer/Repos/flask-tags/flask-1.0.3/tests/test_basic.py', 1117, 1191)"
173,Return Statements,"('/home/toffer/Repos/flask-tags/flask-1.0.3/tests/test_blueprints.py', 315, 344)"
174,Return Statements,"('/home/toffer/Repos/flask-tags/flask-1.0.3/tests/test_user_error_handler.py', 148, 199)"
175,Return Statements,"('/home/toffer/Repos/flask-tags/flask-1.0.3/flask/json/__init__.py', 56, 81)"
176,Return Statements,"('/home/toffer/Repos/flask-tags/flask-1.0.3/flask/json/__init__.py', 128, 168)"
177,nested controlflow,"('/home/toffer/Repos/flask-tags/flask-1.0.3/flask/cli.py', 377, 389)"
178,breaks in linear flow,"('/home/toffer/Repos/flask-tags/flask-1.0.3/docs/conf.py', 80, 80)"
179,breaks in linear flow,"('/home/toffer/Repos/flask-tags/flask-1.0.3/docs/conf.py', 86, 86)"
180,breaks in linear flow,"('/home/toffer/Repos/flask-tags/flask-1.0.3/docs/conf.py', 91, 91)"
181,breaks in linear flow,"('/home/toffer/Repos/flask-tags/flask-1.0.3/tests/test_appctx.py', 75, 75)"
182,breaks in linear flow,"('/home/toffer/Repos/flask-tags/flask-1.0.3/tests/test_appctx.py', 94, 94)"
183,breaks in linear flow,"('/home/toffer/Repos/flask-tags/flask-1.0.3/tests/test_appctx.py', 215, 215)"
184,breaks in linear flow,"('/home/toffer/Repos/flask-tags/flask-1.0.3/tests/test_helpers.py', 35, 35)"
185,breaks in linear flow,"('/home/toffer/Repos/flask-tags/flask-1.0.3/tests/test_helpers.py', 183, 183)"
186,breaks in linear flow,"('/home/toffer/Repos/flask-tags/flask-1.0.3/tests/test_helpers.py', 204, 204)"
187,breaks in linear flow,"('/home/toffer/Repos/flask-tags/flask-1.0.3/tests/test_helpers.py', 216, 216)"
188,breaks in linear flow,"('/home/toffer/Repos/flask-tags/flask-1.0.3/tests/test_helpers.py', 283, 283)"
189,breaks in linear flow,"('/home/toffer/Repos/flask-tags/flask-1.0.3/tests/test_helpers.py', 293, 293)"
190,breaks in linear flow,"('/home/toffer/Repos/flask-tags/flask-1.0.3/tests/test_helpers.py', 316, 316)"
191,breaks in linear flow,"('/home/toffer/Repos/flask-tags/flask-1.0.3/tests/test_helpers.py', 327, 327)"
192,breaks in linear flow,"('/home/toffer/Repos/flask-tags/flask-1.0.3/tests/test_helpers.py', 362, 362)"
193,breaks in linear flow,"('/home/toffer/Repos/flask-tags/flask-1.0.3/tests/test_helpers.py', 432, 432)"
194,breaks in linear flow,"('/home/toffer/Repos/flask-tags/flask-1.0.3/tests/test_helpers.py', 655, 655)"
195,breaks in linear flow,"('/home/toffer/Repos/flask-tags/flask-1.0.3/tests/test_helpers.py', 762, 762)"
196,breaks in linear flow,"('/home/toffer/Repos/flask-tags/flask-1.0.3/tests/test_helpers.py', 797, 797)"
197,breaks in linear flow,"('/home/toffer/Repos/flask-tags/flask-1.0.3/tests/test_helpers.py', 898, 898)"
198,breaks in linear flow,"('/home/toffer/Repos/flask-tags/flask-1.0.3/tests/test_helpers.py', 914, 914)"
199,breaks in linear flow,"('/home/toffer/Repos/flask-tags/flask-1.0.3/tests/test_helpers.py', 929, 929)"
200,breaks in linear flow,"('/home/toffer/Repos/flask-tags/flask-1.0.3/tests/conftest.py', 38, 38)"
201,breaks in linear flow,"('/home/toffer/Repos/flask-tags/flask-1.0.3/tests/conftest.py', 39, 39)"
202,breaks in linear flow,"('/home/toffer/Repos/flask-tags/flask-1.0.3/tests/conftest.py', 99, 99)"
203,breaks in linear flow,"('/home/toffer/Repos/flask-tags/flask-1.0.3/tests/conftest.py', 115, 115)"
204,breaks in linear flow,"('/home/toffer/Repos/flask-tags/flask-1.0.3/tests/conftest.py', 123, 123)"
205,breaks in linear flow,"('/home/toffer/Repos/flask-tags/flask-1.0.3/tests/conftest.py', 167, 167)"
206,breaks in linear flow,"('/home/toffer/Repos/flask-tags/flask-1.0.3/tests/test_regression.py', 43, 43)"
207,breaks in linear flow,"('/home/toffer/Repos/flask-tags/flask-1.0.3/tests/test_regression.py', 66, 66)"
208,breaks in linear flow,"('/home/toffer/Repos/flask-tags/flask-1.0.3/tests/test_regression.py', 69, 69)"
209,breaks in linear flow,"('/home/toffer/Repos/flask-tags/flask-1.0.3/tests/test_cli.py', 434, 434)"
210,breaks in linear flow,"('/home/toffer/Repos/flask-tags/flask-1.0.3/tests/test_cli.py', 478, 478)"
211,breaks in linear flow,"('/home/toffer/Repos/flask-tags/flask-1.0.3/tests/test_cli.py', 497, 497)"
212,breaks in linear flow,"('/home/toffer/Repos/flask-tags/flask-1.0.3/tests/test_cli.py', 560, 560)"
213,breaks in linear flow,"('/home/toffer/Repos/flask-tags/flask-1.0.3/tests/test_cli.py', 565, 565)"
214,breaks in linear flow,"('/home/toffer/Repos/flask-tags/flask-1.0.3/tests/test_basic.py', 92, 92)"
215,breaks in linear flow,"('/home/toffer/Repos/flask-tags/flask-1.0.3/tests/test_basic.py', 109, 109)"
216,breaks in linear flow,"('/home/toffer/Repos/flask-tags/flask-1.0.3/tests/test_basic.py', 569, 569)"
217,breaks in linear flow,"('/home/toffer/Repos/flask-tags/flask-1.0.3/tests/test_basic.py', 790, 790)"
218,breaks in linear flow,"('/home/toffer/Repos/flask-tags/flask-1.0.3/tests/test_basic.py', 802, 802)"
219,breaks in linear flow,"('/home/toffer/Repos/flask-tags/flask-1.0.3/tests/test_basic.py', 1076, 1076)"
220,breaks in linear flow,"('/home/toffer/Repos/flask-tags/flask-1.0.3/tests/test_basic.py', 1081, 1081)"
221,breaks in linear flow,"('/home/toffer/Repos/flask-tags/flask-1.0.3/tests/test_basic.py', 1093, 1093)"
222,breaks in linear flow,"('/home/toffer/Repos/flask-tags/flask-1.0.3/tests/test_basic.py', 1336, 1336)"
223,breaks in linear flow,"('/home/toffer/Repos/flask-tags/flask-1.0.3/tests/test_basic.py', 1340, 1340)"
224,breaks in linear flow,"('/home/toffer/Repos/flask-tags/flask-1.0.3/tests/test_basic.py', 1478, 1478)"
225,breaks in linear flow,"('/home/toffer/Repos/flask-tags/flask-1.0.3/tests/test_basic.py', 1491, 1491)"
226,breaks in linear flow,"('/home/toffer/Repos/flask-tags/flask-1.0.3/tests/test_basic.py', 1510, 1510)"
227,breaks in linear flow,"('/home/toffer/Repos/flask-tags/flask-1.0.3/tests/test_basic.py', 1521, 1521)"
228,breaks in linear flow,"('/home/toffer/Repos/flask-tags/flask-1.0.3/tests/test_basic.py', 1569, 1569)"
229,breaks in linear flow,"('/home/toffer/Repos/flask-tags/flask-1.0.3/tests/test_basic.py', 1741, 1741)"
230,breaks in linear flow,"('/home/toffer/Repos/flask-tags/flask-1.0.3/tests/test_signals.py', 16, 16)"
231,breaks in linear flow,"('/home/toffer/Repos/flask-tags/flask-1.0.3/tests/test_reqctx.py', 19, 19)"
232,breaks in linear flow,"('/home/toffer/Repos/flask-tags/flask-1.0.3/tests/test_reqctx.py', 46, 46)"
233,breaks in linear flow,"('/home/toffer/Repos/flask-tags/flask-1.0.3/tests/test_reqctx.py', 65, 65)"
234,breaks in linear flow,"('/home/toffer/Repos/flask-tags/flask-1.0.3/tests/test_reqctx.py', 94, 94)"
235,breaks in linear flow,"('/home/toffer/Repos/flask-tags/flask-1.0.3/tests/test_config.py', 205, 205)"
236,breaks in linear flow,"('/home/toffer/Repos/flask-tags/flask-1.0.3/tests/test_logging.py', 41, 41)"
237,breaks in linear flow,"('/home/toffer/Repos/flask-tags/flask-1.0.3/tests/test_instance_config.py', 118, 118)"
238,breaks in linear flow,"('/home/toffer/Repos/flask-tags/flask-1.0.3/tests/test_testing.py', 25, 25)"
239,breaks in linear flow,"('/home/toffer/Repos/flask-tags/flask-1.0.3/tests/test_testing.py', 148, 148)"
240,breaks in linear flow,"('/home/toffer/Repos/flask-tags/flask-1.0.3/tests/test_testing.py', 168, 168)"
241,breaks in linear flow,"('/home/toffer/Repos/flask-tags/flask-1.0.3/tests/test_testing.py', 245, 245)"
242,breaks in linear flow,"('/home/toffer/Repos/flask-tags/flask-1.0.3/tests/test_blueprints.py', 208, 208)"
243,breaks in linear flow,"('/home/toffer/Repos/flask-tags/flask-1.0.3/tests/test_blueprints.py', 243, 243)"
244,breaks in linear flow,"('/home/toffer/Repos/flask-tags/flask-1.0.3/tests/test_blueprints.py', 358, 358)"
245,breaks in linear flow,"('/home/toffer/Repos/flask-tags/flask-1.0.3/tests/test_blueprints.py', 367, 367)"
246,breaks in linear flow,"('/home/toffer/Repos/flask-tags/flask-1.0.3/flask/blueprints.py', 42, 42)"
247,breaks in linear flow,"('/home/toffer/Repos/flask-tags/flask-1.0.3/flask/blueprints.py', 50, 50)"
248,breaks in linear flow,"('/home/toffer/Repos/flask-tags/flask-1.0.3/flask/blueprints.py', 66, 66)"
249,breaks in linear flow,"('/home/toffer/Repos/flask-tags/flask-1.0.3/flask/blueprints.py', 67, 67)"
250,breaks in linear flow,"('/home/toffer/Repos/flask-tags/flask-1.0.3/flask/blueprints.py', 73, 73)"
251,breaks in linear flow,"('/home/toffer/Repos/flask-tags/flask-1.0.3/flask/blueprints.py', 76, 76)"
252,breaks in linear flow,"('/home/toffer/Repos/flask-tags/flask-1.0.3/flask/blueprints.py', 129, 129)"
253,breaks in linear flow,"('/home/toffer/Repos/flask-tags/flask-1.0.3/flask/blueprints.py', 139, 139)"
254,breaks in linear flow,"('/home/toffer/Repos/flask-tags/flask-1.0.3/flask/blueprints.py', 153, 153)"
255,breaks in linear flow,"('/home/toffer/Repos/flask-tags/flask-1.0.3/flask/blueprints.py', 179, 179)"
256,breaks in linear flow,"('/home/toffer/Repos/flask-tags/flask-1.0.3/flask/blueprints.py', 185, 185)"
257,breaks in linear flow,"('/home/toffer/Repos/flask-tags/flask-1.0.3/flask/blueprints.py', 202, 202)"
258,breaks in linear flow,"('/home/toffer/Repos/flask-tags/flask-1.0.3/flask/blueprints.py', 204, 204)"
259,breaks in linear flow,"('/home/toffer/Repos/flask-tags/flask-1.0.3/flask/globals.py', 36, 36)"
260,breaks in linear flow,"('/home/toffer/Repos/flask-tags/flask-1.0.3/flask/globals.py', 43, 43)"
261,breaks in linear flow,"('/home/toffer/Repos/flask-tags/flask-1.0.3/flask/globals.py', 50, 50)"
262,breaks in linear flow,"('/home/toffer/Repos/flask-tags/flask-1.0.3/flask/__main__.py', 12, 12)"
263,breaks in linear flow,"('/home/toffer/Repos/flask-tags/flask-1.0.3/flask/sessions.py', 187, 187)"
264,breaks in linear flow,"('/home/toffer/Repos/flask-tags/flask-1.0.3/flask/sessions.py', 193, 193)"
265,breaks in linear flow,"('/home/toffer/Repos/flask-tags/flask-1.0.3/flask/sessions.py', 201, 201)"
266,breaks in linear flow,"('/home/toffer/Repos/flask-tags/flask-1.0.3/flask/sessions.py', 215, 215)"
267,breaks in linear flow,"('/home/toffer/Repos/flask-tags/flask-1.0.3/flask/sessions.py', 225, 225)"
268,breaks in linear flow,"('/home/toffer/Repos/flask-tags/flask-1.0.3/flask/sessions.py', 266, 266)"
269,breaks in linear flow,"('/home/toffer/Repos/flask-tags/flask-1.0.3/flask/sessions.py', 324, 324)"
270,breaks in linear flow,"('/home/toffer/Repos/flask-tags/flask-1.0.3/flask/sessions.py', 336, 336)"
271,breaks in linear flow,"('/home/toffer/Repos/flask-tags/flask-1.0.3/flask/sessions.py', 339, 339)"
272,breaks in linear flow,"('/home/toffer/Repos/flask-tags/flask-1.0.3/flask/sessions.py', 345, 345)"
273,breaks in linear flow,"('/home/toffer/Repos/flask-tags/flask-1.0.3/flask/sessions.py', 354, 354)"
274,breaks in linear flow,"('/home/toffer/Repos/flask-tags/flask-1.0.3/flask/sessions.py', 355, 355)"
275,breaks in linear flow,"('/home/toffer/Repos/flask-tags/flask-1.0.3/flask/sessions.py', 365, 365)"
276,breaks in linear flow,"('/home/toffer/Repos/flask-tags/flask-1.0.3/flask/sessions.py', 368, 368)"
277,breaks in linear flow,"('/home/toffer/Repos/flask-tags/flask-1.0.3/flask/templating.py', 26, 26)"
278,breaks in linear flow,"('/home/toffer/Repos/flask-tags/flask-1.0.3/flask/templating.py', 28, 28)"
279,breaks in linear flow,"('/home/toffer/Repos/flask-tags/flask-1.0.3/flask/templating.py', 41, 41)"
280,breaks in linear flow,"('/home/toffer/Repos/flask-tags/flask-1.0.3/flask/templating.py', 56, 56)"
281,breaks in linear flow,"('/home/toffer/Repos/flask-tags/flask-1.0.3/flask/templating.py', 64, 64)"
282,breaks in linear flow,"('/home/toffer/Repos/flask-tags/flask-1.0.3/flask/templating.py', 67, 67)"
283,breaks in linear flow,"('/home/toffer/Repos/flask-tags/flask-1.0.3/flask/templating.py', 69, 69)"
284,breaks in linear flow,"('/home/toffer/Repos/flask-tags/flask-1.0.3/flask/templating.py', 76, 76)"
285,breaks in linear flow,"('/home/toffer/Repos/flask-tags/flask-1.0.3/flask/templating.py', 81, 81)"
286,breaks in linear flow,"('/home/toffer/Repos/flask-tags/flask-1.0.3/flask/templating.py', 84, 84)"
287,breaks in linear flow,"('/home/toffer/Repos/flask-tags/flask-1.0.3/flask/templating.py', 85, 85)"
288,breaks in linear flow,"('/home/toffer/Repos/flask-tags/flask-1.0.3/flask/templating.py', 90, 90)"
289,breaks in linear flow,"('/home/toffer/Repos/flask-tags/flask-1.0.3/flask/templating.py', 93, 93)"
290,breaks in linear flow,"('/home/toffer/Repos/flask-tags/flask-1.0.3/flask/templating.py', 95, 95)"
291,breaks in linear flow,"('/home/toffer/Repos/flask-tags/flask-1.0.3/flask/templating.py', 101, 101)"
292,breaks in linear flow,"('/home/toffer/Repos/flask-tags/flask-1.0.3/flask/templating.py', 104, 104)"
293,breaks in linear flow,"('/home/toffer/Repos/flask-tags/flask-1.0.3/flask/templating.py', 106, 106)"
294,breaks in linear flow,"('/home/toffer/Repos/flask-tags/flask-1.0.3/flask/templating.py', 107, 107)"
295,breaks in linear flow,"('/home/toffer/Repos/flask-tags/flask-1.0.3/flask/ctx.py', 66, 66)"
296,breaks in linear flow,"('/home/toffer/Repos/flask-tags/flask-1.0.3/flask/ctx.py', 91, 91)"
297,breaks in linear flow,"('/home/toffer/Repos/flask-tags/flask-1.0.3/flask/ctx.py', 145, 145)"
298,breaks in linear flow,"('/home/toffer/Repos/flask-tags/flask-1.0.3/flask/ctx.py', 219, 219)"
299,breaks in linear flow,"('/home/toffer/Repos/flask-tags/flask-1.0.3/flask/ctx.py', 228, 228)"
300,breaks in linear flow,"('/home/toffer/Repos/flask-tags/flask-1.0.3/flask/ctx.py', 229, 229)"
301,breaks in linear flow,"('/home/toffer/Repos/flask-tags/flask-1.0.3/flask/ctx.py', 245, 245)"
302,breaks in linear flow,"('/home/toffer/Repos/flask-tags/flask-1.0.3/flask/ctx.py', 281, 281)"
303,breaks in linear flow,"('/home/toffer/Repos/flask-tags/flask-1.0.3/flask/ctx.py', 338, 338)"
304,breaks in linear flow,"('/home/toffer/Repos/flask-tags/flask-1.0.3/flask/ctx.py', 352, 352)"
305,breaks in linear flow,"('/home/toffer/Repos/flask-tags/flask-1.0.3/flask/ctx.py', 358, 358)"
306,breaks in linear flow,"('/home/toffer/Repos/flask-tags/flask-1.0.3/flask/ctx.py', 365, 365)"
307,breaks in linear flow,"('/home/toffer/Repos/flask-tags/flask-1.0.3/flask/ctx.py', 374, 374)"
308,breaks in linear flow,"('/home/toffer/Repos/flask-tags/flask-1.0.3/flask/ctx.py', 380, 380)"
309,breaks in linear flow,"('/home/toffer/Repos/flask-tags/flask-1.0.3/flask/ctx.py', 395, 395)"
310,breaks in linear flow,"('/home/toffer/Repos/flask-tags/flask-1.0.3/flask/ctx.py', 398, 398)"
311,breaks in linear flow,"('/home/toffer/Repos/flask-tags/flask-1.0.3/flask/ctx.py', 406, 406)"
312,breaks in linear flow,"('/home/toffer/Repos/flask-tags/flask-1.0.3/flask/ctx.py', 410, 410)"
313,breaks in linear flow,"('/home/toffer/Repos/flask-tags/flask-1.0.3/flask/ctx.py', 418, 418)"
314,breaks in linear flow,"('/home/toffer/Repos/flask-tags/flask-1.0.3/flask/ctx.py', 422, 422)"
315,breaks in linear flow,"('/home/toffer/Repos/flask-tags/flask-1.0.3/flask/ctx.py', 429, 429)"
316,breaks in linear flow,"('/home/toffer/Repos/flask-tags/flask-1.0.3/flask/ctx.py', 448, 448)"
317,breaks in linear flow,"('/home/toffer/Repos/flask-tags/flask-1.0.3/flask/helpers.py', 65, 65)"
318,breaks in linear flow,"('/home/toffer/Repos/flask-tags/flask-1.0.3/flask/helpers.py', 80, 80)"
319,breaks in linear flow,"('/home/toffer/Repos/flask-tags/flask-1.0.3/flask/helpers.py', 131, 131)"
320,breaks in linear flow,"('/home/toffer/Repos/flask-tags/flask-1.0.3/flask/helpers.py', 139, 139)"
321,breaks in linear flow,"('/home/toffer/Repos/flask-tags/flask-1.0.3/flask/helpers.py', 152, 152)"
322,breaks in linear flow,"('/home/toffer/Repos/flask-tags/flask-1.0.3/flask/helpers.py', 155, 155)"
323,breaks in linear flow,"('/home/toffer/Repos/flask-tags/flask-1.0.3/flask/helpers.py', 209, 209)"
324,breaks in linear flow,"('/home/toffer/Repos/flask-tags/flask-1.0.3/flask/helpers.py', 211, 211)"
325,breaks in linear flow,"('/home/toffer/Repos/flask-tags/flask-1.0.3/flask/helpers.py', 292, 292)"
326,breaks in linear flow,"('/home/toffer/Repos/flask-tags/flask-1.0.3/flask/helpers.py', 301, 301)"
327,breaks in linear flow,"('/home/toffer/Repos/flask-tags/flask-1.0.3/flask/helpers.py', 305, 305)"
328,breaks in linear flow,"('/home/toffer/Repos/flask-tags/flask-1.0.3/flask/helpers.py', 306, 306)"
329,breaks in linear flow,"('/home/toffer/Repos/flask-tags/flask-1.0.3/flask/helpers.py', 318, 318)"
330,breaks in linear flow,"('/home/toffer/Repos/flask-tags/flask-1.0.3/flask/helpers.py', 336, 336)"
331,breaks in linear flow,"('/home/toffer/Repos/flask-tags/flask-1.0.3/flask/helpers.py', 337, 337)"
332,breaks in linear flow,"('/home/toffer/Repos/flask-tags/flask-1.0.3/flask/helpers.py', 347, 347)"
333,breaks in linear flow,"('/home/toffer/Repos/flask-tags/flask-1.0.3/flask/helpers.py', 349, 349)"
334,breaks in linear flow,"('/home/toffer/Repos/flask-tags/flask-1.0.3/flask/helpers.py', 358, 358)"
335,breaks in linear flow,"('/home/toffer/Repos/flask-tags/flask-1.0.3/flask/helpers.py', 444, 444)"
336,breaks in linear flow,"('/home/toffer/Repos/flask-tags/flask-1.0.3/flask/helpers.py', 447, 447)"
337,breaks in linear flow,"('/home/toffer/Repos/flask-tags/flask-1.0.3/flask/helpers.py', 449, 449)"
338,breaks in linear flow,"('/home/toffer/Repos/flask-tags/flask-1.0.3/flask/helpers.py', 541, 541)"
339,breaks in linear flow,"('/home/toffer/Repos/flask-tags/flask-1.0.3/flask/helpers.py', 543, 543)"
340,breaks in linear flow,"('/home/toffer/Repos/flask-tags/flask-1.0.3/flask/helpers.py', 546, 546)"
341,breaks in linear flow,"('/home/toffer/Repos/flask-tags/flask-1.0.3/flask/helpers.py', 552, 552)"
342,breaks in linear flow,"('/home/toffer/Repos/flask-tags/flask-1.0.3/flask/helpers.py', 553, 553)"
343,breaks in linear flow,"('/home/toffer/Repos/flask-tags/flask-1.0.3/flask/helpers.py', 557, 557)"
344,breaks in linear flow,"('/home/toffer/Repos/flask-tags/flask-1.0.3/flask/helpers.py', 565, 565)"
345,breaks in linear flow,"('/home/toffer/Repos/flask-tags/flask-1.0.3/flask/helpers.py', 566, 566)"
346,breaks in linear flow,"('/home/toffer/Repos/flask-tags/flask-1.0.3/flask/helpers.py', 570, 570)"
347,breaks in linear flow,"('/home/toffer/Repos/flask-tags/flask-1.0.3/flask/helpers.py', 575, 575)"
348,breaks in linear flow,"('/home/toffer/Repos/flask-tags/flask-1.0.3/flask/helpers.py', 586, 586)"
349,breaks in linear flow,"('/home/toffer/Repos/flask-tags/flask-1.0.3/flask/helpers.py', 587, 587)"
350,breaks in linear flow,"('/home/toffer/Repos/flask-tags/flask-1.0.3/flask/helpers.py', 594, 594)"
351,breaks in linear flow,"('/home/toffer/Repos/flask-tags/flask-1.0.3/flask/helpers.py', 604, 604)"
352,breaks in linear flow,"('/home/toffer/Repos/flask-tags/flask-1.0.3/flask/helpers.py', 610, 610)"
353,breaks in linear flow,"('/home/toffer/Repos/flask-tags/flask-1.0.3/flask/helpers.py', 612, 612)"
354,breaks in linear flow,"('/home/toffer/Repos/flask-tags/flask-1.0.3/flask/helpers.py', 616, 616)"
355,breaks in linear flow,"('/home/toffer/Repos/flask-tags/flask-1.0.3/flask/helpers.py', 628, 628)"
356,breaks in linear flow,"('/home/toffer/Repos/flask-tags/flask-1.0.3/flask/helpers.py', 632, 632)"
357,breaks in linear flow,"('/home/toffer/Repos/flask-tags/flask-1.0.3/flask/helpers.py', 636, 636)"
358,breaks in linear flow,"('/home/toffer/Repos/flask-tags/flask-1.0.3/flask/helpers.py', 637, 637)"
359,breaks in linear flow,"('/home/toffer/Repos/flask-tags/flask-1.0.3/flask/helpers.py', 642, 642)"
360,breaks in linear flow,"('/home/toffer/Repos/flask-tags/flask-1.0.3/flask/helpers.py', 667, 667)"
361,breaks in linear flow,"('/home/toffer/Repos/flask-tags/flask-1.0.3/flask/helpers.py', 668, 668)"
362,breaks in linear flow,"('/home/toffer/Repos/flask-tags/flask-1.0.3/flask/helpers.py', 671, 671)"
363,breaks in linear flow,"('/home/toffer/Repos/flask-tags/flask-1.0.3/flask/helpers.py', 712, 712)"
364,breaks in linear flow,"('/home/toffer/Repos/flask-tags/flask-1.0.3/flask/helpers.py', 715, 715)"
365,breaks in linear flow,"('/home/toffer/Repos/flask-tags/flask-1.0.3/flask/helpers.py', 717, 717)"
366,breaks in linear flow,"('/home/toffer/Repos/flask-tags/flask-1.0.3/flask/helpers.py', 731, 731)"
367,breaks in linear flow,"('/home/toffer/Repos/flask-tags/flask-1.0.3/flask/helpers.py', 740, 740)"
368,breaks in linear flow,"('/home/toffer/Repos/flask-tags/flask-1.0.3/flask/helpers.py', 745, 745)"
369,breaks in linear flow,"('/home/toffer/Repos/flask-tags/flask-1.0.3/flask/helpers.py', 756, 756)"
370,breaks in linear flow,"('/home/toffer/Repos/flask-tags/flask-1.0.3/flask/helpers.py', 775, 775)"
371,breaks in linear flow,"('/home/toffer/Repos/flask-tags/flask-1.0.3/flask/helpers.py', 802, 802)"
372,breaks in linear flow,"('/home/toffer/Repos/flask-tags/flask-1.0.3/flask/helpers.py', 807, 807)"
373,breaks in linear flow,"('/home/toffer/Repos/flask-tags/flask-1.0.3/flask/helpers.py', 825, 825)"
374,breaks in linear flow,"('/home/toffer/Repos/flask-tags/flask-1.0.3/flask/helpers.py', 831, 831)"
375,breaks in linear flow,"('/home/toffer/Repos/flask-tags/flask-1.0.3/flask/helpers.py', 836, 836)"
376,breaks in linear flow,"('/home/toffer/Repos/flask-tags/flask-1.0.3/flask/helpers.py', 863, 863)"
377,breaks in linear flow,"('/home/toffer/Repos/flask-tags/flask-1.0.3/flask/helpers.py', 867, 867)"
378,breaks in linear flow,"('/home/toffer/Repos/flask-tags/flask-1.0.3/flask/helpers.py', 890, 890)"
379,breaks in linear flow,"('/home/toffer/Repos/flask-tags/flask-1.0.3/flask/helpers.py', 898, 898)"
380,breaks in linear flow,"('/home/toffer/Repos/flask-tags/flask-1.0.3/flask/helpers.py', 911, 911)"
381,breaks in linear flow,"('/home/toffer/Repos/flask-tags/flask-1.0.3/flask/helpers.py', 914, 914)"
382,breaks in linear flow,"('/home/toffer/Repos/flask-tags/flask-1.0.3/flask/helpers.py', 941, 941)"
383,breaks in linear flow,"('/home/toffer/Repos/flask-tags/flask-1.0.3/flask/helpers.py', 977, 977)"
384,breaks in linear flow,"('/home/toffer/Repos/flask-tags/flask-1.0.3/flask/helpers.py', 1008, 1008)"
385,breaks in linear flow,"('/home/toffer/Repos/flask-tags/flask-1.0.3/flask/helpers.py', 1036, 1036)"
386,breaks in linear flow,"('/home/toffer/Repos/flask-tags/flask-1.0.3/flask/helpers.py', 1040, 1040)"
387,breaks in linear flow,"('/home/toffer/Repos/flask-tags/flask-1.0.3/flask/helpers.py', 1043, 1043)"
388,breaks in linear flow,"('/home/toffer/Repos/flask-tags/flask-1.0.3/flask/helpers.py', 1046, 1046)"
389,breaks in linear flow,"('/home/toffer/Repos/flask-tags/flask-1.0.3/flask/app.py', 49, 49)"
390,breaks in linear flow,"('/home/toffer/Repos/flask-tags/flask-1.0.3/flask/app.py', 59, 59)"
391,breaks in linear flow,"('/home/toffer/Repos/flask-tags/flask-1.0.3/flask/app.py', 374, 374)"
392,breaks in linear flow,"('/home/toffer/Repos/flask-tags/flask-1.0.3/flask/app.py', 377, 377)"
393,breaks in linear flow,"('/home/toffer/Repos/flask-tags/flask-1.0.3/flask/app.py', 380, 380)"
394,breaks in linear flow,"('/home/toffer/Repos/flask-tags/flask-1.0.3/flask/app.py', 557, 557)"
395,breaks in linear flow,"('/home/toffer/Repos/flask-tags/flask-1.0.3/flask/app.py', 584, 584)"
396,breaks in linear flow,"('/home/toffer/Repos/flask-tags/flask-1.0.3/flask/app.py', 586, 586)"
397,breaks in linear flow,"('/home/toffer/Repos/flask-tags/flask-1.0.3/flask/app.py', 599, 599)"
398,breaks in linear flow,"('/home/toffer/Repos/flask-tags/flask-1.0.3/flask/app.py', 612, 612)"
399,breaks in linear flow,"('/home/toffer/Repos/flask-tags/flask-1.0.3/flask/app.py', 663, 663)"
400,breaks in linear flow,"('/home/toffer/Repos/flask-tags/flask-1.0.3/flask/app.py', 679, 679)"
401,breaks in linear flow,"('/home/toffer/Repos/flask-tags/flask-1.0.3/flask/app.py', 730, 730)"
402,breaks in linear flow,"('/home/toffer/Repos/flask-tags/flask-1.0.3/flask/app.py', 733, 733)"
403,breaks in linear flow,"('/home/toffer/Repos/flask-tags/flask-1.0.3/flask/app.py', 770, 770)"
404,breaks in linear flow,"('/home/toffer/Repos/flask-tags/flask-1.0.3/flask/app.py', 787, 787)"
405,breaks in linear flow,"('/home/toffer/Repos/flask-tags/flask-1.0.3/flask/app.py', 789, 789)"
406,breaks in linear flow,"('/home/toffer/Repos/flask-tags/flask-1.0.3/flask/app.py', 792, 792)"
407,breaks in linear flow,"('/home/toffer/Repos/flask-tags/flask-1.0.3/flask/app.py', 807, 807)"
408,breaks in linear flow,"('/home/toffer/Repos/flask-tags/flask-1.0.3/flask/app.py', 905, 905)"
409,breaks in linear flow,"('/home/toffer/Repos/flask-tags/flask-1.0.3/flask/app.py', 910, 910)"
410,breaks in linear flow,"('/home/toffer/Repos/flask-tags/flask-1.0.3/flask/app.py', 914, 914)"
411,breaks in linear flow,"('/home/toffer/Repos/flask-tags/flask-1.0.3/flask/app.py', 921, 921)"
412,breaks in linear flow,"('/home/toffer/Repos/flask-tags/flask-1.0.3/flask/app.py', 929, 929)"
413,breaks in linear flow,"('/home/toffer/Repos/flask-tags/flask-1.0.3/flask/app.py', 1003, 1003)"
414,breaks in linear flow,"('/home/toffer/Repos/flask-tags/flask-1.0.3/flask/app.py', 1019, 1019)"
415,breaks in linear flow,"('/home/toffer/Repos/flask-tags/flask-1.0.3/flask/app.py', 1103, 1103)"
416,breaks in linear flow,"('/home/toffer/Repos/flask-tags/flask-1.0.3/flask/app.py', 1180, 1180)"
417,breaks in linear flow,"('/home/toffer/Repos/flask-tags/flask-1.0.3/flask/app.py', 1188, 1188)"
418,breaks in linear flow,"('/home/toffer/Repos/flask-tags/flask-1.0.3/flask/app.py', 1190, 1190)"
419,breaks in linear flow,"('/home/toffer/Repos/flask-tags/flask-1.0.3/flask/app.py', 1200, 1200)"
420,breaks in linear flow,"('/home/toffer/Repos/flask-tags/flask-1.0.3/flask/app.py', 1204, 1204)"
421,breaks in linear flow,"('/home/toffer/Repos/flask-tags/flask-1.0.3/flask/app.py', 1205, 1205)"
422,breaks in linear flow,"('/home/toffer/Repos/flask-tags/flask-1.0.3/flask/app.py', 1218, 1218)"
423,breaks in linear flow,"('/home/toffer/Repos/flask-tags/flask-1.0.3/flask/app.py', 1220, 1220)"
424,breaks in linear flow,"('/home/toffer/Repos/flask-tags/flask-1.0.3/flask/app.py', 1274, 1274)"
425,breaks in linear flow,"('/home/toffer/Repos/flask-tags/flask-1.0.3/flask/app.py', 1281, 1281)"
426,breaks in linear flow,"('/home/toffer/Repos/flask-tags/flask-1.0.3/flask/app.py', 1338, 1338)"
427,breaks in linear flow,"('/home/toffer/Repos/flask-tags/flask-1.0.3/flask/app.py', 1347, 1347)"
428,breaks in linear flow,"('/home/toffer/Repos/flask-tags/flask-1.0.3/flask/app.py', 1615, 1615)"
429,breaks in linear flow,"('/home/toffer/Repos/flask-tags/flask-1.0.3/flask/app.py', 1621, 1621)"
430,breaks in linear flow,"('/home/toffer/Repos/flask-tags/flask-1.0.3/flask/app.py', 1622, 1622)"
431,breaks in linear flow,"('/home/toffer/Repos/flask-tags/flask-1.0.3/flask/app.py', 1624, 1624)"
432,breaks in linear flow,"('/home/toffer/Repos/flask-tags/flask-1.0.3/flask/app.py', 1627, 1627)"
433,breaks in linear flow,"('/home/toffer/Repos/flask-tags/flask-1.0.3/flask/app.py', 1649, 1649)"
434,breaks in linear flow,"('/home/toffer/Repos/flask-tags/flask-1.0.3/flask/app.py', 1655, 1655)"
435,breaks in linear flow,"('/home/toffer/Repos/flask-tags/flask-1.0.3/flask/app.py', 1659, 1659)"
436,breaks in linear flow,"('/home/toffer/Repos/flask-tags/flask-1.0.3/flask/app.py', 1680, 1680)"
437,breaks in linear flow,"('/home/toffer/Repos/flask-tags/flask-1.0.3/flask/app.py', 1686, 1686)"
438,breaks in linear flow,"('/home/toffer/Repos/flask-tags/flask-1.0.3/flask/app.py', 1692, 1692)"
439,breaks in linear flow,"('/home/toffer/Repos/flask-tags/flask-1.0.3/flask/app.py', 1719, 1719)"
440,breaks in linear flow,"('/home/toffer/Repos/flask-tags/flask-1.0.3/flask/app.py', 1720, 1720)"
441,breaks in linear flow,"('/home/toffer/Repos/flask-tags/flask-1.0.3/flask/app.py', 1725, 1725)"
442,breaks in linear flow,"('/home/toffer/Repos/flask-tags/flask-1.0.3/flask/app.py', 1731, 1731)"
443,breaks in linear flow,"('/home/toffer/Repos/flask-tags/flask-1.0.3/flask/app.py', 1736, 1736)"
444,breaks in linear flow,"('/home/toffer/Repos/flask-tags/flask-1.0.3/flask/app.py', 1754, 1754)"
445,breaks in linear flow,"('/home/toffer/Repos/flask-tags/flask-1.0.3/flask/app.py', 1759, 1759)"
446,breaks in linear flow,"('/home/toffer/Repos/flask-tags/flask-1.0.3/flask/app.py', 1765, 1765)"
447,breaks in linear flow,"('/home/toffer/Repos/flask-tags/flask-1.0.3/flask/app.py', 1790, 1790)"
448,breaks in linear flow,"('/home/toffer/Repos/flask-tags/flask-1.0.3/flask/app.py', 1809, 1809)"
449,breaks in linear flow,"('/home/toffer/Repos/flask-tags/flask-1.0.3/flask/app.py', 1814, 1814)"
450,breaks in linear flow,"('/home/toffer/Repos/flask-tags/flask-1.0.3/flask/app.py', 1831, 1831)"
451,breaks in linear flow,"('/home/toffer/Repos/flask-tags/flask-1.0.3/flask/app.py', 1833, 1833)"
452,breaks in linear flow,"('/home/toffer/Repos/flask-tags/flask-1.0.3/flask/app.py', 1854, 1854)"
453,breaks in linear flow,"('/home/toffer/Repos/flask-tags/flask-1.0.3/flask/app.py', 1855, 1855)"
454,breaks in linear flow,"('/home/toffer/Repos/flask-tags/flask-1.0.3/flask/app.py', 1868, 1868)"
455,breaks in linear flow,"('/home/toffer/Repos/flask-tags/flask-1.0.3/flask/app.py', 1871, 1871)"
456,breaks in linear flow,"('/home/toffer/Repos/flask-tags/flask-1.0.3/flask/app.py', 1873, 1873)"
457,breaks in linear flow,"('/home/toffer/Repos/flask-tags/flask-1.0.3/flask/app.py', 1885, 1885)"
458,breaks in linear flow,"('/home/toffer/Repos/flask-tags/flask-1.0.3/flask/app.py', 1892, 1892)"
459,breaks in linear flow,"('/home/toffer/Repos/flask-tags/flask-1.0.3/flask/app.py', 1894, 1894)"
460,breaks in linear flow,"('/home/toffer/Repos/flask-tags/flask-1.0.3/flask/app.py', 1953, 1953)"
461,breaks in linear flow,"('/home/toffer/Repos/flask-tags/flask-1.0.3/flask/app.py', 1957, 1957)"
462,breaks in linear flow,"('/home/toffer/Repos/flask-tags/flask-1.0.3/flask/app.py', 1961, 1961)"
463,breaks in linear flow,"('/home/toffer/Repos/flask-tags/flask-1.0.3/flask/app.py', 1974, 1974)"
464,breaks in linear flow,"('/home/toffer/Repos/flask-tags/flask-1.0.3/flask/app.py', 1982, 1982)"
465,breaks in linear flow,"('/home/toffer/Repos/flask-tags/flask-1.0.3/flask/app.py', 1983, 1983)"
466,breaks in linear flow,"('/home/toffer/Repos/flask-tags/flask-1.0.3/flask/app.py', 1994, 1994)"
467,breaks in linear flow,"('/home/toffer/Repos/flask-tags/flask-1.0.3/flask/app.py', 2004, 2004)"
468,breaks in linear flow,"('/home/toffer/Repos/flask-tags/flask-1.0.3/flask/app.py', 2005, 2005)"
469,breaks in linear flow,"('/home/toffer/Repos/flask-tags/flask-1.0.3/flask/app.py', 2011, 2011)"
470,breaks in linear flow,"('/home/toffer/Repos/flask-tags/flask-1.0.3/flask/app.py', 2031, 2031)"
471,breaks in linear flow,"('/home/toffer/Repos/flask-tags/flask-1.0.3/flask/app.py', 2043, 2043)"
472,breaks in linear flow,"('/home/toffer/Repos/flask-tags/flask-1.0.3/flask/app.py', 2057, 2057)"
473,breaks in linear flow,"('/home/toffer/Repos/flask-tags/flask-1.0.3/flask/app.py', 2060, 2060)"
474,breaks in linear flow,"('/home/toffer/Repos/flask-tags/flask-1.0.3/flask/app.py', 2067, 2067)"
475,breaks in linear flow,"('/home/toffer/Repos/flask-tags/flask-1.0.3/flask/app.py', 2070, 2070)"
476,breaks in linear flow,"('/home/toffer/Repos/flask-tags/flask-1.0.3/flask/app.py', 2072, 2072)"
477,breaks in linear flow,"('/home/toffer/Repos/flask-tags/flask-1.0.3/flask/app.py', 2079, 2079)"
478,breaks in linear flow,"('/home/toffer/Repos/flask-tags/flask-1.0.3/flask/app.py', 2097, 2097)"
479,breaks in linear flow,"('/home/toffer/Repos/flask-tags/flask-1.0.3/flask/app.py', 2099, 2099)"
480,breaks in linear flow,"('/home/toffer/Repos/flask-tags/flask-1.0.3/flask/app.py', 2103, 2103)"
481,breaks in linear flow,"('/home/toffer/Repos/flask-tags/flask-1.0.3/flask/app.py', 2105, 2105)"
482,breaks in linear flow,"('/home/toffer/Repos/flask-tags/flask-1.0.3/flask/app.py', 2107, 2107)"
483,breaks in linear flow,"('/home/toffer/Repos/flask-tags/flask-1.0.3/flask/app.py', 2126, 2126)"
484,breaks in linear flow,"('/home/toffer/Repos/flask-tags/flask-1.0.3/flask/app.py', 2128, 2128)"
485,breaks in linear flow,"('/home/toffer/Repos/flask-tags/flask-1.0.3/flask/app.py', 2130, 2130)"
486,breaks in linear flow,"('/home/toffer/Repos/flask-tags/flask-1.0.3/flask/app.py', 2132, 2132)"
487,breaks in linear flow,"('/home/toffer/Repos/flask-tags/flask-1.0.3/flask/app.py', 2157, 2157)"
488,breaks in linear flow,"('/home/toffer/Repos/flask-tags/flask-1.0.3/flask/app.py', 2161, 2161)"
489,breaks in linear flow,"('/home/toffer/Repos/flask-tags/flask-1.0.3/flask/app.py', 2163, 2163)"
490,breaks in linear flow,"('/home/toffer/Repos/flask-tags/flask-1.0.3/flask/app.py', 2182, 2182)"
491,breaks in linear flow,"('/home/toffer/Repos/flask-tags/flask-1.0.3/flask/app.py', 2184, 2184)"
492,breaks in linear flow,"('/home/toffer/Repos/flask-tags/flask-1.0.3/flask/app.py', 2312, 2312)"
493,breaks in linear flow,"('/home/toffer/Repos/flask-tags/flask-1.0.3/flask/app.py', 2315, 2315)"
494,breaks in linear flow,"('/home/toffer/Repos/flask-tags/flask-1.0.3/flask/app.py', 2320, 2320)"
495,breaks in linear flow,"('/home/toffer/Repos/flask-tags/flask-1.0.3/flask/cli.py', 36, 36)"
496,breaks in linear flow,"('/home/toffer/Repos/flask-tags/flask-1.0.3/flask/cli.py', 51, 51)"
497,breaks in linear flow,"('/home/toffer/Repos/flask-tags/flask-1.0.3/flask/cli.py', 54, 54)"
498,breaks in linear flow,"('/home/toffer/Repos/flask-tags/flask-1.0.3/flask/cli.py', 62, 62)"
499,breaks in linear flow,"('/home/toffer/Repos/flask-tags/flask-1.0.3/flask/cli.py', 72, 72)"
500,breaks in linear flow,"('/home/toffer/Repos/flask-tags/flask-1.0.3/flask/cli.py', 75, 75)"
501,breaks in linear flow,"('/home/toffer/Repos/flask-tags/flask-1.0.3/flask/cli.py', 79, 79)"
502,breaks in linear flow,"('/home/toffer/Repos/flask-tags/flask-1.0.3/flask/cli.py', 81, 81)"
503,breaks in linear flow,"('/home/toffer/Repos/flask-tags/flask-1.0.3/flask/cli.py', 82, 82)"
504,breaks in linear flow,"('/home/toffer/Repos/flask-tags/flask-1.0.3/flask/cli.py', 110, 110)"
505,breaks in linear flow,"('/home/toffer/Repos/flask-tags/flask-1.0.3/flask/cli.py', 131, 131)"
506,breaks in linear flow,"('/home/toffer/Repos/flask-tags/flask-1.0.3/flask/cli.py', 132, 132)"
507,breaks in linear flow,"('/home/toffer/Repos/flask-tags/flask-1.0.3/flask/cli.py', 153, 153)"
508,breaks in linear flow,"('/home/toffer/Repos/flask-tags/flask-1.0.3/flask/cli.py', 163, 163)"
509,breaks in linear flow,"('/home/toffer/Repos/flask-tags/flask-1.0.3/flask/cli.py', 166, 166)"
510,breaks in linear flow,"('/home/toffer/Repos/flask-tags/flask-1.0.3/flask/cli.py', 167, 167)"
511,breaks in linear flow,"('/home/toffer/Repos/flask-tags/flask-1.0.3/flask/cli.py', 170, 170)"
512,breaks in linear flow,"('/home/toffer/Repos/flask-tags/flask-1.0.3/flask/cli.py', 180, 180)"
513,breaks in linear flow,"('/home/toffer/Repos/flask-tags/flask-1.0.3/flask/cli.py', 181, 181)"
514,breaks in linear flow,"('/home/toffer/Repos/flask-tags/flask-1.0.3/flask/cli.py', 193, 193)"
515,breaks in linear flow,"('/home/toffer/Repos/flask-tags/flask-1.0.3/flask/cli.py', 210, 210)"
516,breaks in linear flow,"('/home/toffer/Repos/flask-tags/flask-1.0.3/flask/cli.py', 213, 213)"
517,breaks in linear flow,"('/home/toffer/Repos/flask-tags/flask-1.0.3/flask/cli.py', 219, 219)"
518,breaks in linear flow,"('/home/toffer/Repos/flask-tags/flask-1.0.3/flask/cli.py', 223, 223)"
519,breaks in linear flow,"('/home/toffer/Repos/flask-tags/flask-1.0.3/flask/cli.py', 224, 224)"
520,breaks in linear flow,"('/home/toffer/Repos/flask-tags/flask-1.0.3/flask/cli.py', 226, 226)"
521,breaks in linear flow,"('/home/toffer/Repos/flask-tags/flask-1.0.3/flask/cli.py', 237, 237)"
522,breaks in linear flow,"('/home/toffer/Repos/flask-tags/flask-1.0.3/flask/cli.py', 240, 240)"
523,breaks in linear flow,"('/home/toffer/Repos/flask-tags/flask-1.0.3/flask/cli.py', 254, 254)"
524,breaks in linear flow,"('/home/toffer/Repos/flask-tags/flask-1.0.3/flask/cli.py', 261, 261)"
525,breaks in linear flow,"('/home/toffer/Repos/flask-tags/flask-1.0.3/flask/cli.py', 299, 299)"
526,breaks in linear flow,"('/home/toffer/Repos/flask-tags/flask-1.0.3/flask/cli.py', 310, 310)"
527,breaks in linear flow,"('/home/toffer/Repos/flask-tags/flask-1.0.3/flask/cli.py', 318, 318)"
528,breaks in linear flow,"('/home/toffer/Repos/flask-tags/flask-1.0.3/flask/cli.py', 330, 330)"
529,breaks in linear flow,"('/home/toffer/Repos/flask-tags/flask-1.0.3/flask/cli.py', 334, 334)"
530,breaks in linear flow,"('/home/toffer/Repos/flask-tags/flask-1.0.3/flask/cli.py', 370, 370)"
531,breaks in linear flow,"('/home/toffer/Repos/flask-tags/flask-1.0.3/flask/cli.py', 375, 375)"
532,breaks in linear flow,"('/home/toffer/Repos/flask-tags/flask-1.0.3/flask/cli.py', 378, 378)"
533,breaks in linear flow,"('/home/toffer/Repos/flask-tags/flask-1.0.3/flask/cli.py', 383, 383)"
534,breaks in linear flow,"('/home/toffer/Repos/flask-tags/flask-1.0.3/flask/cli.py', 388, 388)"
535,breaks in linear flow,"('/home/toffer/Repos/flask-tags/flask-1.0.3/flask/cli.py', 389, 389)"
536,breaks in linear flow,"('/home/toffer/Repos/flask-tags/flask-1.0.3/flask/cli.py', 391, 391)"
537,breaks in linear flow,"('/home/toffer/Repos/flask-tags/flask-1.0.3/flask/cli.py', 398, 398)"
538,breaks in linear flow,"('/home/toffer/Repos/flask-tags/flask-1.0.3/flask/cli.py', 438, 438)"
539,breaks in linear flow,"('/home/toffer/Repos/flask-tags/flask-1.0.3/flask/cli.py', 482, 482)"
540,breaks in linear flow,"('/home/toffer/Repos/flask-tags/flask-1.0.3/flask/cli.py', 490, 490)"
541,breaks in linear flow,"('/home/toffer/Repos/flask-tags/flask-1.0.3/flask/cli.py', 498, 498)"
542,breaks in linear flow,"('/home/toffer/Repos/flask-tags/flask-1.0.3/flask/cli.py', 502, 502)"
543,breaks in linear flow,"('/home/toffer/Repos/flask-tags/flask-1.0.3/flask/cli.py', 506, 506)"
544,breaks in linear flow,"('/home/toffer/Repos/flask-tags/flask-1.0.3/flask/cli.py', 521, 521)"
545,breaks in linear flow,"('/home/toffer/Repos/flask-tags/flask-1.0.3/flask/cli.py', 527, 527)"
546,breaks in linear flow,"('/home/toffer/Repos/flask-tags/flask-1.0.3/flask/cli.py', 529, 529)"
547,breaks in linear flow,"('/home/toffer/Repos/flask-tags/flask-1.0.3/flask/cli.py', 541, 541)"
548,breaks in linear flow,"('/home/toffer/Repos/flask-tags/flask-1.0.3/flask/cli.py', 558, 558)"
549,breaks in linear flow,"('/home/toffer/Repos/flask-tags/flask-1.0.3/flask/cli.py', 563, 563)"
550,breaks in linear flow,"('/home/toffer/Repos/flask-tags/flask-1.0.3/flask/cli.py', 598, 598)"
551,breaks in linear flow,"('/home/toffer/Repos/flask-tags/flask-1.0.3/flask/cli.py', 599, 599)"
552,breaks in linear flow,"('/home/toffer/Repos/flask-tags/flask-1.0.3/flask/cli.py', 606, 606)"
553,breaks in linear flow,"('/home/toffer/Repos/flask-tags/flask-1.0.3/flask/cli.py', 611, 611)"
554,breaks in linear flow,"('/home/toffer/Repos/flask-tags/flask-1.0.3/flask/cli.py', 614, 614)"
555,breaks in linear flow,"('/home/toffer/Repos/flask-tags/flask-1.0.3/flask/cli.py', 615, 615)"
556,breaks in linear flow,"('/home/toffer/Repos/flask-tags/flask-1.0.3/flask/cli.py', 617, 617)"
557,breaks in linear flow,"('/home/toffer/Repos/flask-tags/flask-1.0.3/flask/cli.py', 622, 622)"
558,breaks in linear flow,"('/home/toffer/Repos/flask-tags/flask-1.0.3/flask/cli.py', 632, 632)"
559,breaks in linear flow,"('/home/toffer/Repos/flask-tags/flask-1.0.3/flask/cli.py', 635, 635)"
560,breaks in linear flow,"('/home/toffer/Repos/flask-tags/flask-1.0.3/flask/cli.py', 638, 638)"
561,breaks in linear flow,"('/home/toffer/Repos/flask-tags/flask-1.0.3/flask/cli.py', 645, 645)"
562,breaks in linear flow,"('/home/toffer/Repos/flask-tags/flask-1.0.3/flask/cli.py', 651, 651)"
563,breaks in linear flow,"('/home/toffer/Repos/flask-tags/flask-1.0.3/flask/cli.py', 670, 670)"
564,breaks in linear flow,"('/home/toffer/Repos/flask-tags/flask-1.0.3/flask/cli.py', 673, 673)"
565,breaks in linear flow,"('/home/toffer/Repos/flask-tags/flask-1.0.3/flask/cli.py', 676, 676)"
566,breaks in linear flow,"('/home/toffer/Repos/flask-tags/flask-1.0.3/flask/cli.py', 685, 685)"
567,breaks in linear flow,"('/home/toffer/Repos/flask-tags/flask-1.0.3/flask/cli.py', 686, 686)"
568,breaks in linear flow,"('/home/toffer/Repos/flask-tags/flask-1.0.3/flask/cli.py', 689, 689)"
569,breaks in linear flow,"('/home/toffer/Repos/flask-tags/flask-1.0.3/flask/cli.py', 702, 702)"
570,breaks in linear flow,"('/home/toffer/Repos/flask-tags/flask-1.0.3/flask/cli.py', 707, 707)"
571,breaks in linear flow,"('/home/toffer/Repos/flask-tags/flask-1.0.3/flask/cli.py', 708, 708)"
572,breaks in linear flow,"('/home/toffer/Repos/flask-tags/flask-1.0.3/flask/cli.py', 713, 713)"
573,breaks in linear flow,"('/home/toffer/Repos/flask-tags/flask-1.0.3/flask/cli.py', 718, 718)"
574,breaks in linear flow,"('/home/toffer/Repos/flask-tags/flask-1.0.3/flask/cli.py', 726, 726)"
575,breaks in linear flow,"('/home/toffer/Repos/flask-tags/flask-1.0.3/flask/cli.py', 769, 769)"
576,breaks in linear flow,"('/home/toffer/Repos/flask-tags/flask-1.0.3/flask/cli.py', 772, 772)"
577,breaks in linear flow,"('/home/toffer/Repos/flask-tags/flask-1.0.3/flask/cli.py', 775, 775)"
578,breaks in linear flow,"('/home/toffer/Repos/flask-tags/flask-1.0.3/flask/cli.py', 811, 811)"
579,breaks in linear flow,"('/home/toffer/Repos/flask-tags/flask-1.0.3/flask/cli.py', 840, 840)"
580,breaks in linear flow,"('/home/toffer/Repos/flask-tags/flask-1.0.3/flask/cli.py', 846, 846)"
581,breaks in linear flow,"('/home/toffer/Repos/flask-tags/flask-1.0.3/flask/cli.py', 867, 867)"
582,breaks in linear flow,"('/home/toffer/Repos/flask-tags/flask-1.0.3/flask/cli.py', 892, 892)"
583,breaks in linear flow,"('/home/toffer/Repos/flask-tags/flask-1.0.3/flask/cli.py', 895, 895)"
584,breaks in linear flow,"('/home/toffer/Repos/flask-tags/flask-1.0.3/flask/cli.py', 909, 909)"
585,breaks in linear flow,"('/home/toffer/Repos/flask-tags/flask-1.0.3/flask/wrappers.py', 65, 65)"
586,breaks in linear flow,"('/home/toffer/Repos/flask-tags/flask-1.0.3/flask/wrappers.py', 68, 68)"
587,breaks in linear flow,"('/home/toffer/Repos/flask-tags/flask-1.0.3/flask/wrappers.py', 75, 75)"
588,breaks in linear flow,"('/home/toffer/Repos/flask-tags/flask-1.0.3/flask/wrappers.py', 76, 76)"
589,breaks in linear flow,"('/home/toffer/Repos/flask-tags/flask-1.0.3/flask/wrappers.py', 78, 78)"
590,breaks in linear flow,"('/home/toffer/Repos/flask-tags/flask-1.0.3/flask/wrappers.py', 83, 83)"
591,breaks in linear flow,"('/home/toffer/Repos/flask-tags/flask-1.0.3/flask/wrappers.py', 87, 87)"
592,breaks in linear flow,"('/home/toffer/Repos/flask-tags/flask-1.0.3/flask/wrappers.py', 105, 105)"
593,breaks in linear flow,"('/home/toffer/Repos/flask-tags/flask-1.0.3/flask/wrappers.py', 148, 148)"
594,breaks in linear flow,"('/home/toffer/Repos/flask-tags/flask-1.0.3/flask/wrappers.py', 158, 158)"
595,breaks in linear flow,"('/home/toffer/Repos/flask-tags/flask-1.0.3/flask/wrappers.py', 164, 164)"
596,breaks in linear flow,"('/home/toffer/Repos/flask-tags/flask-1.0.3/flask/wrappers.py', 172, 172)"
597,breaks in linear flow,"('/home/toffer/Repos/flask-tags/flask-1.0.3/flask/wrappers.py', 212, 212)"
598,breaks in linear flow,"('/home/toffer/Repos/flask-tags/flask-1.0.3/flask/testing.py', 54, 54)"
599,breaks in linear flow,"('/home/toffer/Repos/flask-tags/flask-1.0.3/flask/testing.py', 58, 58)"
600,breaks in linear flow,"('/home/toffer/Repos/flask-tags/flask-1.0.3/flask/testing.py', 61, 61)"
601,breaks in linear flow,"('/home/toffer/Repos/flask-tags/flask-1.0.3/flask/testing.py', 72, 72)"
602,breaks in linear flow,"('/home/toffer/Repos/flask-tags/flask-1.0.3/flask/testing.py', 77, 77)"
603,breaks in linear flow,"('/home/toffer/Repos/flask-tags/flask-1.0.3/flask/testing.py', 81, 81)"
604,breaks in linear flow,"('/home/toffer/Repos/flask-tags/flask-1.0.3/flask/testing.py', 129, 129)"
605,breaks in linear flow,"('/home/toffer/Repos/flask-tags/flask-1.0.3/flask/testing.py', 139, 139)"
606,breaks in linear flow,"('/home/toffer/Repos/flask-tags/flask-1.0.3/flask/testing.py', 157, 157)"
607,breaks in linear flow,"('/home/toffer/Repos/flask-tags/flask-1.0.3/flask/testing.py', 167, 167)"
608,breaks in linear flow,"('/home/toffer/Repos/flask-tags/flask-1.0.3/flask/testing.py', 173, 173)"
609,breaks in linear flow,"('/home/toffer/Repos/flask-tags/flask-1.0.3/flask/testing.py', 200, 200)"
610,breaks in linear flow,"('/home/toffer/Repos/flask-tags/flask-1.0.3/flask/testing.py', 212, 212)"
611,breaks in linear flow,"('/home/toffer/Repos/flask-tags/flask-1.0.3/flask/testing.py', 240, 240)"
612,breaks in linear flow,"('/home/toffer/Repos/flask-tags/flask-1.0.3/flask/testing.py', 243, 243)"
613,breaks in linear flow,"('/home/toffer/Repos/flask-tags/flask-1.0.3/flask/debughelpers.py', 41, 41)"
614,breaks in linear flow,"('/home/toffer/Repos/flask-tags/flask-1.0.3/flask/debughelpers.py', 64, 64)"
615,breaks in linear flow,"('/home/toffer/Repos/flask-tags/flask-1.0.3/flask/debughelpers.py', 88, 88)"
616,breaks in linear flow,"('/home/toffer/Repos/flask-tags/flask-1.0.3/flask/debughelpers.py', 89, 89)"
617,breaks in linear flow,"('/home/toffer/Repos/flask-tags/flask-1.0.3/flask/debughelpers.py', 99, 99)"
618,breaks in linear flow,"('/home/toffer/Repos/flask-tags/flask-1.0.3/flask/debughelpers.py', 100, 100)"
619,breaks in linear flow,"('/home/toffer/Repos/flask-tags/flask-1.0.3/flask/debughelpers.py', 101, 101)"
620,breaks in linear flow,"('/home/toffer/Repos/flask-tags/flask-1.0.3/flask/debughelpers.py', 102, 102)"
621,breaks in linear flow,"('/home/toffer/Repos/flask-tags/flask-1.0.3/flask/debughelpers.py', 103, 103)"
622,breaks in linear flow,"('/home/toffer/Repos/flask-tags/flask-1.0.3/flask/debughelpers.py', 104, 104)"
623,breaks in linear flow,"('/home/toffer/Repos/flask-tags/flask-1.0.3/flask/debughelpers.py', 106, 106)"
624,breaks in linear flow,"('/home/toffer/Repos/flask-tags/flask-1.0.3/flask/debughelpers.py', 108, 108)"
625,breaks in linear flow,"('/home/toffer/Repos/flask-tags/flask-1.0.3/flask/debughelpers.py', 110, 110)"
626,breaks in linear flow,"('/home/toffer/Repos/flask-tags/flask-1.0.3/flask/debughelpers.py', 120, 120)"
627,breaks in linear flow,"('/home/toffer/Repos/flask-tags/flask-1.0.3/flask/debughelpers.py', 123, 123)"
628,breaks in linear flow,"('/home/toffer/Repos/flask-tags/flask-1.0.3/flask/debughelpers.py', 124, 124)"
629,breaks in linear flow,"('/home/toffer/Repos/flask-tags/flask-1.0.3/flask/debughelpers.py', 135, 135)"
630,breaks in linear flow,"('/home/toffer/Repos/flask-tags/flask-1.0.3/flask/debughelpers.py', 138, 138)"
631,breaks in linear flow,"('/home/toffer/Repos/flask-tags/flask-1.0.3/flask/debughelpers.py', 146, 146)"
632,breaks in linear flow,"('/home/toffer/Repos/flask-tags/flask-1.0.3/flask/debughelpers.py', 153, 153)"
633,breaks in linear flow,"('/home/toffer/Repos/flask-tags/flask-1.0.3/flask/debughelpers.py', 163, 163)"
634,breaks in linear flow,"('/home/toffer/Repos/flask-tags/flask-1.0.3/flask/logging.py', 40, 40)"
635,breaks in linear flow,"('/home/toffer/Repos/flask-tags/flask-1.0.3/flask/logging.py', 41, 41)"
636,breaks in linear flow,"('/home/toffer/Repos/flask-tags/flask-1.0.3/flask/logging.py', 44, 44)"
637,breaks in linear flow,"('/home/toffer/Repos/flask-tags/flask-1.0.3/flask/logging.py', 45, 45)"
638,breaks in linear flow,"('/home/toffer/Repos/flask-tags/flask-1.0.3/flask/logging.py', 72, 72)"
639,breaks in linear flow,"('/home/toffer/Repos/flask-tags/flask-1.0.3/flask/logging.py', 75, 75)"
640,breaks in linear flow,"('/home/toffer/Repos/flask-tags/flask-1.0.3/flask/config.py', 29, 29)"
641,breaks in linear flow,"('/home/toffer/Repos/flask-tags/flask-1.0.3/flask/config.py', 32, 32)"
642,breaks in linear flow,"('/home/toffer/Repos/flask-tags/flask-1.0.3/flask/config.py', 101, 101)"
643,breaks in linear flow,"('/home/toffer/Repos/flask-tags/flask-1.0.3/flask/config.py', 102, 102)"
644,breaks in linear flow,"('/home/toffer/Repos/flask-tags/flask-1.0.3/flask/config.py', 131, 131)"
645,breaks in linear flow,"('/home/toffer/Repos/flask-tags/flask-1.0.3/flask/config.py', 132, 132)"
646,breaks in linear flow,"('/home/toffer/Repos/flask-tags/flask-1.0.3/flask/config.py', 173, 173)"
647,breaks in linear flow,"('/home/toffer/Repos/flask-tags/flask-1.0.3/flask/config.py', 175, 175)"
648,breaks in linear flow,"('/home/toffer/Repos/flask-tags/flask-1.0.3/flask/config.py', 176, 176)"
649,breaks in linear flow,"('/home/toffer/Repos/flask-tags/flask-1.0.3/flask/config.py', 197, 197)"
650,breaks in linear flow,"('/home/toffer/Repos/flask-tags/flask-1.0.3/flask/config.py', 198, 198)"
651,breaks in linear flow,"('/home/toffer/Repos/flask-tags/flask-1.0.3/flask/config.py', 211, 211)"
652,breaks in linear flow,"('/home/toffer/Repos/flask-tags/flask-1.0.3/flask/config.py', 212, 212)"
653,breaks in linear flow,"('/home/toffer/Repos/flask-tags/flask-1.0.3/flask/config.py', 221, 221)"
654,breaks in linear flow,"('/home/toffer/Repos/flask-tags/flask-1.0.3/flask/config.py', 222, 222)"
655,breaks in linear flow,"('/home/toffer/Repos/flask-tags/flask-1.0.3/flask/config.py', 223, 223)"
656,breaks in linear flow,"('/home/toffer/Repos/flask-tags/flask-1.0.3/flask/config.py', 256, 256)"
657,breaks in linear flow,"('/home/toffer/Repos/flask-tags/flask-1.0.3/flask/config.py', 257, 257)"
658,breaks in linear flow,"('/home/toffer/Repos/flask-tags/flask-1.0.3/flask/config.py', 258, 258)"
659,breaks in linear flow,"('/home/toffer/Repos/flask-tags/flask-1.0.3/flask/config.py', 259, 259)"
660,breaks in linear flow,"('/home/toffer/Repos/flask-tags/flask-1.0.3/flask/config.py', 263, 263)"
661,breaks in linear flow,"('/home/toffer/Repos/flask-tags/flask-1.0.3/flask/views.py', 90, 90)"
662,breaks in linear flow,"('/home/toffer/Repos/flask-tags/flask-1.0.3/flask/views.py', 93, 93)"
663,breaks in linear flow,"('/home/toffer/Repos/flask-tags/flask-1.0.3/flask/views.py', 118, 118)"
664,breaks in linear flow,"('/home/toffer/Repos/flask-tags/flask-1.0.3/flask/views.py', 121, 121)"
665,breaks in linear flow,"('/home/toffer/Repos/flask-tags/flask-1.0.3/flask/views.py', 122, 122)"
666,breaks in linear flow,"('/home/toffer/Repos/flask-tags/flask-1.0.3/flask/views.py', 129, 129)"
667,breaks in linear flow,"('/home/toffer/Repos/flask-tags/flask-1.0.3/flask/views.py', 154, 154)"
668,breaks in linear flow,"('/home/toffer/Repos/flask-tags/flask-1.0.3/flask/signals.py', 17, 17)"
669,breaks in linear flow,"('/home/toffer/Repos/flask-tags/flask-1.0.3/flask/_compat.py', 20, 20)"
670,breaks in linear flow,"('/home/toffer/Repos/flask-tags/flask-1.0.3/flask/_compat.py', 34, 34)"
671,breaks in linear flow,"('/home/toffer/Repos/flask-tags/flask-1.0.3/flask/_compat.py', 84, 84)"
672,breaks in linear flow,"('/home/toffer/Repos/flask-tags/flask-1.0.3/flask/_compat.py', 89, 89)"
673,breaks in linear flow,"('/home/toffer/Repos/flask-tags/flask-1.0.3/flask/_compat.py', 96, 96)"
674,breaks in linear flow,"('/home/toffer/Repos/flask-tags/flask-1.0.3/flask/_compat.py', 98, 98)"
675,breaks in linear flow,"('/home/toffer/Repos/flask-tags/flask-1.0.3/flask/_compat.py', 100, 100)"
676,breaks in linear flow,"('/home/toffer/Repos/flask-tags/flask-1.0.3/flask/json/tag.py', 243, 243)"
677,breaks in linear flow,"('/home/toffer/Repos/flask-tags/flask-1.0.3/flask/json/tag.py', 263, 263)"
678,breaks in linear flow,"('/home/toffer/Repos/flask-tags/flask-1.0.3/flask/json/tag.py', 264, 264)"
679,breaks in linear flow,"('/home/toffer/Repos/flask-tags/flask-1.0.3/flask/json/tag.py', 269, 269)"
680,breaks in linear flow,"('/home/toffer/Repos/flask-tags/flask-1.0.3/flask/json/tag.py', 276, 276)"
681,breaks in linear flow,"('/home/toffer/Repos/flask-tags/flask-1.0.3/flask/json/tag.py', 277, 277)"
682,breaks in linear flow,"('/home/toffer/Repos/flask-tags/flask-1.0.3/flask/json/tag.py', 284, 284)"
683,breaks in linear flow,"('/home/toffer/Repos/flask-tags/flask-1.0.3/flask/json/tag.py', 289, 289)"
684,breaks in linear flow,"('/home/toffer/Repos/flask-tags/flask-1.0.3/flask/json/__init__.py', 35, 35)"
685,breaks in linear flow,"('/home/toffer/Repos/flask-tags/flask-1.0.3/flask/json/__init__.py', 43, 43)"
686,breaks in linear flow,"('/home/toffer/Repos/flask-tags/flask-1.0.3/flask/json/__init__.py', 73, 73)"
687,breaks in linear flow,"('/home/toffer/Repos/flask-tags/flask-1.0.3/flask/json/__init__.py', 75, 75)"
688,breaks in linear flow,"('/home/toffer/Repos/flask-tags/flask-1.0.3/flask/json/__init__.py', 77, 77)"
689,breaks in linear flow,"('/home/toffer/Repos/flask-tags/flask-1.0.3/flask/json/__init__.py', 79, 79)"
690,breaks in linear flow,"('/home/toffer/Repos/flask-tags/flask-1.0.3/flask/json/__init__.py', 94, 94)"
691,breaks in linear flow,"('/home/toffer/Repos/flask-tags/flask-1.0.3/flask/json/__init__.py', 97, 97)"
692,breaks in linear flow,"('/home/toffer/Repos/flask-tags/flask-1.0.3/flask/json/__init__.py', 103, 103)"
693,breaks in linear flow,"('/home/toffer/Repos/flask-tags/flask-1.0.3/flask/json/__init__.py', 114, 114)"
694,breaks in linear flow,"('/home/toffer/Repos/flask-tags/flask-1.0.3/flask/json/__init__.py', 117, 117)"
695,breaks in linear flow,"('/home/toffer/Repos/flask-tags/flask-1.0.3/flask/json/__init__.py', 140, 140)"
696,breaks in linear flow,"('/home/toffer/Repos/flask-tags/flask-1.0.3/flask/json/__init__.py', 143, 143)"
697,breaks in linear flow,"('/home/toffer/Repos/flask-tags/flask-1.0.3/flask/json/__init__.py', 146, 146)"
698,breaks in linear flow,"('/home/toffer/Repos/flask-tags/flask-1.0.3/flask/json/__init__.py', 149, 149)"
699,breaks in linear flow,"('/home/toffer/Repos/flask-tags/flask-1.0.3/flask/json/__init__.py', 152, 152)"
700,breaks in linear flow,"('/home/toffer/Repos/flask-tags/flask-1.0.3/flask/json/__init__.py', 153, 153)"
701,breaks in linear flow,"('/home/toffer/Repos/flask-tags/flask-1.0.3/flask/json/__init__.py', 156, 156)"
702,breaks in linear flow,"('/home/toffer/Repos/flask-tags/flask-1.0.3/flask/json/__init__.py', 159, 159)"
703,breaks in linear flow,"('/home/toffer/Repos/flask-tags/flask-1.0.3/flask/json/__init__.py', 162, 162)"
704,breaks in linear flow,"('/home/toffer/Repos/flask-tags/flask-1.0.3/flask/json/__init__.py', 165, 165)"
705,breaks in linear flow,"('/home/toffer/Repos/flask-tags/flask-1.0.3/flask/json/__init__.py', 195, 195)"
706,breaks in linear flow,"('/home/toffer/Repos/flask-tags/flask-1.0.3/flask/json/__init__.py', 204, 204)"
707,breaks in linear flow,"('/home/toffer/Repos/flask-tags/flask-1.0.3/flask/json/__init__.py', 231, 231)"
708,breaks in linear flow,"('/home/toffer/Repos/flask-tags/flask-1.0.3/flask/json/__init__.py', 233, 233)"
709,breaks in linear flow,"('/home/toffer/Repos/flask-tags/flask-1.0.3/flask/json/__init__.py', 242, 242)"
710,breaks in linear flow,"('/home/toffer/Repos/flask-tags/flask-1.0.3/flask/json/__init__.py', 277, 277)"
711,breaks in linear flow,"('/home/toffer/Repos/flask-tags/flask-1.0.3/flask/json/__init__.py', 339, 339)"
712,breaks in linear flow,"('/home/toffer/Repos/flask-tags/flask-1.0.3/flask/json/__init__.py', 343, 343)"
713,breaks in linear flow,"('/home/toffer/Repos/flask-tags/flask-1.0.3/scripts/make-release.py', 16, 16)"
714,breaks in linear flow,"('/home/toffer/Repos/flask-tags/flask-1.0.3/scripts/make-release.py', 19, 19)"
715,breaks in linear flow,"('/home/toffer/Repos/flask-tags/flask-1.0.3/scripts/make-release.py', 20, 20)"
716,breaks in linear flow,"('/home/toffer/Repos/flask-tags/flask-1.0.3/scripts/make-release.py', 24, 24)"
717,breaks in linear flow,"('/home/toffer/Repos/flask-tags/flask-1.0.3/scripts/make-release.py', 25, 25)"
718,breaks in linear flow,"('/home/toffer/Repos/flask-tags/flask-1.0.3/scripts/make-release.py', 27, 27)"
719,breaks in linear flow,"('/home/toffer/Repos/flask-tags/flask-1.0.3/scripts/make-release.py', 30, 30)"
720,breaks in linear flow,"('/home/toffer/Repos/flask-tags/flask-1.0.3/scripts/make-release.py', 31, 31)"
721,breaks in linear flow,"('/home/toffer/Repos/flask-tags/flask-1.0.3/scripts/make-release.py', 39, 39)"
722,breaks in linear flow,"('/home/toffer/Repos/flask-tags/flask-1.0.3/scripts/make-release.py', 40, 40)"
723,breaks in linear flow,"('/home/toffer/Repos/flask-tags/flask-1.0.3/scripts/make-release.py', 49, 49)"
724,breaks in linear flow,"('/home/toffer/Repos/flask-tags/flask-1.0.3/scripts/make-release.py', 76, 76)"
725,breaks in linear flow,"('/home/toffer/Repos/flask-tags/flask-1.0.3/scripts/make-release.py', 127, 127)"
726,breaks in linear flow,"('/home/toffer/Repos/flask-tags/flask-1.0.3/scripts/make-release.py', 139, 139)"
727,breaks in linear flow,"('/home/toffer/Repos/flask-tags/flask-1.0.3/scripts/make-release.py', 142, 142)"
728,breaks in linear flow,"('/home/toffer/Repos/flask-tags/flask-1.0.3/scripts/make-release.py', 148, 148)"
729,breaks in linear flow,"('/home/toffer/Repos/flask-tags/flask-1.0.3/scripts/make-release.py', 153, 153)"
730,breaks in linear flow,"('/home/toffer/Repos/flask-tags/flask-1.0.3/scripts/make-release.py', 163, 163)"
731,breaks in linear flow,"('/home/toffer/Repos/flask-tags/flask-1.0.3/examples/tutorial/flaskr/__init__.py', 16, 16)"
732,breaks in linear flow,"('/home/toffer/Repos/flask-tags/flask-1.0.3/examples/tutorial/flaskr/__init__.py', 26, 26)"
733,breaks in linear flow,"('/home/toffer/Repos/flask-tags/flask-1.0.3/examples/tutorial/flaskr/auth.py', 17, 17)"
734,breaks in linear flow,"('/home/toffer/Repos/flask-tags/flask-1.0.3/examples/tutorial/flaskr/auth.py', 31, 31)"
735,breaks in linear flow,"('/home/toffer/Repos/flask-tags/flask-1.0.3/examples/tutorial/flaskr/auth.py', 46, 46)"
736,breaks in linear flow,"('/home/toffer/Repos/flask-tags/flask-1.0.3/examples/tutorial/flaskr/auth.py', 52, 52)"
737,breaks in linear flow,"('/home/toffer/Repos/flask-tags/flask-1.0.3/examples/tutorial/flaskr/auth.py', 61, 61)"
738,breaks in linear flow,"('/home/toffer/Repos/flask-tags/flask-1.0.3/examples/tutorial/flaskr/auth.py', 79, 79)"
739,breaks in linear flow,"('/home/toffer/Repos/flask-tags/flask-1.0.3/examples/tutorial/flaskr/auth.py', 88, 88)"
740,breaks in linear flow,"('/home/toffer/Repos/flask-tags/flask-1.0.3/examples/tutorial/flaskr/auth.py', 93, 93)"
741,breaks in linear flow,"('/home/toffer/Repos/flask-tags/flask-1.0.3/examples/tutorial/flaskr/blog.py', 43, 43)"
742,breaks in linear flow,"('/home/toffer/Repos/flask-tags/flask-1.0.3/examples/tutorial/flaskr/blog.py', 46, 46)"
743,breaks in linear flow,"('/home/toffer/Repos/flask-tags/flask-1.0.3/examples/tutorial/flaskr/blog.py', 56, 56)"
744,breaks in linear flow,"('/home/toffer/Repos/flask-tags/flask-1.0.3/examples/tutorial/flaskr/blog.py', 61, 61)"
745,breaks in linear flow,"('/home/toffer/Repos/flask-tags/flask-1.0.3/examples/tutorial/flaskr/blog.py', 64, 64)"
746,breaks in linear flow,"('/home/toffer/Repos/flask-tags/flask-1.0.3/examples/tutorial/flaskr/blog.py', 85, 85)"
747,breaks in linear flow,"('/home/toffer/Repos/flask-tags/flask-1.0.3/examples/tutorial/flaskr/blog.py', 90, 90)"
748,breaks in linear flow,"('/home/toffer/Repos/flask-tags/flask-1.0.3/examples/tutorial/flaskr/blog.py', 93, 93)"
749,breaks in linear flow,"('/home/toffer/Repos/flask-tags/flask-1.0.3/examples/tutorial/flaskr/db.py', 13, 13)"
750,breaks in linear flow,"('/home/toffer/Repos/flask-tags/flask-1.0.3/examples/tutorial/flaskr/db.py', 29, 29)"
751,recursion,"('/home/toffer/Repos/flask-tags/flask-1.0.3/tests/test_basic.py', 576, 576)"
752,recursion,"('/home/toffer/Repos/flask-tags/flask-1.0.3/tests/test_views.py', 51, 51)"
753,recursion,"('/home/toffer/Repos/flask-tags/flask-1.0.3/scripts/make-release.py', 133, 136)"
754,recursion,"('/home/toffer/Repos/flask-tags/flask-1.0.3/scripts/make-release.py', 156, 156)"
