,type,file_start_end
0,method length,"('/home/toffer/Repos/flask-tags/flask-0.6.1/tests/flaskext_test.py', 123, 150)"
1,method length,"('/home/toffer/Repos/flask-tags/flask-0.6.1/tests/flask_tests.py', 81, 109)"
2,method length,"('/home/toffer/Repos/flask-tags/flask-0.6.1/tests/flask_tests.py', 224, 255)"
3,method length,"('/home/toffer/Repos/flask-tags/flask-0.6.1/tests/flask_tests.py', 269, 296)"
4,method length,"('/home/toffer/Repos/flask-tags/flask-0.6.1/tests/flask_tests.py', 680, 713)"
5,method length,"('/home/toffer/Repos/flask-tags/flask-0.6.1/tests/flask_tests.py', 771, 799)"
6,method length,"('/home/toffer/Repos/flask-tags/flask-0.6.1/tests/flask_tests.py', 801, 833)"
7,method length,"('/home/toffer/Repos/flask-tags/flask-0.6.1/tests/flask_tests.py', 858, 891)"
8,method length,"('/home/toffer/Repos/flask-tags/flask-0.6.1/tests/flask_tests.py', 927, 956)"
9,method length,"('/home/toffer/Repos/flask-tags/flask-0.6.1/tests/flask_tests.py', 1132, 1170)"
10,method length,"('/home/toffer/Repos/flask-tags/flask-0.6.1/flask/helpers.py', 77, 107)"
11,method length,"('/home/toffer/Repos/flask-tags/flask-0.6.1/flask/helpers.py', 110, 149)"
12,method length,"('/home/toffer/Repos/flask-tags/flask-0.6.1/flask/helpers.py', 152, 185)"
13,method length,"('/home/toffer/Repos/flask-tags/flask-0.6.1/flask/helpers.py', 259, 365)"
14,method length,"('/home/toffer/Repos/flask-tags/flask-0.6.1/flask/helpers.py', 368, 404)"
15,method length,"('/home/toffer/Repos/flask-tags/flask-0.6.1/flask/app.py', 201, 288)"
16,method length,"('/home/toffer/Repos/flask-tags/flask-0.6.1/flask/app.py', 369, 401)"
17,method length,"('/home/toffer/Repos/flask-tags/flask-0.6.1/flask/app.py', 462, 517)"
18,method length,"('/home/toffer/Repos/flask-tags/flask-0.6.1/flask/app.py', 519, 589)"
19,method length,"('/home/toffer/Repos/flask-tags/flask-0.6.1/flask/app.py', 715, 745)"
20,method length,"('/home/toffer/Repos/flask-tags/flask-0.6.1/flask/app.py', 799, 836)"
21,method length,"('/home/toffer/Repos/flask-tags/flask-0.6.1/flask/app.py', 846, 885)"
22,method length,"('/home/toffer/Repos/flask-tags/flask-0.6.1/flask/config.py', 122, 149)"
23,method length,"('/home/toffer/Repos/flask-tags/flask-0.6.1/examples/minitwit/minitwit_tests.py', 107, 145)"
24,file length,"('/home/toffer/Repos/flask-tags/flask-0.6.1/tests/flask_tests.py', -1, -1)"
25,file length,"('/home/toffer/Repos/flask-tags/flask-0.6.1/flask/helpers.py', -1, -1)"
26,file length,"('/home/toffer/Repos/flask-tags/flask-0.6.1/flask/app.py', -1, -1)"
27,argument count,"('/home/toffer/Repos/flask-tags/flask-0.6.1/tests/flaskext_test.py', 123, 123)"
28,argument count,"('/home/toffer/Repos/flask-tags/flask-0.6.1/flask/module.py', 117, 118)"
29,argument count,"('/home/toffer/Repos/flask-tags/flask-0.6.1/flask/module.py', 138, 138)"
30,argument count,"('/home/toffer/Repos/flask-tags/flask-0.6.1/flask/helpers.py', 257, 259)"
31,argument count,"('/home/toffer/Repos/flask-tags/flask-0.6.1/flask/app.py', 462, 462)"
32,argument count,"('/home/toffer/Repos/flask-tags/flask-0.6.1/examples/minitwit/minitwit_tests.py', 32, 32)"
33,method count,"('/home/toffer/Repos/flask-tags/flask-0.6.1/tests/flask_tests.py', 38, 1209)"
34,method count,"('/home/toffer/Repos/flask-tags/flask-0.6.1/flask/app.py', 201, 888)"
35,Return Statements,"('/home/toffer/Repos/flask-tags/flask-0.6.1/tests/flask_tests.py', 715, 736)"
36,breaks in linear flow,"('/home/toffer/Repos/flask-tags/flask-0.6.1/docs/conf.py', 52, 52)"
37,breaks in linear flow,"('/home/toffer/Repos/flask-tags/flask-0.6.1/docs/conf.py', 60, 60)"
38,breaks in linear flow,"('/home/toffer/Repos/flask-tags/flask-0.6.1/docs/conf.py', 257, 257)"
39,breaks in linear flow,"('/home/toffer/Repos/flask-tags/flask-0.6.1/tests/flaskext_test.py', 34, 34)"
40,breaks in linear flow,"('/home/toffer/Repos/flask-tags/flask-0.6.1/tests/flaskext_test.py', 136, 136)"
41,breaks in linear flow,"('/home/toffer/Repos/flask-tags/flask-0.6.1/tests/flaskext_test.py', 144, 144)"
42,breaks in linear flow,"('/home/toffer/Repos/flask-tags/flask-0.6.1/tests/flaskext_test.py', 147, 147)"
43,breaks in linear flow,"('/home/toffer/Repos/flask-tags/flask-0.6.1/tests/flaskext_test.py', 156, 156)"
44,breaks in linear flow,"('/home/toffer/Repos/flask-tags/flask-0.6.1/tests/flaskext_test.py', 170, 170)"
45,breaks in linear flow,"('/home/toffer/Repos/flask-tags/flask-0.6.1/tests/flaskext_test.py', 179, 179)"
46,breaks in linear flow,"('/home/toffer/Repos/flask-tags/flask-0.6.1/tests/flaskext_test.py', 191, 191)"
47,breaks in linear flow,"('/home/toffer/Repos/flask-tags/flask-0.6.1/tests/flaskext_test.py', 193, 193)"
48,breaks in linear flow,"('/home/toffer/Repos/flask-tags/flask-0.6.1/tests/flaskext_test.py', 194, 194)"
49,breaks in linear flow,"('/home/toffer/Repos/flask-tags/flask-0.6.1/tests/flaskext_test.py', 213, 213)"
50,breaks in linear flow,"('/home/toffer/Repos/flask-tags/flask-0.6.1/tests/flaskext_test.py', 223, 223)"
51,breaks in linear flow,"('/home/toffer/Repos/flask-tags/flask-0.6.1/tests/flaskext_test.py', 224, 224)"
52,breaks in linear flow,"('/home/toffer/Repos/flask-tags/flask-0.6.1/tests/flaskext_test.py', 248, 248)"
53,breaks in linear flow,"('/home/toffer/Repos/flask-tags/flask-0.6.1/tests/flaskext_test.py', 263, 263)"
54,breaks in linear flow,"('/home/toffer/Repos/flask-tags/flask-0.6.1/tests/flaskext_test.py', 266, 266)"
55,breaks in linear flow,"('/home/toffer/Repos/flask-tags/flask-0.6.1/tests/flaskext_test.py', 297, 297)"
56,breaks in linear flow,"('/home/toffer/Repos/flask-tags/flask-0.6.1/tests/flaskext_test.py', 306, 306)"
57,breaks in linear flow,"('/home/toffer/Repos/flask-tags/flask-0.6.1/tests/flaskext_test.py', 312, 312)"
58,breaks in linear flow,"('/home/toffer/Repos/flask-tags/flask-0.6.1/tests/flask_tests.py', 76, 76)"
59,breaks in linear flow,"('/home/toffer/Repos/flask-tags/flask-0.6.1/tests/flask_tests.py', 106, 106)"
60,breaks in linear flow,"('/home/toffer/Repos/flask-tags/flask-0.6.1/tests/flask_tests.py', 215, 215)"
61,breaks in linear flow,"('/home/toffer/Repos/flask-tags/flask-0.6.1/tests/flask_tests.py', 476, 476)"
62,breaks in linear flow,"('/home/toffer/Repos/flask-tags/flask-0.6.1/tests/flask_tests.py', 495, 495)"
63,breaks in linear flow,"('/home/toffer/Repos/flask-tags/flask-0.6.1/tests/flask_tests.py', 793, 793)"
64,breaks in linear flow,"('/home/toffer/Repos/flask-tags/flask-0.6.1/tests/flask_tests.py', 809, 809)"
65,breaks in linear flow,"('/home/toffer/Repos/flask-tags/flask-0.6.1/tests/flask_tests.py', 815, 815)"
66,breaks in linear flow,"('/home/toffer/Repos/flask-tags/flask-0.6.1/tests/flask_tests.py', 828, 828)"
67,breaks in linear flow,"('/home/toffer/Repos/flask-tags/flask-0.6.1/tests/flask_tests.py', 953, 953)"
68,breaks in linear flow,"('/home/toffer/Repos/flask-tags/flask-0.6.1/tests/flask_tests.py', 982, 982)"
69,breaks in linear flow,"('/home/toffer/Repos/flask-tags/flask-0.6.1/tests/flask_tests.py', 986, 986)"
70,breaks in linear flow,"('/home/toffer/Repos/flask-tags/flask-0.6.1/tests/flask_tests.py', 995, 995)"
71,breaks in linear flow,"('/home/toffer/Repos/flask-tags/flask-0.6.1/tests/flask_tests.py', 1035, 1035)"
72,breaks in linear flow,"('/home/toffer/Repos/flask-tags/flask-0.6.1/tests/flask_tests.py', 1204, 1204)"
73,breaks in linear flow,"('/home/toffer/Repos/flask-tags/flask-0.6.1/tests/flask_tests.py', 1206, 1206)"
74,breaks in linear flow,"('/home/toffer/Repos/flask-tags/flask-0.6.1/tests/flask_tests.py', 1213, 1213)"
75,breaks in linear flow,"('/home/toffer/Repos/flask-tags/flask-0.6.1/flask/templating.py', 41, 41)"
76,breaks in linear flow,"('/home/toffer/Repos/flask-tags/flask-0.6.1/flask/templating.py', 47, 47)"
77,breaks in linear flow,"('/home/toffer/Repos/flask-tags/flask-0.6.1/flask/templating.py', 50, 50)"
78,breaks in linear flow,"('/home/toffer/Repos/flask-tags/flask-0.6.1/flask/templating.py', 53, 53)"
79,breaks in linear flow,"('/home/toffer/Repos/flask-tags/flask-0.6.1/flask/templating.py', 60, 60)"
80,breaks in linear flow,"('/home/toffer/Repos/flask-tags/flask-0.6.1/flask/templating.py', 61, 61)"
81,breaks in linear flow,"('/home/toffer/Repos/flask-tags/flask-0.6.1/flask/templating.py', 62, 62)"
82,breaks in linear flow,"('/home/toffer/Repos/flask-tags/flask-0.6.1/flask/module.py', 25, 25)"
83,breaks in linear flow,"('/home/toffer/Repos/flask-tags/flask-0.6.1/flask/module.py', 28, 28)"
84,breaks in linear flow,"('/home/toffer/Repos/flask-tags/flask-0.6.1/flask/module.py', 30, 30)"
85,breaks in linear flow,"('/home/toffer/Repos/flask-tags/flask-0.6.1/flask/module.py', 119, 119)"
86,breaks in linear flow,"('/home/toffer/Repos/flask-tags/flask-0.6.1/flask/module.py', 149, 149)"
87,breaks in linear flow,"('/home/toffer/Repos/flask-tags/flask-0.6.1/flask/module.py', 153, 153)"
88,breaks in linear flow,"('/home/toffer/Repos/flask-tags/flask-0.6.1/flask/__init__.py', 33, 33)"
89,breaks in linear flow,"('/home/toffer/Repos/flask-tags/flask-0.6.1/flask/ctx.py', 34, 34)"
90,breaks in linear flow,"('/home/toffer/Repos/flask-tags/flask-0.6.1/flask/ctx.py', 43, 43)"
91,breaks in linear flow,"('/home/toffer/Repos/flask-tags/flask-0.6.1/flask/ctx.py', 64, 64)"
92,breaks in linear flow,"('/home/toffer/Repos/flask-tags/flask-0.6.1/flask/helpers.py', 25, 25)"
93,breaks in linear flow,"('/home/toffer/Repos/flask-tags/flask-0.6.1/flask/helpers.py', 28, 28)"
94,breaks in linear flow,"('/home/toffer/Repos/flask-tags/flask-0.6.1/flask/helpers.py', 32, 32)"
95,breaks in linear flow,"('/home/toffer/Repos/flask-tags/flask-0.6.1/flask/helpers.py', 46, 46)"
96,breaks in linear flow,"('/home/toffer/Repos/flask-tags/flask-0.6.1/flask/helpers.py', 51, 51)"
97,breaks in linear flow,"('/home/toffer/Repos/flask-tags/flask-0.6.1/flask/helpers.py', 54, 54)"
98,breaks in linear flow,"('/home/toffer/Repos/flask-tags/flask-0.6.1/flask/helpers.py', 104, 104)"
99,breaks in linear flow,"('/home/toffer/Repos/flask-tags/flask-0.6.1/flask/helpers.py', 145, 145)"
100,breaks in linear flow,"('/home/toffer/Repos/flask-tags/flask-0.6.1/flask/helpers.py', 147, 147)"
101,breaks in linear flow,"('/home/toffer/Repos/flask-tags/flask-0.6.1/flask/helpers.py', 178, 178)"
102,breaks in linear flow,"('/home/toffer/Repos/flask-tags/flask-0.6.1/flask/helpers.py', 180, 180)"
103,breaks in linear flow,"('/home/toffer/Repos/flask-tags/flask-0.6.1/flask/helpers.py', 250, 250)"
104,breaks in linear flow,"('/home/toffer/Repos/flask-tags/flask-0.6.1/flask/helpers.py', 252, 252)"
105,breaks in linear flow,"('/home/toffer/Repos/flask-tags/flask-0.6.1/flask/helpers.py', 301, 301)"
106,breaks in linear flow,"('/home/toffer/Repos/flask-tags/flask-0.6.1/flask/helpers.py', 307, 307)"
107,breaks in linear flow,"('/home/toffer/Repos/flask-tags/flask-0.6.1/flask/helpers.py', 308, 308)"
108,breaks in linear flow,"('/home/toffer/Repos/flask-tags/flask-0.6.1/flask/helpers.py', 310, 310)"
109,breaks in linear flow,"('/home/toffer/Repos/flask-tags/flask-0.6.1/flask/helpers.py', 312, 312)"
110,breaks in linear flow,"('/home/toffer/Repos/flask-tags/flask-0.6.1/flask/helpers.py', 316, 316)"
111,breaks in linear flow,"('/home/toffer/Repos/flask-tags/flask-0.6.1/flask/helpers.py', 317, 317)"
112,breaks in linear flow,"('/home/toffer/Repos/flask-tags/flask-0.6.1/flask/helpers.py', 318, 318)"
113,breaks in linear flow,"('/home/toffer/Repos/flask-tags/flask-0.6.1/flask/helpers.py', 325, 325)"
114,breaks in linear flow,"('/home/toffer/Repos/flask-tags/flask-0.6.1/flask/helpers.py', 326, 326)"
115,breaks in linear flow,"('/home/toffer/Repos/flask-tags/flask-0.6.1/flask/helpers.py', 331, 331)"
116,breaks in linear flow,"('/home/toffer/Repos/flask-tags/flask-0.6.1/flask/helpers.py', 345, 345)"
117,breaks in linear flow,"('/home/toffer/Repos/flask-tags/flask-0.6.1/flask/helpers.py', 349, 349)"
118,breaks in linear flow,"('/home/toffer/Repos/flask-tags/flask-0.6.1/flask/helpers.py', 353, 353)"
119,breaks in linear flow,"('/home/toffer/Repos/flask-tags/flask-0.6.1/flask/helpers.py', 359, 359)"
120,breaks in linear flow,"('/home/toffer/Repos/flask-tags/flask-0.6.1/flask/helpers.py', 363, 363)"
121,breaks in linear flow,"('/home/toffer/Repos/flask-tags/flask-0.6.1/flask/helpers.py', 396, 396)"
122,breaks in linear flow,"('/home/toffer/Repos/flask-tags/flask-0.6.1/flask/helpers.py', 397, 397)"
123,breaks in linear flow,"('/home/toffer/Repos/flask-tags/flask-0.6.1/flask/helpers.py', 399, 399)"
124,breaks in linear flow,"('/home/toffer/Repos/flask-tags/flask-0.6.1/flask/helpers.py', 402, 402)"
125,breaks in linear flow,"('/home/toffer/Repos/flask-tags/flask-0.6.1/flask/helpers.py', 411, 411)"
126,breaks in linear flow,"('/home/toffer/Repos/flask-tags/flask-0.6.1/flask/app.py', 203, 203)"
127,breaks in linear flow,"('/home/toffer/Repos/flask-tags/flask-0.6.1/flask/app.py', 303, 303)"
128,breaks in linear flow,"('/home/toffer/Repos/flask-tags/flask-0.6.1/flask/app.py', 306, 306)"
129,breaks in linear flow,"('/home/toffer/Repos/flask-tags/flask-0.6.1/flask/app.py', 319, 319)"
130,breaks in linear flow,"('/home/toffer/Repos/flask-tags/flask-0.6.1/flask/app.py', 342, 342)"
131,breaks in linear flow,"('/home/toffer/Repos/flask-tags/flask-0.6.1/flask/app.py', 359, 359)"
132,breaks in linear flow,"('/home/toffer/Repos/flask-tags/flask-0.6.1/flask/app.py', 362, 362)"
133,breaks in linear flow,"('/home/toffer/Repos/flask-tags/flask-0.6.1/flask/app.py', 397, 397)"
134,breaks in linear flow,"('/home/toffer/Repos/flask-tags/flask-0.6.1/flask/app.py', 429, 429)"
135,breaks in linear flow,"('/home/toffer/Repos/flask-tags/flask-0.6.1/flask/app.py', 443, 443)"
136,breaks in linear flow,"('/home/toffer/Repos/flask-tags/flask-0.6.1/flask/app.py', 445, 445)"
137,breaks in linear flow,"('/home/toffer/Repos/flask-tags/flask-0.6.1/flask/app.py', 459, 459)"
138,breaks in linear flow,"('/home/toffer/Repos/flask-tags/flask-0.6.1/flask/app.py', 505, 505)"
139,breaks in linear flow,"('/home/toffer/Repos/flask-tags/flask-0.6.1/flask/app.py', 510, 510)"
140,breaks in linear flow,"('/home/toffer/Repos/flask-tags/flask-0.6.1/flask/app.py', 516, 516)"
141,breaks in linear flow,"('/home/toffer/Repos/flask-tags/flask-0.6.1/flask/app.py', 654, 654)"
142,breaks in linear flow,"('/home/toffer/Repos/flask-tags/flask-0.6.1/flask/app.py', 669, 669)"
143,breaks in linear flow,"('/home/toffer/Repos/flask-tags/flask-0.6.1/flask/app.py', 675, 675)"
144,breaks in linear flow,"('/home/toffer/Repos/flask-tags/flask-0.6.1/flask/app.py', 687, 687)"
145,breaks in linear flow,"('/home/toffer/Repos/flask-tags/flask-0.6.1/flask/app.py', 692, 692)"
146,breaks in linear flow,"('/home/toffer/Repos/flask-tags/flask-0.6.1/flask/app.py', 696, 696)"
147,breaks in linear flow,"('/home/toffer/Repos/flask-tags/flask-0.6.1/flask/app.py', 707, 707)"
148,breaks in linear flow,"('/home/toffer/Repos/flask-tags/flask-0.6.1/flask/app.py', 709, 709)"
149,breaks in linear flow,"('/home/toffer/Repos/flask-tags/flask-0.6.1/flask/app.py', 737, 737)"
150,breaks in linear flow,"('/home/toffer/Repos/flask-tags/flask-0.6.1/flask/app.py', 739, 739)"
151,breaks in linear flow,"('/home/toffer/Repos/flask-tags/flask-0.6.1/flask/app.py', 741, 741)"
152,breaks in linear flow,"('/home/toffer/Repos/flask-tags/flask-0.6.1/flask/app.py', 743, 743)"
153,breaks in linear flow,"('/home/toffer/Repos/flask-tags/flask-0.6.1/flask/app.py', 766, 766)"
154,breaks in linear flow,"('/home/toffer/Repos/flask-tags/flask-0.6.1/flask/app.py', 768, 768)"
155,breaks in linear flow,"('/home/toffer/Repos/flask-tags/flask-0.6.1/flask/app.py', 770, 770)"
156,breaks in linear flow,"('/home/toffer/Repos/flask-tags/flask-0.6.1/flask/app.py', 788, 788)"
157,breaks in linear flow,"('/home/toffer/Repos/flask-tags/flask-0.6.1/flask/app.py', 791, 791)"
158,breaks in linear flow,"('/home/toffer/Repos/flask-tags/flask-0.6.1/flask/app.py', 793, 793)"
159,breaks in linear flow,"('/home/toffer/Repos/flask-tags/flask-0.6.1/flask/app.py', 795, 795)"
160,breaks in linear flow,"('/home/toffer/Repos/flask-tags/flask-0.6.1/flask/app.py', 875, 875)"
161,breaks in linear flow,"('/home/toffer/Repos/flask-tags/flask-0.6.1/flask/app.py', 878, 878)"
162,breaks in linear flow,"('/home/toffer/Repos/flask-tags/flask-0.6.1/flask/app.py', 882, 882)"
163,breaks in linear flow,"('/home/toffer/Repos/flask-tags/flask-0.6.1/flask/wrappers.py', 49, 49)"
164,breaks in linear flow,"('/home/toffer/Repos/flask-tags/flask-0.6.1/flask/wrappers.py', 59, 59)"
165,breaks in linear flow,"('/home/toffer/Repos/flask-tags/flask-0.6.1/flask/wrappers.py', 65, 65)"
166,breaks in linear flow,"('/home/toffer/Repos/flask-tags/flask-0.6.1/flask/wrappers.py', 73, 73)"
167,breaks in linear flow,"('/home/toffer/Repos/flask-tags/flask-0.6.1/flask/wrappers.py', 75, 75)"
168,breaks in linear flow,"('/home/toffer/Repos/flask-tags/flask-0.6.1/flask/testing.py', 27, 27)"
169,breaks in linear flow,"('/home/toffer/Repos/flask-tags/flask-0.6.1/flask/testing.py', 44, 44)"
170,breaks in linear flow,"('/home/toffer/Repos/flask-tags/flask-0.6.1/flask/config.py', 27, 27)"
171,breaks in linear flow,"('/home/toffer/Repos/flask-tags/flask-0.6.1/flask/config.py', 96, 96)"
172,breaks in linear flow,"('/home/toffer/Repos/flask-tags/flask-0.6.1/flask/config.py', 97, 97)"
173,breaks in linear flow,"('/home/toffer/Repos/flask-tags/flask-0.6.1/flask/config.py', 145, 145)"
174,breaks in linear flow,"('/home/toffer/Repos/flask-tags/flask-0.6.1/flask/config.py', 147, 147)"
175,breaks in linear flow,"('/home/toffer/Repos/flask-tags/flask-0.6.1/flask/config.py', 148, 148)"
176,breaks in linear flow,"('/home/toffer/Repos/flask-tags/flask-0.6.1/flask/signals.py', 16, 16)"
177,breaks in linear flow,"('/home/toffer/Repos/flask-tags/flask-0.6.1/examples/jqueryexample/jqueryexample.py', 28, 28)"
178,breaks in linear flow,"('/home/toffer/Repos/flask-tags/flask-0.6.1/examples/flaskr/flaskr.py', 66, 66)"
179,breaks in linear flow,"('/home/toffer/Repos/flask-tags/flask-0.6.1/examples/flaskr/flaskr.py', 78, 78)"
180,breaks in linear flow,"('/home/toffer/Repos/flask-tags/flask-0.6.1/examples/flaskr/flaskr.py', 79, 79)"
181,breaks in linear flow,"('/home/toffer/Repos/flask-tags/flask-0.6.1/examples/flaskr/flaskr.py', 97, 97)"
182,breaks in linear flow,"('/home/toffer/Repos/flask-tags/flask-0.6.1/examples/flaskr/flaskr_tests.py', 73, 73)"
183,breaks in linear flow,"('/home/toffer/Repos/flask-tags/flask-0.6.1/examples/minitwit/minitwit.py', 80, 80)"
184,breaks in linear flow,"('/home/toffer/Repos/flask-tags/flask-0.6.1/examples/minitwit/minitwit.py', 98, 98)"
185,breaks in linear flow,"('/home/toffer/Repos/flask-tags/flask-0.6.1/examples/minitwit/minitwit.py', 124, 124)"
186,breaks in linear flow,"('/home/toffer/Repos/flask-tags/flask-0.6.1/examples/minitwit/minitwit.py', 127, 127)"
187,breaks in linear flow,"('/home/toffer/Repos/flask-tags/flask-0.6.1/examples/minitwit/minitwit.py', 143, 143)"
188,breaks in linear flow,"('/home/toffer/Repos/flask-tags/flask-0.6.1/examples/minitwit/minitwit.py', 146, 146)"
189,breaks in linear flow,"('/home/toffer/Repos/flask-tags/flask-0.6.1/examples/minitwit/minitwit.py', 158, 158)"
190,breaks in linear flow,"('/home/toffer/Repos/flask-tags/flask-0.6.1/examples/minitwit/minitwit.py', 161, 161)"
191,breaks in linear flow,"('/home/toffer/Repos/flask-tags/flask-0.6.1/examples/minitwit/minitwit.py', 173, 173)"
192,breaks in linear flow,"('/home/toffer/Repos/flask-tags/flask-0.6.1/examples/minitwit/minitwit.py', 175, 175)"
193,breaks in linear flow,"('/home/toffer/Repos/flask-tags/flask-0.6.1/examples/minitwit/minitwit.py', 187, 187)"
194,breaks in linear flow,"('/home/toffer/Repos/flask-tags/flask-0.6.1/examples/minitwit/minitwit.py', 190, 190)"
195,breaks in linear flow,"('/home/toffer/Repos/flask-tags/flask-0.6.1/examples/minitwit/minitwit.py', 193, 193)"
196,breaks in linear flow,"('/home/toffer/Repos/flask-tags/flask-0.6.1/examples/minitwit/minitwit.py', 208, 208)"
197,breaks in linear flow,"('/home/toffer/Repos/flask-tags/flask-0.6.1/examples/minitwit/minitwit.py', 211, 211)"
198,breaks in linear flow,"('/home/toffer/Repos/flask-tags/flask-0.6.1/examples/minitwit/minitwit.py', 212, 212)"
199,breaks in linear flow,"('/home/toffer/Repos/flask-tags/flask-0.6.1/examples/minitwit/minitwit.py', 247, 247)"
200,breaks in linear flow,"('/home/toffer/Repos/flask-tags/flask-0.6.1/examples/minitwit/minitwit_tests.py', 34, 34)"
201,breaks in linear flow,"('/home/toffer/Repos/flask-tags/flask-0.6.1/examples/minitwit/minitwit_tests.py', 36, 36)"
202,breaks in linear flow,"('/home/toffer/Repos/flask-tags/flask-0.6.1/examples/minitwit/minitwit_tests.py', 65, 65)"
203,breaks in linear flow,"('/home/toffer/Repos/flask-tags/flask-0.6.1/examples/minitwit/minitwit_tests.py', 148, 148)"
204,recursion,"('/home/toffer/Repos/flask-tags/flask-0.6.1/tests/flaskext_test.py', 189, 189)"
205,recursion,"('/home/toffer/Repos/flask-tags/flask-0.6.1/tests/flaskext_test.py', 251, 251)"
