,type,file_start_end
0,method length,"('/home/toffer/Repos/flask-tags/flask-0.10.1/flask/blueprints.py', 25, 60)"
1,method length,"('/home/toffer/Repos/flask-tags/flask-0.10.1/flask/ctx.py', 68, 100)"
2,method length,"('/home/toffer/Repos/flask-tags/flask-0.10.1/flask/ctx.py', 103, 132)"
3,method length,"('/home/toffer/Repos/flask-tags/flask-0.10.1/flask/ctx.py', 219, 257)"
4,method length,"('/home/toffer/Repos/flask-tags/flask-0.10.1/flask/ctx.py', 291, 323)"
5,method length,"('/home/toffer/Repos/flask-tags/flask-0.10.1/flask/ctx.py', 325, 366)"
6,method length,"('/home/toffer/Repos/flask-tags/flask-0.10.1/flask/helpers.py', 65, 134)"
7,method length,"('/home/toffer/Repos/flask-tags/flask-0.10.1/flask/helpers.py', 137, 183)"
8,method length,"('/home/toffer/Repos/flask-tags/flask-0.10.1/flask/helpers.py', 186, 316)"
9,method length,"('/home/toffer/Repos/flask-tags/flask-0.10.1/flask/helpers.py', 342, 368)"
10,method length,"('/home/toffer/Repos/flask-tags/flask-0.10.1/flask/helpers.py', 371, 407)"
11,method length,"('/home/toffer/Repos/flask-tags/flask-0.10.1/flask/helpers.py', 412, 555)"
12,method length,"('/home/toffer/Repos/flask-tags/flask-0.10.1/flask/helpers.py', 585, 616)"
13,method length,"('/home/toffer/Repos/flask-tags/flask-0.10.1/flask/helpers.py', 619, 649)"
14,method length,"('/home/toffer/Repos/flask-tags/flask-0.10.1/flask/helpers.py', 652, 700)"
15,method length,"('/home/toffer/Repos/flask-tags/flask-0.10.1/flask/app.py', 317, 509)"
16,method length,"('/home/toffer/Repos/flask-tags/flask-0.10.1/flask/app.py', 722, 777)"
17,method length,"('/home/toffer/Repos/flask-tags/flask-0.10.1/flask/app.py', 779, 815)"
18,method length,"('/home/toffer/Repos/flask-tags/flask-0.10.1/flask/app.py', 892, 985)"
19,method length,"('/home/toffer/Repos/flask-tags/flask-0.10.1/flask/app.py', 987, 1015)"
20,method length,"('/home/toffer/Repos/flask-tags/flask-0.10.1/flask/app.py', 1034, 1073)"
21,method length,"('/home/toffer/Repos/flask-tags/flask-0.10.1/flask/app.py', 1223, 1257)"
22,method length,"('/home/toffer/Repos/flask-tags/flask-0.10.1/flask/app.py', 1260, 1286)"
23,method length,"('/home/toffer/Repos/flask-tags/flask-0.10.1/flask/app.py', 1352, 1381)"
24,method length,"('/home/toffer/Repos/flask-tags/flask-0.10.1/flask/app.py', 1383, 1410)"
25,method length,"('/home/toffer/Repos/flask-tags/flask-0.10.1/flask/app.py', 1532, 1587)"
26,method length,"('/home/toffer/Repos/flask-tags/flask-0.10.1/flask/app.py', 1745, 1773)"
27,method length,"('/home/toffer/Repos/flask-tags/flask-0.10.1/flask/app.py', 1787, 1825)"
28,method length,"('/home/toffer/Repos/flask-tags/flask-0.10.1/flask/wrappers.py', 110, 148)"
29,method length,"('/home/toffer/Repos/flask-tags/flask-0.10.1/flask/testing.py', 49, 94)"
30,method length,"('/home/toffer/Repos/flask-tags/flask-0.10.1/flask/exthook.py', 55, 87)"
31,method length,"('/home/toffer/Repos/flask-tags/flask-0.10.1/flask/logging.py', 17, 45)"
32,method length,"('/home/toffer/Repos/flask-tags/flask-0.10.1/flask/json.py', 161, 193)"
33,method length,"('/home/toffer/Repos/flask-tags/flask-0.10.1/flask/json.py', 201, 239)"
34,method length,"('/home/toffer/Repos/flask-tags/flask-0.10.1/flask/config.py', 110, 136)"
35,method length,"('/home/toffer/Repos/flask-tags/flask-0.10.1/flask/config.py', 138, 165)"
36,method length,"('/home/toffer/Repos/flask-tags/flask-0.10.1/flask/views.py', 73, 102)"
37,method length,"('/home/toffer/Repos/flask-tags/flask-0.10.1/flask/testsuite/blueprints.py', 68, 101)"
38,method length,"('/home/toffer/Repos/flask-tags/flask-0.10.1/flask/testsuite/blueprints.py', 162, 193)"
39,method length,"('/home/toffer/Repos/flask-tags/flask-0.10.1/flask/testsuite/blueprints.py', 195, 227)"
40,method length,"('/home/toffer/Repos/flask-tags/flask-0.10.1/flask/testsuite/blueprints.py', 259, 297)"
41,method length,"('/home/toffer/Repos/flask-tags/flask-0.10.1/flask/testsuite/blueprints.py', 347, 391)"
42,method length,"('/home/toffer/Repos/flask-tags/flask-0.10.1/flask/testsuite/blueprints.py', 483, 514)"
43,method length,"('/home/toffer/Repos/flask-tags/flask-0.10.1/flask/testsuite/blueprints.py', 516, 566)"
44,method length,"('/home/toffer/Repos/flask-tags/flask-0.10.1/flask/testsuite/helpers.py', 114, 142)"
45,method length,"('/home/toffer/Repos/flask-tags/flask-0.10.1/flask/testsuite/helpers.py', 163, 201)"
46,method length,"('/home/toffer/Repos/flask-tags/flask-0.10.1/flask/testsuite/helpers.py', 229, 285)"
47,method length,"('/home/toffer/Repos/flask-tags/flask-0.10.1/flask/testsuite/helpers.py', 287, 315)"
48,method length,"('/home/toffer/Repos/flask-tags/flask-0.10.1/flask/testsuite/helpers.py', 317, 357)"
49,method length,"('/home/toffer/Repos/flask-tags/flask-0.10.1/flask/testsuite/helpers.py', 370, 399)"
50,method length,"('/home/toffer/Repos/flask-tags/flask-0.10.1/flask/testsuite/reqctx.py', 36, 81)"
51,method length,"('/home/toffer/Repos/flask-tags/flask-0.10.1/flask/testsuite/testing.py', 48, 78)"
52,method length,"('/home/toffer/Repos/flask-tags/flask-0.10.1/flask/testsuite/testing.py', 137, 165)"
53,method length,"('/home/toffer/Repos/flask-tags/flask-0.10.1/flask/testsuite/signals.py', 40, 78)"
54,method length,"('/home/toffer/Repos/flask-tags/flask-0.10.1/flask/testsuite/basic.py', 267, 298)"
55,method length,"('/home/toffer/Repos/flask-tags/flask-0.10.1/flask/testsuite/basic.py', 317, 346)"
56,method length,"('/home/toffer/Repos/flask-tags/flask-0.10.1/flask/testsuite/basic.py', 366, 439)"
57,method length,"('/home/toffer/Repos/flask-tags/flask-0.10.1/flask/testsuite/basic.py', 508, 539)"
58,method length,"('/home/toffer/Repos/flask-tags/flask-0.10.1/flask/testsuite/basic.py', 541, 569)"
59,method length,"('/home/toffer/Repos/flask-tags/flask-0.10.1/flask/testsuite/basic.py', 818, 867)"
60,method length,"('/home/toffer/Repos/flask-tags/flask-0.10.1/flask/testsuite/basic.py', 915, 944)"
61,method length,"('/home/toffer/Repos/flask-tags/flask-0.10.1/flask/testsuite/basic.py', 1088, 1120)"
62,method length,"('/home/toffer/Repos/flask-tags/flask-0.10.1/scripts/make-release.py', 119, 147)"
63,method length,"('/home/toffer/Repos/flask-tags/flask-0.10.1/scripts/flaskext_test.py', 120, 147)"
64,method length,"('/home/toffer/Repos/flask-tags/flask-0.10.1/scripts/flask-07-upgrade.py', 85, 124)"
65,method length,"('/home/toffer/Repos/flask-tags/flask-0.10.1/scripts/flask-07-upgrade.py', 128, 169)"
66,method length,"('/home/toffer/Repos/flask-tags/flask-0.10.1/scripts/flaskext_compat.py', 51, 83)"
67,method length,"('/home/toffer/Repos/flask-tags/flask-0.10.1/examples/minitwit/minitwit.py', 211, 237)"
68,method length,"('/home/toffer/Repos/flask-tags/flask-0.10.1/examples/minitwit/minitwit_tests.py', 107, 145)"
69,file length,"('/home/toffer/Repos/flask-tags/flask-0.10.1/flask/blueprints.py', -1, -1)"
70,file length,"('/home/toffer/Repos/flask-tags/flask-0.10.1/flask/ctx.py', -1, -1)"
71,file length,"('/home/toffer/Repos/flask-tags/flask-0.10.1/flask/helpers.py', -1, -1)"
72,file length,"('/home/toffer/Repos/flask-tags/flask-0.10.1/flask/app.py', -1, -1)"
73,file length,"('/home/toffer/Repos/flask-tags/flask-0.10.1/flask/testsuite/blueprints.py', -1, -1)"
74,file length,"('/home/toffer/Repos/flask-tags/flask-0.10.1/flask/testsuite/templating.py', -1, -1)"
75,file length,"('/home/toffer/Repos/flask-tags/flask-0.10.1/flask/testsuite/helpers.py', -1, -1)"
76,file length,"('/home/toffer/Repos/flask-tags/flask-0.10.1/flask/testsuite/config.py', -1, -1)"
77,file length,"('/home/toffer/Repos/flask-tags/flask-0.10.1/flask/testsuite/basic.py', -1, -1)"
78,argument count,"('/home/toffer/Repos/flask-tags/flask-0.10.1/docs/flaskdocext.py', 8, 8)"
79,argument count,"('/home/toffer/Repos/flask-tags/flask-0.10.1/flask/blueprints.py', 24, 24)"
80,argument count,"('/home/toffer/Repos/flask-tags/flask-0.10.1/flask/blueprints.py', 62, 62)"
81,argument count,"('/home/toffer/Repos/flask-tags/flask-0.10.1/flask/blueprints.py', 92, 94)"
82,argument count,"('/home/toffer/Repos/flask-tags/flask-0.10.1/flask/blueprints.py', 165, 165)"
83,argument count,"('/home/toffer/Repos/flask-tags/flask-0.10.1/flask/module.py', 32, 33)"
84,argument count,"('/home/toffer/Repos/flask-tags/flask-0.10.1/flask/helpers.py', 410, 412)"
85,argument count,"('/home/toffer/Repos/flask-tags/flask-0.10.1/flask/app.py', 315, 317)"
86,argument count,"('/home/toffer/Repos/flask-tags/flask-0.10.1/flask/app.py', 722, 722)"
87,argument count,"('/home/toffer/Repos/flask-tags/flask-0.10.1/flask/app.py', 892, 892)"
88,argument count,"('/home/toffer/Repos/flask-tags/flask-0.10.1/flask/testing.py', 23, 23)"
89,argument count,"('/home/toffer/Repos/flask-tags/flask-0.10.1/flask/testsuite/__init__.py', 79, 79)"
90,argument count,"('/home/toffer/Repos/flask-tags/flask-0.10.1/flask/testsuite/__init__.py', 141, 141)"
91,argument count,"('/home/toffer/Repos/flask-tags/flask-0.10.1/scripts/flaskext_test.py', 120, 120)"
92,argument count,"('/home/toffer/Repos/flask-tags/flask-0.10.1/examples/minitwit/minitwit_tests.py', 32, 32)"
93,method count,"('/home/toffer/Repos/flask-tags/flask-0.10.1/flask/blueprints.py', 24, 399)"
94,method count,"('/home/toffer/Repos/flask-tags/flask-0.10.1/flask/sessions.py', 24, 328)"
95,method count,"('/home/toffer/Repos/flask-tags/flask-0.10.1/flask/ctx.py', 27, 393)"
96,method count,"('/home/toffer/Repos/flask-tags/flask-0.10.1/flask/helpers.py', 56, 848)"
97,method count,"('/home/toffer/Repos/flask-tags/flask-0.10.1/flask/app.py', 43, 1841)"
98,method count,"('/home/toffer/Repos/flask-tags/flask-0.10.1/flask/testsuite/blueprints.py', 32, 789)"
99,method count,"('/home/toffer/Repos/flask-tags/flask-0.10.1/flask/testsuite/templating.py', 19, 301)"
100,method count,"('/home/toffer/Repos/flask-tags/flask-0.10.1/flask/testsuite/__init__.py', 26, 245)"
101,method count,"('/home/toffer/Repos/flask-tags/flask-0.10.1/flask/testsuite/helpers.py', 21, 592)"
102,method count,"('/home/toffer/Repos/flask-tags/flask-0.10.1/flask/testsuite/testing.py', 20, 241)"
103,method count,"('/home/toffer/Repos/flask-tags/flask-0.10.1/flask/testsuite/config.py', 28, 298)"
104,method count,"('/home/toffer/Repos/flask-tags/flask-0.10.1/flask/testsuite/views.py', 20, 168)"
105,method count,"('/home/toffer/Repos/flask-tags/flask-0.10.1/flask/testsuite/basic.py', 28, 1253)"
106,Return Statements,"('/home/toffer/Repos/flask-tags/flask-0.10.1/flask/sessions.py', 60, 85)"
107,Return Statements,"('/home/toffer/Repos/flask-tags/flask-0.10.1/flask/sessions.py', 61, 84)"
108,Return Statements,"('/home/toffer/Repos/flask-tags/flask-0.10.1/flask/sessions.py', 87, 103)"
109,Return Statements,"('/home/toffer/Repos/flask-tags/flask-0.10.1/flask/sessions.py', 88, 102)"
110,Return Statements,"('/home/toffer/Repos/flask-tags/flask-0.10.1/flask/testsuite/blueprints.py', 104, 125)"
111,Return Statements,"('/home/toffer/Repos/flask-tags/flask-0.10.1/flask/testsuite/blueprints.py', 482, 514)"
112,Return Statements,"('/home/toffer/Repos/flask-tags/flask-0.10.1/flask/testsuite/helpers.py', 114, 142)"
113,Return Statements,"('/home/toffer/Repos/flask-tags/flask-0.10.1/flask/testsuite/basic.py', 360, 439)"
114,Return Statements,"('/home/toffer/Repos/flask-tags/flask-0.10.1/scripts/flask-07-upgrade.py', 85, 124)"
115,Return Statements,"('/home/toffer/Repos/flask-tags/flask-0.10.1/scripts/flask-07-upgrade.py', 127, 169)"
116,nested controlflow,"('/home/toffer/Repos/flask-tags/flask-0.10.1/setup.py', 69, 73)"
117,nested controlflow,"('/home/toffer/Repos/flask-tags/flask-0.10.1/flask/templating.py', 96, 103)"
118,nested controlflow,"('/home/toffer/Repos/flask-tags/flask-0.10.1/flask/helpers.py', 264, 272)"
119,nested controlflow,"('/home/toffer/Repos/flask-tags/flask-0.10.1/scripts/flask-07-upgrade.py', 75, 80)"
120,nested controlflow,"('/home/toffer/Repos/flask-tags/flask-0.10.1/scripts/flask-07-upgrade.py', 102, 108)"
121,nested controlflow,"('/home/toffer/Repos/flask-tags/flask-0.10.1/scripts/flask-07-upgrade.py', 248, 262)"
122,breaks in linear flow,"('/home/toffer/Repos/flask-tags/flask-0.10.1/setup.py', 62, 62)"
123,breaks in linear flow,"('/home/toffer/Repos/flask-tags/flask-0.10.1/setup.py', 69, 69)"
124,breaks in linear flow,"('/home/toffer/Repos/flask-tags/flask-0.10.1/setup.py', 70, 70)"
125,breaks in linear flow,"('/home/toffer/Repos/flask-tags/flask-0.10.1/setup.py', 71, 71)"
126,breaks in linear flow,"('/home/toffer/Repos/flask-tags/flask-0.10.1/setup.py', 72, 72)"
127,breaks in linear flow,"('/home/toffer/Repos/flask-tags/flask-0.10.1/setup.py', 74, 74)"
128,breaks in linear flow,"('/home/toffer/Repos/flask-tags/flask-0.10.1/docs/flaskdocext.py', 10, 10)"
129,breaks in linear flow,"('/home/toffer/Repos/flask-tags/flask-0.10.1/docs/conf.py', 54, 54)"
130,breaks in linear flow,"('/home/toffer/Repos/flask-tags/flask-0.10.1/docs/conf.py', 62, 62)"
131,breaks in linear flow,"('/home/toffer/Repos/flask-tags/flask-0.10.1/docs/conf.py', 259, 259)"
132,breaks in linear flow,"('/home/toffer/Repos/flask-tags/flask-0.10.1/flask/blueprints.py', 42, 42)"
133,breaks in linear flow,"('/home/toffer/Repos/flask-tags/flask-0.10.1/flask/blueprints.py', 50, 50)"
134,breaks in linear flow,"('/home/toffer/Repos/flask-tags/flask-0.10.1/flask/blueprints.py', 67, 67)"
135,breaks in linear flow,"('/home/toffer/Repos/flask-tags/flask-0.10.1/flask/blueprints.py', 70, 70)"
136,breaks in linear flow,"('/home/toffer/Repos/flask-tags/flask-0.10.1/flask/blueprints.py', 73, 73)"
137,breaks in linear flow,"('/home/toffer/Repos/flask-tags/flask-0.10.1/flask/blueprints.py', 103, 103)"
138,breaks in linear flow,"('/home/toffer/Repos/flask-tags/flask-0.10.1/flask/blueprints.py', 113, 113)"
139,breaks in linear flow,"('/home/toffer/Repos/flask-tags/flask-0.10.1/flask/blueprints.py', 127, 127)"
140,breaks in linear flow,"('/home/toffer/Repos/flask-tags/flask-0.10.1/flask/blueprints.py', 147, 147)"
141,breaks in linear flow,"('/home/toffer/Repos/flask-tags/flask-0.10.1/flask/blueprints.py', 152, 152)"
142,breaks in linear flow,"('/home/toffer/Repos/flask-tags/flask-0.10.1/flask/blueprints.py', 169, 169)"
143,breaks in linear flow,"('/home/toffer/Repos/flask-tags/flask-0.10.1/flask/globals.py', 19, 19)"
144,breaks in linear flow,"('/home/toffer/Repos/flask-tags/flask-0.10.1/flask/globals.py', 26, 26)"
145,breaks in linear flow,"('/home/toffer/Repos/flask-tags/flask-0.10.1/flask/globals.py', 33, 33)"
146,breaks in linear flow,"('/home/toffer/Repos/flask-tags/flask-0.10.1/flask/sessions.py', 62, 62)"
147,breaks in linear flow,"('/home/toffer/Repos/flask-tags/flask-0.10.1/flask/sessions.py', 79, 79)"
148,breaks in linear flow,"('/home/toffer/Repos/flask-tags/flask-0.10.1/flask/sessions.py', 89, 89)"
149,breaks in linear flow,"('/home/toffer/Repos/flask-tags/flask-0.10.1/flask/sessions.py', 92, 92)"
150,breaks in linear flow,"('/home/toffer/Repos/flask-tags/flask-0.10.1/flask/sessions.py', 202, 202)"
151,breaks in linear flow,"('/home/toffer/Repos/flask-tags/flask-0.10.1/flask/sessions.py', 204, 204)"
152,breaks in linear flow,"('/home/toffer/Repos/flask-tags/flask-0.10.1/flask/sessions.py', 211, 211)"
153,breaks in linear flow,"('/home/toffer/Repos/flask-tags/flask-0.10.1/flask/sessions.py', 217, 217)"
154,breaks in linear flow,"('/home/toffer/Repos/flask-tags/flask-0.10.1/flask/sessions.py', 219, 219)"
155,breaks in linear flow,"('/home/toffer/Repos/flask-tags/flask-0.10.1/flask/sessions.py', 252, 252)"
156,breaks in linear flow,"('/home/toffer/Repos/flask-tags/flask-0.10.1/flask/sessions.py', 291, 291)"
157,breaks in linear flow,"('/home/toffer/Repos/flask-tags/flask-0.10.1/flask/sessions.py', 303, 303)"
158,breaks in linear flow,"('/home/toffer/Repos/flask-tags/flask-0.10.1/flask/sessions.py', 306, 306)"
159,breaks in linear flow,"('/home/toffer/Repos/flask-tags/flask-0.10.1/flask/sessions.py', 312, 312)"
160,breaks in linear flow,"('/home/toffer/Repos/flask-tags/flask-0.10.1/flask/sessions.py', 318, 318)"
161,breaks in linear flow,"('/home/toffer/Repos/flask-tags/flask-0.10.1/flask/sessions.py', 319, 319)"
162,breaks in linear flow,"('/home/toffer/Repos/flask-tags/flask-0.10.1/flask/templating.py', 28, 28)"
163,breaks in linear flow,"('/home/toffer/Repos/flask-tags/flask-0.10.1/flask/templating.py', 30, 30)"
164,breaks in linear flow,"('/home/toffer/Repos/flask-tags/flask-0.10.1/flask/templating.py', 43, 43)"
165,breaks in linear flow,"('/home/toffer/Repos/flask-tags/flask-0.10.1/flask/templating.py', 58, 58)"
166,breaks in linear flow,"('/home/toffer/Repos/flask-tags/flask-0.10.1/flask/templating.py', 61, 61)"
167,breaks in linear flow,"('/home/toffer/Repos/flask-tags/flask-0.10.1/flask/templating.py', 68, 68)"
168,breaks in linear flow,"('/home/toffer/Repos/flask-tags/flask-0.10.1/flask/templating.py', 76, 76)"
169,breaks in linear flow,"('/home/toffer/Repos/flask-tags/flask-0.10.1/flask/templating.py', 78, 78)"
170,breaks in linear flow,"('/home/toffer/Repos/flask-tags/flask-0.10.1/flask/templating.py', 80, 80)"
171,breaks in linear flow,"('/home/toffer/Repos/flask-tags/flask-0.10.1/flask/templating.py', 83, 83)"
172,breaks in linear flow,"('/home/toffer/Repos/flask-tags/flask-0.10.1/flask/templating.py', 84, 84)"
173,breaks in linear flow,"('/home/toffer/Repos/flask-tags/flask-0.10.1/flask/templating.py', 85, 85)"
174,breaks in linear flow,"('/home/toffer/Repos/flask-tags/flask-0.10.1/flask/templating.py', 87, 87)"
175,breaks in linear flow,"('/home/toffer/Repos/flask-tags/flask-0.10.1/flask/templating.py', 93, 93)"
176,breaks in linear flow,"('/home/toffer/Repos/flask-tags/flask-0.10.1/flask/templating.py', 96, 96)"
177,breaks in linear flow,"('/home/toffer/Repos/flask-tags/flask-0.10.1/flask/templating.py', 98, 98)"
178,breaks in linear flow,"('/home/toffer/Repos/flask-tags/flask-0.10.1/flask/templating.py', 99, 99)"
179,breaks in linear flow,"('/home/toffer/Repos/flask-tags/flask-0.10.1/flask/templating.py', 101, 101)"
180,breaks in linear flow,"('/home/toffer/Repos/flask-tags/flask-0.10.1/flask/module.py', 34, 34)"
181,breaks in linear flow,"('/home/toffer/Repos/flask-tags/flask-0.10.1/flask/module.py', 41, 41)"
182,breaks in linear flow,"('/home/toffer/Repos/flask-tags/flask-0.10.1/flask/ctx.py', 38, 38)"
183,breaks in linear flow,"('/home/toffer/Repos/flask-tags/flask-0.10.1/flask/ctx.py', 92, 92)"
184,breaks in linear flow,"('/home/toffer/Repos/flask-tags/flask-0.10.1/flask/ctx.py', 172, 172)"
185,breaks in linear flow,"('/home/toffer/Repos/flask-tags/flask-0.10.1/flask/ctx.py', 173, 173)"
186,breaks in linear flow,"('/home/toffer/Repos/flask-tags/flask-0.10.1/flask/ctx.py', 221, 221)"
187,breaks in linear flow,"('/home/toffer/Repos/flask-tags/flask-0.10.1/flask/ctx.py', 252, 252)"
188,breaks in linear flow,"('/home/toffer/Repos/flask-tags/flask-0.10.1/flask/ctx.py', 256, 256)"
189,breaks in linear flow,"('/home/toffer/Repos/flask-tags/flask-0.10.1/flask/ctx.py', 288, 288)"
190,breaks in linear flow,"('/home/toffer/Repos/flask-tags/flask-0.10.1/flask/ctx.py', 302, 302)"
191,breaks in linear flow,"('/home/toffer/Repos/flask-tags/flask-0.10.1/flask/ctx.py', 308, 308)"
192,breaks in linear flow,"('/home/toffer/Repos/flask-tags/flask-0.10.1/flask/ctx.py', 322, 322)"
193,breaks in linear flow,"('/home/toffer/Repos/flask-tags/flask-0.10.1/flask/ctx.py', 336, 336)"
194,breaks in linear flow,"('/home/toffer/Repos/flask-tags/flask-0.10.1/flask/ctx.py', 339, 339)"
195,breaks in linear flow,"('/home/toffer/Repos/flask-tags/flask-0.10.1/flask/ctx.py', 347, 347)"
196,breaks in linear flow,"('/home/toffer/Repos/flask-tags/flask-0.10.1/flask/ctx.py', 351, 351)"
197,breaks in linear flow,"('/home/toffer/Repos/flask-tags/flask-0.10.1/flask/ctx.py', 361, 361)"
198,breaks in linear flow,"('/home/toffer/Repos/flask-tags/flask-0.10.1/flask/ctx.py', 365, 365)"
199,breaks in linear flow,"('/home/toffer/Repos/flask-tags/flask-0.10.1/flask/ctx.py', 369, 369)"
200,breaks in linear flow,"('/home/toffer/Repos/flask-tags/flask-0.10.1/flask/helpers.py', 25, 25)"
201,breaks in linear flow,"('/home/toffer/Repos/flask-tags/flask-0.10.1/flask/helpers.py', 34, 34)"
202,breaks in linear flow,"('/home/toffer/Repos/flask-tags/flask-0.10.1/flask/helpers.py', 101, 101)"
203,breaks in linear flow,"('/home/toffer/Repos/flask-tags/flask-0.10.1/flask/helpers.py', 109, 109)"
204,breaks in linear flow,"('/home/toffer/Repos/flask-tags/flask-0.10.1/flask/helpers.py', 122, 122)"
205,breaks in linear flow,"('/home/toffer/Repos/flask-tags/flask-0.10.1/flask/helpers.py', 125, 125)"
206,breaks in linear flow,"('/home/toffer/Repos/flask-tags/flask-0.10.1/flask/helpers.py', 179, 179)"
207,breaks in linear flow,"('/home/toffer/Repos/flask-tags/flask-0.10.1/flask/helpers.py', 181, 181)"
208,breaks in linear flow,"('/home/toffer/Repos/flask-tags/flask-0.10.1/flask/helpers.py', 257, 257)"
209,breaks in linear flow,"('/home/toffer/Repos/flask-tags/flask-0.10.1/flask/helpers.py', 264, 264)"
210,breaks in linear flow,"('/home/toffer/Repos/flask-tags/flask-0.10.1/flask/helpers.py', 267, 267)"
211,breaks in linear flow,"('/home/toffer/Repos/flask-tags/flask-0.10.1/flask/helpers.py', 268, 268)"
212,breaks in linear flow,"('/home/toffer/Repos/flask-tags/flask-0.10.1/flask/helpers.py', 269, 269)"
213,breaks in linear flow,"('/home/toffer/Repos/flask-tags/flask-0.10.1/flask/helpers.py', 275, 275)"
214,breaks in linear flow,"('/home/toffer/Repos/flask-tags/flask-0.10.1/flask/helpers.py', 276, 276)"
215,breaks in linear flow,"('/home/toffer/Repos/flask-tags/flask-0.10.1/flask/helpers.py', 286, 286)"
216,breaks in linear flow,"('/home/toffer/Repos/flask-tags/flask-0.10.1/flask/helpers.py', 298, 298)"
217,breaks in linear flow,"('/home/toffer/Repos/flask-tags/flask-0.10.1/flask/helpers.py', 299, 299)"
218,breaks in linear flow,"('/home/toffer/Repos/flask-tags/flask-0.10.1/flask/helpers.py', 306, 306)"
219,breaks in linear flow,"('/home/toffer/Repos/flask-tags/flask-0.10.1/flask/helpers.py', 314, 314)"
220,breaks in linear flow,"('/home/toffer/Repos/flask-tags/flask-0.10.1/flask/helpers.py', 400, 400)"
221,breaks in linear flow,"('/home/toffer/Repos/flask-tags/flask-0.10.1/flask/helpers.py', 403, 403)"
222,breaks in linear flow,"('/home/toffer/Repos/flask-tags/flask-0.10.1/flask/helpers.py', 405, 405)"
223,breaks in linear flow,"('/home/toffer/Repos/flask-tags/flask-0.10.1/flask/helpers.py', 471, 471)"
224,breaks in linear flow,"('/home/toffer/Repos/flask-tags/flask-0.10.1/flask/helpers.py', 481, 481)"
225,breaks in linear flow,"('/home/toffer/Repos/flask-tags/flask-0.10.1/flask/helpers.py', 487, 487)"
226,breaks in linear flow,"('/home/toffer/Repos/flask-tags/flask-0.10.1/flask/helpers.py', 494, 494)"
227,breaks in linear flow,"('/home/toffer/Repos/flask-tags/flask-0.10.1/flask/helpers.py', 495, 495)"
228,breaks in linear flow,"('/home/toffer/Repos/flask-tags/flask-0.10.1/flask/helpers.py', 497, 497)"
229,breaks in linear flow,"('/home/toffer/Repos/flask-tags/flask-0.10.1/flask/helpers.py', 499, 499)"
230,breaks in linear flow,"('/home/toffer/Repos/flask-tags/flask-0.10.1/flask/helpers.py', 503, 503)"
231,breaks in linear flow,"('/home/toffer/Repos/flask-tags/flask-0.10.1/flask/helpers.py', 504, 504)"
232,breaks in linear flow,"('/home/toffer/Repos/flask-tags/flask-0.10.1/flask/helpers.py', 505, 505)"
233,breaks in linear flow,"('/home/toffer/Repos/flask-tags/flask-0.10.1/flask/helpers.py', 512, 512)"
234,breaks in linear flow,"('/home/toffer/Repos/flask-tags/flask-0.10.1/flask/helpers.py', 513, 513)"
235,breaks in linear flow,"('/home/toffer/Repos/flask-tags/flask-0.10.1/flask/helpers.py', 519, 519)"
236,breaks in linear flow,"('/home/toffer/Repos/flask-tags/flask-0.10.1/flask/helpers.py', 530, 530)"
237,breaks in linear flow,"('/home/toffer/Repos/flask-tags/flask-0.10.1/flask/helpers.py', 534, 534)"
238,breaks in linear flow,"('/home/toffer/Repos/flask-tags/flask-0.10.1/flask/helpers.py', 536, 536)"
239,breaks in linear flow,"('/home/toffer/Repos/flask-tags/flask-0.10.1/flask/helpers.py', 540, 540)"
240,breaks in linear flow,"('/home/toffer/Repos/flask-tags/flask-0.10.1/flask/helpers.py', 549, 549)"
241,breaks in linear flow,"('/home/toffer/Repos/flask-tags/flask-0.10.1/flask/helpers.py', 553, 553)"
242,breaks in linear flow,"('/home/toffer/Repos/flask-tags/flask-0.10.1/flask/helpers.py', 575, 575)"
243,breaks in linear flow,"('/home/toffer/Repos/flask-tags/flask-0.10.1/flask/helpers.py', 576, 576)"
244,breaks in linear flow,"('/home/toffer/Repos/flask-tags/flask-0.10.1/flask/helpers.py', 578, 578)"
245,breaks in linear flow,"('/home/toffer/Repos/flask-tags/flask-0.10.1/flask/helpers.py', 613, 613)"
246,breaks in linear flow,"('/home/toffer/Repos/flask-tags/flask-0.10.1/flask/helpers.py', 627, 627)"
247,breaks in linear flow,"('/home/toffer/Repos/flask-tags/flask-0.10.1/flask/helpers.py', 636, 636)"
248,breaks in linear flow,"('/home/toffer/Repos/flask-tags/flask-0.10.1/flask/helpers.py', 641, 641)"
249,breaks in linear flow,"('/home/toffer/Repos/flask-tags/flask-0.10.1/flask/helpers.py', 662, 662)"
250,breaks in linear flow,"('/home/toffer/Repos/flask-tags/flask-0.10.1/flask/helpers.py', 667, 667)"
251,breaks in linear flow,"('/home/toffer/Repos/flask-tags/flask-0.10.1/flask/helpers.py', 682, 682)"
252,breaks in linear flow,"('/home/toffer/Repos/flask-tags/flask-0.10.1/flask/helpers.py', 687, 687)"
253,breaks in linear flow,"('/home/toffer/Repos/flask-tags/flask-0.10.1/flask/helpers.py', 692, 692)"
254,breaks in linear flow,"('/home/toffer/Repos/flask-tags/flask-0.10.1/flask/helpers.py', 719, 719)"
255,breaks in linear flow,"('/home/toffer/Repos/flask-tags/flask-0.10.1/flask/helpers.py', 723, 723)"
256,breaks in linear flow,"('/home/toffer/Repos/flask-tags/flask-0.10.1/flask/helpers.py', 747, 747)"
257,breaks in linear flow,"('/home/toffer/Repos/flask-tags/flask-0.10.1/flask/helpers.py', 755, 755)"
258,breaks in linear flow,"('/home/toffer/Repos/flask-tags/flask-0.10.1/flask/helpers.py', 756, 756)"
259,breaks in linear flow,"('/home/toffer/Repos/flask-tags/flask-0.10.1/flask/helpers.py', 780, 780)"
260,breaks in linear flow,"('/home/toffer/Repos/flask-tags/flask-0.10.1/flask/helpers.py', 816, 816)"
261,breaks in linear flow,"('/home/toffer/Repos/flask-tags/flask-0.10.1/flask/helpers.py', 847, 847)"
262,breaks in linear flow,"('/home/toffer/Repos/flask-tags/flask-0.10.1/flask/app.py', 44, 44)"
263,breaks in linear flow,"('/home/toffer/Repos/flask-tags/flask-0.10.1/flask/app.py', 54, 54)"
264,breaks in linear flow,"('/home/toffer/Repos/flask-tags/flask-0.10.1/flask/app.py', 320, 320)"
265,breaks in linear flow,"('/home/toffer/Repos/flask-tags/flask-0.10.1/flask/app.py', 326, 326)"
266,breaks in linear flow,"('/home/toffer/Repos/flask-tags/flask-0.10.1/flask/app.py', 328, 328)"
267,breaks in linear flow,"('/home/toffer/Repos/flask-tags/flask-0.10.1/flask/app.py', 330, 330)"
268,breaks in linear flow,"('/home/toffer/Repos/flask-tags/flask-0.10.1/flask/app.py', 506, 506)"
269,breaks in linear flow,"('/home/toffer/Repos/flask-tags/flask-0.10.1/flask/app.py', 532, 532)"
270,breaks in linear flow,"('/home/toffer/Repos/flask-tags/flask-0.10.1/flask/app.py', 534, 534)"
271,breaks in linear flow,"('/home/toffer/Repos/flask-tags/flask-0.10.1/flask/app.py', 547, 547)"
272,breaks in linear flow,"('/home/toffer/Repos/flask-tags/flask-0.10.1/flask/app.py', 560, 560)"
273,breaks in linear flow,"('/home/toffer/Repos/flask-tags/flask-0.10.1/flask/app.py', 577, 577)"
274,breaks in linear flow,"('/home/toffer/Repos/flask-tags/flask-0.10.1/flask/app.py', 580, 580)"
275,breaks in linear flow,"('/home/toffer/Repos/flask-tags/flask-0.10.1/flask/app.py', 610, 610)"
276,breaks in linear flow,"('/home/toffer/Repos/flask-tags/flask-0.10.1/flask/app.py', 623, 623)"
277,breaks in linear flow,"('/home/toffer/Repos/flask-tags/flask-0.10.1/flask/app.py', 648, 648)"
278,breaks in linear flow,"('/home/toffer/Repos/flask-tags/flask-0.10.1/flask/app.py', 693, 693)"
279,breaks in linear flow,"('/home/toffer/Repos/flask-tags/flask-0.10.1/flask/app.py', 710, 710)"
280,breaks in linear flow,"('/home/toffer/Repos/flask-tags/flask-0.10.1/flask/app.py', 712, 712)"
281,breaks in linear flow,"('/home/toffer/Repos/flask-tags/flask-0.10.1/flask/app.py', 715, 715)"
282,breaks in linear flow,"('/home/toffer/Repos/flask-tags/flask-0.10.1/flask/app.py', 759, 759)"
283,breaks in linear flow,"('/home/toffer/Repos/flask-tags/flask-0.10.1/flask/app.py', 761, 761)"
284,breaks in linear flow,"('/home/toffer/Repos/flask-tags/flask-0.10.1/flask/app.py', 763, 763)"
285,breaks in linear flow,"('/home/toffer/Repos/flask-tags/flask-0.10.1/flask/app.py', 767, 767)"
286,breaks in linear flow,"('/home/toffer/Repos/flask-tags/flask-0.10.1/flask/app.py', 813, 813)"
287,breaks in linear flow,"('/home/toffer/Repos/flask-tags/flask-0.10.1/flask/app.py', 859, 859)"
288,breaks in linear flow,"('/home/toffer/Repos/flask-tags/flask-0.10.1/flask/app.py', 880, 880)"
289,breaks in linear flow,"('/home/toffer/Repos/flask-tags/flask-0.10.1/flask/app.py', 941, 941)"
290,breaks in linear flow,"('/home/toffer/Repos/flask-tags/flask-0.10.1/flask/app.py', 949, 949)"
291,breaks in linear flow,"('/home/toffer/Repos/flask-tags/flask-0.10.1/flask/app.py', 961, 961)"
292,breaks in linear flow,"('/home/toffer/Repos/flask-tags/flask-0.10.1/flask/app.py', 962, 962)"
293,breaks in linear flow,"('/home/toffer/Repos/flask-tags/flask-0.10.1/flask/app.py', 980, 980)"
294,breaks in linear flow,"('/home/toffer/Repos/flask-tags/flask-0.10.1/flask/app.py', 982, 982)"
295,breaks in linear flow,"('/home/toffer/Repos/flask-tags/flask-0.10.1/flask/app.py', 1086, 1086)"
296,breaks in linear flow,"('/home/toffer/Repos/flask-tags/flask-0.10.1/flask/app.py', 1088, 1088)"
297,breaks in linear flow,"('/home/toffer/Repos/flask-tags/flask-0.10.1/flask/app.py', 1322, 1322)"
298,breaks in linear flow,"('/home/toffer/Repos/flask-tags/flask-0.10.1/flask/app.py', 1324, 1324)"
299,breaks in linear flow,"('/home/toffer/Repos/flask-tags/flask-0.10.1/flask/app.py', 1328, 1328)"
300,breaks in linear flow,"('/home/toffer/Repos/flask-tags/flask-0.10.1/flask/app.py', 1346, 1346)"
301,breaks in linear flow,"('/home/toffer/Repos/flask-tags/flask-0.10.1/flask/app.py', 1348, 1348)"
302,breaks in linear flow,"('/home/toffer/Repos/flask-tags/flask-0.10.1/flask/app.py', 1369, 1369)"
303,breaks in linear flow,"('/home/toffer/Repos/flask-tags/flask-0.10.1/flask/app.py', 1374, 1374)"
304,breaks in linear flow,"('/home/toffer/Repos/flask-tags/flask-0.10.1/flask/app.py', 1377, 1377)"
305,breaks in linear flow,"('/home/toffer/Repos/flask-tags/flask-0.10.1/flask/app.py', 1378, 1378)"
306,breaks in linear flow,"('/home/toffer/Repos/flask-tags/flask-0.10.1/flask/app.py', 1397, 1397)"
307,breaks in linear flow,"('/home/toffer/Repos/flask-tags/flask-0.10.1/flask/app.py', 1402, 1402)"
308,breaks in linear flow,"('/home/toffer/Repos/flask-tags/flask-0.10.1/flask/app.py', 1408, 1408)"
309,breaks in linear flow,"('/home/toffer/Repos/flask-tags/flask-0.10.1/flask/app.py', 1433, 1433)"
310,breaks in linear flow,"('/home/toffer/Repos/flask-tags/flask-0.10.1/flask/app.py', 1452, 1452)"
311,breaks in linear flow,"('/home/toffer/Repos/flask-tags/flask-0.10.1/flask/app.py', 1457, 1457)"
312,breaks in linear flow,"('/home/toffer/Repos/flask-tags/flask-0.10.1/flask/app.py', 1474, 1474)"
313,breaks in linear flow,"('/home/toffer/Repos/flask-tags/flask-0.10.1/flask/app.py', 1476, 1476)"
314,breaks in linear flow,"('/home/toffer/Repos/flask-tags/flask-0.10.1/flask/app.py', 1490, 1490)"
315,breaks in linear flow,"('/home/toffer/Repos/flask-tags/flask-0.10.1/flask/app.py', 1493, 1493)"
316,breaks in linear flow,"('/home/toffer/Repos/flask-tags/flask-0.10.1/flask/app.py', 1496, 1496)"
317,breaks in linear flow,"('/home/toffer/Repos/flask-tags/flask-0.10.1/flask/app.py', 1507, 1507)"
318,breaks in linear flow,"('/home/toffer/Repos/flask-tags/flask-0.10.1/flask/app.py', 1514, 1514)"
319,breaks in linear flow,"('/home/toffer/Repos/flask-tags/flask-0.10.1/flask/app.py', 1516, 1516)"
320,breaks in linear flow,"('/home/toffer/Repos/flask-tags/flask-0.10.1/flask/app.py', 1562, 1562)"
321,breaks in linear flow,"('/home/toffer/Repos/flask-tags/flask-0.10.1/flask/app.py', 1565, 1565)"
322,breaks in linear flow,"('/home/toffer/Repos/flask-tags/flask-0.10.1/flask/app.py', 1568, 1568)"
323,breaks in linear flow,"('/home/toffer/Repos/flask-tags/flask-0.10.1/flask/app.py', 1573, 1573)"
324,breaks in linear flow,"('/home/toffer/Repos/flask-tags/flask-0.10.1/flask/app.py', 1579, 1579)"
325,breaks in linear flow,"('/home/toffer/Repos/flask-tags/flask-0.10.1/flask/app.py', 1580, 1580)"
326,breaks in linear flow,"('/home/toffer/Repos/flask-tags/flask-0.10.1/flask/app.py', 1584, 1584)"
327,breaks in linear flow,"('/home/toffer/Repos/flask-tags/flask-0.10.1/flask/app.py', 1600, 1600)"
328,breaks in linear flow,"('/home/toffer/Repos/flask-tags/flask-0.10.1/flask/app.py', 1605, 1605)"
329,breaks in linear flow,"('/home/toffer/Repos/flask-tags/flask-0.10.1/flask/app.py', 1619, 1619)"
330,breaks in linear flow,"('/home/toffer/Repos/flask-tags/flask-0.10.1/flask/app.py', 1622, 1622)"
331,breaks in linear flow,"('/home/toffer/Repos/flask-tags/flask-0.10.1/flask/app.py', 1629, 1629)"
332,breaks in linear flow,"('/home/toffer/Repos/flask-tags/flask-0.10.1/flask/app.py', 1632, 1632)"
333,breaks in linear flow,"('/home/toffer/Repos/flask-tags/flask-0.10.1/flask/app.py', 1634, 1634)"
334,breaks in linear flow,"('/home/toffer/Repos/flask-tags/flask-0.10.1/flask/app.py', 1640, 1640)"
335,breaks in linear flow,"('/home/toffer/Repos/flask-tags/flask-0.10.1/flask/app.py', 1657, 1657)"
336,breaks in linear flow,"('/home/toffer/Repos/flask-tags/flask-0.10.1/flask/app.py', 1659, 1659)"
337,breaks in linear flow,"('/home/toffer/Repos/flask-tags/flask-0.10.1/flask/app.py', 1663, 1663)"
338,breaks in linear flow,"('/home/toffer/Repos/flask-tags/flask-0.10.1/flask/app.py', 1665, 1665)"
339,breaks in linear flow,"('/home/toffer/Repos/flask-tags/flask-0.10.1/flask/app.py', 1667, 1667)"
340,breaks in linear flow,"('/home/toffer/Repos/flask-tags/flask-0.10.1/flask/app.py', 1686, 1686)"
341,breaks in linear flow,"('/home/toffer/Repos/flask-tags/flask-0.10.1/flask/app.py', 1688, 1688)"
342,breaks in linear flow,"('/home/toffer/Repos/flask-tags/flask-0.10.1/flask/app.py', 1690, 1690)"
343,breaks in linear flow,"('/home/toffer/Repos/flask-tags/flask-0.10.1/flask/app.py', 1692, 1692)"
344,breaks in linear flow,"('/home/toffer/Repos/flask-tags/flask-0.10.1/flask/app.py', 1707, 1707)"
345,breaks in linear flow,"('/home/toffer/Repos/flask-tags/flask-0.10.1/flask/app.py', 1711, 1711)"
346,breaks in linear flow,"('/home/toffer/Repos/flask-tags/flask-0.10.1/flask/app.py', 1713, 1713)"
347,breaks in linear flow,"('/home/toffer/Repos/flask-tags/flask-0.10.1/flask/app.py', 1724, 1724)"
348,breaks in linear flow,"('/home/toffer/Repos/flask-tags/flask-0.10.1/flask/app.py', 1726, 1726)"
349,breaks in linear flow,"('/home/toffer/Repos/flask-tags/flask-0.10.1/flask/app.py', 1818, 1818)"
350,breaks in linear flow,"('/home/toffer/Repos/flask-tags/flask-0.10.1/flask/app.py', 1823, 1823)"
351,breaks in linear flow,"('/home/toffer/Repos/flask-tags/flask-0.10.1/flask/wrappers.py', 25, 25)"
352,breaks in linear flow,"('/home/toffer/Repos/flask-tags/flask-0.10.1/flask/wrappers.py', 68, 68)"
353,breaks in linear flow,"('/home/toffer/Repos/flask-tags/flask-0.10.1/flask/wrappers.py', 78, 78)"
354,breaks in linear flow,"('/home/toffer/Repos/flask-tags/flask-0.10.1/flask/wrappers.py', 91, 91)"
355,breaks in linear flow,"('/home/toffer/Repos/flask-tags/flask-0.10.1/flask/wrappers.py', 97, 97)"
356,breaks in linear flow,"('/home/toffer/Repos/flask-tags/flask-0.10.1/flask/wrappers.py', 124, 124)"
357,breaks in linear flow,"('/home/toffer/Repos/flask-tags/flask-0.10.1/flask/wrappers.py', 127, 127)"
358,breaks in linear flow,"('/home/toffer/Repos/flask-tags/flask-0.10.1/flask/wrappers.py', 137, 137)"
359,breaks in linear flow,"('/home/toffer/Repos/flask-tags/flask-0.10.1/flask/wrappers.py', 141, 141)"
360,breaks in linear flow,"('/home/toffer/Repos/flask-tags/flask-0.10.1/flask/wrappers.py', 142, 142)"
361,breaks in linear flow,"('/home/toffer/Repos/flask-tags/flask-0.10.1/flask/wrappers.py', 146, 146)"
362,breaks in linear flow,"('/home/toffer/Repos/flask-tags/flask-0.10.1/flask/wrappers.py', 170, 170)"
363,breaks in linear flow,"('/home/toffer/Repos/flask-tags/flask-0.10.1/flask/testing.py', 19, 19)"
364,breaks in linear flow,"('/home/toffer/Repos/flask-tags/flask-0.10.1/flask/testing.py', 27, 27)"
365,breaks in linear flow,"('/home/toffer/Repos/flask-tags/flask-0.10.1/flask/testing.py', 30, 30)"
366,breaks in linear flow,"('/home/toffer/Repos/flask-tags/flask-0.10.1/flask/testing.py', 32, 32)"
367,breaks in linear flow,"('/home/toffer/Repos/flask-tags/flask-0.10.1/flask/testing.py', 64, 64)"
368,breaks in linear flow,"('/home/toffer/Repos/flask-tags/flask-0.10.1/flask/testing.py', 73, 73)"
369,breaks in linear flow,"('/home/toffer/Repos/flask-tags/flask-0.10.1/flask/testing.py', 91, 91)"
370,breaks in linear flow,"('/home/toffer/Repos/flask-tags/flask-0.10.1/flask/testing.py', 111, 111)"
371,breaks in linear flow,"('/home/toffer/Repos/flask-tags/flask-0.10.1/flask/testing.py', 123, 123)"
372,breaks in linear flow,"('/home/toffer/Repos/flask-tags/flask-0.10.1/flask/debughelpers.py', 34, 34)"
373,breaks in linear flow,"('/home/toffer/Repos/flask-tags/flask-0.10.1/flask/debughelpers.py', 57, 57)"
374,breaks in linear flow,"('/home/toffer/Repos/flask-tags/flask-0.10.1/flask/debughelpers.py', 81, 81)"
375,breaks in linear flow,"('/home/toffer/Repos/flask-tags/flask-0.10.1/flask/debughelpers.py', 82, 82)"
376,breaks in linear flow,"('/home/toffer/Repos/flask-tags/flask-0.10.1/flask/exthook.py', 52, 52)"
377,breaks in linear flow,"('/home/toffer/Repos/flask-tags/flask-0.10.1/flask/exthook.py', 56, 56)"
378,breaks in linear flow,"('/home/toffer/Repos/flask-tags/flask-0.10.1/flask/exthook.py', 59, 59)"
379,breaks in linear flow,"('/home/toffer/Repos/flask-tags/flask-0.10.1/flask/exthook.py', 63, 63)"
380,breaks in linear flow,"('/home/toffer/Repos/flask-tags/flask-0.10.1/flask/exthook.py', 80, 80)"
381,breaks in linear flow,"('/home/toffer/Repos/flask-tags/flask-0.10.1/flask/exthook.py', 82, 82)"
382,breaks in linear flow,"('/home/toffer/Repos/flask-tags/flask-0.10.1/flask/exthook.py', 84, 84)"
383,breaks in linear flow,"('/home/toffer/Repos/flask-tags/flask-0.10.1/flask/exthook.py', 95, 95)"
384,breaks in linear flow,"('/home/toffer/Repos/flask-tags/flask-0.10.1/flask/exthook.py', 96, 96)"
385,breaks in linear flow,"('/home/toffer/Repos/flask-tags/flask-0.10.1/flask/exthook.py', 104, 104)"
386,breaks in linear flow,"('/home/toffer/Repos/flask-tags/flask-0.10.1/flask/exthook.py', 111, 111)"
387,breaks in linear flow,"('/home/toffer/Repos/flask-tags/flask-0.10.1/flask/logging.py', 28, 28)"
388,breaks in linear flow,"('/home/toffer/Repos/flask-tags/flask-0.10.1/flask/json.py', 24, 24)"
389,breaks in linear flow,"('/home/toffer/Repos/flask-tags/flask-0.10.1/flask/json.py', 39, 39)"
390,breaks in linear flow,"('/home/toffer/Repos/flask-tags/flask-0.10.1/flask/json.py', 47, 47)"
391,breaks in linear flow,"('/home/toffer/Repos/flask-tags/flask-0.10.1/flask/json.py', 77, 77)"
392,breaks in linear flow,"('/home/toffer/Repos/flask-tags/flask-0.10.1/flask/json.py', 79, 79)"
393,breaks in linear flow,"('/home/toffer/Repos/flask-tags/flask-0.10.1/flask/json.py', 81, 81)"
394,breaks in linear flow,"('/home/toffer/Repos/flask-tags/flask-0.10.1/flask/json.py', 96, 96)"
395,breaks in linear flow,"('/home/toffer/Repos/flask-tags/flask-0.10.1/flask/json.py', 98, 98)"
396,breaks in linear flow,"('/home/toffer/Repos/flask-tags/flask-0.10.1/flask/json.py', 108, 108)"
397,breaks in linear flow,"('/home/toffer/Repos/flask-tags/flask-0.10.1/flask/json.py', 127, 127)"
398,breaks in linear flow,"('/home/toffer/Repos/flask-tags/flask-0.10.1/flask/json.py', 136, 136)"
399,breaks in linear flow,"('/home/toffer/Repos/flask-tags/flask-0.10.1/flask/json.py', 147, 147)"
400,breaks in linear flow,"('/home/toffer/Repos/flask-tags/flask-0.10.1/flask/json.py', 156, 156)"
401,breaks in linear flow,"('/home/toffer/Repos/flask-tags/flask-0.10.1/flask/json.py', 191, 191)"
402,breaks in linear flow,"('/home/toffer/Repos/flask-tags/flask-0.10.1/flask/json.py', 234, 234)"
403,breaks in linear flow,"('/home/toffer/Repos/flask-tags/flask-0.10.1/flask/config.py', 28, 28)"
404,breaks in linear flow,"('/home/toffer/Repos/flask-tags/flask-0.10.1/flask/config.py', 31, 31)"
405,breaks in linear flow,"('/home/toffer/Repos/flask-tags/flask-0.10.1/flask/config.py', 100, 100)"
406,breaks in linear flow,"('/home/toffer/Repos/flask-tags/flask-0.10.1/flask/config.py', 101, 101)"
407,breaks in linear flow,"('/home/toffer/Repos/flask-tags/flask-0.10.1/flask/config.py', 130, 130)"
408,breaks in linear flow,"('/home/toffer/Repos/flask-tags/flask-0.10.1/flask/config.py', 131, 131)"
409,breaks in linear flow,"('/home/toffer/Repos/flask-tags/flask-0.10.1/flask/config.py', 161, 161)"
410,breaks in linear flow,"('/home/toffer/Repos/flask-tags/flask-0.10.1/flask/config.py', 163, 163)"
411,breaks in linear flow,"('/home/toffer/Repos/flask-tags/flask-0.10.1/flask/config.py', 164, 164)"
412,breaks in linear flow,"('/home/toffer/Repos/flask-tags/flask-0.10.1/flask/views.py', 86, 86)"
413,breaks in linear flow,"('/home/toffer/Repos/flask-tags/flask-0.10.1/flask/views.py', 89, 89)"
414,breaks in linear flow,"('/home/toffer/Repos/flask-tags/flask-0.10.1/flask/views.py', 109, 109)"
415,breaks in linear flow,"('/home/toffer/Repos/flask-tags/flask-0.10.1/flask/views.py', 111, 111)"
416,breaks in linear flow,"('/home/toffer/Repos/flask-tags/flask-0.10.1/flask/views.py', 112, 112)"
417,breaks in linear flow,"('/home/toffer/Repos/flask-tags/flask-0.10.1/flask/views.py', 118, 118)"
418,breaks in linear flow,"('/home/toffer/Repos/flask-tags/flask-0.10.1/flask/views.py', 146, 146)"
419,breaks in linear flow,"('/home/toffer/Repos/flask-tags/flask-0.10.1/flask/signals.py', 16, 16)"
420,breaks in linear flow,"('/home/toffer/Repos/flask-tags/flask-0.10.1/flask/_compat.py', 19, 19)"
421,breaks in linear flow,"('/home/toffer/Repos/flask-tags/flask-0.10.1/flask/_compat.py', 31, 31)"
422,breaks in linear flow,"('/home/toffer/Repos/flask-tags/flask-0.10.1/flask/_compat.py', 70, 70)"
423,breaks in linear flow,"('/home/toffer/Repos/flask-tags/flask-0.10.1/flask/testsuite/blueprints.py', 187, 187)"
424,breaks in linear flow,"('/home/toffer/Repos/flask-tags/flask-0.10.1/flask/testsuite/blueprints.py', 203, 203)"
425,breaks in linear flow,"('/home/toffer/Repos/flask-tags/flask-0.10.1/flask/testsuite/blueprints.py', 209, 209)"
426,breaks in linear flow,"('/home/toffer/Repos/flask-tags/flask-0.10.1/flask/testsuite/blueprints.py', 222, 222)"
427,breaks in linear flow,"('/home/toffer/Repos/flask-tags/flask-0.10.1/flask/testsuite/blueprints.py', 368, 368)"
428,breaks in linear flow,"('/home/toffer/Repos/flask-tags/flask-0.10.1/flask/testsuite/blueprints.py', 385, 385)"
429,breaks in linear flow,"('/home/toffer/Repos/flask-tags/flask-0.10.1/flask/testsuite/blueprints.py', 407, 407)"
430,breaks in linear flow,"('/home/toffer/Repos/flask-tags/flask-0.10.1/flask/testsuite/blueprints.py', 527, 527)"
431,breaks in linear flow,"('/home/toffer/Repos/flask-tags/flask-0.10.1/flask/testsuite/blueprints.py', 536, 536)"
432,breaks in linear flow,"('/home/toffer/Repos/flask-tags/flask-0.10.1/flask/testsuite/__init__.py', 31, 31)"
433,breaks in linear flow,"('/home/toffer/Repos/flask-tags/flask-0.10.1/flask/testsuite/__init__.py', 35, 35)"
434,breaks in linear flow,"('/home/toffer/Repos/flask-tags/flask-0.10.1/flask/testsuite/__init__.py', 39, 39)"
435,breaks in linear flow,"('/home/toffer/Repos/flask-tags/flask-0.10.1/flask/testsuite/__init__.py', 48, 48)"
436,breaks in linear flow,"('/home/toffer/Repos/flask-tags/flask-0.10.1/flask/testsuite/__init__.py', 50, 50)"
437,breaks in linear flow,"('/home/toffer/Repos/flask-tags/flask-0.10.1/flask/testsuite/__init__.py', 57, 57)"
438,breaks in linear flow,"('/home/toffer/Repos/flask-tags/flask-0.10.1/flask/testsuite/__init__.py', 61, 61)"
439,breaks in linear flow,"('/home/toffer/Repos/flask-tags/flask-0.10.1/flask/testsuite/__init__.py', 105, 105)"
440,breaks in linear flow,"('/home/toffer/Repos/flask-tags/flask-0.10.1/flask/testsuite/__init__.py', 120, 120)"
441,breaks in linear flow,"('/home/toffer/Repos/flask-tags/flask-0.10.1/flask/testsuite/__init__.py', 143, 143)"
442,breaks in linear flow,"('/home/toffer/Repos/flask-tags/flask-0.10.1/flask/testsuite/__init__.py', 160, 160)"
443,breaks in linear flow,"('/home/toffer/Repos/flask-tags/flask-0.10.1/flask/testsuite/__init__.py', 179, 179)"
444,breaks in linear flow,"('/home/toffer/Repos/flask-tags/flask-0.10.1/flask/testsuite/__init__.py', 201, 201)"
445,breaks in linear flow,"('/home/toffer/Repos/flask-tags/flask-0.10.1/flask/testsuite/__init__.py', 205, 205)"
446,breaks in linear flow,"('/home/toffer/Repos/flask-tags/flask-0.10.1/flask/testsuite/__init__.py', 206, 206)"
447,breaks in linear flow,"('/home/toffer/Repos/flask-tags/flask-0.10.1/flask/testsuite/__init__.py', 212, 212)"
448,breaks in linear flow,"('/home/toffer/Repos/flask-tags/flask-0.10.1/flask/testsuite/__init__.py', 215, 215)"
449,breaks in linear flow,"('/home/toffer/Repos/flask-tags/flask-0.10.1/flask/testsuite/__init__.py', 218, 218)"
450,breaks in linear flow,"('/home/toffer/Repos/flask-tags/flask-0.10.1/flask/testsuite/__init__.py', 236, 236)"
451,breaks in linear flow,"('/home/toffer/Repos/flask-tags/flask-0.10.1/flask/testsuite/__init__.py', 245, 245)"
452,breaks in linear flow,"('/home/toffer/Repos/flask-tags/flask-0.10.1/flask/testsuite/helpers.py', 26, 26)"
453,breaks in linear flow,"('/home/toffer/Repos/flask-tags/flask-0.10.1/flask/testsuite/helpers.py', 63, 63)"
454,breaks in linear flow,"('/home/toffer/Repos/flask-tags/flask-0.10.1/flask/testsuite/helpers.py', 120, 120)"
455,breaks in linear flow,"('/home/toffer/Repos/flask-tags/flask-0.10.1/flask/testsuite/helpers.py', 128, 128)"
456,breaks in linear flow,"('/home/toffer/Repos/flask-tags/flask-0.10.1/flask/testsuite/helpers.py', 160, 160)"
457,breaks in linear flow,"('/home/toffer/Repos/flask-tags/flask-0.10.1/flask/testsuite/helpers.py', 396, 396)"
458,breaks in linear flow,"('/home/toffer/Repos/flask-tags/flask-0.10.1/flask/testsuite/helpers.py', 432, 432)"
459,breaks in linear flow,"('/home/toffer/Repos/flask-tags/flask-0.10.1/flask/testsuite/helpers.py', 436, 436)"
460,breaks in linear flow,"('/home/toffer/Repos/flask-tags/flask-0.10.1/flask/testsuite/helpers.py', 445, 445)"
461,breaks in linear flow,"('/home/toffer/Repos/flask-tags/flask-0.10.1/flask/testsuite/helpers.py', 486, 486)"
462,breaks in linear flow,"('/home/toffer/Repos/flask-tags/flask-0.10.1/flask/testsuite/helpers.py', 522, 522)"
463,breaks in linear flow,"('/home/toffer/Repos/flask-tags/flask-0.10.1/flask/testsuite/helpers.py', 587, 587)"
464,breaks in linear flow,"('/home/toffer/Repos/flask-tags/flask-0.10.1/flask/testsuite/regression.py', 45, 45)"
465,breaks in linear flow,"('/home/toffer/Repos/flask-tags/flask-0.10.1/flask/testsuite/regression.py', 48, 48)"
466,breaks in linear flow,"('/home/toffer/Repos/flask-tags/flask-0.10.1/flask/testsuite/regression.py', 75, 75)"
467,breaks in linear flow,"('/home/toffer/Repos/flask-tags/flask-0.10.1/flask/testsuite/regression.py', 78, 78)"
468,breaks in linear flow,"('/home/toffer/Repos/flask-tags/flask-0.10.1/flask/testsuite/regression.py', 113, 113)"
469,breaks in linear flow,"('/home/toffer/Repos/flask-tags/flask-0.10.1/flask/testsuite/reqctx.py', 16, 16)"
470,breaks in linear flow,"('/home/toffer/Repos/flask-tags/flask-0.10.1/flask/testsuite/reqctx.py', 59, 59)"
471,breaks in linear flow,"('/home/toffer/Repos/flask-tags/flask-0.10.1/flask/testsuite/reqctx.py', 69, 69)"
472,breaks in linear flow,"('/home/toffer/Repos/flask-tags/flask-0.10.1/flask/testsuite/reqctx.py', 78, 78)"
473,breaks in linear flow,"('/home/toffer/Repos/flask-tags/flask-0.10.1/flask/testsuite/reqctx.py', 122, 122)"
474,breaks in linear flow,"('/home/toffer/Repos/flask-tags/flask-0.10.1/flask/testsuite/reqctx.py', 177, 177)"
475,breaks in linear flow,"('/home/toffer/Repos/flask-tags/flask-0.10.1/flask/testsuite/testing.py', 54, 54)"
476,breaks in linear flow,"('/home/toffer/Repos/flask-tags/flask-0.10.1/flask/testsuite/testing.py', 74, 74)"
477,breaks in linear flow,"('/home/toffer/Repos/flask-tags/flask-0.10.1/flask/testsuite/testing.py', 108, 108)"
478,breaks in linear flow,"('/home/toffer/Repos/flask-tags/flask-0.10.1/flask/testsuite/testing.py', 132, 132)"
479,breaks in linear flow,"('/home/toffer/Repos/flask-tags/flask-0.10.1/flask/testsuite/testing.py', 162, 162)"
480,breaks in linear flow,"('/home/toffer/Repos/flask-tags/flask-0.10.1/flask/testsuite/testing.py', 211, 211)"
481,breaks in linear flow,"('/home/toffer/Repos/flask-tags/flask-0.10.1/flask/testsuite/ext.py', 16, 16)"
482,breaks in linear flow,"('/home/toffer/Repos/flask-tags/flask-0.10.1/flask/testsuite/ext.py', 28, 28)"
483,breaks in linear flow,"('/home/toffer/Repos/flask-tags/flask-0.10.1/flask/testsuite/ext.py', 29, 29)"
484,breaks in linear flow,"('/home/toffer/Repos/flask-tags/flask-0.10.1/flask/testsuite/ext.py', 39, 39)"
485,breaks in linear flow,"('/home/toffer/Repos/flask-tags/flask-0.10.1/flask/testsuite/ext.py', 41, 41)"
486,breaks in linear flow,"('/home/toffer/Repos/flask-tags/flask-0.10.1/flask/testsuite/ext.py', 48, 48)"
487,breaks in linear flow,"('/home/toffer/Repos/flask-tags/flask-0.10.1/flask/testsuite/ext.py', 106, 106)"
488,breaks in linear flow,"('/home/toffer/Repos/flask-tags/flask-0.10.1/flask/testsuite/ext.py', 113, 113)"
489,breaks in linear flow,"('/home/toffer/Repos/flask-tags/flask-0.10.1/flask/testsuite/ext.py', 116, 116)"
490,breaks in linear flow,"('/home/toffer/Repos/flask-tags/flask-0.10.1/flask/testsuite/ext.py', 126, 126)"
491,breaks in linear flow,"('/home/toffer/Repos/flask-tags/flask-0.10.1/flask/testsuite/config.py', 59, 59)"
492,breaks in linear flow,"('/home/toffer/Repos/flask-tags/flask-0.10.1/flask/testsuite/config.py', 78, 78)"
493,breaks in linear flow,"('/home/toffer/Repos/flask-tags/flask-0.10.1/flask/testsuite/config.py', 93, 93)"
494,breaks in linear flow,"('/home/toffer/Repos/flask-tags/flask-0.10.1/flask/testsuite/config.py', 113, 113)"
495,breaks in linear flow,"('/home/toffer/Repos/flask-tags/flask-0.10.1/flask/testsuite/config.py', 143, 143)"
496,breaks in linear flow,"('/home/toffer/Repos/flask-tags/flask-0.10.1/flask/testsuite/config.py', 156, 156)"
497,breaks in linear flow,"('/home/toffer/Repos/flask-tags/flask-0.10.1/flask/testsuite/config.py', 183, 183)"
498,breaks in linear flow,"('/home/toffer/Repos/flask-tags/flask-0.10.1/flask/testsuite/config.py', 201, 201)"
499,breaks in linear flow,"('/home/toffer/Repos/flask-tags/flask-0.10.1/flask/testsuite/config.py', 218, 218)"
500,breaks in linear flow,"('/home/toffer/Repos/flask-tags/flask-0.10.1/flask/testsuite/config.py', 236, 236)"
501,breaks in linear flow,"('/home/toffer/Repos/flask-tags/flask-0.10.1/flask/testsuite/config.py', 253, 253)"
502,breaks in linear flow,"('/home/toffer/Repos/flask-tags/flask-0.10.1/flask/testsuite/config.py', 271, 271)"
503,breaks in linear flow,"('/home/toffer/Repos/flask-tags/flask-0.10.1/flask/testsuite/config.py', 291, 291)"
504,breaks in linear flow,"('/home/toffer/Repos/flask-tags/flask-0.10.1/flask/testsuite/examples.py', 28, 28)"
505,breaks in linear flow,"('/home/toffer/Repos/flask-tags/flask-0.10.1/flask/testsuite/examples.py', 34, 34)"
506,breaks in linear flow,"('/home/toffer/Repos/flask-tags/flask-0.10.1/flask/testsuite/signals.py', 151, 151)"
507,breaks in linear flow,"('/home/toffer/Repos/flask-tags/flask-0.10.1/flask/testsuite/basic.py', 258, 258)"
508,breaks in linear flow,"('/home/toffer/Repos/flask-tags/flask-0.10.1/flask/testsuite/basic.py', 520, 520)"
509,breaks in linear flow,"('/home/toffer/Repos/flask-tags/flask-0.10.1/flask/testsuite/basic.py', 531, 531)"
510,breaks in linear flow,"('/home/toffer/Repos/flask-tags/flask-0.10.1/flask/testsuite/basic.py', 634, 634)"
511,breaks in linear flow,"('/home/toffer/Repos/flask-tags/flask-0.10.1/flask/testsuite/basic.py', 650, 650)"
512,breaks in linear flow,"('/home/toffer/Repos/flask-tags/flask-0.10.1/flask/testsuite/basic.py', 669, 669)"
513,breaks in linear flow,"('/home/toffer/Repos/flask-tags/flask-0.10.1/flask/testsuite/basic.py', 759, 759)"
514,breaks in linear flow,"('/home/toffer/Repos/flask-tags/flask-0.10.1/flask/testsuite/basic.py', 763, 763)"
515,breaks in linear flow,"('/home/toffer/Repos/flask-tags/flask-0.10.1/flask/testsuite/basic.py', 808, 808)"
516,breaks in linear flow,"('/home/toffer/Repos/flask-tags/flask-0.10.1/flask/testsuite/basic.py', 849, 849)"
517,breaks in linear flow,"('/home/toffer/Repos/flask-tags/flask-0.10.1/flask/testsuite/basic.py', 860, 860)"
518,breaks in linear flow,"('/home/toffer/Repos/flask-tags/flask-0.10.1/flask/testsuite/basic.py', 876, 876)"
519,breaks in linear flow,"('/home/toffer/Repos/flask-tags/flask-0.10.1/flask/testsuite/basic.py', 880, 880)"
520,breaks in linear flow,"('/home/toffer/Repos/flask-tags/flask-0.10.1/flask/testsuite/basic.py', 891, 891)"
521,breaks in linear flow,"('/home/toffer/Repos/flask-tags/flask-0.10.1/flask/testsuite/basic.py', 920, 920)"
522,breaks in linear flow,"('/home/toffer/Repos/flask-tags/flask-0.10.1/flask/testsuite/basic.py', 993, 993)"
523,breaks in linear flow,"('/home/toffer/Repos/flask-tags/flask-0.10.1/flask/testsuite/basic.py', 1027, 1027)"
524,breaks in linear flow,"('/home/toffer/Repos/flask-tags/flask-0.10.1/flask/testsuite/basic.py', 1077, 1077)"
525,breaks in linear flow,"('/home/toffer/Repos/flask-tags/flask-0.10.1/scripts/make-release.py', 25, 25)"
526,breaks in linear flow,"('/home/toffer/Repos/flask-tags/flask-0.10.1/scripts/make-release.py', 27, 27)"
527,breaks in linear flow,"('/home/toffer/Repos/flask-tags/flask-0.10.1/scripts/make-release.py', 28, 28)"
528,breaks in linear flow,"('/home/toffer/Repos/flask-tags/flask-0.10.1/scripts/make-release.py', 31, 31)"
529,breaks in linear flow,"('/home/toffer/Repos/flask-tags/flask-0.10.1/scripts/make-release.py', 32, 32)"
530,breaks in linear flow,"('/home/toffer/Repos/flask-tags/flask-0.10.1/scripts/make-release.py', 33, 33)"
531,breaks in linear flow,"('/home/toffer/Repos/flask-tags/flask-0.10.1/scripts/make-release.py', 35, 35)"
532,breaks in linear flow,"('/home/toffer/Repos/flask-tags/flask-0.10.1/scripts/make-release.py', 36, 36)"
533,breaks in linear flow,"('/home/toffer/Repos/flask-tags/flask-0.10.1/scripts/make-release.py', 40, 40)"
534,breaks in linear flow,"('/home/toffer/Repos/flask-tags/flask-0.10.1/scripts/make-release.py', 41, 41)"
535,breaks in linear flow,"('/home/toffer/Repos/flask-tags/flask-0.10.1/scripts/make-release.py', 50, 50)"
536,breaks in linear flow,"('/home/toffer/Repos/flask-tags/flask-0.10.1/scripts/make-release.py', 71, 71)"
537,breaks in linear flow,"('/home/toffer/Repos/flask-tags/flask-0.10.1/scripts/make-release.py', 123, 123)"
538,breaks in linear flow,"('/home/toffer/Repos/flask-tags/flask-0.10.1/scripts/make-release.py', 133, 133)"
539,breaks in linear flow,"('/home/toffer/Repos/flask-tags/flask-0.10.1/scripts/make-release.py', 135, 135)"
540,breaks in linear flow,"('/home/toffer/Repos/flask-tags/flask-0.10.1/scripts/make-release.py', 138, 138)"
541,breaks in linear flow,"('/home/toffer/Repos/flask-tags/flask-0.10.1/scripts/make-release.py', 150, 150)"
542,breaks in linear flow,"('/home/toffer/Repos/flask-tags/flask-0.10.1/scripts/flaskext_test.py', 31, 31)"
543,breaks in linear flow,"('/home/toffer/Repos/flask-tags/flask-0.10.1/scripts/flaskext_test.py', 133, 133)"
544,breaks in linear flow,"('/home/toffer/Repos/flask-tags/flask-0.10.1/scripts/flaskext_test.py', 141, 141)"
545,breaks in linear flow,"('/home/toffer/Repos/flask-tags/flask-0.10.1/scripts/flaskext_test.py', 144, 144)"
546,breaks in linear flow,"('/home/toffer/Repos/flask-tags/flask-0.10.1/scripts/flaskext_test.py', 153, 153)"
547,breaks in linear flow,"('/home/toffer/Repos/flask-tags/flask-0.10.1/scripts/flaskext_test.py', 167, 167)"
548,breaks in linear flow,"('/home/toffer/Repos/flask-tags/flask-0.10.1/scripts/flaskext_test.py', 176, 176)"
549,breaks in linear flow,"('/home/toffer/Repos/flask-tags/flask-0.10.1/scripts/flaskext_test.py', 188, 188)"
550,breaks in linear flow,"('/home/toffer/Repos/flask-tags/flask-0.10.1/scripts/flaskext_test.py', 190, 190)"
551,breaks in linear flow,"('/home/toffer/Repos/flask-tags/flask-0.10.1/scripts/flaskext_test.py', 191, 191)"
552,breaks in linear flow,"('/home/toffer/Repos/flask-tags/flask-0.10.1/scripts/flaskext_test.py', 211, 211)"
553,breaks in linear flow,"('/home/toffer/Repos/flask-tags/flask-0.10.1/scripts/flaskext_test.py', 222, 222)"
554,breaks in linear flow,"('/home/toffer/Repos/flask-tags/flask-0.10.1/scripts/flaskext_test.py', 223, 223)"
555,breaks in linear flow,"('/home/toffer/Repos/flask-tags/flask-0.10.1/scripts/flaskext_test.py', 259, 259)"
556,breaks in linear flow,"('/home/toffer/Repos/flask-tags/flask-0.10.1/scripts/flaskext_test.py', 262, 262)"
557,breaks in linear flow,"('/home/toffer/Repos/flask-tags/flask-0.10.1/scripts/flaskext_test.py', 293, 293)"
558,breaks in linear flow,"('/home/toffer/Repos/flask-tags/flask-0.10.1/scripts/flaskext_test.py', 302, 302)"
559,breaks in linear flow,"('/home/toffer/Repos/flask-tags/flask-0.10.1/scripts/flaskext_test.py', 308, 308)"
560,breaks in linear flow,"('/home/toffer/Repos/flask-tags/flask-0.10.1/scripts/flask-07-upgrade.py', 31, 31)"
561,breaks in linear flow,"('/home/toffer/Repos/flask-tags/flask-0.10.1/scripts/flask-07-upgrade.py', 58, 58)"
562,breaks in linear flow,"('/home/toffer/Repos/flask-tags/flask-0.10.1/scripts/flask-07-upgrade.py', 67, 67)"
563,breaks in linear flow,"('/home/toffer/Repos/flask-tags/flask-0.10.1/scripts/flask-07-upgrade.py', 71, 71)"
564,breaks in linear flow,"('/home/toffer/Repos/flask-tags/flask-0.10.1/scripts/flask-07-upgrade.py', 75, 75)"
565,breaks in linear flow,"('/home/toffer/Repos/flask-tags/flask-0.10.1/scripts/flask-07-upgrade.py', 76, 76)"
566,breaks in linear flow,"('/home/toffer/Repos/flask-tags/flask-0.10.1/scripts/flask-07-upgrade.py', 77, 77)"
567,breaks in linear flow,"('/home/toffer/Repos/flask-tags/flask-0.10.1/scripts/flask-07-upgrade.py', 79, 79)"
568,breaks in linear flow,"('/home/toffer/Repos/flask-tags/flask-0.10.1/scripts/flask-07-upgrade.py', 86, 86)"
569,breaks in linear flow,"('/home/toffer/Repos/flask-tags/flask-0.10.1/scripts/flask-07-upgrade.py', 94, 94)"
570,breaks in linear flow,"('/home/toffer/Repos/flask-tags/flask-0.10.1/scripts/flask-07-upgrade.py', 96, 96)"
571,breaks in linear flow,"('/home/toffer/Repos/flask-tags/flask-0.10.1/scripts/flask-07-upgrade.py', 102, 102)"
572,breaks in linear flow,"('/home/toffer/Repos/flask-tags/flask-0.10.1/scripts/flask-07-upgrade.py', 103, 103)"
573,breaks in linear flow,"('/home/toffer/Repos/flask-tags/flask-0.10.1/scripts/flask-07-upgrade.py', 104, 104)"
574,breaks in linear flow,"('/home/toffer/Repos/flask-tags/flask-0.10.1/scripts/flask-07-upgrade.py', 106, 106)"
575,breaks in linear flow,"('/home/toffer/Repos/flask-tags/flask-0.10.1/scripts/flask-07-upgrade.py', 111, 111)"
576,breaks in linear flow,"('/home/toffer/Repos/flask-tags/flask-0.10.1/scripts/flask-07-upgrade.py', 113, 113)"
577,breaks in linear flow,"('/home/toffer/Repos/flask-tags/flask-0.10.1/scripts/flask-07-upgrade.py', 117, 117)"
578,breaks in linear flow,"('/home/toffer/Repos/flask-tags/flask-0.10.1/scripts/flask-07-upgrade.py', 134, 134)"
579,breaks in linear flow,"('/home/toffer/Repos/flask-tags/flask-0.10.1/scripts/flask-07-upgrade.py', 138, 138)"
580,breaks in linear flow,"('/home/toffer/Repos/flask-tags/flask-0.10.1/scripts/flask-07-upgrade.py', 143, 143)"
581,breaks in linear flow,"('/home/toffer/Repos/flask-tags/flask-0.10.1/scripts/flask-07-upgrade.py', 156, 156)"
582,breaks in linear flow,"('/home/toffer/Repos/flask-tags/flask-0.10.1/scripts/flask-07-upgrade.py', 158, 158)"
583,breaks in linear flow,"('/home/toffer/Repos/flask-tags/flask-0.10.1/scripts/flask-07-upgrade.py', 160, 160)"
584,breaks in linear flow,"('/home/toffer/Repos/flask-tags/flask-0.10.1/scripts/flask-07-upgrade.py', 161, 161)"
585,breaks in linear flow,"('/home/toffer/Repos/flask-tags/flask-0.10.1/scripts/flask-07-upgrade.py', 163, 163)"
586,breaks in linear flow,"('/home/toffer/Repos/flask-tags/flask-0.10.1/scripts/flask-07-upgrade.py', 165, 165)"
587,breaks in linear flow,"('/home/toffer/Repos/flask-tags/flask-0.10.1/scripts/flask-07-upgrade.py', 167, 167)"
588,breaks in linear flow,"('/home/toffer/Repos/flask-tags/flask-0.10.1/scripts/flask-07-upgrade.py', 174, 174)"
589,breaks in linear flow,"('/home/toffer/Repos/flask-tags/flask-0.10.1/scripts/flask-07-upgrade.py', 181, 181)"
590,breaks in linear flow,"('/home/toffer/Repos/flask-tags/flask-0.10.1/scripts/flask-07-upgrade.py', 182, 182)"
591,breaks in linear flow,"('/home/toffer/Repos/flask-tags/flask-0.10.1/scripts/flask-07-upgrade.py', 184, 184)"
592,breaks in linear flow,"('/home/toffer/Repos/flask-tags/flask-0.10.1/scripts/flask-07-upgrade.py', 185, 185)"
593,breaks in linear flow,"('/home/toffer/Repos/flask-tags/flask-0.10.1/scripts/flask-07-upgrade.py', 187, 187)"
594,breaks in linear flow,"('/home/toffer/Repos/flask-tags/flask-0.10.1/scripts/flask-07-upgrade.py', 189, 189)"
595,breaks in linear flow,"('/home/toffer/Repos/flask-tags/flask-0.10.1/scripts/flask-07-upgrade.py', 190, 190)"
596,breaks in linear flow,"('/home/toffer/Repos/flask-tags/flask-0.10.1/scripts/flask-07-upgrade.py', 198, 198)"
597,breaks in linear flow,"('/home/toffer/Repos/flask-tags/flask-0.10.1/scripts/flask-07-upgrade.py', 200, 200)"
598,breaks in linear flow,"('/home/toffer/Repos/flask-tags/flask-0.10.1/scripts/flask-07-upgrade.py', 214, 214)"
599,breaks in linear flow,"('/home/toffer/Repos/flask-tags/flask-0.10.1/scripts/flask-07-upgrade.py', 222, 222)"
600,breaks in linear flow,"('/home/toffer/Repos/flask-tags/flask-0.10.1/scripts/flask-07-upgrade.py', 225, 225)"
601,breaks in linear flow,"('/home/toffer/Repos/flask-tags/flask-0.10.1/scripts/flask-07-upgrade.py', 232, 232)"
602,breaks in linear flow,"('/home/toffer/Repos/flask-tags/flask-0.10.1/scripts/flask-07-upgrade.py', 248, 248)"
603,breaks in linear flow,"('/home/toffer/Repos/flask-tags/flask-0.10.1/scripts/flask-07-upgrade.py', 250, 250)"
604,breaks in linear flow,"('/home/toffer/Repos/flask-tags/flask-0.10.1/scripts/flask-07-upgrade.py', 252, 252)"
605,breaks in linear flow,"('/home/toffer/Repos/flask-tags/flask-0.10.1/scripts/flask-07-upgrade.py', 253, 253)"
606,breaks in linear flow,"('/home/toffer/Repos/flask-tags/flask-0.10.1/scripts/flask-07-upgrade.py', 254, 254)"
607,breaks in linear flow,"('/home/toffer/Repos/flask-tags/flask-0.10.1/scripts/flask-07-upgrade.py', 261, 261)"
608,breaks in linear flow,"('/home/toffer/Repos/flask-tags/flask-0.10.1/scripts/flask-07-upgrade.py', 266, 266)"
609,breaks in linear flow,"('/home/toffer/Repos/flask-tags/flask-0.10.1/scripts/flask-07-upgrade.py', 269, 269)"
610,breaks in linear flow,"('/home/toffer/Repos/flask-tags/flask-0.10.1/scripts/flask-07-upgrade.py', 286, 286)"
611,breaks in linear flow,"('/home/toffer/Repos/flask-tags/flask-0.10.1/scripts/flask-07-upgrade.py', 289, 289)"
612,breaks in linear flow,"('/home/toffer/Repos/flask-tags/flask-0.10.1/scripts/flask-07-upgrade.py', 292, 292)"
613,breaks in linear flow,"('/home/toffer/Repos/flask-tags/flask-0.10.1/scripts/flask-07-upgrade.py', 296, 296)"
614,breaks in linear flow,"('/home/toffer/Repos/flask-tags/flask-0.10.1/scripts/flaskext_compat.py', 48, 48)"
615,breaks in linear flow,"('/home/toffer/Repos/flask-tags/flask-0.10.1/scripts/flaskext_compat.py', 52, 52)"
616,breaks in linear flow,"('/home/toffer/Repos/flask-tags/flask-0.10.1/scripts/flaskext_compat.py', 55, 55)"
617,breaks in linear flow,"('/home/toffer/Repos/flask-tags/flask-0.10.1/scripts/flaskext_compat.py', 59, 59)"
618,breaks in linear flow,"('/home/toffer/Repos/flask-tags/flask-0.10.1/scripts/flaskext_compat.py', 76, 76)"
619,breaks in linear flow,"('/home/toffer/Repos/flask-tags/flask-0.10.1/scripts/flaskext_compat.py', 78, 78)"
620,breaks in linear flow,"('/home/toffer/Repos/flask-tags/flask-0.10.1/scripts/flaskext_compat.py', 80, 80)"
621,breaks in linear flow,"('/home/toffer/Repos/flask-tags/flask-0.10.1/scripts/flaskext_compat.py', 91, 91)"
622,breaks in linear flow,"('/home/toffer/Repos/flask-tags/flask-0.10.1/scripts/flaskext_compat.py', 92, 92)"
623,breaks in linear flow,"('/home/toffer/Repos/flask-tags/flask-0.10.1/scripts/flaskext_compat.py', 100, 100)"
624,breaks in linear flow,"('/home/toffer/Repos/flask-tags/flask-0.10.1/scripts/flaskext_compat.py', 107, 107)"
625,breaks in linear flow,"('/home/toffer/Repos/flask-tags/flask-0.10.1/examples/jqueryexample/jqueryexample.py', 28, 28)"
626,breaks in linear flow,"('/home/toffer/Repos/flask-tags/flask-0.10.1/examples/blueprintexample/blueprintexample_test.py', 35, 35)"
627,breaks in linear flow,"('/home/toffer/Repos/flask-tags/flask-0.10.1/examples/blueprintexample/blueprintexample.py', 10, 10)"
628,breaks in linear flow,"('/home/toffer/Repos/flask-tags/flask-0.10.1/examples/blueprintexample/simple_page/simple_page.py', 12, 12)"
629,breaks in linear flow,"('/home/toffer/Repos/flask-tags/flask-0.10.1/examples/flaskr/flaskr.py', 44, 44)"
630,breaks in linear flow,"('/home/toffer/Repos/flask-tags/flask-0.10.1/examples/flaskr/flaskr.py', 56, 56)"
631,breaks in linear flow,"('/home/toffer/Repos/flask-tags/flask-0.10.1/examples/flaskr/flaskr.py', 70, 70)"
632,breaks in linear flow,"('/home/toffer/Repos/flask-tags/flask-0.10.1/examples/flaskr/flaskr.py', 83, 83)"
633,breaks in linear flow,"('/home/toffer/Repos/flask-tags/flask-0.10.1/examples/flaskr/flaskr.py', 84, 84)"
634,breaks in linear flow,"('/home/toffer/Repos/flask-tags/flask-0.10.1/examples/flaskr/flaskr.py', 102, 102)"
635,breaks in linear flow,"('/home/toffer/Repos/flask-tags/flask-0.10.1/examples/flaskr/flaskr_tests.py', 74, 74)"
636,breaks in linear flow,"('/home/toffer/Repos/flask-tags/flask-0.10.1/examples/persona/persona.py', 20, 20)"
637,breaks in linear flow,"('/home/toffer/Repos/flask-tags/flask-0.10.1/examples/persona/persona.py', 40, 40)"
638,breaks in linear flow,"('/home/toffer/Repos/flask-tags/flask-0.10.1/examples/persona/persona.py', 42, 42)"
639,breaks in linear flow,"('/home/toffer/Repos/flask-tags/flask-0.10.1/examples/persona/persona.py', 58, 58)"
640,breaks in linear flow,"('/home/toffer/Repos/flask-tags/flask-0.10.1/examples/minitwit/minitwit.py', 38, 38)"
641,breaks in linear flow,"('/home/toffer/Repos/flask-tags/flask-0.10.1/examples/minitwit/minitwit.py', 48, 48)"
642,breaks in linear flow,"('/home/toffer/Repos/flask-tags/flask-0.10.1/examples/minitwit/minitwit.py', 89, 89)"
643,breaks in linear flow,"('/home/toffer/Repos/flask-tags/flask-0.10.1/examples/minitwit/minitwit.py', 100, 100)"
644,breaks in linear flow,"('/home/toffer/Repos/flask-tags/flask-0.10.1/examples/minitwit/minitwit.py', 126, 126)"
645,breaks in linear flow,"('/home/toffer/Repos/flask-tags/flask-0.10.1/examples/minitwit/minitwit.py', 129, 129)"
646,breaks in linear flow,"('/home/toffer/Repos/flask-tags/flask-0.10.1/examples/minitwit/minitwit.py', 145, 145)"
647,breaks in linear flow,"('/home/toffer/Repos/flask-tags/flask-0.10.1/examples/minitwit/minitwit.py', 148, 148)"
648,breaks in linear flow,"('/home/toffer/Repos/flask-tags/flask-0.10.1/examples/minitwit/minitwit.py', 161, 161)"
649,breaks in linear flow,"('/home/toffer/Repos/flask-tags/flask-0.10.1/examples/minitwit/minitwit.py', 164, 164)"
650,breaks in linear flow,"('/home/toffer/Repos/flask-tags/flask-0.10.1/examples/minitwit/minitwit.py', 177, 177)"
651,breaks in linear flow,"('/home/toffer/Repos/flask-tags/flask-0.10.1/examples/minitwit/minitwit.py', 179, 179)"
652,breaks in linear flow,"('/home/toffer/Repos/flask-tags/flask-0.10.1/examples/minitwit/minitwit.py', 192, 192)"
653,breaks in linear flow,"('/home/toffer/Repos/flask-tags/flask-0.10.1/examples/minitwit/minitwit.py', 195, 195)"
654,breaks in linear flow,"('/home/toffer/Repos/flask-tags/flask-0.10.1/examples/minitwit/minitwit.py', 198, 198)"
655,breaks in linear flow,"('/home/toffer/Repos/flask-tags/flask-0.10.1/examples/minitwit/minitwit.py', 213, 213)"
656,breaks in linear flow,"('/home/toffer/Repos/flask-tags/flask-0.10.1/examples/minitwit/minitwit.py', 216, 216)"
657,breaks in linear flow,"('/home/toffer/Repos/flask-tags/flask-0.10.1/examples/minitwit/minitwit.py', 217, 217)"
658,breaks in linear flow,"('/home/toffer/Repos/flask-tags/flask-0.10.1/examples/minitwit/minitwit.py', 253, 253)"
659,breaks in linear flow,"('/home/toffer/Repos/flask-tags/flask-0.10.1/examples/minitwit/minitwit_tests.py', 34, 34)"
660,breaks in linear flow,"('/home/toffer/Repos/flask-tags/flask-0.10.1/examples/minitwit/minitwit_tests.py', 36, 36)"
661,breaks in linear flow,"('/home/toffer/Repos/flask-tags/flask-0.10.1/examples/minitwit/minitwit_tests.py', 65, 65)"
662,breaks in linear flow,"('/home/toffer/Repos/flask-tags/flask-0.10.1/examples/minitwit/minitwit_tests.py', 148, 148)"
663,recursion,"('/home/toffer/Repos/flask-tags/flask-0.10.1/flask/app.py', 1381, 1381)"
664,recursion,"('/home/toffer/Repos/flask-tags/flask-0.10.1/scripts/make-release.py', 129, 130)"
665,recursion,"('/home/toffer/Repos/flask-tags/flask-0.10.1/scripts/make-release.py', 141, 141)"
666,recursion,"('/home/toffer/Repos/flask-tags/flask-0.10.1/scripts/flaskext_test.py', 186, 186)"
667,recursion,"('/home/toffer/Repos/flask-tags/flask-0.10.1/scripts/flaskext_test.py', 247, 247)"
