,type,file_start_end
0,method length,"('/home/toffer/Repos/flask-tags/flask-2.2.0/tests/test_helpers.py', 48, 90)"
1,method length,"('/home/toffer/Repos/flask-tags/flask-2.2.0/tests/test_helpers.py', 257, 286)"
2,method length,"('/home/toffer/Repos/flask-tags/flask-2.2.0/tests/test_async.py', 41, 78)"
3,method length,"('/home/toffer/Repos/flask-tags/flask-2.2.0/tests/test_async.py', 97, 154)"
4,method length,"('/home/toffer/Repos/flask-tags/flask-2.2.0/tests/conftest.py', 102, 129)"
5,method length,"('/home/toffer/Repos/flask-tags/flask-2.2.0/tests/conftest.py', 159, 191)"
6,method length,"('/home/toffer/Repos/flask-tags/flask-2.2.0/tests/conftest.py', 163, 189)"
7,method length,"('/home/toffer/Repos/flask-tags/flask-2.2.0/tests/test_regression.py', 4, 30)"
8,method length,"('/home/toffer/Repos/flask-tags/flask-2.2.0/tests/test_cli.py', 46, 130)"
9,method length,"('/home/toffer/Repos/flask-tags/flask-2.2.0/tests/test_cli.py', 249, 288)"
10,method length,"('/home/toffer/Repos/flask-tags/flask-2.2.0/tests/test_cli.py', 629, 669)"
11,method length,"('/home/toffer/Repos/flask-tags/flask-2.2.0/tests/test_basic.py', 92, 126)"
12,method length,"('/home/toffer/Repos/flask-tags/flask-2.2.0/tests/test_basic.py', 157, 190)"
13,method length,"('/home/toffer/Repos/flask-tags/flask-2.2.0/tests/test_basic.py', 317, 352)"
14,method length,"('/home/toffer/Repos/flask-tags/flask-2.2.0/tests/test_basic.py', 423, 452)"
15,method length,"('/home/toffer/Repos/flask-tags/flask-2.2.0/tests/test_basic.py', 469, 497)"
16,method length,"('/home/toffer/Repos/flask-tags/flask-2.2.0/tests/test_basic.py', 500, 538)"
17,method length,"('/home/toffer/Repos/flask-tags/flask-2.2.0/tests/test_basic.py', 541, 593)"
18,method length,"('/home/toffer/Repos/flask-tags/flask-2.2.0/tests/test_basic.py', 611, 683)"
19,method length,"('/home/toffer/Repos/flask-tags/flask-2.2.0/tests/test_basic.py', 789, 824)"
20,method length,"('/home/toffer/Repos/flask-tags/flask-2.2.0/tests/test_basic.py', 827, 862)"
21,method length,"('/home/toffer/Repos/flask-tags/flask-2.2.0/tests/test_basic.py', 865, 900)"
22,method length,"('/home/toffer/Repos/flask-tags/flask-2.2.0/tests/test_basic.py', 965, 994)"
23,method length,"('/home/toffer/Repos/flask-tags/flask-2.2.0/tests/test_basic.py', 997, 1027)"
24,method length,"('/home/toffer/Repos/flask-tags/flask-2.2.0/tests/test_basic.py', 1034, 1062)"
25,method length,"('/home/toffer/Repos/flask-tags/flask-2.2.0/tests/test_basic.py', 1119, 1210)"
26,method length,"('/home/toffer/Repos/flask-tags/flask-2.2.0/tests/test_basic.py', 1213, 1259)"
27,method length,"('/home/toffer/Repos/flask-tags/flask-2.2.0/tests/test_basic.py', 1491, 1533)"
28,method length,"('/home/toffer/Repos/flask-tags/flask-2.2.0/tests/test_basic.py', 1592, 1618)"
29,method length,"('/home/toffer/Repos/flask-tags/flask-2.2.0/tests/test_basic.py', 1915, 1942)"
30,method length,"('/home/toffer/Repos/flask-tags/flask-2.2.0/tests/test_signals.py', 61, 103)"
31,method length,"('/home/toffer/Repos/flask-tags/flask-2.2.0/tests/test_views.py', 101, 138)"
32,method length,"('/home/toffer/Repos/flask-tags/flask-2.2.0/tests/test_reqctx.py', 63, 104)"
33,method length,"('/home/toffer/Repos/flask-tags/flask-2.2.0/tests/test_reqctx.py', 150, 177)"
34,method length,"('/home/toffer/Repos/flask-tags/flask-2.2.0/tests/test_reqctx.py', 232, 278)"
35,method length,"('/home/toffer/Repos/flask-tags/flask-2.2.0/tests/test_config.py', 71, 99)"
36,method length,"('/home/toffer/Repos/flask-tags/flask-2.2.0/tests/test_testing.py', 215, 244)"
37,method length,"('/home/toffer/Repos/flask-tags/flask-2.2.0/tests/test_blueprints.py', 8, 43)"
38,method length,"('/home/toffer/Repos/flask-tags/flask-2.2.0/tests/test_blueprints.py', 46, 77)"
39,method length,"('/home/toffer/Repos/flask-tags/flask-2.2.0/tests/test_blueprints.py', 176, 220)"
40,method length,"('/home/toffer/Repos/flask-tags/flask-2.2.0/tests/test_blueprints.py', 290, 319)"
41,method length,"('/home/toffer/Repos/flask-tags/flask-2.2.0/tests/test_blueprints.py', 629, 666)"
42,method length,"('/home/toffer/Repos/flask-tags/flask-2.2.0/tests/test_blueprints.py', 690, 718)"
43,method length,"('/home/toffer/Repos/flask-tags/flask-2.2.0/tests/test_blueprints.py', 721, 763)"
44,method length,"('/home/toffer/Repos/flask-tags/flask-2.2.0/tests/test_blueprints.py', 793, 839)"
45,method length,"('/home/toffer/Repos/flask-tags/flask-2.2.0/tests/test_blueprints.py', 842, 919)"
46,method length,"('/home/toffer/Repos/flask-tags/flask-2.2.0/tests/test_blueprints.py', 976, 1005)"
47,method length,"('/home/toffer/Repos/flask-tags/flask-2.2.0/tests/test_templating.py', 362, 390)"
48,method length,"('/home/toffer/Repos/flask-tags/flask-2.2.0/tests/test_templating.py', 406, 439)"
49,method length,"('/home/toffer/Repos/flask-tags/flask-2.2.0/tests/test_user_error_handler.py', 10, 58)"
50,method length,"('/home/toffer/Repos/flask-tags/flask-2.2.0/tests/test_user_error_handler.py', 61, 97)"
51,method length,"('/home/toffer/Repos/flask-tags/flask-2.2.0/tests/test_user_error_handler.py', 100, 133)"
52,method length,"('/home/toffer/Repos/flask-tags/flask-2.2.0/tests/test_user_error_handler.py', 163, 214)"
53,method length,"('/home/toffer/Repos/flask-tags/flask-2.2.0/tests/test_json.py', 223, 257)"
54,method length,"('/home/toffer/Repos/flask-tags/flask-2.2.0/tests/test_json.py', 289, 356)"
55,method length,"('/home/toffer/Repos/flask-tags/flask-2.2.0/examples/tutorial/flaskr/__init__.py', 6, 50)"
56,method length,"('/home/toffer/Repos/flask-tags/flask-2.2.0/examples/tutorial/flaskr/auth.py', 47, 81)"
57,method length,"('/home/toffer/Repos/flask-tags/flask-2.2.0/examples/tutorial/flaskr/blog.py', 28, 57)"
58,method length,"('/home/toffer/Repos/flask-tags/flask-2.2.0/src/flask/scaffold.py', 99, 236)"
59,method length,"('/home/toffer/Repos/flask-tags/flask-2.2.0/src/flask/scaffold.py', 422, 451)"
60,method length,"('/home/toffer/Repos/flask-tags/flask-2.2.0/src/flask/scaffold.py', 461, 519)"
61,method length,"('/home/toffer/Repos/flask-tags/flask-2.2.0/src/flask/scaffold.py', 584, 610)"
62,method length,"('/home/toffer/Repos/flask-tags/flask-2.2.0/src/flask/scaffold.py', 653, 687)"
63,method length,"('/home/toffer/Repos/flask-tags/flask-2.2.0/src/flask/scaffold.py', 707, 746)"
64,method length,"('/home/toffer/Repos/flask-tags/flask-2.2.0/src/flask/scaffold.py', 791, 856)"
65,method length,"('/home/toffer/Repos/flask-tags/flask-2.2.0/src/flask/scaffold.py', 859, 897)"
66,method length,"('/home/toffer/Repos/flask-tags/flask-2.2.0/src/flask/blueprints.py', 49, 86)"
67,method length,"('/home/toffer/Repos/flask-tags/flask-2.2.0/src/flask/blueprints.py', 291, 411)"
68,method length,"('/home/toffer/Repos/flask-tags/flask-2.2.0/src/flask/sessions.py', 183, 239)"
69,method length,"('/home/toffer/Repos/flask-tags/flask-2.2.0/src/flask/sessions.py', 378, 419)"
70,method length,"('/home/toffer/Repos/flask-tags/flask-2.2.0/src/flask/ctx.py', 113, 143)"
71,method length,"('/home/toffer/Repos/flask-tags/flask-2.2.0/src/flask/ctx.py', 146, 184)"
72,method length,"('/home/toffer/Repos/flask-tags/flask-2.2.0/src/flask/ctx.py', 187, 216)"
73,method length,"('/home/toffer/Repos/flask-tags/flask-2.2.0/src/flask/ctx.py', 385, 420)"
74,method length,"('/home/toffer/Repos/flask-tags/flask-2.2.0/src/flask/helpers.py', 88, 160)"
75,method length,"('/home/toffer/Repos/flask-tags/flask-2.2.0/src/flask/helpers.py', 163, 209)"
76,method length,"('/home/toffer/Repos/flask-tags/flask-2.2.0/src/flask/helpers.py', 220, 263)"
77,method length,"('/home/toffer/Repos/flask-tags/flask-2.2.0/src/flask/helpers.py', 337, 366)"
78,method length,"('/home/toffer/Repos/flask-tags/flask-2.2.0/src/flask/helpers.py', 371, 408)"
79,method length,"('/home/toffer/Repos/flask-tags/flask-2.2.0/src/flask/helpers.py', 435, 549)"
80,method length,"('/home/toffer/Repos/flask-tags/flask-2.2.0/src/flask/helpers.py', 556, 592)"
81,method length,"('/home/toffer/Repos/flask-tags/flask-2.2.0/src/flask/helpers.py', 595, 641)"
82,method length,"('/home/toffer/Repos/flask-tags/flask-2.2.0/src/flask/app.py', 503, 656)"
83,method length,"('/home/toffer/Repos/flask-tags/flask-2.2.0/src/flask/app.py', 845, 883)"
84,method length,"('/home/toffer/Repos/flask-tags/flask-2.2.0/src/flask/app.py', 908, 934)"
85,method length,"('/home/toffer/Repos/flask-tags/flask-2.2.0/src/flask/app.py', 1009, 1131)"
86,method length,"('/home/toffer/Repos/flask-tags/flask-2.2.0/src/flask/app.py', 1133, 1189)"
87,method length,"('/home/toffer/Repos/flask-tags/flask-2.2.0/src/flask/app.py', 1251, 1300)"
88,method length,"('/home/toffer/Repos/flask-tags/flask-2.2.0/src/flask/app.py', 1444, 1475)"
89,method length,"('/home/toffer/Repos/flask-tags/flask-2.2.0/src/flask/app.py', 1513, 1544)"
90,method length,"('/home/toffer/Repos/flask-tags/flask-2.2.0/src/flask/app.py', 1546, 1579)"
91,method length,"('/home/toffer/Repos/flask-tags/flask-2.2.0/src/flask/app.py', 1583, 1611)"
92,method length,"('/home/toffer/Repos/flask-tags/flask-2.2.0/src/flask/app.py', 1613, 1664)"
93,method length,"('/home/toffer/Repos/flask-tags/flask-2.2.0/src/flask/app.py', 1683, 1709)"
94,method length,"('/home/toffer/Repos/flask-tags/flask-2.2.0/src/flask/app.py', 1861, 1974)"
95,method length,"('/home/toffer/Repos/flask-tags/flask-2.2.0/src/flask/app.py', 1990, 2128)"
96,method length,"('/home/toffer/Repos/flask-tags/flask-2.2.0/src/flask/app.py', 2132, 2170)"
97,method length,"('/home/toffer/Repos/flask-tags/flask-2.2.0/src/flask/app.py', 2195, 2225)"
98,method length,"('/home/toffer/Repos/flask-tags/flask-2.2.0/src/flask/app.py', 2254, 2280)"
99,method length,"('/home/toffer/Repos/flask-tags/flask-2.2.0/src/flask/app.py', 2284, 2313)"
100,method length,"('/home/toffer/Repos/flask-tags/flask-2.2.0/src/flask/app.py', 2377, 2431)"
101,method length,"('/home/toffer/Repos/flask-tags/flask-2.2.0/src/flask/app.py', 2433, 2479)"
102,method length,"('/home/toffer/Repos/flask-tags/flask-2.2.0/src/flask/cli.py', 32, 82)"
103,method length,"('/home/toffer/Repos/flask-tags/flask-2.2.0/src/flask/cli.py', 111, 184)"
104,method length,"('/home/toffer/Repos/flask-tags/flask-2.2.0/src/flask/cli.py', 187, 213)"
105,method length,"('/home/toffer/Repos/flask-tags/flask-2.2.0/src/flask/cli.py', 292, 331)"
106,method length,"('/home/toffer/Repos/flask-tags/flask-2.2.0/src/flask/cli.py', 518, 545)"
107,method length,"('/home/toffer/Repos/flask-tags/flask-2.2.0/src/flask/cli.py', 654, 712)"
108,method length,"('/home/toffer/Repos/flask-tags/flask-2.2.0/src/flask/cli.py', 747, 779)"
109,method length,"('/home/toffer/Repos/flask-tags/flask-2.2.0/src/flask/cli.py', 782, 816)"
110,method length,"('/home/toffer/Repos/flask-tags/flask-2.2.0/src/flask/cli.py', 894, 940)"
111,method length,"('/home/toffer/Repos/flask-tags/flask-2.2.0/src/flask/cli.py', 945, 989)"
112,method length,"('/home/toffer/Repos/flask-tags/flask-2.2.0/src/flask/cli.py', 1005, 1038)"
113,method length,"('/home/toffer/Repos/flask-tags/flask-2.2.0/src/flask/testing.py', 54, 83)"
114,method length,"('/home/toffer/Repos/flask-tags/flask-2.2.0/src/flask/testing.py', 123, 173)"
115,method length,"('/home/toffer/Repos/flask-tags/flask-2.2.0/src/flask/testing.py', 198, 235)"
116,method length,"('/home/toffer/Repos/flask-tags/flask-2.2.0/src/flask/debughelpers.py', 114, 158)"
117,method length,"('/home/toffer/Repos/flask-tags/flask-2.2.0/src/flask/config.py', 103, 163)"
118,method length,"('/home/toffer/Repos/flask-tags/flask-2.2.0/src/flask/config.py', 165, 192)"
119,method length,"('/home/toffer/Repos/flask-tags/flask-2.2.0/src/flask/config.py', 194, 230)"
120,method length,"('/home/toffer/Repos/flask-tags/flask-2.2.0/src/flask/config.py', 237, 273)"
121,method length,"('/home/toffer/Repos/flask-tags/flask-2.2.0/src/flask/config.py', 295, 334)"
122,method length,"('/home/toffer/Repos/flask-tags/flask-2.2.0/src/flask/views.py', 85, 132)"
123,method length,"('/home/toffer/Repos/flask-tags/flask-2.2.0/src/flask/json/tag.py', 258, 284)"
124,method length,"('/home/toffer/Repos/flask-tags/flask-2.2.0/src/flask/json/__init__.py', 84, 127)"
125,method length,"('/home/toffer/Repos/flask-tags/flask-2.2.0/src/flask/json/__init__.py', 132, 171)"
126,method length,"('/home/toffer/Repos/flask-tags/flask-2.2.0/src/flask/json/__init__.py', 174, 214)"
127,method length,"('/home/toffer/Repos/flask-tags/flask-2.2.0/src/flask/json/__init__.py', 217, 253)"
128,method length,"('/home/toffer/Repos/flask-tags/flask-2.2.0/src/flask/json/__init__.py', 256, 288)"
129,method length,"('/home/toffer/Repos/flask-tags/flask-2.2.0/src/flask/json/__init__.py', 310, 342)"
130,method length,"('/home/toffer/Repos/flask-tags/flask-2.2.0/src/flask/json/provider.py', 169, 230)"
131,method length,"('/home/toffer/Repos/flask-tags/flask-2.2.0/src/flask/json/provider.py', 257, 310)"
132,file length,"('/home/toffer/Repos/flask-tags/flask-2.2.0/tests/test_cli.py', -1, -1)"
133,file length,"('/home/toffer/Repos/flask-tags/flask-2.2.0/tests/test_basic.py', -1, -1)"
134,file length,"('/home/toffer/Repos/flask-tags/flask-2.2.0/tests/test_testing.py', -1, -1)"
135,file length,"('/home/toffer/Repos/flask-tags/flask-2.2.0/tests/test_blueprints.py', -1, -1)"
136,file length,"('/home/toffer/Repos/flask-tags/flask-2.2.0/tests/test_templating.py', -1, -1)"
137,file length,"('/home/toffer/Repos/flask-tags/flask-2.2.0/tests/test_json.py', -1, -1)"
138,file length,"('/home/toffer/Repos/flask-tags/flask-2.2.0/src/flask/scaffold.py', -1, -1)"
139,file length,"('/home/toffer/Repos/flask-tags/flask-2.2.0/src/flask/blueprints.py', -1, -1)"
140,file length,"('/home/toffer/Repos/flask-tags/flask-2.2.0/src/flask/sessions.py', -1, -1)"
141,file length,"('/home/toffer/Repos/flask-tags/flask-2.2.0/src/flask/ctx.py', -1, -1)"
142,file length,"('/home/toffer/Repos/flask-tags/flask-2.2.0/src/flask/helpers.py', -1, -1)"
143,file length,"('/home/toffer/Repos/flask-tags/flask-2.2.0/src/flask/app.py', -1, -1)"
144,file length,"('/home/toffer/Repos/flask-tags/flask-2.2.0/src/flask/cli.py', -1, -1)"
145,file length,"('/home/toffer/Repos/flask-tags/flask-2.2.0/src/flask/config.py', -1, -1)"
146,file length,"('/home/toffer/Repos/flask-tags/flask-2.2.0/src/flask/json/__init__.py', -1, -1)"
147,argument count,"('/home/toffer/Repos/flask-tags/flask-2.2.0/docs/conf.py', 69, 69)"
148,argument count,"('/home/toffer/Repos/flask-tags/flask-2.2.0/tests/test_helpers.py', 314, 316)"
149,argument count,"('/home/toffer/Repos/flask-tags/flask-2.2.0/tests/test_basic.py', 1034, 1034)"
150,argument count,"('/home/toffer/Repos/flask-tags/flask-2.2.0/tests/test_basic.py', 1557, 1559)"
151,argument count,"('/home/toffer/Repos/flask-tags/flask-2.2.0/tests/test_basic.py', 1882, 1882)"
152,argument count,"('/home/toffer/Repos/flask-tags/flask-2.2.0/tests/test_basic.py', 1903, 1905)"
153,argument count,"('/home/toffer/Repos/flask-tags/flask-2.2.0/tests/test_instance_config.py', 66, 68)"
154,argument count,"('/home/toffer/Repos/flask-tags/flask-2.2.0/tests/test_instance_config.py', 79, 81)"
155,argument count,"('/home/toffer/Repos/flask-tags/flask-2.2.0/tests/test_instance_config.py', 97, 99)"
156,argument count,"('/home/toffer/Repos/flask-tags/flask-2.2.0/tests/test_blueprints.py', 120, 120)"
157,argument count,"('/home/toffer/Repos/flask-tags/flask-2.2.0/tests/test_blueprints.py', 931, 938)"
158,argument count,"('/home/toffer/Repos/flask-tags/flask-2.2.0/src/flask/scaffold.py', 90, 97)"
159,argument count,"('/home/toffer/Repos/flask-tags/flask-2.2.0/src/flask/scaffold.py', 454, 461)"
160,argument count,"('/home/toffer/Repos/flask-tags/flask-2.2.0/src/flask/blueprints.py', 42, 48)"
161,argument count,"('/home/toffer/Repos/flask-tags/flask-2.2.0/src/flask/blueprints.py', 88, 94)"
162,argument count,"('/home/toffer/Repos/flask-tags/flask-2.2.0/src/flask/blueprints.py', 188, 200)"
163,argument count,"('/home/toffer/Repos/flask-tags/flask-2.2.0/src/flask/blueprints.py', 414, 421)"
164,argument count,"('/home/toffer/Repos/flask-tags/flask-2.2.0/src/flask/ctx.py', 300, 306)"
165,argument count,"('/home/toffer/Repos/flask-tags/flask-2.2.0/src/flask/helpers.py', 212, 220)"
166,argument count,"('/home/toffer/Repos/flask-tags/flask-2.2.0/src/flask/helpers.py', 424, 435)"
167,argument count,"('/home/toffer/Repos/flask-tags/flask-2.2.0/src/flask/app.py', 491, 503)"
168,argument count,"('/home/toffer/Repos/flask-tags/flask-2.2.0/src/flask/app.py', 1002, 1009)"
169,argument count,"('/home/toffer/Repos/flask-tags/flask-2.2.0/src/flask/app.py', 1244, 1251)"
170,argument count,"('/home/toffer/Repos/flask-tags/flask-2.2.0/src/flask/app.py', 1852, 1861)"
171,argument count,"('/home/toffer/Repos/flask-tags/flask-2.2.0/src/flask/cli.py', 510, 518)"
172,argument count,"('/home/toffer/Repos/flask-tags/flask-2.2.0/src/flask/cli.py', 612, 618)"
173,argument count,"('/home/toffer/Repos/flask-tags/flask-2.2.0/src/flask/cli.py', 884, 894)"
174,argument count,"('/home/toffer/Repos/flask-tags/flask-2.2.0/src/flask/testing.py', 45, 54)"
175,argument count,"('/home/toffer/Repos/flask-tags/flask-2.2.0/src/flask/testing.py', 192, 198)"
176,argument count,"('/home/toffer/Repos/flask-tags/flask-2.2.0/src/flask/testing.py', 263, 265)"
177,argument count,"('/home/toffer/Repos/flask-tags/flask-2.2.0/src/flask/json/__init__.py', 130, 132)"
178,method count,"('/home/toffer/Repos/flask-tags/flask-2.2.0/tests/test_appctx.py', 8, 202)"
179,method count,"('/home/toffer/Repos/flask-tags/flask-2.2.0/tests/test_helpers.py', 18, 347)"
180,method count,"('/home/toffer/Repos/flask-tags/flask-2.2.0/tests/test_cli.py', 35, 677)"
181,method count,"('/home/toffer/Repos/flask-tags/flask-2.2.0/tests/test_basic.py', 30, 1957)"
182,method count,"('/home/toffer/Repos/flask-tags/flask-2.2.0/tests/test_signals.py', 15, 182)"
183,method count,"('/home/toffer/Repos/flask-tags/flask-2.2.0/tests/test_views.py', 7, 255)"
184,method count,"('/home/toffer/Repos/flask-tags/flask-2.2.0/tests/test_reqctx.py', 16, 322)"
185,method count,"('/home/toffer/Repos/flask-tags/flask-2.2.0/tests/test_testing.py', 19, 392)"
186,method count,"('/home/toffer/Repos/flask-tags/flask-2.2.0/tests/test_blueprints.py', 8, 993)"
187,method count,"('/home/toffer/Repos/flask-tags/flask-2.2.0/tests/test_templating.py', 10, 449)"
188,method count,"('/home/toffer/Repos/flask-tags/flask-2.2.0/tests/test_user_error_handler.py', 10, 289)"
189,method count,"('/home/toffer/Repos/flask-tags/flask-2.2.0/tests/test_json.py', 15, 361)"
190,method count,"('/home/toffer/Repos/flask-tags/flask-2.2.0/src/flask/scaffold.py', 44, 896)"
191,method count,"('/home/toffer/Repos/flask-tags/flask-2.2.0/src/flask/blueprints.py', 42, 646)"
192,method count,"('/home/toffer/Repos/flask-tags/flask-2.2.0/src/flask/sessions.py', 25, 418)"
193,method count,"('/home/toffer/Repos/flask-tags/flask-2.2.0/src/flask/ctx.py', 48, 437)"
194,method count,"('/home/toffer/Repos/flask-tags/flask-2.2.0/src/flask/helpers.py', 28, 704)"
195,method count,"('/home/toffer/Repos/flask-tags/flask-2.2.0/src/flask/app.py', 92, 2485)"
196,method count,"('/home/toffer/Repos/flask-tags/flask-2.2.0/src/flask/cli.py', 32, 1053)"
197,method count,"('/home/toffer/Repos/flask-tags/flask-2.2.0/src/flask/json/tag.py', 66, 311)"
198,Return Statements,"('/home/toffer/Repos/flask-tags/flask-2.2.0/tests/test_async.py', 41, 78)"
199,Return Statements,"('/home/toffer/Repos/flask-tags/flask-2.2.0/tests/test_cli.py', 46, 130)"
200,Return Statements,"('/home/toffer/Repos/flask-tags/flask-2.2.0/tests/test_basic.py', 541, 593)"
201,Return Statements,"('/home/toffer/Repos/flask-tags/flask-2.2.0/tests/test_basic.py', 605, 683)"
202,Return Statements,"('/home/toffer/Repos/flask-tags/flask-2.2.0/tests/test_basic.py', 1119, 1210)"
203,Return Statements,"('/home/toffer/Repos/flask-tags/flask-2.2.0/tests/test_reqctx.py', 229, 278)"
204,Return Statements,"('/home/toffer/Repos/flask-tags/flask-2.2.0/tests/test_blueprints.py', 290, 319)"
205,Return Statements,"('/home/toffer/Repos/flask-tags/flask-2.2.0/tests/test_blueprints.py', 793, 839)"
206,Return Statements,"('/home/toffer/Repos/flask-tags/flask-2.2.0/tests/test_blueprints.py', 842, 919)"
207,Return Statements,"('/home/toffer/Repos/flask-tags/flask-2.2.0/tests/test_user_error_handler.py', 163, 214)"
208,Return Statements,"('/home/toffer/Repos/flask-tags/flask-2.2.0/tests/test_json.py', 223, 257)"
209,Return Statements,"('/home/toffer/Repos/flask-tags/flask-2.2.0/src/flask/scaffold.py', 791, 856)"
210,Return Statements,"('/home/toffer/Repos/flask-tags/flask-2.2.0/src/flask/scaffold.py', 859, 897)"
211,nested controlflow,"('/home/toffer/Repos/flask-tags/flask-2.2.0/src/flask/app.py', 1497, 1508)"
212,nested controlflow,"('/home/toffer/Repos/flask-tags/flask-2.2.0/src/flask/app.py', 2244, 2250)"
213,nested controlflow,"('/home/toffer/Repos/flask-tags/flask-2.2.0/src/flask/cli.py', 302, 315)"
214,breaks in linear flow,"('/home/toffer/Repos/flask-tags/flask-2.2.0/docs/conf.py', 74, 74)"
215,breaks in linear flow,"('/home/toffer/Repos/flask-tags/flask-2.2.0/docs/conf.py', 80, 80)"
216,breaks in linear flow,"('/home/toffer/Repos/flask-tags/flask-2.2.0/docs/conf.py', 85, 85)"
217,breaks in linear flow,"('/home/toffer/Repos/flask-tags/flask-2.2.0/tests/test_appctx.py', 66, 66)"
218,breaks in linear flow,"('/home/toffer/Repos/flask-tags/flask-2.2.0/tests/test_appctx.py', 85, 85)"
219,breaks in linear flow,"('/home/toffer/Repos/flask-tags/flask-2.2.0/tests/test_appctx.py', 208, 208)"
220,breaks in linear flow,"('/home/toffer/Repos/flask-tags/flask-2.2.0/tests/test_helpers.py', 148, 148)"
221,breaks in linear flow,"('/home/toffer/Repos/flask-tags/flask-2.2.0/tests/test_helpers.py', 225, 225)"
222,breaks in linear flow,"('/home/toffer/Repos/flask-tags/flask-2.2.0/tests/test_helpers.py', 318, 318)"
223,breaks in linear flow,"('/home/toffer/Repos/flask-tags/flask-2.2.0/tests/conftest.py', 29, 29)"
224,breaks in linear flow,"('/home/toffer/Repos/flask-tags/flask-2.2.0/tests/conftest.py', 30, 30)"
225,breaks in linear flow,"('/home/toffer/Repos/flask-tags/flask-2.2.0/tests/conftest.py', 83, 83)"
226,breaks in linear flow,"('/home/toffer/Repos/flask-tags/flask-2.2.0/tests/conftest.py', 94, 94)"
227,breaks in linear flow,"('/home/toffer/Repos/flask-tags/flask-2.2.0/tests/conftest.py', 112, 112)"
228,breaks in linear flow,"('/home/toffer/Repos/flask-tags/flask-2.2.0/tests/conftest.py', 120, 120)"
229,breaks in linear flow,"('/home/toffer/Repos/flask-tags/flask-2.2.0/tests/test_regression.py', 24, 24)"
230,breaks in linear flow,"('/home/toffer/Repos/flask-tags/flask-2.2.0/tests/test_cli.py', 466, 466)"
231,breaks in linear flow,"('/home/toffer/Repos/flask-tags/flask-2.2.0/tests/test_cli.py', 505, 505)"
232,breaks in linear flow,"('/home/toffer/Repos/flask-tags/flask-2.2.0/tests/test_cli.py', 519, 519)"
233,breaks in linear flow,"('/home/toffer/Repos/flask-tags/flask-2.2.0/tests/test_cli.py', 542, 542)"
234,breaks in linear flow,"('/home/toffer/Repos/flask-tags/flask-2.2.0/tests/test_basic.py', 580, 580)"
235,breaks in linear flow,"('/home/toffer/Repos/flask-tags/flask-2.2.0/tests/test_basic.py', 802, 802)"
236,breaks in linear flow,"('/home/toffer/Repos/flask-tags/flask-2.2.0/tests/test_basic.py', 814, 814)"
237,breaks in linear flow,"('/home/toffer/Repos/flask-tags/flask-2.2.0/tests/test_basic.py', 1046, 1046)"
238,breaks in linear flow,"('/home/toffer/Repos/flask-tags/flask-2.2.0/tests/test_basic.py', 1057, 1057)"
239,breaks in linear flow,"('/home/toffer/Repos/flask-tags/flask-2.2.0/tests/test_basic.py', 1081, 1081)"
240,breaks in linear flow,"('/home/toffer/Repos/flask-tags/flask-2.2.0/tests/test_basic.py', 1086, 1086)"
241,breaks in linear flow,"('/home/toffer/Repos/flask-tags/flask-2.2.0/tests/test_basic.py', 1098, 1098)"
242,breaks in linear flow,"('/home/toffer/Repos/flask-tags/flask-2.2.0/tests/test_basic.py', 1357, 1357)"
243,breaks in linear flow,"('/home/toffer/Repos/flask-tags/flask-2.2.0/tests/test_basic.py', 1361, 1361)"
244,breaks in linear flow,"('/home/toffer/Repos/flask-tags/flask-2.2.0/tests/test_basic.py', 1517, 1517)"
245,breaks in linear flow,"('/home/toffer/Repos/flask-tags/flask-2.2.0/tests/test_basic.py', 1544, 1544)"
246,breaks in linear flow,"('/home/toffer/Repos/flask-tags/flask-2.2.0/tests/test_basic.py', 1595, 1595)"
247,breaks in linear flow,"('/home/toffer/Repos/flask-tags/flask-2.2.0/tests/test_signals.py', 5, 5)"
248,breaks in linear flow,"('/home/toffer/Repos/flask-tags/flask-2.2.0/tests/test_reqctx.py', 12, 12)"
249,breaks in linear flow,"('/home/toffer/Repos/flask-tags/flask-2.2.0/tests/test_reqctx.py', 39, 39)"
250,breaks in linear flow,"('/home/toffer/Repos/flask-tags/flask-2.2.0/tests/test_reqctx.py', 58, 58)"
251,breaks in linear flow,"('/home/toffer/Repos/flask-tags/flask-2.2.0/tests/test_reqctx.py', 235, 235)"
252,breaks in linear flow,"('/home/toffer/Repos/flask-tags/flask-2.2.0/tests/test_config.py', 81, 81)"
253,breaks in linear flow,"('/home/toffer/Repos/flask-tags/flask-2.2.0/tests/test_logging.py', 32, 32)"
254,breaks in linear flow,"('/home/toffer/Repos/flask-tags/flask-2.2.0/tests/test_instance_config.py', 124, 124)"
255,breaks in linear flow,"('/home/toffer/Repos/flask-tags/flask-2.2.0/tests/test_testing.py', 15, 15)"
256,breaks in linear flow,"('/home/toffer/Repos/flask-tags/flask-2.2.0/tests/test_testing.py', 147, 147)"
257,breaks in linear flow,"('/home/toffer/Repos/flask-tags/flask-2.2.0/tests/test_testing.py', 241, 241)"
258,breaks in linear flow,"('/home/toffer/Repos/flask-tags/flask-2.2.0/tests/test_blueprints.py', 198, 198)"
259,breaks in linear flow,"('/home/toffer/Repos/flask-tags/flask-2.2.0/tests/test_blueprints.py', 236, 236)"
260,breaks in linear flow,"('/home/toffer/Repos/flask-tags/flask-2.2.0/tests/test_user_error_handler.py', 33, 33)"
261,breaks in linear flow,"('/home/toffer/Repos/flask-tags/flask-2.2.0/tests/test_user_error_handler.py', 247, 247)"
262,breaks in linear flow,"('/home/toffer/Repos/flask-tags/flask-2.2.0/tests/test_json.py', 99, 99)"
263,breaks in linear flow,"('/home/toffer/Repos/flask-tags/flask-2.2.0/tests/test_json.py', 127, 127)"
264,breaks in linear flow,"('/home/toffer/Repos/flask-tags/flask-2.2.0/tests/test_json.py', 229, 229)"
265,breaks in linear flow,"('/home/toffer/Repos/flask-tags/flask-2.2.0/tests/test_json.py', 236, 236)"
266,breaks in linear flow,"('/home/toffer/Repos/flask-tags/flask-2.2.0/tests/test_json.py', 266, 266)"
267,breaks in linear flow,"('/home/toffer/Repos/flask-tags/flask-2.2.0/tests/test_json.py', 355, 355)"
268,breaks in linear flow,"('/home/toffer/Repos/flask-tags/flask-2.2.0/tests/typing/typing_route.py', 55, 55)"
269,breaks in linear flow,"('/home/toffer/Repos/flask-tags/flask-2.2.0/examples/tutorial/flaskr/__init__.py', 16, 16)"
270,breaks in linear flow,"('/home/toffer/Repos/flask-tags/flask-2.2.0/examples/tutorial/flaskr/__init__.py', 26, 26)"
271,breaks in linear flow,"('/home/toffer/Repos/flask-tags/flask-2.2.0/examples/tutorial/flaskr/auth.py', 24, 24)"
272,breaks in linear flow,"('/home/toffer/Repos/flask-tags/flask-2.2.0/examples/tutorial/flaskr/auth.py', 38, 38)"
273,breaks in linear flow,"('/home/toffer/Repos/flask-tags/flask-2.2.0/examples/tutorial/flaskr/auth.py', 53, 53)"
274,breaks in linear flow,"('/home/toffer/Repos/flask-tags/flask-2.2.0/examples/tutorial/flaskr/auth.py', 59, 59)"
275,breaks in linear flow,"('/home/toffer/Repos/flask-tags/flask-2.2.0/examples/tutorial/flaskr/auth.py', 64, 64)"
276,breaks in linear flow,"('/home/toffer/Repos/flask-tags/flask-2.2.0/examples/tutorial/flaskr/auth.py', 71, 71)"
277,breaks in linear flow,"('/home/toffer/Repos/flask-tags/flask-2.2.0/examples/tutorial/flaskr/auth.py', 87, 87)"
278,breaks in linear flow,"('/home/toffer/Repos/flask-tags/flask-2.2.0/examples/tutorial/flaskr/auth.py', 96, 96)"
279,breaks in linear flow,"('/home/toffer/Repos/flask-tags/flask-2.2.0/examples/tutorial/flaskr/auth.py', 101, 101)"
280,breaks in linear flow,"('/home/toffer/Repos/flask-tags/flask-2.2.0/examples/tutorial/flaskr/blog.py', 51, 51)"
281,breaks in linear flow,"('/home/toffer/Repos/flask-tags/flask-2.2.0/examples/tutorial/flaskr/blog.py', 54, 54)"
282,breaks in linear flow,"('/home/toffer/Repos/flask-tags/flask-2.2.0/examples/tutorial/flaskr/blog.py', 64, 64)"
283,breaks in linear flow,"('/home/toffer/Repos/flask-tags/flask-2.2.0/examples/tutorial/flaskr/blog.py', 69, 69)"
284,breaks in linear flow,"('/home/toffer/Repos/flask-tags/flask-2.2.0/examples/tutorial/flaskr/blog.py', 72, 72)"
285,breaks in linear flow,"('/home/toffer/Repos/flask-tags/flask-2.2.0/examples/tutorial/flaskr/blog.py', 92, 92)"
286,breaks in linear flow,"('/home/toffer/Repos/flask-tags/flask-2.2.0/examples/tutorial/flaskr/blog.py', 97, 97)"
287,breaks in linear flow,"('/home/toffer/Repos/flask-tags/flask-2.2.0/examples/tutorial/flaskr/blog.py', 100, 100)"
288,breaks in linear flow,"('/home/toffer/Repos/flask-tags/flask-2.2.0/examples/tutorial/flaskr/db.py', 13, 13)"
289,breaks in linear flow,"('/home/toffer/Repos/flask-tags/flask-2.2.0/examples/tutorial/flaskr/db.py', 28, 28)"
290,breaks in linear flow,"('/home/toffer/Repos/flask-tags/flask-2.2.0/src/flask/scaffold.py', 23, 23)"
291,breaks in linear flow,"('/home/toffer/Repos/flask-tags/flask-2.2.0/src/flask/scaffold.py', 110, 110)"
292,breaks in linear flow,"('/home/toffer/Repos/flask-tags/flask-2.2.0/src/flask/scaffold.py', 249, 249)"
293,breaks in linear flow,"('/home/toffer/Repos/flask-tags/flask-2.2.0/src/flask/scaffold.py', 256, 256)"
294,breaks in linear flow,"('/home/toffer/Repos/flask-tags/flask-2.2.0/src/flask/scaffold.py', 276, 276)"
295,breaks in linear flow,"('/home/toffer/Repos/flask-tags/flask-2.2.0/src/flask/scaffold.py', 279, 279)"
296,breaks in linear flow,"('/home/toffer/Repos/flask-tags/flask-2.2.0/src/flask/scaffold.py', 287, 287)"
297,breaks in linear flow,"('/home/toffer/Repos/flask-tags/flask-2.2.0/src/flask/scaffold.py', 308, 308)"
298,breaks in linear flow,"('/home/toffer/Repos/flask-tags/flask-2.2.0/src/flask/scaffold.py', 311, 311)"
299,breaks in linear flow,"('/home/toffer/Repos/flask-tags/flask-2.2.0/src/flask/scaffold.py', 324, 324)"
300,breaks in linear flow,"('/home/toffer/Repos/flask-tags/flask-2.2.0/src/flask/scaffold.py', 342, 342)"
301,breaks in linear flow,"('/home/toffer/Repos/flask-tags/flask-2.2.0/src/flask/scaffold.py', 365, 365)"
302,breaks in linear flow,"('/home/toffer/Repos/flask-tags/flask-2.2.0/src/flask/scaffold.py', 376, 376)"
303,breaks in linear flow,"('/home/toffer/Repos/flask-tags/flask-2.2.0/src/flask/scaffold.py', 717, 717)"
304,breaks in linear flow,"('/home/toffer/Repos/flask-tags/flask-2.2.0/src/flask/scaffold.py', 720, 720)"
305,breaks in linear flow,"('/home/toffer/Repos/flask-tags/flask-2.2.0/src/flask/scaffold.py', 729, 729)"
306,breaks in linear flow,"('/home/toffer/Repos/flask-tags/flask-2.2.0/src/flask/scaffold.py', 736, 736)"
307,breaks in linear flow,"('/home/toffer/Repos/flask-tags/flask-2.2.0/src/flask/scaffold.py', 743, 743)"
308,breaks in linear flow,"('/home/toffer/Repos/flask-tags/flask-2.2.0/src/flask/scaffold.py', 764, 764)"
309,breaks in linear flow,"('/home/toffer/Repos/flask-tags/flask-2.2.0/src/flask/scaffold.py', 771, 771)"
310,breaks in linear flow,"('/home/toffer/Repos/flask-tags/flask-2.2.0/src/flask/scaffold.py', 787, 787)"
311,breaks in linear flow,"('/home/toffer/Repos/flask-tags/flask-2.2.0/src/flask/scaffold.py', 798, 798)"
312,breaks in linear flow,"('/home/toffer/Repos/flask-tags/flask-2.2.0/src/flask/scaffold.py', 805, 805)"
313,breaks in linear flow,"('/home/toffer/Repos/flask-tags/flask-2.2.0/src/flask/scaffold.py', 809, 809)"
314,breaks in linear flow,"('/home/toffer/Repos/flask-tags/flask-2.2.0/src/flask/scaffold.py', 811, 811)"
315,breaks in linear flow,"('/home/toffer/Repos/flask-tags/flask-2.2.0/src/flask/scaffold.py', 835, 835)"
316,breaks in linear flow,"('/home/toffer/Repos/flask-tags/flask-2.2.0/src/flask/scaffold.py', 839, 839)"
317,breaks in linear flow,"('/home/toffer/Repos/flask-tags/flask-2.2.0/src/flask/scaffold.py', 853, 853)"
318,breaks in linear flow,"('/home/toffer/Repos/flask-tags/flask-2.2.0/src/flask/scaffold.py', 876, 876)"
319,breaks in linear flow,"('/home/toffer/Repos/flask-tags/flask-2.2.0/src/flask/scaffold.py', 882, 882)"
320,breaks in linear flow,"('/home/toffer/Repos/flask-tags/flask-2.2.0/src/flask/scaffold.py', 886, 886)"
321,breaks in linear flow,"('/home/toffer/Repos/flask-tags/flask-2.2.0/src/flask/scaffold.py', 890, 890)"
322,breaks in linear flow,"('/home/toffer/Repos/flask-tags/flask-2.2.0/src/flask/blueprints.py', 12, 12)"
323,breaks in linear flow,"('/home/toffer/Repos/flask-tags/flask-2.2.0/src/flask/blueprints.py', 66, 66)"
324,breaks in linear flow,"('/home/toffer/Repos/flask-tags/flask-2.2.0/src/flask/blueprints.py', 74, 74)"
325,breaks in linear flow,"('/home/toffer/Repos/flask-tags/flask-2.2.0/src/flask/blueprints.py', 99, 99)"
326,breaks in linear flow,"('/home/toffer/Repos/flask-tags/flask-2.2.0/src/flask/blueprints.py', 100, 100)"
327,breaks in linear flow,"('/home/toffer/Repos/flask-tags/flask-2.2.0/src/flask/blueprints.py', 105, 105)"
328,breaks in linear flow,"('/home/toffer/Repos/flask-tags/flask-2.2.0/src/flask/blueprints.py', 108, 108)"
329,breaks in linear flow,"('/home/toffer/Repos/flask-tags/flask-2.2.0/src/flask/blueprints.py', 209, 209)"
330,breaks in linear flow,"('/home/toffer/Repos/flask-tags/flask-2.2.0/src/flask/blueprints.py', 217, 217)"
331,breaks in linear flow,"('/home/toffer/Repos/flask-tags/flask-2.2.0/src/flask/blueprints.py', 225, 225)"
332,breaks in linear flow,"('/home/toffer/Repos/flask-tags/flask-2.2.0/src/flask/blueprints.py', 259, 259)"
333,breaks in linear flow,"('/home/toffer/Repos/flask-tags/flask-2.2.0/src/flask/blueprints.py', 287, 287)"
334,breaks in linear flow,"('/home/toffer/Repos/flask-tags/flask-2.2.0/src/flask/blueprints.py', 321, 321)"
335,breaks in linear flow,"('/home/toffer/Repos/flask-tags/flask-2.2.0/src/flask/blueprints.py', 338, 338)"
336,breaks in linear flow,"('/home/toffer/Repos/flask-tags/flask-2.2.0/src/flask/blueprints.py', 346, 346)"
337,breaks in linear flow,"('/home/toffer/Repos/flask-tags/flask-2.2.0/src/flask/blueprints.py', 349, 349)"
338,breaks in linear flow,"('/home/toffer/Repos/flask-tags/flask-2.2.0/src/flask/blueprints.py', 353, 353)"
339,breaks in linear flow,"('/home/toffer/Repos/flask-tags/flask-2.2.0/src/flask/blueprints.py', 366, 366)"
340,breaks in linear flow,"('/home/toffer/Repos/flask-tags/flask-2.2.0/src/flask/blueprints.py', 379, 379)"
341,breaks in linear flow,"('/home/toffer/Repos/flask-tags/flask-2.2.0/src/flask/blueprints.py', 384, 384)"
342,breaks in linear flow,"('/home/toffer/Repos/flask-tags/flask-2.2.0/src/flask/blueprints.py', 385, 385)"
343,breaks in linear flow,"('/home/toffer/Repos/flask-tags/flask-2.2.0/src/flask/blueprints.py', 394, 394)"
344,breaks in linear flow,"('/home/toffer/Repos/flask-tags/flask-2.2.0/src/flask/blueprints.py', 398, 398)"
345,breaks in linear flow,"('/home/toffer/Repos/flask-tags/flask-2.2.0/src/flask/blueprints.py', 401, 401)"
346,breaks in linear flow,"('/home/toffer/Repos/flask-tags/flask-2.2.0/src/flask/blueprints.py', 425, 425)"
347,breaks in linear flow,"('/home/toffer/Repos/flask-tags/flask-2.2.0/src/flask/blueprints.py', 428, 428)"
348,breaks in linear flow,"('/home/toffer/Repos/flask-tags/flask-2.2.0/src/flask/globals.py', 6, 6)"
349,breaks in linear flow,"('/home/toffer/Repos/flask-tags/flask-2.2.0/src/flask/globals.py', 87, 87)"
350,breaks in linear flow,"('/home/toffer/Repos/flask-tags/flask-2.2.0/src/flask/globals.py', 97, 97)"
351,breaks in linear flow,"('/home/toffer/Repos/flask-tags/flask-2.2.0/src/flask/typing.py', 3, 3)"
352,breaks in linear flow,"('/home/toffer/Repos/flask-tags/flask-2.2.0/src/flask/sessions.py', 15, 15)"
353,breaks in linear flow,"('/home/toffer/Repos/flask-tags/flask-2.2.0/src/flask/sessions.py', 197, 197)"
354,breaks in linear flow,"('/home/toffer/Repos/flask-tags/flask-2.2.0/src/flask/sessions.py', 203, 203)"
355,breaks in linear flow,"('/home/toffer/Repos/flask-tags/flask-2.2.0/src/flask/sessions.py', 211, 211)"
356,breaks in linear flow,"('/home/toffer/Repos/flask-tags/flask-2.2.0/src/flask/sessions.py', 225, 225)"
357,breaks in linear flow,"('/home/toffer/Repos/flask-tags/flask-2.2.0/src/flask/sessions.py', 235, 235)"
358,breaks in linear flow,"('/home/toffer/Repos/flask-tags/flask-2.2.0/src/flask/sessions.py', 277, 277)"
359,breaks in linear flow,"('/home/toffer/Repos/flask-tags/flask-2.2.0/src/flask/sessions.py', 348, 348)"
360,breaks in linear flow,"('/home/toffer/Repos/flask-tags/flask-2.2.0/src/flask/sessions.py', 364, 364)"
361,breaks in linear flow,"('/home/toffer/Repos/flask-tags/flask-2.2.0/src/flask/sessions.py', 367, 367)"
362,breaks in linear flow,"('/home/toffer/Repos/flask-tags/flask-2.2.0/src/flask/sessions.py', 373, 373)"
363,breaks in linear flow,"('/home/toffer/Repos/flask-tags/flask-2.2.0/src/flask/sessions.py', 388, 388)"
364,breaks in linear flow,"('/home/toffer/Repos/flask-tags/flask-2.2.0/src/flask/sessions.py', 389, 389)"
365,breaks in linear flow,"('/home/toffer/Repos/flask-tags/flask-2.2.0/src/flask/sessions.py', 402, 402)"
366,breaks in linear flow,"('/home/toffer/Repos/flask-tags/flask-2.2.0/src/flask/sessions.py', 405, 405)"
367,breaks in linear flow,"('/home/toffer/Repos/flask-tags/flask-2.2.0/src/flask/templating.py', 16, 16)"
368,breaks in linear flow,"('/home/toffer/Repos/flask-tags/flask-2.2.0/src/flask/templating.py', 28, 28)"
369,breaks in linear flow,"('/home/toffer/Repos/flask-tags/flask-2.2.0/src/flask/templating.py', 30, 30)"
370,breaks in linear flow,"('/home/toffer/Repos/flask-tags/flask-2.2.0/src/flask/templating.py', 43, 43)"
371,breaks in linear flow,"('/home/toffer/Repos/flask-tags/flask-2.2.0/src/flask/templating.py', 60, 60)"
372,breaks in linear flow,"('/home/toffer/Repos/flask-tags/flask-2.2.0/src/flask/templating.py', 73, 73)"
373,breaks in linear flow,"('/home/toffer/Repos/flask-tags/flask-2.2.0/src/flask/templating.py', 76, 76)"
374,breaks in linear flow,"('/home/toffer/Repos/flask-tags/flask-2.2.0/src/flask/templating.py', 78, 78)"
375,breaks in linear flow,"('/home/toffer/Repos/flask-tags/flask-2.2.0/src/flask/templating.py', 86, 86)"
376,breaks in linear flow,"('/home/toffer/Repos/flask-tags/flask-2.2.0/src/flask/templating.py', 93, 93)"
377,breaks in linear flow,"('/home/toffer/Repos/flask-tags/flask-2.2.0/src/flask/templating.py', 96, 96)"
378,breaks in linear flow,"('/home/toffer/Repos/flask-tags/flask-2.2.0/src/flask/templating.py', 97, 97)"
379,breaks in linear flow,"('/home/toffer/Repos/flask-tags/flask-2.2.0/src/flask/templating.py', 104, 104)"
380,breaks in linear flow,"('/home/toffer/Repos/flask-tags/flask-2.2.0/src/flask/templating.py', 107, 107)"
381,breaks in linear flow,"('/home/toffer/Repos/flask-tags/flask-2.2.0/src/flask/templating.py', 109, 109)"
382,breaks in linear flow,"('/home/toffer/Repos/flask-tags/flask-2.2.0/src/flask/templating.py', 115, 115)"
383,breaks in linear flow,"('/home/toffer/Repos/flask-tags/flask-2.2.0/src/flask/templating.py', 118, 118)"
384,breaks in linear flow,"('/home/toffer/Repos/flask-tags/flask-2.2.0/src/flask/templating.py', 120, 120)"
385,breaks in linear flow,"('/home/toffer/Repos/flask-tags/flask-2.2.0/src/flask/templating.py', 121, 121)"
386,breaks in linear flow,"('/home/toffer/Repos/flask-tags/flask-2.2.0/src/flask/templating.py', 175, 175)"
387,breaks in linear flow,"('/home/toffer/Repos/flask-tags/flask-2.2.0/src/flask/__init__.py', 49, 49)"
388,breaks in linear flow,"('/home/toffer/Repos/flask-tags/flask-2.2.0/src/flask/__init__.py', 60, 60)"
389,breaks in linear flow,"('/home/toffer/Repos/flask-tags/flask-2.2.0/src/flask/ctx.py', 15, 15)"
390,breaks in linear flow,"('/home/toffer/Repos/flask-tags/flask-2.2.0/src/flask/ctx.py', 51, 51)"
391,breaks in linear flow,"('/home/toffer/Repos/flask-tags/flask-2.2.0/src/flask/ctx.py', 60, 60)"
392,breaks in linear flow,"('/home/toffer/Repos/flask-tags/flask-2.2.0/src/flask/ctx.py', 83, 83)"
393,breaks in linear flow,"('/home/toffer/Repos/flask-tags/flask-2.2.0/src/flask/ctx.py', 108, 108)"
394,breaks in linear flow,"('/home/toffer/Repos/flask-tags/flask-2.2.0/src/flask/ctx.py', 136, 136)"
395,breaks in linear flow,"('/home/toffer/Repos/flask-tags/flask-2.2.0/src/flask/ctx.py', 172, 172)"
396,breaks in linear flow,"('/home/toffer/Repos/flask-tags/flask-2.2.0/src/flask/ctx.py', 250, 250)"
397,breaks in linear flow,"('/home/toffer/Repos/flask-tags/flask-2.2.0/src/flask/ctx.py', 251, 251)"
398,breaks in linear flow,"('/home/toffer/Repos/flask-tags/flask-2.2.0/src/flask/ctx.py', 258, 258)"
399,breaks in linear flow,"('/home/toffer/Repos/flask-tags/flask-2.2.0/src/flask/ctx.py', 308, 308)"
400,breaks in linear flow,"('/home/toffer/Repos/flask-tags/flask-2.2.0/src/flask/ctx.py', 315, 315)"
401,breaks in linear flow,"('/home/toffer/Repos/flask-tags/flask-2.2.0/src/flask/ctx.py', 353, 353)"
402,breaks in linear flow,"('/home/toffer/Repos/flask-tags/flask-2.2.0/src/flask/ctx.py', 361, 361)"
403,breaks in linear flow,"('/home/toffer/Repos/flask-tags/flask-2.2.0/src/flask/ctx.py', 373, 373)"
404,breaks in linear flow,"('/home/toffer/Repos/flask-tags/flask-2.2.0/src/flask/ctx.py', 377, 377)"
405,breaks in linear flow,"('/home/toffer/Repos/flask-tags/flask-2.2.0/src/flask/ctx.py', 382, 382)"
406,breaks in linear flow,"('/home/toffer/Repos/flask-tags/flask-2.2.0/src/flask/ctx.py', 396, 396)"
407,breaks in linear flow,"('/home/toffer/Repos/flask-tags/flask-2.2.0/src/flask/ctx.py', 397, 397)"
408,breaks in linear flow,"('/home/toffer/Repos/flask-tags/flask-2.2.0/src/flask/ctx.py', 402, 402)"
409,breaks in linear flow,"('/home/toffer/Repos/flask-tags/flask-2.2.0/src/flask/ctx.py', 411, 411)"
410,breaks in linear flow,"('/home/toffer/Repos/flask-tags/flask-2.2.0/src/flask/ctx.py', 414, 414)"
411,breaks in linear flow,"('/home/toffer/Repos/flask-tags/flask-2.2.0/src/flask/ctx.py', 417, 417)"
412,breaks in linear flow,"('/home/toffer/Repos/flask-tags/flask-2.2.0/src/flask/helpers.py', 22, 22)"
413,breaks in linear flow,"('/home/toffer/Repos/flask-tags/flask-2.2.0/src/flask/helpers.py', 53, 53)"
414,breaks in linear flow,"('/home/toffer/Repos/flask-tags/flask-2.2.0/src/flask/helpers.py', 56, 56)"
415,breaks in linear flow,"('/home/toffer/Repos/flask-tags/flask-2.2.0/src/flask/helpers.py', 78, 78)"
416,breaks in linear flow,"('/home/toffer/Repos/flask-tags/flask-2.2.0/src/flask/helpers.py', 124, 124)"
417,breaks in linear flow,"('/home/toffer/Repos/flask-tags/flask-2.2.0/src/flask/helpers.py', 134, 134)"
418,breaks in linear flow,"('/home/toffer/Repos/flask-tags/flask-2.2.0/src/flask/helpers.py', 151, 151)"
419,breaks in linear flow,"('/home/toffer/Repos/flask-tags/flask-2.2.0/src/flask/helpers.py', 205, 205)"
420,breaks in linear flow,"('/home/toffer/Repos/flask-tags/flask-2.2.0/src/flask/helpers.py', 207, 207)"
421,breaks in linear flow,"('/home/toffer/Repos/flask-tags/flask-2.2.0/src/flask/helpers.py', 284, 284)"
422,breaks in linear flow,"('/home/toffer/Repos/flask-tags/flask-2.2.0/src/flask/helpers.py', 309, 309)"
423,breaks in linear flow,"('/home/toffer/Repos/flask-tags/flask-2.2.0/src/flask/helpers.py', 401, 401)"
424,breaks in linear flow,"('/home/toffer/Repos/flask-tags/flask-2.2.0/src/flask/helpers.py', 404, 404)"
425,breaks in linear flow,"('/home/toffer/Repos/flask-tags/flask-2.2.0/src/flask/helpers.py', 406, 406)"
426,breaks in linear flow,"('/home/toffer/Repos/flask-tags/flask-2.2.0/src/flask/helpers.py', 412, 412)"
427,breaks in linear flow,"('/home/toffer/Repos/flask-tags/flask-2.2.0/src/flask/helpers.py', 607, 607)"
428,breaks in linear flow,"('/home/toffer/Repos/flask-tags/flask-2.2.0/src/flask/helpers.py', 616, 616)"
429,breaks in linear flow,"('/home/toffer/Repos/flask-tags/flask-2.2.0/src/flask/helpers.py', 619, 619)"
430,breaks in linear flow,"('/home/toffer/Repos/flask-tags/flask-2.2.0/src/flask/helpers.py', 630, 630)"
431,breaks in linear flow,"('/home/toffer/Repos/flask-tags/flask-2.2.0/src/flask/helpers.py', 663, 663)"
432,breaks in linear flow,"('/home/toffer/Repos/flask-tags/flask-2.2.0/src/flask/helpers.py', 687, 687)"
433,breaks in linear flow,"('/home/toffer/Repos/flask-tags/flask-2.2.0/src/flask/helpers.py', 690, 690)"
434,breaks in linear flow,"('/home/toffer/Repos/flask-tags/flask-2.2.0/src/flask/helpers.py', 702, 702)"
435,breaks in linear flow,"('/home/toffer/Repos/flask-tags/flask-2.2.0/src/flask/app.py', 71, 71)"
436,breaks in linear flow,"('/home/toffer/Repos/flask-tags/flask-2.2.0/src/flask/app.py', 88, 88)"
437,breaks in linear flow,"('/home/toffer/Repos/flask-tags/flask-2.2.0/src/flask/app.py', 93, 93)"
438,breaks in linear flow,"('/home/toffer/Repos/flask-tags/flask-2.2.0/src/flask/app.py', 96, 96)"
439,breaks in linear flow,"('/home/toffer/Repos/flask-tags/flask-2.2.0/src/flask/app.py', 103, 103)"
440,breaks in linear flow,"('/home/toffer/Repos/flask-tags/flask-2.2.0/src/flask/app.py', 512, 512)"
441,breaks in linear flow,"('/home/toffer/Repos/flask-tags/flask-2.2.0/src/flask/app.py', 640, 640)"
442,breaks in linear flow,"('/home/toffer/Repos/flask-tags/flask-2.2.0/src/flask/app.py', 659, 659)"
443,breaks in linear flow,"('/home/toffer/Repos/flask-tags/flask-2.2.0/src/flask/app.py', 680, 680)"
444,breaks in linear flow,"('/home/toffer/Repos/flask-tags/flask-2.2.0/src/flask/app.py', 682, 682)"
445,breaks in linear flow,"('/home/toffer/Repos/flask-tags/flask-2.2.0/src/flask/app.py', 705, 705)"
446,breaks in linear flow,"('/home/toffer/Repos/flask-tags/flask-2.2.0/src/flask/app.py', 765, 765)"
447,breaks in linear flow,"('/home/toffer/Repos/flask-tags/flask-2.2.0/src/flask/app.py', 793, 793)"
448,breaks in linear flow,"('/home/toffer/Repos/flask-tags/flask-2.2.0/src/flask/app.py', 859, 859)"
449,breaks in linear flow,"('/home/toffer/Repos/flask-tags/flask-2.2.0/src/flask/app.py', 862, 862)"
450,breaks in linear flow,"('/home/toffer/Repos/flask-tags/flask-2.2.0/src/flask/app.py', 865, 865)"
451,breaks in linear flow,"('/home/toffer/Repos/flask-tags/flask-2.2.0/src/flask/app.py', 904, 904)"
452,breaks in linear flow,"('/home/toffer/Repos/flask-tags/flask-2.2.0/src/flask/app.py', 922, 922)"
453,breaks in linear flow,"('/home/toffer/Repos/flask-tags/flask-2.2.0/src/flask/app.py', 929, 929)"
454,breaks in linear flow,"('/home/toffer/Repos/flask-tags/flask-2.2.0/src/flask/app.py', 930, 930)"
455,breaks in linear flow,"('/home/toffer/Repos/flask-tags/flask-2.2.0/src/flask/app.py', 931, 931)"
456,breaks in linear flow,"('/home/toffer/Repos/flask-tags/flask-2.2.0/src/flask/app.py', 944, 944)"
457,breaks in linear flow,"('/home/toffer/Repos/flask-tags/flask-2.2.0/src/flask/app.py', 999, 999)"
458,breaks in linear flow,"('/home/toffer/Repos/flask-tags/flask-2.2.0/src/flask/app.py', 1067, 1067)"
459,breaks in linear flow,"('/home/toffer/Repos/flask-tags/flask-2.2.0/src/flask/app.py', 1068, 1068)"
460,breaks in linear flow,"('/home/toffer/Repos/flask-tags/flask-2.2.0/src/flask/app.py', 1079, 1079)"
461,breaks in linear flow,"('/home/toffer/Repos/flask-tags/flask-2.2.0/src/flask/app.py', 1083, 1083)"
462,breaks in linear flow,"('/home/toffer/Repos/flask-tags/flask-2.2.0/src/flask/app.py', 1095, 1095)"
463,breaks in linear flow,"('/home/toffer/Repos/flask-tags/flask-2.2.0/src/flask/app.py', 1101, 1101)"
464,breaks in linear flow,"('/home/toffer/Repos/flask-tags/flask-2.2.0/src/flask/app.py', 1104, 1104)"
465,breaks in linear flow,"('/home/toffer/Repos/flask-tags/flask-2.2.0/src/flask/app.py', 1105, 1105)"
466,breaks in linear flow,"('/home/toffer/Repos/flask-tags/flask-2.2.0/src/flask/app.py', 1110, 1110)"
467,breaks in linear flow,"('/home/toffer/Repos/flask-tags/flask-2.2.0/src/flask/app.py', 1185, 1185)"
468,breaks in linear flow,"('/home/toffer/Repos/flask-tags/flask-2.2.0/src/flask/app.py', 1203, 1203)"
469,breaks in linear flow,"('/home/toffer/Repos/flask-tags/flask-2.2.0/src/flask/app.py', 1252, 1252)"
470,breaks in linear flow,"('/home/toffer/Repos/flask-tags/flask-2.2.0/src/flask/app.py', 1260, 1260)"
471,breaks in linear flow,"('/home/toffer/Repos/flask-tags/flask-2.2.0/src/flask/app.py', 1262, 1262)"
472,breaks in linear flow,"('/home/toffer/Repos/flask-tags/flask-2.2.0/src/flask/app.py', 1274, 1274)"
473,breaks in linear flow,"('/home/toffer/Repos/flask-tags/flask-2.2.0/src/flask/app.py', 1279, 1279)"
474,breaks in linear flow,"('/home/toffer/Repos/flask-tags/flask-2.2.0/src/flask/app.py', 1280, 1280)"
475,breaks in linear flow,"('/home/toffer/Repos/flask-tags/flask-2.2.0/src/flask/app.py', 1293, 1293)"
476,breaks in linear flow,"('/home/toffer/Repos/flask-tags/flask-2.2.0/src/flask/app.py', 1295, 1295)"
477,breaks in linear flow,"('/home/toffer/Repos/flask-tags/flask-2.2.0/src/flask/app.py', 1497, 1497)"
478,breaks in linear flow,"('/home/toffer/Repos/flask-tags/flask-2.2.0/src/flask/app.py', 1498, 1498)"
479,breaks in linear flow,"('/home/toffer/Repos/flask-tags/flask-2.2.0/src/flask/app.py', 1501, 1501)"
480,breaks in linear flow,"('/home/toffer/Repos/flask-tags/flask-2.2.0/src/flask/app.py', 1502, 1502)"
481,breaks in linear flow,"('/home/toffer/Repos/flask-tags/flask-2.2.0/src/flask/app.py', 1504, 1504)"
482,breaks in linear flow,"('/home/toffer/Repos/flask-tags/flask-2.2.0/src/flask/app.py', 1507, 1507)"
483,breaks in linear flow,"('/home/toffer/Repos/flask-tags/flask-2.2.0/src/flask/app.py', 1532, 1532)"
484,breaks in linear flow,"('/home/toffer/Repos/flask-tags/flask-2.2.0/src/flask/app.py', 1538, 1538)"
485,breaks in linear flow,"('/home/toffer/Repos/flask-tags/flask-2.2.0/src/flask/app.py', 1542, 1542)"
486,breaks in linear flow,"('/home/toffer/Repos/flask-tags/flask-2.2.0/src/flask/app.py', 1563, 1563)"
487,breaks in linear flow,"('/home/toffer/Repos/flask-tags/flask-2.2.0/src/flask/app.py', 1569, 1569)"
488,breaks in linear flow,"('/home/toffer/Repos/flask-tags/flask-2.2.0/src/flask/app.py', 1576, 1576)"
489,breaks in linear flow,"('/home/toffer/Repos/flask-tags/flask-2.2.0/src/flask/app.py', 1598, 1598)"
490,breaks in linear flow,"('/home/toffer/Repos/flask-tags/flask-2.2.0/src/flask/app.py', 1603, 1603)"
491,breaks in linear flow,"('/home/toffer/Repos/flask-tags/flask-2.2.0/src/flask/app.py', 1608, 1608)"
492,breaks in linear flow,"('/home/toffer/Repos/flask-tags/flask-2.2.0/src/flask/app.py', 1645, 1645)"
493,breaks in linear flow,"('/home/toffer/Repos/flask-tags/flask-2.2.0/src/flask/app.py', 1648, 1648)"
494,breaks in linear flow,"('/home/toffer/Repos/flask-tags/flask-2.2.0/src/flask/app.py', 1651, 1651)"
495,breaks in linear flow,"('/home/toffer/Repos/flask-tags/flask-2.2.0/src/flask/app.py', 1661, 1661)"
496,breaks in linear flow,"('/home/toffer/Repos/flask-tags/flask-2.2.0/src/flask/app.py', 1699, 1699)"
497,breaks in linear flow,"('/home/toffer/Repos/flask-tags/flask-2.2.0/src/flask/app.py', 1722, 1722)"
498,breaks in linear flow,"('/home/toffer/Repos/flask-tags/flask-2.2.0/src/flask/app.py', 1727, 1727)"
499,breaks in linear flow,"('/home/toffer/Repos/flask-tags/flask-2.2.0/src/flask/app.py', 1746, 1746)"
500,breaks in linear flow,"('/home/toffer/Repos/flask-tags/flask-2.2.0/src/flask/app.py', 1748, 1748)"
501,breaks in linear flow,"('/home/toffer/Repos/flask-tags/flask-2.2.0/src/flask/app.py', 1749, 1749)"
502,breaks in linear flow,"('/home/toffer/Repos/flask-tags/flask-2.2.0/src/flask/app.py', 1757, 1757)"
503,breaks in linear flow,"('/home/toffer/Repos/flask-tags/flask-2.2.0/src/flask/app.py', 1759, 1759)"
504,breaks in linear flow,"('/home/toffer/Repos/flask-tags/flask-2.2.0/src/flask/app.py', 1784, 1784)"
505,breaks in linear flow,"('/home/toffer/Repos/flask-tags/flask-2.2.0/src/flask/app.py', 1785, 1785)"
506,breaks in linear flow,"('/home/toffer/Repos/flask-tags/flask-2.2.0/src/flask/app.py', 1824, 1824)"
507,breaks in linear flow,"('/home/toffer/Repos/flask-tags/flask-2.2.0/src/flask/app.py', 1845, 1845)"
508,breaks in linear flow,"('/home/toffer/Repos/flask-tags/flask-2.2.0/src/flask/app.py', 1910, 1910)"
509,breaks in linear flow,"('/home/toffer/Repos/flask-tags/flask-2.2.0/src/flask/app.py', 1916, 1916)"
510,breaks in linear flow,"('/home/toffer/Repos/flask-tags/flask-2.2.0/src/flask/app.py', 1917, 1917)"
511,breaks in linear flow,"('/home/toffer/Repos/flask-tags/flask-2.2.0/src/flask/app.py', 1924, 1924)"
512,breaks in linear flow,"('/home/toffer/Repos/flask-tags/flask-2.2.0/src/flask/app.py', 1932, 1932)"
513,breaks in linear flow,"('/home/toffer/Repos/flask-tags/flask-2.2.0/src/flask/app.py', 1937, 1937)"
514,breaks in linear flow,"('/home/toffer/Repos/flask-tags/flask-2.2.0/src/flask/app.py', 1947, 1947)"
515,breaks in linear flow,"('/home/toffer/Repos/flask-tags/flask-2.2.0/src/flask/app.py', 1952, 1952)"
516,breaks in linear flow,"('/home/toffer/Repos/flask-tags/flask-2.2.0/src/flask/app.py', 1965, 1965)"
517,breaks in linear flow,"('/home/toffer/Repos/flask-tags/flask-2.2.0/src/flask/app.py', 1971, 1971)"
518,breaks in linear flow,"('/home/toffer/Repos/flask-tags/flask-2.2.0/src/flask/app.py', 2050, 2050)"
519,breaks in linear flow,"('/home/toffer/Repos/flask-tags/flask-2.2.0/src/flask/app.py', 2054, 2054)"
520,breaks in linear flow,"('/home/toffer/Repos/flask-tags/flask-2.2.0/src/flask/app.py', 2058, 2058)"
521,breaks in linear flow,"('/home/toffer/Repos/flask-tags/flask-2.2.0/src/flask/app.py', 2071, 2071)"
522,breaks in linear flow,"('/home/toffer/Repos/flask-tags/flask-2.2.0/src/flask/app.py', 2079, 2079)"
523,breaks in linear flow,"('/home/toffer/Repos/flask-tags/flask-2.2.0/src/flask/app.py', 2080, 2080)"
524,breaks in linear flow,"('/home/toffer/Repos/flask-tags/flask-2.2.0/src/flask/app.py', 2099, 2099)"
525,breaks in linear flow,"('/home/toffer/Repos/flask-tags/flask-2.2.0/src/flask/app.py', 2118, 2118)"
526,breaks in linear flow,"('/home/toffer/Repos/flask-tags/flask-2.2.0/src/flask/app.py', 2119, 2119)"
527,breaks in linear flow,"('/home/toffer/Repos/flask-tags/flask-2.2.0/src/flask/app.py', 2125, 2125)"
528,breaks in linear flow,"('/home/toffer/Repos/flask-tags/flask-2.2.0/src/flask/app.py', 2147, 2147)"
529,breaks in linear flow,"('/home/toffer/Repos/flask-tags/flask-2.2.0/src/flask/app.py', 2151, 2151)"
530,breaks in linear flow,"('/home/toffer/Repos/flask-tags/flask-2.2.0/src/flask/app.py', 2163, 2163)"
531,breaks in linear flow,"('/home/toffer/Repos/flask-tags/flask-2.2.0/src/flask/app.py', 2183, 2183)"
532,breaks in linear flow,"('/home/toffer/Repos/flask-tags/flask-2.2.0/src/flask/app.py', 2188, 2188)"
533,breaks in linear flow,"('/home/toffer/Repos/flask-tags/flask-2.2.0/src/flask/app.py', 2189, 2189)"
534,breaks in linear flow,"('/home/toffer/Repos/flask-tags/flask-2.2.0/src/flask/app.py', 2190, 2190)"
535,breaks in linear flow,"('/home/toffer/Repos/flask-tags/flask-2.2.0/src/flask/app.py', 2210, 2210)"
536,breaks in linear flow,"('/home/toffer/Repos/flask-tags/flask-2.2.0/src/flask/app.py', 2213, 2213)"
537,breaks in linear flow,"('/home/toffer/Repos/flask-tags/flask-2.2.0/src/flask/app.py', 2217, 2217)"
538,breaks in linear flow,"('/home/toffer/Repos/flask-tags/flask-2.2.0/src/flask/app.py', 2222, 2222)"
539,breaks in linear flow,"('/home/toffer/Repos/flask-tags/flask-2.2.0/src/flask/app.py', 2239, 2239)"
540,breaks in linear flow,"('/home/toffer/Repos/flask-tags/flask-2.2.0/src/flask/app.py', 2240, 2240)"
541,breaks in linear flow,"('/home/toffer/Repos/flask-tags/flask-2.2.0/src/flask/app.py', 2241, 2241)"
542,breaks in linear flow,"('/home/toffer/Repos/flask-tags/flask-2.2.0/src/flask/app.py', 2244, 2244)"
543,breaks in linear flow,"('/home/toffer/Repos/flask-tags/flask-2.2.0/src/flask/app.py', 2245, 2245)"
544,breaks in linear flow,"('/home/toffer/Repos/flask-tags/flask-2.2.0/src/flask/app.py', 2246, 2246)"
545,breaks in linear flow,"('/home/toffer/Repos/flask-tags/flask-2.2.0/src/flask/app.py', 2249, 2249)"
546,breaks in linear flow,"('/home/toffer/Repos/flask-tags/flask-2.2.0/src/flask/app.py', 2269, 2269)"
547,breaks in linear flow,"('/home/toffer/Repos/flask-tags/flask-2.2.0/src/flask/app.py', 2272, 2272)"
548,breaks in linear flow,"('/home/toffer/Repos/flask-tags/flask-2.2.0/src/flask/app.py', 2273, 2273)"
549,breaks in linear flow,"('/home/toffer/Repos/flask-tags/flask-2.2.0/src/flask/app.py', 2274, 2274)"
550,breaks in linear flow,"('/home/toffer/Repos/flask-tags/flask-2.2.0/src/flask/app.py', 2277, 2277)"
551,breaks in linear flow,"('/home/toffer/Repos/flask-tags/flask-2.2.0/src/flask/app.py', 2305, 2305)"
552,breaks in linear flow,"('/home/toffer/Repos/flask-tags/flask-2.2.0/src/flask/app.py', 2308, 2308)"
553,breaks in linear flow,"('/home/toffer/Repos/flask-tags/flask-2.2.0/src/flask/app.py', 2309, 2309)"
554,breaks in linear flow,"('/home/toffer/Repos/flask-tags/flask-2.2.0/src/flask/app.py', 2310, 2310)"
555,breaks in linear flow,"('/home/toffer/Repos/flask-tags/flask-2.2.0/src/flask/app.py', 2332, 2332)"
556,breaks in linear flow,"('/home/toffer/Repos/flask-tags/flask-2.2.0/src/flask/app.py', 2335, 2335)"
557,breaks in linear flow,"('/home/toffer/Repos/flask-tags/flask-2.2.0/src/flask/app.py', 2464, 2464)"
558,breaks in linear flow,"('/home/toffer/Repos/flask-tags/flask-2.2.0/src/flask/app.py', 2467, 2467)"
559,breaks in linear flow,"('/home/toffer/Repos/flask-tags/flask-2.2.0/src/flask/app.py', 2472, 2472)"
560,breaks in linear flow,"('/home/toffer/Repos/flask-tags/flask-2.2.0/src/flask/app.py', 2476, 2476)"
561,breaks in linear flow,"('/home/toffer/Repos/flask-tags/flask-2.2.0/src/flask/cli.py', 24, 24)"
562,breaks in linear flow,"('/home/toffer/Repos/flask-tags/flask-2.2.0/src/flask/cli.py', 39, 39)"
563,breaks in linear flow,"('/home/toffer/Repos/flask-tags/flask-2.2.0/src/flask/cli.py', 42, 42)"
564,breaks in linear flow,"('/home/toffer/Repos/flask-tags/flask-2.2.0/src/flask/cli.py', 48, 48)"
565,breaks in linear flow,"('/home/toffer/Repos/flask-tags/flask-2.2.0/src/flask/cli.py', 58, 58)"
566,breaks in linear flow,"('/home/toffer/Repos/flask-tags/flask-2.2.0/src/flask/cli.py', 61, 61)"
567,breaks in linear flow,"('/home/toffer/Repos/flask-tags/flask-2.2.0/src/flask/cli.py', 65, 65)"
568,breaks in linear flow,"('/home/toffer/Repos/flask-tags/flask-2.2.0/src/flask/cli.py', 67, 67)"
569,breaks in linear flow,"('/home/toffer/Repos/flask-tags/flask-2.2.0/src/flask/cli.py', 68, 68)"
570,breaks in linear flow,"('/home/toffer/Repos/flask-tags/flask-2.2.0/src/flask/cli.py', 96, 96)"
571,breaks in linear flow,"('/home/toffer/Repos/flask-tags/flask-2.2.0/src/flask/cli.py', 97, 97)"
572,breaks in linear flow,"('/home/toffer/Repos/flask-tags/flask-2.2.0/src/flask/cli.py', 121, 121)"
573,breaks in linear flow,"('/home/toffer/Repos/flask-tags/flask-2.2.0/src/flask/cli.py', 126, 126)"
574,breaks in linear flow,"('/home/toffer/Repos/flask-tags/flask-2.2.0/src/flask/cli.py', 132, 132)"
575,breaks in linear flow,"('/home/toffer/Repos/flask-tags/flask-2.2.0/src/flask/cli.py', 143, 143)"
576,breaks in linear flow,"('/home/toffer/Repos/flask-tags/flask-2.2.0/src/flask/cli.py', 156, 156)"
577,breaks in linear flow,"('/home/toffer/Repos/flask-tags/flask-2.2.0/src/flask/cli.py', 163, 163)"
578,breaks in linear flow,"('/home/toffer/Repos/flask-tags/flask-2.2.0/src/flask/cli.py', 166, 166)"
579,breaks in linear flow,"('/home/toffer/Repos/flask-tags/flask-2.2.0/src/flask/cli.py', 167, 167)"
580,breaks in linear flow,"('/home/toffer/Repos/flask-tags/flask-2.2.0/src/flask/cli.py', 178, 178)"
581,breaks in linear flow,"('/home/toffer/Repos/flask-tags/flask-2.2.0/src/flask/cli.py', 194, 194)"
582,breaks in linear flow,"('/home/toffer/Repos/flask-tags/flask-2.2.0/src/flask/cli.py', 197, 197)"
583,breaks in linear flow,"('/home/toffer/Repos/flask-tags/flask-2.2.0/src/flask/cli.py', 203, 203)"
584,breaks in linear flow,"('/home/toffer/Repos/flask-tags/flask-2.2.0/src/flask/cli.py', 207, 207)"
585,breaks in linear flow,"('/home/toffer/Repos/flask-tags/flask-2.2.0/src/flask/cli.py', 208, 208)"
586,breaks in linear flow,"('/home/toffer/Repos/flask-tags/flask-2.2.0/src/flask/cli.py', 210, 210)"
587,breaks in linear flow,"('/home/toffer/Repos/flask-tags/flask-2.2.0/src/flask/cli.py', 219, 219)"
588,breaks in linear flow,"('/home/toffer/Repos/flask-tags/flask-2.2.0/src/flask/cli.py', 222, 222)"
589,breaks in linear flow,"('/home/toffer/Repos/flask-tags/flask-2.2.0/src/flask/cli.py', 234, 234)"
590,breaks in linear flow,"('/home/toffer/Repos/flask-tags/flask-2.2.0/src/flask/cli.py', 241, 241)"
591,breaks in linear flow,"('/home/toffer/Repos/flask-tags/flask-2.2.0/src/flask/cli.py', 297, 297)"
592,breaks in linear flow,"('/home/toffer/Repos/flask-tags/flask-2.2.0/src/flask/cli.py', 300, 300)"
593,breaks in linear flow,"('/home/toffer/Repos/flask-tags/flask-2.2.0/src/flask/cli.py', 303, 303)"
594,breaks in linear flow,"('/home/toffer/Repos/flask-tags/flask-2.2.0/src/flask/cli.py', 310, 310)"
595,breaks in linear flow,"('/home/toffer/Repos/flask-tags/flask-2.2.0/src/flask/cli.py', 314, 314)"
596,breaks in linear flow,"('/home/toffer/Repos/flask-tags/flask-2.2.0/src/flask/cli.py', 315, 315)"
597,breaks in linear flow,"('/home/toffer/Repos/flask-tags/flask-2.2.0/src/flask/cli.py', 317, 317)"
598,breaks in linear flow,"('/home/toffer/Repos/flask-tags/flask-2.2.0/src/flask/cli.py', 325, 325)"
599,breaks in linear flow,"('/home/toffer/Repos/flask-tags/flask-2.2.0/src/flask/cli.py', 353, 353)"
600,breaks in linear flow,"('/home/toffer/Repos/flask-tags/flask-2.2.0/src/flask/cli.py', 378, 378)"
601,breaks in linear flow,"('/home/toffer/Repos/flask-tags/flask-2.2.0/src/flask/cli.py', 394, 394)"
602,breaks in linear flow,"('/home/toffer/Repos/flask-tags/flask-2.2.0/src/flask/cli.py', 426, 426)"
603,breaks in linear flow,"('/home/toffer/Repos/flask-tags/flask-2.2.0/src/flask/cli.py', 449, 449)"
604,breaks in linear flow,"('/home/toffer/Repos/flask-tags/flask-2.2.0/src/flask/cli.py', 456, 456)"
605,breaks in linear flow,"('/home/toffer/Repos/flask-tags/flask-2.2.0/src/flask/cli.py', 526, 526)"
606,breaks in linear flow,"('/home/toffer/Repos/flask-tags/flask-2.2.0/src/flask/cli.py', 529, 529)"
607,breaks in linear flow,"('/home/toffer/Repos/flask-tags/flask-2.2.0/src/flask/cli.py', 540, 540)"
608,breaks in linear flow,"('/home/toffer/Repos/flask-tags/flask-2.2.0/src/flask/cli.py', 548, 548)"
609,breaks in linear flow,"('/home/toffer/Repos/flask-tags/flask-2.2.0/src/flask/cli.py', 551, 551)"
610,breaks in linear flow,"('/home/toffer/Repos/flask-tags/flask-2.2.0/src/flask/cli.py', 559, 559)"
611,breaks in linear flow,"('/home/toffer/Repos/flask-tags/flask-2.2.0/src/flask/cli.py', 570, 570)"
612,breaks in linear flow,"('/home/toffer/Repos/flask-tags/flask-2.2.0/src/flask/cli.py', 579, 579)"
613,breaks in linear flow,"('/home/toffer/Repos/flask-tags/flask-2.2.0/src/flask/cli.py', 586, 586)"
614,breaks in linear flow,"('/home/toffer/Repos/flask-tags/flask-2.2.0/src/flask/cli.py', 601, 601)"
615,breaks in linear flow,"('/home/toffer/Repos/flask-tags/flask-2.2.0/src/flask/cli.py', 605, 605)"
616,breaks in linear flow,"('/home/toffer/Repos/flask-tags/flask-2.2.0/src/flask/cli.py', 626, 626)"
617,breaks in linear flow,"('/home/toffer/Repos/flask-tags/flask-2.2.0/src/flask/cli.py', 629, 629)"
618,breaks in linear flow,"('/home/toffer/Repos/flask-tags/flask-2.2.0/src/flask/cli.py', 637, 637)"
619,breaks in linear flow,"('/home/toffer/Repos/flask-tags/flask-2.2.0/src/flask/cli.py', 682, 682)"
620,breaks in linear flow,"('/home/toffer/Repos/flask-tags/flask-2.2.0/src/flask/cli.py', 683, 683)"
621,breaks in linear flow,"('/home/toffer/Repos/flask-tags/flask-2.2.0/src/flask/cli.py', 695, 695)"
622,breaks in linear flow,"('/home/toffer/Repos/flask-tags/flask-2.2.0/src/flask/cli.py', 696, 696)"
623,breaks in linear flow,"('/home/toffer/Repos/flask-tags/flask-2.2.0/src/flask/cli.py', 703, 703)"
624,breaks in linear flow,"('/home/toffer/Repos/flask-tags/flask-2.2.0/src/flask/cli.py', 706, 706)"
625,breaks in linear flow,"('/home/toffer/Repos/flask-tags/flask-2.2.0/src/flask/cli.py', 707, 707)"
626,breaks in linear flow,"('/home/toffer/Repos/flask-tags/flask-2.2.0/src/flask/cli.py', 719, 719)"
627,breaks in linear flow,"('/home/toffer/Repos/flask-tags/flask-2.2.0/src/flask/cli.py', 729, 729)"
628,breaks in linear flow,"('/home/toffer/Repos/flask-tags/flask-2.2.0/src/flask/cli.py', 732, 732)"
629,breaks in linear flow,"('/home/toffer/Repos/flask-tags/flask-2.2.0/src/flask/cli.py', 750, 750)"
630,breaks in linear flow,"('/home/toffer/Repos/flask-tags/flask-2.2.0/src/flask/cli.py', 759, 759)"
631,breaks in linear flow,"('/home/toffer/Repos/flask-tags/flask-2.2.0/src/flask/cli.py', 762, 762)"
632,breaks in linear flow,"('/home/toffer/Repos/flask-tags/flask-2.2.0/src/flask/cli.py', 765, 765)"
633,breaks in linear flow,"('/home/toffer/Repos/flask-tags/flask-2.2.0/src/flask/cli.py', 776, 776)"
634,breaks in linear flow,"('/home/toffer/Repos/flask-tags/flask-2.2.0/src/flask/cli.py', 791, 791)"
635,breaks in linear flow,"('/home/toffer/Repos/flask-tags/flask-2.2.0/src/flask/cli.py', 796, 796)"
636,breaks in linear flow,"('/home/toffer/Repos/flask-tags/flask-2.2.0/src/flask/cli.py', 797, 797)"
637,breaks in linear flow,"('/home/toffer/Repos/flask-tags/flask-2.2.0/src/flask/cli.py', 802, 802)"
638,breaks in linear flow,"('/home/toffer/Repos/flask-tags/flask-2.2.0/src/flask/cli.py', 807, 807)"
639,breaks in linear flow,"('/home/toffer/Repos/flask-tags/flask-2.2.0/src/flask/cli.py', 813, 813)"
640,breaks in linear flow,"('/home/toffer/Repos/flask-tags/flask-2.2.0/src/flask/cli.py', 905, 905)"
641,breaks in linear flow,"('/home/toffer/Repos/flask-tags/flask-2.2.0/src/flask/cli.py', 906, 906)"
642,breaks in linear flow,"('/home/toffer/Repos/flask-tags/flask-2.2.0/src/flask/cli.py', 922, 922)"
643,breaks in linear flow,"('/home/toffer/Repos/flask-tags/flask-2.2.0/src/flask/cli.py', 925, 925)"
644,breaks in linear flow,"('/home/toffer/Repos/flask-tags/flask-2.2.0/src/flask/cli.py', 965, 965)"
645,breaks in linear flow,"('/home/toffer/Repos/flask-tags/flask-2.2.0/src/flask/cli.py', 976, 976)"
646,breaks in linear flow,"('/home/toffer/Repos/flask-tags/flask-2.2.0/src/flask/cli.py', 980, 980)"
647,breaks in linear flow,"('/home/toffer/Repos/flask-tags/flask-2.2.0/src/flask/cli.py', 1009, 1009)"
648,breaks in linear flow,"('/home/toffer/Repos/flask-tags/flask-2.2.0/src/flask/cli.py', 1015, 1015)"
649,breaks in linear flow,"('/home/toffer/Repos/flask-tags/flask-2.2.0/src/flask/cli.py', 1037, 1037)"
650,breaks in linear flow,"('/home/toffer/Repos/flask-tags/flask-2.2.0/src/flask/cli.py', 1057, 1057)"
651,breaks in linear flow,"('/home/toffer/Repos/flask-tags/flask-2.2.0/src/flask/wrappers.py', 11, 11)"
652,breaks in linear flow,"('/home/toffer/Repos/flask-tags/flask-2.2.0/src/flask/wrappers.py', 55, 55)"
653,breaks in linear flow,"('/home/toffer/Repos/flask-tags/flask-2.2.0/src/flask/wrappers.py', 70, 70)"
654,breaks in linear flow,"('/home/toffer/Repos/flask-tags/flask-2.2.0/src/flask/wrappers.py', 89, 89)"
655,breaks in linear flow,"('/home/toffer/Repos/flask-tags/flask-2.2.0/src/flask/wrappers.py', 106, 106)"
656,breaks in linear flow,"('/home/toffer/Repos/flask-tags/flask-2.2.0/src/flask/wrappers.py', 116, 116)"
657,breaks in linear flow,"('/home/toffer/Repos/flask-tags/flask-2.2.0/src/flask/wrappers.py', 129, 129)"
658,breaks in linear flow,"('/home/toffer/Repos/flask-tags/flask-2.2.0/src/flask/wrappers.py', 130, 130)"
659,breaks in linear flow,"('/home/toffer/Repos/flask-tags/flask-2.2.0/src/flask/wrappers.py', 167, 167)"
660,breaks in linear flow,"('/home/toffer/Repos/flask-tags/flask-2.2.0/src/flask/testing.py', 17, 17)"
661,breaks in linear flow,"('/home/toffer/Repos/flask-tags/flask-2.2.0/src/flask/testing.py', 61, 61)"
662,breaks in linear flow,"('/home/toffer/Repos/flask-tags/flask-2.2.0/src/flask/testing.py', 65, 65)"
663,breaks in linear flow,"('/home/toffer/Repos/flask-tags/flask-2.2.0/src/flask/testing.py', 68, 68)"
664,breaks in linear flow,"('/home/toffer/Repos/flask-tags/flask-2.2.0/src/flask/testing.py', 78, 78)"
665,breaks in linear flow,"('/home/toffer/Repos/flask-tags/flask-2.2.0/src/flask/testing.py', 140, 140)"
666,breaks in linear flow,"('/home/toffer/Repos/flask-tags/flask-2.2.0/src/flask/testing.py', 151, 151)"
667,breaks in linear flow,"('/home/toffer/Repos/flask-tags/flask-2.2.0/src/flask/testing.py', 170, 170)"
668,breaks in linear flow,"('/home/toffer/Repos/flask-tags/flask-2.2.0/src/flask/testing.py', 178, 178)"
669,breaks in linear flow,"('/home/toffer/Repos/flask-tags/flask-2.2.0/src/flask/testing.py', 199, 199)"
670,breaks in linear flow,"('/home/toffer/Repos/flask-tags/flask-2.2.0/src/flask/testing.py', 202, 202)"
671,breaks in linear flow,"('/home/toffer/Repos/flask-tags/flask-2.2.0/src/flask/testing.py', 231, 231)"
672,breaks in linear flow,"('/home/toffer/Repos/flask-tags/flask-2.2.0/src/flask/testing.py', 238, 238)"
673,breaks in linear flow,"('/home/toffer/Repos/flask-tags/flask-2.2.0/src/flask/testing.py', 280, 280)"
674,breaks in linear flow,"('/home/toffer/Repos/flask-tags/flask-2.2.0/src/flask/testing.py', 283, 283)"
675,breaks in linear flow,"('/home/toffer/Repos/flask-tags/flask-2.2.0/src/flask/debughelpers.py', 29, 29)"
676,breaks in linear flow,"('/home/toffer/Repos/flask-tags/flask-2.2.0/src/flask/debughelpers.py', 55, 55)"
677,breaks in linear flow,"('/home/toffer/Repos/flask-tags/flask-2.2.0/src/flask/debughelpers.py', 84, 84)"
678,breaks in linear flow,"('/home/toffer/Repos/flask-tags/flask-2.2.0/src/flask/debughelpers.py', 85, 85)"
679,breaks in linear flow,"('/home/toffer/Repos/flask-tags/flask-2.2.0/src/flask/debughelpers.py', 99, 99)"
680,breaks in linear flow,"('/home/toffer/Repos/flask-tags/flask-2.2.0/src/flask/debughelpers.py', 100, 100)"
681,breaks in linear flow,"('/home/toffer/Repos/flask-tags/flask-2.2.0/src/flask/debughelpers.py', 101, 101)"
682,breaks in linear flow,"('/home/toffer/Repos/flask-tags/flask-2.2.0/src/flask/debughelpers.py', 102, 102)"
683,breaks in linear flow,"('/home/toffer/Repos/flask-tags/flask-2.2.0/src/flask/debughelpers.py', 103, 103)"
684,breaks in linear flow,"('/home/toffer/Repos/flask-tags/flask-2.2.0/src/flask/debughelpers.py', 104, 104)"
685,breaks in linear flow,"('/home/toffer/Repos/flask-tags/flask-2.2.0/src/flask/debughelpers.py', 106, 106)"
686,breaks in linear flow,"('/home/toffer/Repos/flask-tags/flask-2.2.0/src/flask/debughelpers.py', 108, 108)"
687,breaks in linear flow,"('/home/toffer/Repos/flask-tags/flask-2.2.0/src/flask/debughelpers.py', 110, 110)"
688,breaks in linear flow,"('/home/toffer/Repos/flask-tags/flask-2.2.0/src/flask/debughelpers.py', 119, 119)"
689,breaks in linear flow,"('/home/toffer/Repos/flask-tags/flask-2.2.0/src/flask/debughelpers.py', 122, 122)"
690,breaks in linear flow,"('/home/toffer/Repos/flask-tags/flask-2.2.0/src/flask/debughelpers.py', 123, 123)"
691,breaks in linear flow,"('/home/toffer/Repos/flask-tags/flask-2.2.0/src/flask/debughelpers.py', 132, 132)"
692,breaks in linear flow,"('/home/toffer/Repos/flask-tags/flask-2.2.0/src/flask/debughelpers.py', 135, 135)"
693,breaks in linear flow,"('/home/toffer/Repos/flask-tags/flask-2.2.0/src/flask/debughelpers.py', 143, 143)"
694,breaks in linear flow,"('/home/toffer/Repos/flask-tags/flask-2.2.0/src/flask/debughelpers.py', 150, 150)"
695,breaks in linear flow,"('/home/toffer/Repos/flask-tags/flask-2.2.0/src/flask/logging.py', 9, 9)"
696,breaks in linear flow,"('/home/toffer/Repos/flask-tags/flask-2.2.0/src/flask/logging.py', 33, 33)"
697,breaks in linear flow,"('/home/toffer/Repos/flask-tags/flask-2.2.0/src/flask/logging.py', 34, 34)"
698,breaks in linear flow,"('/home/toffer/Repos/flask-tags/flask-2.2.0/src/flask/logging.py', 37, 37)"
699,breaks in linear flow,"('/home/toffer/Repos/flask-tags/flask-2.2.0/src/flask/logging.py', 38, 38)"
700,breaks in linear flow,"('/home/toffer/Repos/flask-tags/flask-2.2.0/src/flask/logging.py', 68, 68)"
701,breaks in linear flow,"('/home/toffer/Repos/flask-tags/flask-2.2.0/src/flask/logging.py', 71, 71)"
702,breaks in linear flow,"('/home/toffer/Repos/flask-tags/flask-2.2.0/src/flask/config.py', 18, 18)"
703,breaks in linear flow,"('/home/toffer/Repos/flask-tags/flask-2.2.0/src/flask/config.py', 21, 21)"
704,breaks in linear flow,"('/home/toffer/Repos/flask-tags/flask-2.2.0/src/flask/config.py', 90, 90)"
705,breaks in linear flow,"('/home/toffer/Repos/flask-tags/flask-2.2.0/src/flask/config.py', 91, 91)"
706,breaks in linear flow,"('/home/toffer/Repos/flask-tags/flask-2.2.0/src/flask/config.py', 130, 130)"
707,breaks in linear flow,"('/home/toffer/Repos/flask-tags/flask-2.2.0/src/flask/config.py', 131, 131)"
708,breaks in linear flow,"('/home/toffer/Repos/flask-tags/flask-2.2.0/src/flask/config.py', 132, 132)"
709,breaks in linear flow,"('/home/toffer/Repos/flask-tags/flask-2.2.0/src/flask/config.py', 138, 138)"
710,breaks in linear flow,"('/home/toffer/Repos/flask-tags/flask-2.2.0/src/flask/config.py', 145, 145)"
711,breaks in linear flow,"('/home/toffer/Repos/flask-tags/flask-2.2.0/src/flask/config.py', 148, 148)"
712,breaks in linear flow,"('/home/toffer/Repos/flask-tags/flask-2.2.0/src/flask/config.py', 154, 154)"
713,breaks in linear flow,"('/home/toffer/Repos/flask-tags/flask-2.2.0/src/flask/config.py', 156, 156)"
714,breaks in linear flow,"('/home/toffer/Repos/flask-tags/flask-2.2.0/src/flask/config.py', 186, 186)"
715,breaks in linear flow,"('/home/toffer/Repos/flask-tags/flask-2.2.0/src/flask/config.py', 187, 187)"
716,breaks in linear flow,"('/home/toffer/Repos/flask-tags/flask-2.2.0/src/flask/config.py', 226, 226)"
717,breaks in linear flow,"('/home/toffer/Repos/flask-tags/flask-2.2.0/src/flask/config.py', 228, 228)"
718,breaks in linear flow,"('/home/toffer/Repos/flask-tags/flask-2.2.0/src/flask/config.py', 229, 229)"
719,breaks in linear flow,"('/home/toffer/Repos/flask-tags/flask-2.2.0/src/flask/config.py', 266, 266)"
720,breaks in linear flow,"('/home/toffer/Repos/flask-tags/flask-2.2.0/src/flask/config.py', 267, 267)"
721,breaks in linear flow,"('/home/toffer/Repos/flask-tags/flask-2.2.0/src/flask/config.py', 285, 285)"
722,breaks in linear flow,"('/home/toffer/Repos/flask-tags/flask-2.2.0/src/flask/config.py', 288, 288)"
723,breaks in linear flow,"('/home/toffer/Repos/flask-tags/flask-2.2.0/src/flask/config.py', 289, 289)"
724,breaks in linear flow,"('/home/toffer/Repos/flask-tags/flask-2.2.0/src/flask/config.py', 324, 324)"
725,breaks in linear flow,"('/home/toffer/Repos/flask-tags/flask-2.2.0/src/flask/config.py', 325, 325)"
726,breaks in linear flow,"('/home/toffer/Repos/flask-tags/flask-2.2.0/src/flask/config.py', 326, 326)"
727,breaks in linear flow,"('/home/toffer/Repos/flask-tags/flask-2.2.0/src/flask/config.py', 327, 327)"
728,breaks in linear flow,"('/home/toffer/Repos/flask-tags/flask-2.2.0/src/flask/config.py', 331, 331)"
729,breaks in linear flow,"('/home/toffer/Repos/flask-tags/flask-2.2.0/src/flask/views.py', 101, 101)"
730,breaks in linear flow,"('/home/toffer/Repos/flask-tags/flask-2.2.0/src/flask/views.py', 115, 115)"
731,breaks in linear flow,"('/home/toffer/Repos/flask-tags/flask-2.2.0/src/flask/views.py', 118, 118)"
732,breaks in linear flow,"('/home/toffer/Repos/flask-tags/flask-2.2.0/src/flask/views.py', 165, 165)"
733,breaks in linear flow,"('/home/toffer/Repos/flask-tags/flask-2.2.0/src/flask/views.py', 168, 168)"
734,breaks in linear flow,"('/home/toffer/Repos/flask-tags/flask-2.2.0/src/flask/views.py', 169, 169)"
735,breaks in linear flow,"('/home/toffer/Repos/flask-tags/flask-2.2.0/src/flask/views.py', 172, 172)"
736,breaks in linear flow,"('/home/toffer/Repos/flask-tags/flask-2.2.0/src/flask/views.py', 173, 173)"
737,breaks in linear flow,"('/home/toffer/Repos/flask-tags/flask-2.2.0/src/flask/views.py', 176, 176)"
738,breaks in linear flow,"('/home/toffer/Repos/flask-tags/flask-2.2.0/src/flask/views.py', 184, 184)"
739,breaks in linear flow,"('/home/toffer/Repos/flask-tags/flask-2.2.0/src/flask/signals.py', 7, 7)"
740,breaks in linear flow,"('/home/toffer/Repos/flask-tags/flask-2.2.0/src/flask/json/tag.py', 250, 250)"
741,breaks in linear flow,"('/home/toffer/Repos/flask-tags/flask-2.2.0/src/flask/json/tag.py', 275, 275)"
742,breaks in linear flow,"('/home/toffer/Repos/flask-tags/flask-2.2.0/src/flask/json/tag.py', 276, 276)"
743,breaks in linear flow,"('/home/toffer/Repos/flask-tags/flask-2.2.0/src/flask/json/tag.py', 281, 281)"
744,breaks in linear flow,"('/home/toffer/Repos/flask-tags/flask-2.2.0/src/flask/json/tag.py', 288, 288)"
745,breaks in linear flow,"('/home/toffer/Repos/flask-tags/flask-2.2.0/src/flask/json/tag.py', 289, 289)"
746,breaks in linear flow,"('/home/toffer/Repos/flask-tags/flask-2.2.0/src/flask/json/tag.py', 296, 296)"
747,breaks in linear flow,"('/home/toffer/Repos/flask-tags/flask-2.2.0/src/flask/json/tag.py', 301, 301)"
748,breaks in linear flow,"('/home/toffer/Repos/flask-tags/flask-2.2.0/src/flask/json/__init__.py', 11, 11)"
749,breaks in linear flow,"('/home/toffer/Repos/flask-tags/flask-2.2.0/src/flask/json/__init__.py', 111, 111)"
750,breaks in linear flow,"('/home/toffer/Repos/flask-tags/flask-2.2.0/src/flask/json/__init__.py', 123, 123)"
751,breaks in linear flow,"('/home/toffer/Repos/flask-tags/flask-2.2.0/src/flask/json/__init__.py', 155, 155)"
752,breaks in linear flow,"('/home/toffer/Repos/flask-tags/flask-2.2.0/src/flask/json/__init__.py', 167, 167)"
753,breaks in linear flow,"('/home/toffer/Repos/flask-tags/flask-2.2.0/src/flask/json/__init__.py', 199, 199)"
754,breaks in linear flow,"('/home/toffer/Repos/flask-tags/flask-2.2.0/src/flask/json/__init__.py', 211, 211)"
755,breaks in linear flow,"('/home/toffer/Repos/flask-tags/flask-2.2.0/src/flask/json/__init__.py', 238, 238)"
756,breaks in linear flow,"('/home/toffer/Repos/flask-tags/flask-2.2.0/src/flask/json/__init__.py', 250, 250)"
757,breaks in linear flow,"('/home/toffer/Repos/flask-tags/flask-2.2.0/src/flask/json/provider.py', 15, 15)"
758,breaks in linear flow,"('/home/toffer/Repos/flask-tags/flask-2.2.0/src/flask/json/provider.py', 79, 79)"
759,breaks in linear flow,"('/home/toffer/Repos/flask-tags/flask-2.2.0/src/flask/json/provider.py', 82, 82)"
760,breaks in linear flow,"('/home/toffer/Repos/flask-tags/flask-2.2.0/src/flask/json/provider.py', 85, 85)"
761,breaks in linear flow,"('/home/toffer/Repos/flask-tags/flask-2.2.0/src/flask/json/provider.py', 110, 110)"
762,breaks in linear flow,"('/home/toffer/Repos/flask-tags/flask-2.2.0/src/flask/json/provider.py', 113, 113)"
763,breaks in linear flow,"('/home/toffer/Repos/flask-tags/flask-2.2.0/src/flask/json/provider.py', 116, 116)"
764,breaks in linear flow,"('/home/toffer/Repos/flask-tags/flask-2.2.0/src/flask/json/provider.py', 119, 119)"
765,breaks in linear flow,"('/home/toffer/Repos/flask-tags/flask-2.2.0/src/flask/json/provider.py', 182, 182)"
766,breaks in linear flow,"('/home/toffer/Repos/flask-tags/flask-2.2.0/src/flask/json/provider.py', 185, 185)"
767,breaks in linear flow,"('/home/toffer/Repos/flask-tags/flask-2.2.0/src/flask/json/provider.py', 196, 196)"
768,breaks in linear flow,"('/home/toffer/Repos/flask-tags/flask-2.2.0/src/flask/json/provider.py', 204, 204)"
769,breaks in linear flow,"('/home/toffer/Repos/flask-tags/flask-2.2.0/src/flask/json/provider.py', 216, 216)"
770,breaks in linear flow,"('/home/toffer/Repos/flask-tags/flask-2.2.0/src/flask/json/provider.py', 241, 241)"
771,breaks in linear flow,"('/home/toffer/Repos/flask-tags/flask-2.2.0/src/flask/json/provider.py', 244, 244)"
772,breaks in linear flow,"('/home/toffer/Repos/flask-tags/flask-2.2.0/src/flask/json/provider.py', 278, 278)"
773,breaks in linear flow,"('/home/toffer/Repos/flask-tags/flask-2.2.0/src/flask/json/provider.py', 291, 291)"
774,breaks in linear flow,"('/home/toffer/Repos/flask-tags/flask-2.2.0/src/flask/json/provider.py', 296, 296)"
775,recursion,"('/home/toffer/Repos/flask-tags/flask-2.2.0/tests/test_basic.py', 587, 587)"
776,recursion,"('/home/toffer/Repos/flask-tags/flask-2.2.0/tests/test_views.py', 38, 38)"
777,recursion,"('/home/toffer/Repos/flask-tags/flask-2.2.0/src/flask/templating.py', 84, 84)"
778,recursion,"('/home/toffer/Repos/flask-tags/flask-2.2.0/src/flask/helpers.py', 312, 312)"
