,type,file_start_end
0,method length,"('/home/toffer/Repos/flask-tags/flask-1.0.4/tests/test_helpers.py', 276, 307)"
1,method length,"('/home/toffer/Repos/flask-tags/flask-1.0.4/tests/test_helpers.py', 309, 345)"
2,method length,"('/home/toffer/Repos/flask-tags/flask-1.0.4/tests/test_helpers.py', 365, 433)"
3,method length,"('/home/toffer/Repos/flask-tags/flask-1.0.4/tests/test_helpers.py', 476, 528)"
4,method length,"('/home/toffer/Repos/flask-tags/flask-1.0.4/tests/test_helpers.py', 534, 587)"
5,method length,"('/home/toffer/Repos/flask-tags/flask-1.0.4/tests/test_helpers.py', 605, 639)"
6,method length,"('/home/toffer/Repos/flask-tags/flask-1.0.4/tests/test_helpers.py', 665, 703)"
7,method length,"('/home/toffer/Repos/flask-tags/flask-1.0.4/tests/test_helpers.py', 833, 863)"
8,method length,"('/home/toffer/Repos/flask-tags/flask-1.0.4/tests/conftest.py', 105, 133)"
9,method length,"('/home/toffer/Repos/flask-tags/flask-1.0.4/tests/conftest.py', 162, 190)"
10,method length,"('/home/toffer/Repos/flask-tags/flask-1.0.4/tests/test_cli.py', 50, 142)"
11,method length,"('/home/toffer/Repos/flask-tags/flask-1.0.4/tests/test_cli.py', 262, 306)"
12,method length,"('/home/toffer/Repos/flask-tags/flask-1.0.4/tests/test_cli.py', 324, 351)"
13,method length,"('/home/toffer/Repos/flask-tags/flask-1.0.4/tests/test_basic.py', 73, 114)"
14,method length,"('/home/toffer/Repos/flask-tags/flask-1.0.4/tests/test_basic.py', 147, 179)"
15,method length,"('/home/toffer/Repos/flask-tags/flask-1.0.4/tests/test_basic.py', 412, 441)"
16,method length,"('/home/toffer/Repos/flask-tags/flask-1.0.4/tests/test_basic.py', 458, 486)"
17,method length,"('/home/toffer/Repos/flask-tags/flask-1.0.4/tests/test_basic.py', 489, 527)"
18,method length,"('/home/toffer/Repos/flask-tags/flask-1.0.4/tests/test_basic.py', 530, 582)"
19,method length,"('/home/toffer/Repos/flask-tags/flask-1.0.4/tests/test_basic.py', 600, 671)"
20,method length,"('/home/toffer/Repos/flask-tags/flask-1.0.4/tests/test_basic.py', 777, 812)"
21,method length,"('/home/toffer/Repos/flask-tags/flask-1.0.4/tests/test_basic.py', 815, 850)"
22,method length,"('/home/toffer/Repos/flask-tags/flask-1.0.4/tests/test_basic.py', 853, 888)"
23,method length,"('/home/toffer/Repos/flask-tags/flask-1.0.4/tests/test_basic.py', 964, 993)"
24,method length,"('/home/toffer/Repos/flask-tags/flask-1.0.4/tests/test_basic.py', 996, 1026)"
25,method length,"('/home/toffer/Repos/flask-tags/flask-1.0.4/tests/test_basic.py', 1029, 1057)"
26,method length,"('/home/toffer/Repos/flask-tags/flask-1.0.4/tests/test_basic.py', 1117, 1191)"
27,method length,"('/home/toffer/Repos/flask-tags/flask-1.0.4/tests/test_basic.py', 1194, 1234)"
28,method length,"('/home/toffer/Repos/flask-tags/flask-1.0.4/tests/test_basic.py', 1445, 1484)"
29,method length,"('/home/toffer/Repos/flask-tags/flask-1.0.4/tests/test_basic.py', 1737, 1766)"
30,method length,"('/home/toffer/Repos/flask-tags/flask-1.0.4/tests/test_basic.py', 1921, 1948)"
31,method length,"('/home/toffer/Repos/flask-tags/flask-1.0.4/tests/test_signals.py', 73, 110)"
32,method length,"('/home/toffer/Repos/flask-tags/flask-1.0.4/tests/test_views.py', 114, 151)"
33,method length,"('/home/toffer/Repos/flask-tags/flask-1.0.4/tests/test_reqctx.py', 70, 102)"
34,method length,"('/home/toffer/Repos/flask-tags/flask-1.0.4/tests/test_config.py', 49, 75)"
35,method length,"('/home/toffer/Repos/flask-tags/flask-1.0.4/tests/test_testing.py', 145, 172)"
36,method length,"('/home/toffer/Repos/flask-tags/flask-1.0.4/tests/test_testing.py', 219, 248)"
37,method length,"('/home/toffer/Repos/flask-tags/flask-1.0.4/tests/test_blueprints.py', 22, 57)"
38,method length,"('/home/toffer/Repos/flask-tags/flask-1.0.4/tests/test_blueprints.py', 60, 91)"
39,method length,"('/home/toffer/Repos/flask-tags/flask-1.0.4/tests/test_blueprints.py', 187, 227)"
40,method length,"('/home/toffer/Repos/flask-tags/flask-1.0.4/tests/test_blueprints.py', 315, 344)"
41,method length,"('/home/toffer/Repos/flask-tags/flask-1.0.4/tests/test_blueprints.py', 347, 406)"
42,method length,"('/home/toffer/Repos/flask-tags/flask-1.0.4/tests/test_blueprints.py', 697, 734)"
43,method length,"('/home/toffer/Repos/flask-tags/flask-1.0.4/tests/test_blueprints.py', 758, 786)"
44,method length,"('/home/toffer/Repos/flask-tags/flask-1.0.4/tests/test_blueprints.py', 789, 829)"
45,method length,"('/home/toffer/Repos/flask-tags/flask-1.0.4/tests/test_templating.py', 357, 385)"
46,method length,"('/home/toffer/Repos/flask-tags/flask-1.0.4/tests/test_templating.py', 402, 432)"
47,method length,"('/home/toffer/Repos/flask-tags/flask-1.0.4/tests/test_user_error_handler.py', 46, 82)"
48,method length,"('/home/toffer/Repos/flask-tags/flask-1.0.4/tests/test_user_error_handler.py', 85, 118)"
49,method length,"('/home/toffer/Repos/flask-tags/flask-1.0.4/tests/test_user_error_handler.py', 148, 199)"
50,method length,"('/home/toffer/Repos/flask-tags/flask-1.0.4/flask/blueprints.py', 25, 59)"
51,method length,"('/home/toffer/Repos/flask-tags/flask-1.0.4/flask/sessions.py', 173, 229)"
52,method length,"('/home/toffer/Repos/flask-tags/flask-1.0.4/flask/sessions.py', 348, 385)"
53,method length,"('/home/toffer/Repos/flask-tags/flask-1.0.4/flask/ctx.py', 121, 153)"
54,method length,"('/home/toffer/Repos/flask-tags/flask-1.0.4/flask/ctx.py', 156, 185)"
55,method length,"('/home/toffer/Repos/flask-tags/flask-1.0.4/flask/ctx.py', 279, 307)"
56,method length,"('/home/toffer/Repos/flask-tags/flask-1.0.4/flask/ctx.py', 341, 381)"
57,method length,"('/home/toffer/Repos/flask-tags/flask-1.0.4/flask/ctx.py', 383, 426)"
58,method length,"('/home/toffer/Repos/flask-tags/flask-1.0.4/flask/helpers.py', 95, 164)"
59,method length,"('/home/toffer/Repos/flask-tags/flask-1.0.4/flask/helpers.py', 167, 213)"
60,method length,"('/home/toffer/Repos/flask-tags/flask-1.0.4/flask/helpers.py', 216, 360)"
61,method length,"('/home/toffer/Repos/flask-tags/flask-1.0.4/flask/helpers.py', 386, 412)"
62,method length,"('/home/toffer/Repos/flask-tags/flask-1.0.4/flask/helpers.py', 415, 451)"
63,method length,"('/home/toffer/Repos/flask-tags/flask-1.0.4/flask/helpers.py', 456, 644)"
64,method length,"('/home/toffer/Repos/flask-tags/flask-1.0.4/flask/helpers.py', 647, 681)"
65,method length,"('/home/toffer/Repos/flask-tags/flask-1.0.4/flask/helpers.py', 684, 720)"
66,method length,"('/home/toffer/Repos/flask-tags/flask-1.0.4/flask/helpers.py', 723, 766)"
67,method length,"('/home/toffer/Repos/flask-tags/flask-1.0.4/flask/helpers.py', 792, 847)"
68,method length,"('/home/toffer/Repos/flask-tags/flask-1.0.4/flask/helpers.py', 1055, 1082)"
69,method length,"('/home/toffer/Repos/flask-tags/flask-1.0.4/flask/app.py', 366, 572)"
70,method length,"('/home/toffer/Repos/flask-tags/flask-1.0.4/flask/app.py', 717, 749)"
71,method length,"('/home/toffer/Repos/flask-tags/flask-1.0.4/flask/app.py', 845, 949)"
72,method length,"('/home/toffer/Repos/flask-tags/flask-1.0.4/flask/app.py', 951, 1005)"
73,method length,"('/home/toffer/Repos/flask-tags/flask-1.0.4/flask/app.py', 1082, 1116)"
74,method length,"('/home/toffer/Repos/flask-tags/flask-1.0.4/flask/app.py', 1127, 1223)"
75,method length,"('/home/toffer/Repos/flask-tags/flask-1.0.4/flask/app.py', 1225, 1253)"
76,method length,"('/home/toffer/Repos/flask-tags/flask-1.0.4/flask/app.py', 1293, 1325)"
77,method length,"('/home/toffer/Repos/flask-tags/flask-1.0.4/flask/app.py', 1501, 1537)"
78,method length,"('/home/toffer/Repos/flask-tags/flask-1.0.4/flask/app.py', 1540, 1570)"
79,method length,"('/home/toffer/Repos/flask-tags/flask-1.0.4/flask/app.py', 1636, 1667)"
80,method length,"('/home/toffer/Repos/flask-tags/flask-1.0.4/flask/app.py', 1669, 1701)"
81,method length,"('/home/toffer/Repos/flask-tags/flask-1.0.4/flask/app.py', 1703, 1744)"
82,method length,"('/home/toffer/Repos/flask-tags/flask-1.0.4/flask/app.py', 1746, 1773)"
83,method length,"('/home/toffer/Repos/flask-tags/flask-1.0.4/flask/app.py', 1916, 2020)"
84,method length,"('/home/toffer/Repos/flask-tags/flask-1.0.4/flask/app.py', 2022, 2053)"
85,method length,"('/home/toffer/Repos/flask-tags/flask-1.0.4/flask/app.py', 2142, 2171)"
86,method length,"('/home/toffer/Repos/flask-tags/flask-1.0.4/flask/app.py', 2231, 2285)"
87,method length,"('/home/toffer/Repos/flask-tags/flask-1.0.4/flask/app.py', 2287, 2328)"
88,method length,"('/home/toffer/Repos/flask-tags/flask-1.0.4/flask/cli.py', 44, 98)"
89,method length,"('/home/toffer/Repos/flask-tags/flask-1.0.4/flask/cli.py', 144, 201)"
90,method length,"('/home/toffer/Repos/flask-tags/flask-1.0.4/flask/cli.py', 363, 404)"
91,method length,"('/home/toffer/Repos/flask-tags/flask-1.0.4/flask/cli.py', 579, 625)"
92,method length,"('/home/toffer/Repos/flask-tags/flask-1.0.4/flask/cli.py', 695, 731)"
93,method length,"('/home/toffer/Repos/flask-tags/flask-1.0.4/flask/cli.py', 788, 817)"
94,method length,"('/home/toffer/Repos/flask-tags/flask-1.0.4/flask/cli.py', 836, 868)"
95,method length,"('/home/toffer/Repos/flask-tags/flask-1.0.4/flask/wrappers.py', 52, 90)"
96,method length,"('/home/toffer/Repos/flask-tags/flask-1.0.4/flask/testing.py', 27, 84)"
97,method length,"('/home/toffer/Repos/flask-tags/flask-1.0.4/flask/testing.py', 112, 160)"
98,method length,"('/home/toffer/Repos/flask-tags/flask-1.0.4/flask/testing.py', 162, 197)"
99,method length,"('/home/toffer/Repos/flask-tags/flask-1.0.4/flask/debughelpers.py', 114, 159)"
100,method length,"('/home/toffer/Repos/flask-tags/flask-1.0.4/flask/config.py', 111, 139)"
101,method length,"('/home/toffer/Repos/flask-tags/flask-1.0.4/flask/config.py', 141, 177)"
102,method length,"('/home/toffer/Repos/flask-tags/flask-1.0.4/flask/config.py', 227, 266)"
103,method length,"('/home/toffer/Repos/flask-tags/flask-1.0.4/flask/views.py', 77, 107)"
104,method length,"('/home/toffer/Repos/flask-tags/flask-1.0.4/flask/json/tag.py', 246, 272)"
105,method length,"('/home/toffer/Repos/flask-tags/flask-1.0.4/flask/json/__init__.py', 128, 168)"
106,method length,"('/home/toffer/Repos/flask-tags/flask-1.0.4/flask/json/__init__.py', 171, 197)"
107,method length,"('/home/toffer/Repos/flask-tags/flask-1.0.4/flask/json/__init__.py', 209, 236)"
108,method length,"('/home/toffer/Repos/flask-tags/flask-1.0.4/flask/json/__init__.py', 247, 279)"
109,method length,"('/home/toffer/Repos/flask-tags/flask-1.0.4/flask/json/__init__.py', 287, 353)"
110,method length,"('/home/toffer/Repos/flask-tags/flask-1.0.4/examples/tutorial/flaskr/__init__.py', 6, 48)"
111,method length,"('/home/toffer/Repos/flask-tags/flask-1.0.4/examples/tutorial/flaskr/auth.py', 40, 73)"
112,file length,"('/home/toffer/Repos/flask-tags/flask-1.0.4/tests/test_helpers.py', -1, -1)"
113,file length,"('/home/toffer/Repos/flask-tags/flask-1.0.4/tests/test_cli.py', -1, -1)"
114,file length,"('/home/toffer/Repos/flask-tags/flask-1.0.4/tests/test_basic.py', -1, -1)"
115,file length,"('/home/toffer/Repos/flask-tags/flask-1.0.4/tests/test_testing.py', -1, -1)"
116,file length,"('/home/toffer/Repos/flask-tags/flask-1.0.4/tests/test_blueprints.py', -1, -1)"
117,file length,"('/home/toffer/Repos/flask-tags/flask-1.0.4/tests/test_templating.py', -1, -1)"
118,file length,"('/home/toffer/Repos/flask-tags/flask-1.0.4/flask/blueprints.py', -1, -1)"
119,file length,"('/home/toffer/Repos/flask-tags/flask-1.0.4/flask/sessions.py', -1, -1)"
120,file length,"('/home/toffer/Repos/flask-tags/flask-1.0.4/flask/ctx.py', -1, -1)"
121,file length,"('/home/toffer/Repos/flask-tags/flask-1.0.4/flask/helpers.py', -1, -1)"
122,file length,"('/home/toffer/Repos/flask-tags/flask-1.0.4/flask/app.py', -1, -1)"
123,file length,"('/home/toffer/Repos/flask-tags/flask-1.0.4/flask/cli.py', -1, -1)"
124,file length,"('/home/toffer/Repos/flask-tags/flask-1.0.4/flask/json/__init__.py', -1, -1)"
125,argument count,"('/home/toffer/Repos/flask-tags/flask-1.0.4/docs/conf.py', 66, 66)"
126,argument count,"('/home/toffer/Repos/flask-tags/flask-1.0.4/tests/test_helpers.py', 143, 143)"
127,argument count,"('/home/toffer/Repos/flask-tags/flask-1.0.4/tests/test_helpers.py', 929, 929)"
128,argument count,"('/home/toffer/Repos/flask-tags/flask-1.0.4/tests/test_helpers.py', 943, 943)"
129,argument count,"('/home/toffer/Repos/flask-tags/flask-1.0.4/tests/test_basic.py', 1515, 1516)"
130,argument count,"('/home/toffer/Repos/flask-tags/flask-1.0.4/tests/test_basic.py', 1896, 1896)"
131,argument count,"('/home/toffer/Repos/flask-tags/flask-1.0.4/tests/test_basic.py', 1911, 1911)"
132,argument count,"('/home/toffer/Repos/flask-tags/flask-1.0.4/tests/test_instance_config.py', 65, 66)"
133,argument count,"('/home/toffer/Repos/flask-tags/flask-1.0.4/tests/test_instance_config.py', 78, 80)"
134,argument count,"('/home/toffer/Repos/flask-tags/flask-1.0.4/tests/test_instance_config.py', 94, 96)"
135,argument count,"('/home/toffer/Repos/flask-tags/flask-1.0.4/tests/test_blueprints.py', 131, 131)"
136,argument count,"('/home/toffer/Repos/flask-tags/flask-1.0.4/flask/blueprints.py', 24, 24)"
137,argument count,"('/home/toffer/Repos/flask-tags/flask-1.0.4/flask/blueprints.py', 61, 61)"
138,argument count,"('/home/toffer/Repos/flask-tags/flask-1.0.4/flask/blueprints.py', 155, 158)"
139,argument count,"('/home/toffer/Repos/flask-tags/flask-1.0.4/flask/blueprints.py', 236, 236)"
140,argument count,"('/home/toffer/Repos/flask-tags/flask-1.0.4/flask/helpers.py', 454, 456)"
141,argument count,"('/home/toffer/Repos/flask-tags/flask-1.0.4/flask/app.py', 354, 366)"
142,argument count,"('/home/toffer/Repos/flask-tags/flask-1.0.4/flask/app.py', 844, 845)"
143,argument count,"('/home/toffer/Repos/flask-tags/flask-1.0.4/flask/app.py', 1126, 1127)"
144,argument count,"('/home/toffer/Repos/flask-tags/flask-1.0.4/flask/cli.py', 477, 479)"
145,argument count,"('/home/toffer/Repos/flask-tags/flask-1.0.4/flask/cli.py', 757, 758)"
146,argument count,"('/home/toffer/Repos/flask-tags/flask-1.0.4/flask/testing.py', 24, 27)"
147,method count,"('/home/toffer/Repos/flask-tags/flask-1.0.4/tests/test_appctx.py', 17, 209)"
148,method count,"('/home/toffer/Repos/flask-tags/flask-1.0.4/tests/test_helpers.py', 30, 957)"
149,method count,"('/home/toffer/Repos/flask-tags/flask-1.0.4/tests/test_cli.py', 40, 576)"
150,method count,"('/home/toffer/Repos/flask-tags/flask-1.0.4/tests/test_basic.py', 28, 1937)"
151,method count,"('/home/toffer/Repos/flask-tags/flask-1.0.4/tests/test_signals.py', 27, 192)"
152,method count,"('/home/toffer/Repos/flask-tags/flask-1.0.4/tests/test_views.py', 20, 229)"
153,method count,"('/home/toffer/Repos/flask-tags/flask-1.0.4/tests/test_reqctx.py', 23, 216)"
154,method count,"('/home/toffer/Repos/flask-tags/flask-1.0.4/tests/test_testing.py', 29, 407)"
155,method count,"('/home/toffer/Repos/flask-tags/flask-1.0.4/tests/test_blueprints.py', 22, 850)"
156,method count,"('/home/toffer/Repos/flask-tags/flask-1.0.4/tests/test_templating.py', 20, 442)"
157,method count,"('/home/toffer/Repos/flask-tags/flask-1.0.4/tests/test_user_error_handler.py', 19, 188)"
158,method count,"('/home/toffer/Repos/flask-tags/flask-1.0.4/flask/blueprints.py', 24, 484)"
159,method count,"('/home/toffer/Repos/flask-tags/flask-1.0.4/flask/sessions.py', 28, 384)"
160,method count,"('/home/toffer/Repos/flask-tags/flask-1.0.4/flask/ctx.py', 46, 456)"
161,method count,"('/home/toffer/Repos/flask-tags/flask-1.0.4/flask/helpers.py', 49, 1081)"
162,method count,"('/home/toffer/Repos/flask-tags/flask-1.0.4/flask/app.py', 48, 2339)"
163,method count,"('/home/toffer/Repos/flask-tags/flask-1.0.4/flask/cli.py', 44, 905)"
164,method count,"('/home/toffer/Repos/flask-tags/flask-1.0.4/flask/json/tag.py', 65, 299)"
165,Return Statements,"('/home/toffer/Repos/flask-tags/flask-1.0.4/tests/test_helpers.py', 276, 307)"
166,Return Statements,"('/home/toffer/Repos/flask-tags/flask-1.0.4/tests/test_helpers.py', 309, 345)"
167,Return Statements,"('/home/toffer/Repos/flask-tags/flask-1.0.4/tests/test_cli.py', 50, 142)"
168,Return Statements,"('/home/toffer/Repos/flask-tags/flask-1.0.4/tests/test_basic.py', 530, 582)"
169,Return Statements,"('/home/toffer/Repos/flask-tags/flask-1.0.4/tests/test_basic.py', 594, 671)"
170,Return Statements,"('/home/toffer/Repos/flask-tags/flask-1.0.4/tests/test_basic.py', 1117, 1191)"
171,Return Statements,"('/home/toffer/Repos/flask-tags/flask-1.0.4/tests/test_blueprints.py', 315, 344)"
172,Return Statements,"('/home/toffer/Repos/flask-tags/flask-1.0.4/tests/test_user_error_handler.py', 148, 199)"
173,Return Statements,"('/home/toffer/Repos/flask-tags/flask-1.0.4/flask/helpers.py', 792, 847)"
174,Return Statements,"('/home/toffer/Repos/flask-tags/flask-1.0.4/flask/json/__init__.py', 56, 81)"
175,Return Statements,"('/home/toffer/Repos/flask-tags/flask-1.0.4/flask/json/__init__.py', 128, 168)"
176,nested controlflow,"('/home/toffer/Repos/flask-tags/flask-1.0.4/flask/cli.py', 377, 389)"
177,breaks in linear flow,"('/home/toffer/Repos/flask-tags/flask-1.0.4/docs/conf.py', 71, 71)"
178,breaks in linear flow,"('/home/toffer/Repos/flask-tags/flask-1.0.4/docs/conf.py', 77, 77)"
179,breaks in linear flow,"('/home/toffer/Repos/flask-tags/flask-1.0.4/docs/conf.py', 82, 82)"
180,breaks in linear flow,"('/home/toffer/Repos/flask-tags/flask-1.0.4/tests/test_appctx.py', 75, 75)"
181,breaks in linear flow,"('/home/toffer/Repos/flask-tags/flask-1.0.4/tests/test_appctx.py', 94, 94)"
182,breaks in linear flow,"('/home/toffer/Repos/flask-tags/flask-1.0.4/tests/test_appctx.py', 215, 215)"
183,breaks in linear flow,"('/home/toffer/Repos/flask-tags/flask-1.0.4/tests/test_helpers.py', 35, 35)"
184,breaks in linear flow,"('/home/toffer/Repos/flask-tags/flask-1.0.4/tests/test_helpers.py', 183, 183)"
185,breaks in linear flow,"('/home/toffer/Repos/flask-tags/flask-1.0.4/tests/test_helpers.py', 204, 204)"
186,breaks in linear flow,"('/home/toffer/Repos/flask-tags/flask-1.0.4/tests/test_helpers.py', 216, 216)"
187,breaks in linear flow,"('/home/toffer/Repos/flask-tags/flask-1.0.4/tests/test_helpers.py', 283, 283)"
188,breaks in linear flow,"('/home/toffer/Repos/flask-tags/flask-1.0.4/tests/test_helpers.py', 293, 293)"
189,breaks in linear flow,"('/home/toffer/Repos/flask-tags/flask-1.0.4/tests/test_helpers.py', 316, 316)"
190,breaks in linear flow,"('/home/toffer/Repos/flask-tags/flask-1.0.4/tests/test_helpers.py', 327, 327)"
191,breaks in linear flow,"('/home/toffer/Repos/flask-tags/flask-1.0.4/tests/test_helpers.py', 362, 362)"
192,breaks in linear flow,"('/home/toffer/Repos/flask-tags/flask-1.0.4/tests/test_helpers.py', 432, 432)"
193,breaks in linear flow,"('/home/toffer/Repos/flask-tags/flask-1.0.4/tests/test_helpers.py', 657, 657)"
194,breaks in linear flow,"('/home/toffer/Repos/flask-tags/flask-1.0.4/tests/test_helpers.py', 764, 764)"
195,breaks in linear flow,"('/home/toffer/Repos/flask-tags/flask-1.0.4/tests/test_helpers.py', 799, 799)"
196,breaks in linear flow,"('/home/toffer/Repos/flask-tags/flask-1.0.4/tests/test_helpers.py', 900, 900)"
197,breaks in linear flow,"('/home/toffer/Repos/flask-tags/flask-1.0.4/tests/test_helpers.py', 916, 916)"
198,breaks in linear flow,"('/home/toffer/Repos/flask-tags/flask-1.0.4/tests/test_helpers.py', 931, 931)"
199,breaks in linear flow,"('/home/toffer/Repos/flask-tags/flask-1.0.4/tests/conftest.py', 38, 38)"
200,breaks in linear flow,"('/home/toffer/Repos/flask-tags/flask-1.0.4/tests/conftest.py', 39, 39)"
201,breaks in linear flow,"('/home/toffer/Repos/flask-tags/flask-1.0.4/tests/conftest.py', 99, 99)"
202,breaks in linear flow,"('/home/toffer/Repos/flask-tags/flask-1.0.4/tests/conftest.py', 115, 115)"
203,breaks in linear flow,"('/home/toffer/Repos/flask-tags/flask-1.0.4/tests/conftest.py', 123, 123)"
204,breaks in linear flow,"('/home/toffer/Repos/flask-tags/flask-1.0.4/tests/conftest.py', 167, 167)"
205,breaks in linear flow,"('/home/toffer/Repos/flask-tags/flask-1.0.4/tests/test_regression.py', 43, 43)"
206,breaks in linear flow,"('/home/toffer/Repos/flask-tags/flask-1.0.4/tests/test_regression.py', 66, 66)"
207,breaks in linear flow,"('/home/toffer/Repos/flask-tags/flask-1.0.4/tests/test_regression.py', 69, 69)"
208,breaks in linear flow,"('/home/toffer/Repos/flask-tags/flask-1.0.4/tests/test_cli.py', 434, 434)"
209,breaks in linear flow,"('/home/toffer/Repos/flask-tags/flask-1.0.4/tests/test_cli.py', 478, 478)"
210,breaks in linear flow,"('/home/toffer/Repos/flask-tags/flask-1.0.4/tests/test_cli.py', 497, 497)"
211,breaks in linear flow,"('/home/toffer/Repos/flask-tags/flask-1.0.4/tests/test_cli.py', 560, 560)"
212,breaks in linear flow,"('/home/toffer/Repos/flask-tags/flask-1.0.4/tests/test_cli.py', 565, 565)"
213,breaks in linear flow,"('/home/toffer/Repos/flask-tags/flask-1.0.4/tests/test_basic.py', 92, 92)"
214,breaks in linear flow,"('/home/toffer/Repos/flask-tags/flask-1.0.4/tests/test_basic.py', 109, 109)"
215,breaks in linear flow,"('/home/toffer/Repos/flask-tags/flask-1.0.4/tests/test_basic.py', 569, 569)"
216,breaks in linear flow,"('/home/toffer/Repos/flask-tags/flask-1.0.4/tests/test_basic.py', 790, 790)"
217,breaks in linear flow,"('/home/toffer/Repos/flask-tags/flask-1.0.4/tests/test_basic.py', 802, 802)"
218,breaks in linear flow,"('/home/toffer/Repos/flask-tags/flask-1.0.4/tests/test_basic.py', 1076, 1076)"
219,breaks in linear flow,"('/home/toffer/Repos/flask-tags/flask-1.0.4/tests/test_basic.py', 1081, 1081)"
220,breaks in linear flow,"('/home/toffer/Repos/flask-tags/flask-1.0.4/tests/test_basic.py', 1093, 1093)"
221,breaks in linear flow,"('/home/toffer/Repos/flask-tags/flask-1.0.4/tests/test_basic.py', 1336, 1336)"
222,breaks in linear flow,"('/home/toffer/Repos/flask-tags/flask-1.0.4/tests/test_basic.py', 1340, 1340)"
223,breaks in linear flow,"('/home/toffer/Repos/flask-tags/flask-1.0.4/tests/test_basic.py', 1471, 1471)"
224,breaks in linear flow,"('/home/toffer/Repos/flask-tags/flask-1.0.4/tests/test_basic.py', 1494, 1494)"
225,breaks in linear flow,"('/home/toffer/Repos/flask-tags/flask-1.0.4/tests/test_basic.py', 1505, 1505)"
226,breaks in linear flow,"('/home/toffer/Repos/flask-tags/flask-1.0.4/tests/test_basic.py', 1553, 1553)"
227,breaks in linear flow,"('/home/toffer/Repos/flask-tags/flask-1.0.4/tests/test_basic.py', 1725, 1725)"
228,breaks in linear flow,"('/home/toffer/Repos/flask-tags/flask-1.0.4/tests/test_signals.py', 16, 16)"
229,breaks in linear flow,"('/home/toffer/Repos/flask-tags/flask-1.0.4/tests/test_reqctx.py', 19, 19)"
230,breaks in linear flow,"('/home/toffer/Repos/flask-tags/flask-1.0.4/tests/test_reqctx.py', 46, 46)"
231,breaks in linear flow,"('/home/toffer/Repos/flask-tags/flask-1.0.4/tests/test_reqctx.py', 65, 65)"
232,breaks in linear flow,"('/home/toffer/Repos/flask-tags/flask-1.0.4/tests/test_config.py', 205, 205)"
233,breaks in linear flow,"('/home/toffer/Repos/flask-tags/flask-1.0.4/tests/test_logging.py', 41, 41)"
234,breaks in linear flow,"('/home/toffer/Repos/flask-tags/flask-1.0.4/tests/test_instance_config.py', 118, 118)"
235,breaks in linear flow,"('/home/toffer/Repos/flask-tags/flask-1.0.4/tests/test_testing.py', 25, 25)"
236,breaks in linear flow,"('/home/toffer/Repos/flask-tags/flask-1.0.4/tests/test_testing.py', 148, 148)"
237,breaks in linear flow,"('/home/toffer/Repos/flask-tags/flask-1.0.4/tests/test_testing.py', 168, 168)"
238,breaks in linear flow,"('/home/toffer/Repos/flask-tags/flask-1.0.4/tests/test_testing.py', 245, 245)"
239,breaks in linear flow,"('/home/toffer/Repos/flask-tags/flask-1.0.4/tests/test_blueprints.py', 208, 208)"
240,breaks in linear flow,"('/home/toffer/Repos/flask-tags/flask-1.0.4/tests/test_blueprints.py', 243, 243)"
241,breaks in linear flow,"('/home/toffer/Repos/flask-tags/flask-1.0.4/tests/test_blueprints.py', 358, 358)"
242,breaks in linear flow,"('/home/toffer/Repos/flask-tags/flask-1.0.4/tests/test_blueprints.py', 367, 367)"
243,breaks in linear flow,"('/home/toffer/Repos/flask-tags/flask-1.0.4/flask/blueprints.py', 42, 42)"
244,breaks in linear flow,"('/home/toffer/Repos/flask-tags/flask-1.0.4/flask/blueprints.py', 50, 50)"
245,breaks in linear flow,"('/home/toffer/Repos/flask-tags/flask-1.0.4/flask/blueprints.py', 66, 66)"
246,breaks in linear flow,"('/home/toffer/Repos/flask-tags/flask-1.0.4/flask/blueprints.py', 67, 67)"
247,breaks in linear flow,"('/home/toffer/Repos/flask-tags/flask-1.0.4/flask/blueprints.py', 73, 73)"
248,breaks in linear flow,"('/home/toffer/Repos/flask-tags/flask-1.0.4/flask/blueprints.py', 76, 76)"
249,breaks in linear flow,"('/home/toffer/Repos/flask-tags/flask-1.0.4/flask/blueprints.py', 167, 167)"
250,breaks in linear flow,"('/home/toffer/Repos/flask-tags/flask-1.0.4/flask/blueprints.py', 177, 177)"
251,breaks in linear flow,"('/home/toffer/Repos/flask-tags/flask-1.0.4/flask/blueprints.py', 191, 191)"
252,breaks in linear flow,"('/home/toffer/Repos/flask-tags/flask-1.0.4/flask/blueprints.py', 217, 217)"
253,breaks in linear flow,"('/home/toffer/Repos/flask-tags/flask-1.0.4/flask/blueprints.py', 223, 223)"
254,breaks in linear flow,"('/home/toffer/Repos/flask-tags/flask-1.0.4/flask/blueprints.py', 240, 240)"
255,breaks in linear flow,"('/home/toffer/Repos/flask-tags/flask-1.0.4/flask/blueprints.py', 242, 242)"
256,breaks in linear flow,"('/home/toffer/Repos/flask-tags/flask-1.0.4/flask/globals.py', 36, 36)"
257,breaks in linear flow,"('/home/toffer/Repos/flask-tags/flask-1.0.4/flask/globals.py', 43, 43)"
258,breaks in linear flow,"('/home/toffer/Repos/flask-tags/flask-1.0.4/flask/globals.py', 50, 50)"
259,breaks in linear flow,"('/home/toffer/Repos/flask-tags/flask-1.0.4/flask/__main__.py', 12, 12)"
260,breaks in linear flow,"('/home/toffer/Repos/flask-tags/flask-1.0.4/flask/sessions.py', 187, 187)"
261,breaks in linear flow,"('/home/toffer/Repos/flask-tags/flask-1.0.4/flask/sessions.py', 193, 193)"
262,breaks in linear flow,"('/home/toffer/Repos/flask-tags/flask-1.0.4/flask/sessions.py', 201, 201)"
263,breaks in linear flow,"('/home/toffer/Repos/flask-tags/flask-1.0.4/flask/sessions.py', 215, 215)"
264,breaks in linear flow,"('/home/toffer/Repos/flask-tags/flask-1.0.4/flask/sessions.py', 225, 225)"
265,breaks in linear flow,"('/home/toffer/Repos/flask-tags/flask-1.0.4/flask/sessions.py', 266, 266)"
266,breaks in linear flow,"('/home/toffer/Repos/flask-tags/flask-1.0.4/flask/sessions.py', 324, 324)"
267,breaks in linear flow,"('/home/toffer/Repos/flask-tags/flask-1.0.4/flask/sessions.py', 336, 336)"
268,breaks in linear flow,"('/home/toffer/Repos/flask-tags/flask-1.0.4/flask/sessions.py', 339, 339)"
269,breaks in linear flow,"('/home/toffer/Repos/flask-tags/flask-1.0.4/flask/sessions.py', 345, 345)"
270,breaks in linear flow,"('/home/toffer/Repos/flask-tags/flask-1.0.4/flask/sessions.py', 354, 354)"
271,breaks in linear flow,"('/home/toffer/Repos/flask-tags/flask-1.0.4/flask/sessions.py', 355, 355)"
272,breaks in linear flow,"('/home/toffer/Repos/flask-tags/flask-1.0.4/flask/sessions.py', 365, 365)"
273,breaks in linear flow,"('/home/toffer/Repos/flask-tags/flask-1.0.4/flask/sessions.py', 368, 368)"
274,breaks in linear flow,"('/home/toffer/Repos/flask-tags/flask-1.0.4/flask/templating.py', 26, 26)"
275,breaks in linear flow,"('/home/toffer/Repos/flask-tags/flask-1.0.4/flask/templating.py', 28, 28)"
276,breaks in linear flow,"('/home/toffer/Repos/flask-tags/flask-1.0.4/flask/templating.py', 41, 41)"
277,breaks in linear flow,"('/home/toffer/Repos/flask-tags/flask-1.0.4/flask/templating.py', 56, 56)"
278,breaks in linear flow,"('/home/toffer/Repos/flask-tags/flask-1.0.4/flask/templating.py', 64, 64)"
279,breaks in linear flow,"('/home/toffer/Repos/flask-tags/flask-1.0.4/flask/templating.py', 67, 67)"
280,breaks in linear flow,"('/home/toffer/Repos/flask-tags/flask-1.0.4/flask/templating.py', 69, 69)"
281,breaks in linear flow,"('/home/toffer/Repos/flask-tags/flask-1.0.4/flask/templating.py', 76, 76)"
282,breaks in linear flow,"('/home/toffer/Repos/flask-tags/flask-1.0.4/flask/templating.py', 81, 81)"
283,breaks in linear flow,"('/home/toffer/Repos/flask-tags/flask-1.0.4/flask/templating.py', 84, 84)"
284,breaks in linear flow,"('/home/toffer/Repos/flask-tags/flask-1.0.4/flask/templating.py', 85, 85)"
285,breaks in linear flow,"('/home/toffer/Repos/flask-tags/flask-1.0.4/flask/templating.py', 90, 90)"
286,breaks in linear flow,"('/home/toffer/Repos/flask-tags/flask-1.0.4/flask/templating.py', 93, 93)"
287,breaks in linear flow,"('/home/toffer/Repos/flask-tags/flask-1.0.4/flask/templating.py', 95, 95)"
288,breaks in linear flow,"('/home/toffer/Repos/flask-tags/flask-1.0.4/flask/templating.py', 101, 101)"
289,breaks in linear flow,"('/home/toffer/Repos/flask-tags/flask-1.0.4/flask/templating.py', 104, 104)"
290,breaks in linear flow,"('/home/toffer/Repos/flask-tags/flask-1.0.4/flask/templating.py', 106, 106)"
291,breaks in linear flow,"('/home/toffer/Repos/flask-tags/flask-1.0.4/flask/templating.py', 107, 107)"
292,breaks in linear flow,"('/home/toffer/Repos/flask-tags/flask-1.0.4/flask/ctx.py', 66, 66)"
293,breaks in linear flow,"('/home/toffer/Repos/flask-tags/flask-1.0.4/flask/ctx.py', 91, 91)"
294,breaks in linear flow,"('/home/toffer/Repos/flask-tags/flask-1.0.4/flask/ctx.py', 145, 145)"
295,breaks in linear flow,"('/home/toffer/Repos/flask-tags/flask-1.0.4/flask/ctx.py', 219, 219)"
296,breaks in linear flow,"('/home/toffer/Repos/flask-tags/flask-1.0.4/flask/ctx.py', 228, 228)"
297,breaks in linear flow,"('/home/toffer/Repos/flask-tags/flask-1.0.4/flask/ctx.py', 229, 229)"
298,breaks in linear flow,"('/home/toffer/Repos/flask-tags/flask-1.0.4/flask/ctx.py', 245, 245)"
299,breaks in linear flow,"('/home/toffer/Repos/flask-tags/flask-1.0.4/flask/ctx.py', 281, 281)"
300,breaks in linear flow,"('/home/toffer/Repos/flask-tags/flask-1.0.4/flask/ctx.py', 338, 338)"
301,breaks in linear flow,"('/home/toffer/Repos/flask-tags/flask-1.0.4/flask/ctx.py', 352, 352)"
302,breaks in linear flow,"('/home/toffer/Repos/flask-tags/flask-1.0.4/flask/ctx.py', 358, 358)"
303,breaks in linear flow,"('/home/toffer/Repos/flask-tags/flask-1.0.4/flask/ctx.py', 365, 365)"
304,breaks in linear flow,"('/home/toffer/Repos/flask-tags/flask-1.0.4/flask/ctx.py', 374, 374)"
305,breaks in linear flow,"('/home/toffer/Repos/flask-tags/flask-1.0.4/flask/ctx.py', 380, 380)"
306,breaks in linear flow,"('/home/toffer/Repos/flask-tags/flask-1.0.4/flask/ctx.py', 395, 395)"
307,breaks in linear flow,"('/home/toffer/Repos/flask-tags/flask-1.0.4/flask/ctx.py', 398, 398)"
308,breaks in linear flow,"('/home/toffer/Repos/flask-tags/flask-1.0.4/flask/ctx.py', 406, 406)"
309,breaks in linear flow,"('/home/toffer/Repos/flask-tags/flask-1.0.4/flask/ctx.py', 410, 410)"
310,breaks in linear flow,"('/home/toffer/Repos/flask-tags/flask-1.0.4/flask/ctx.py', 418, 418)"
311,breaks in linear flow,"('/home/toffer/Repos/flask-tags/flask-1.0.4/flask/ctx.py', 422, 422)"
312,breaks in linear flow,"('/home/toffer/Repos/flask-tags/flask-1.0.4/flask/ctx.py', 429, 429)"
313,breaks in linear flow,"('/home/toffer/Repos/flask-tags/flask-1.0.4/flask/ctx.py', 448, 448)"
314,breaks in linear flow,"('/home/toffer/Repos/flask-tags/flask-1.0.4/flask/helpers.py', 65, 65)"
315,breaks in linear flow,"('/home/toffer/Repos/flask-tags/flask-1.0.4/flask/helpers.py', 80, 80)"
316,breaks in linear flow,"('/home/toffer/Repos/flask-tags/flask-1.0.4/flask/helpers.py', 131, 131)"
317,breaks in linear flow,"('/home/toffer/Repos/flask-tags/flask-1.0.4/flask/helpers.py', 139, 139)"
318,breaks in linear flow,"('/home/toffer/Repos/flask-tags/flask-1.0.4/flask/helpers.py', 152, 152)"
319,breaks in linear flow,"('/home/toffer/Repos/flask-tags/flask-1.0.4/flask/helpers.py', 155, 155)"
320,breaks in linear flow,"('/home/toffer/Repos/flask-tags/flask-1.0.4/flask/helpers.py', 209, 209)"
321,breaks in linear flow,"('/home/toffer/Repos/flask-tags/flask-1.0.4/flask/helpers.py', 211, 211)"
322,breaks in linear flow,"('/home/toffer/Repos/flask-tags/flask-1.0.4/flask/helpers.py', 292, 292)"
323,breaks in linear flow,"('/home/toffer/Repos/flask-tags/flask-1.0.4/flask/helpers.py', 301, 301)"
324,breaks in linear flow,"('/home/toffer/Repos/flask-tags/flask-1.0.4/flask/helpers.py', 305, 305)"
325,breaks in linear flow,"('/home/toffer/Repos/flask-tags/flask-1.0.4/flask/helpers.py', 306, 306)"
326,breaks in linear flow,"('/home/toffer/Repos/flask-tags/flask-1.0.4/flask/helpers.py', 318, 318)"
327,breaks in linear flow,"('/home/toffer/Repos/flask-tags/flask-1.0.4/flask/helpers.py', 336, 336)"
328,breaks in linear flow,"('/home/toffer/Repos/flask-tags/flask-1.0.4/flask/helpers.py', 337, 337)"
329,breaks in linear flow,"('/home/toffer/Repos/flask-tags/flask-1.0.4/flask/helpers.py', 347, 347)"
330,breaks in linear flow,"('/home/toffer/Repos/flask-tags/flask-1.0.4/flask/helpers.py', 349, 349)"
331,breaks in linear flow,"('/home/toffer/Repos/flask-tags/flask-1.0.4/flask/helpers.py', 358, 358)"
332,breaks in linear flow,"('/home/toffer/Repos/flask-tags/flask-1.0.4/flask/helpers.py', 444, 444)"
333,breaks in linear flow,"('/home/toffer/Repos/flask-tags/flask-1.0.4/flask/helpers.py', 447, 447)"
334,breaks in linear flow,"('/home/toffer/Repos/flask-tags/flask-1.0.4/flask/helpers.py', 449, 449)"
335,breaks in linear flow,"('/home/toffer/Repos/flask-tags/flask-1.0.4/flask/helpers.py', 541, 541)"
336,breaks in linear flow,"('/home/toffer/Repos/flask-tags/flask-1.0.4/flask/helpers.py', 543, 543)"
337,breaks in linear flow,"('/home/toffer/Repos/flask-tags/flask-1.0.4/flask/helpers.py', 546, 546)"
338,breaks in linear flow,"('/home/toffer/Repos/flask-tags/flask-1.0.4/flask/helpers.py', 552, 552)"
339,breaks in linear flow,"('/home/toffer/Repos/flask-tags/flask-1.0.4/flask/helpers.py', 553, 553)"
340,breaks in linear flow,"('/home/toffer/Repos/flask-tags/flask-1.0.4/flask/helpers.py', 557, 557)"
341,breaks in linear flow,"('/home/toffer/Repos/flask-tags/flask-1.0.4/flask/helpers.py', 565, 565)"
342,breaks in linear flow,"('/home/toffer/Repos/flask-tags/flask-1.0.4/flask/helpers.py', 566, 566)"
343,breaks in linear flow,"('/home/toffer/Repos/flask-tags/flask-1.0.4/flask/helpers.py', 570, 570)"
344,breaks in linear flow,"('/home/toffer/Repos/flask-tags/flask-1.0.4/flask/helpers.py', 575, 575)"
345,breaks in linear flow,"('/home/toffer/Repos/flask-tags/flask-1.0.4/flask/helpers.py', 586, 586)"
346,breaks in linear flow,"('/home/toffer/Repos/flask-tags/flask-1.0.4/flask/helpers.py', 587, 587)"
347,breaks in linear flow,"('/home/toffer/Repos/flask-tags/flask-1.0.4/flask/helpers.py', 594, 594)"
348,breaks in linear flow,"('/home/toffer/Repos/flask-tags/flask-1.0.4/flask/helpers.py', 604, 604)"
349,breaks in linear flow,"('/home/toffer/Repos/flask-tags/flask-1.0.4/flask/helpers.py', 610, 610)"
350,breaks in linear flow,"('/home/toffer/Repos/flask-tags/flask-1.0.4/flask/helpers.py', 612, 612)"
351,breaks in linear flow,"('/home/toffer/Repos/flask-tags/flask-1.0.4/flask/helpers.py', 616, 616)"
352,breaks in linear flow,"('/home/toffer/Repos/flask-tags/flask-1.0.4/flask/helpers.py', 628, 628)"
353,breaks in linear flow,"('/home/toffer/Repos/flask-tags/flask-1.0.4/flask/helpers.py', 632, 632)"
354,breaks in linear flow,"('/home/toffer/Repos/flask-tags/flask-1.0.4/flask/helpers.py', 636, 636)"
355,breaks in linear flow,"('/home/toffer/Repos/flask-tags/flask-1.0.4/flask/helpers.py', 637, 637)"
356,breaks in linear flow,"('/home/toffer/Repos/flask-tags/flask-1.0.4/flask/helpers.py', 642, 642)"
357,breaks in linear flow,"('/home/toffer/Repos/flask-tags/flask-1.0.4/flask/helpers.py', 667, 667)"
358,breaks in linear flow,"('/home/toffer/Repos/flask-tags/flask-1.0.4/flask/helpers.py', 668, 668)"
359,breaks in linear flow,"('/home/toffer/Repos/flask-tags/flask-1.0.4/flask/helpers.py', 671, 671)"
360,breaks in linear flow,"('/home/toffer/Repos/flask-tags/flask-1.0.4/flask/helpers.py', 712, 712)"
361,breaks in linear flow,"('/home/toffer/Repos/flask-tags/flask-1.0.4/flask/helpers.py', 715, 715)"
362,breaks in linear flow,"('/home/toffer/Repos/flask-tags/flask-1.0.4/flask/helpers.py', 717, 717)"
363,breaks in linear flow,"('/home/toffer/Repos/flask-tags/flask-1.0.4/flask/helpers.py', 731, 731)"
364,breaks in linear flow,"('/home/toffer/Repos/flask-tags/flask-1.0.4/flask/helpers.py', 740, 740)"
365,breaks in linear flow,"('/home/toffer/Repos/flask-tags/flask-1.0.4/flask/helpers.py', 745, 745)"
366,breaks in linear flow,"('/home/toffer/Repos/flask-tags/flask-1.0.4/flask/helpers.py', 756, 756)"
367,breaks in linear flow,"('/home/toffer/Repos/flask-tags/flask-1.0.4/flask/helpers.py', 775, 775)"
368,breaks in linear flow,"('/home/toffer/Repos/flask-tags/flask-1.0.4/flask/helpers.py', 794, 794)"
369,breaks in linear flow,"('/home/toffer/Repos/flask-tags/flask-1.0.4/flask/helpers.py', 799, 799)"
370,breaks in linear flow,"('/home/toffer/Repos/flask-tags/flask-1.0.4/flask/helpers.py', 806, 806)"
371,breaks in linear flow,"('/home/toffer/Repos/flask-tags/flask-1.0.4/flask/helpers.py', 810, 810)"
372,breaks in linear flow,"('/home/toffer/Repos/flask-tags/flask-1.0.4/flask/helpers.py', 821, 821)"
373,breaks in linear flow,"('/home/toffer/Repos/flask-tags/flask-1.0.4/flask/helpers.py', 826, 826)"
374,breaks in linear flow,"('/home/toffer/Repos/flask-tags/flask-1.0.4/flask/helpers.py', 844, 844)"
375,breaks in linear flow,"('/home/toffer/Repos/flask-tags/flask-1.0.4/flask/helpers.py', 862, 862)"
376,breaks in linear flow,"('/home/toffer/Repos/flask-tags/flask-1.0.4/flask/helpers.py', 867, 867)"
377,breaks in linear flow,"('/home/toffer/Repos/flask-tags/flask-1.0.4/flask/helpers.py', 894, 894)"
378,breaks in linear flow,"('/home/toffer/Repos/flask-tags/flask-1.0.4/flask/helpers.py', 898, 898)"
379,breaks in linear flow,"('/home/toffer/Repos/flask-tags/flask-1.0.4/flask/helpers.py', 921, 921)"
380,breaks in linear flow,"('/home/toffer/Repos/flask-tags/flask-1.0.4/flask/helpers.py', 929, 929)"
381,breaks in linear flow,"('/home/toffer/Repos/flask-tags/flask-1.0.4/flask/helpers.py', 942, 942)"
382,breaks in linear flow,"('/home/toffer/Repos/flask-tags/flask-1.0.4/flask/helpers.py', 945, 945)"
383,breaks in linear flow,"('/home/toffer/Repos/flask-tags/flask-1.0.4/flask/helpers.py', 972, 972)"
384,breaks in linear flow,"('/home/toffer/Repos/flask-tags/flask-1.0.4/flask/helpers.py', 1008, 1008)"
385,breaks in linear flow,"('/home/toffer/Repos/flask-tags/flask-1.0.4/flask/helpers.py', 1039, 1039)"
386,breaks in linear flow,"('/home/toffer/Repos/flask-tags/flask-1.0.4/flask/helpers.py', 1067, 1067)"
387,breaks in linear flow,"('/home/toffer/Repos/flask-tags/flask-1.0.4/flask/helpers.py', 1071, 1071)"
388,breaks in linear flow,"('/home/toffer/Repos/flask-tags/flask-1.0.4/flask/helpers.py', 1074, 1074)"
389,breaks in linear flow,"('/home/toffer/Repos/flask-tags/flask-1.0.4/flask/helpers.py', 1077, 1077)"
390,breaks in linear flow,"('/home/toffer/Repos/flask-tags/flask-1.0.4/flask/app.py', 49, 49)"
391,breaks in linear flow,"('/home/toffer/Repos/flask-tags/flask-1.0.4/flask/app.py', 59, 59)"
392,breaks in linear flow,"('/home/toffer/Repos/flask-tags/flask-1.0.4/flask/app.py', 374, 374)"
393,breaks in linear flow,"('/home/toffer/Repos/flask-tags/flask-1.0.4/flask/app.py', 377, 377)"
394,breaks in linear flow,"('/home/toffer/Repos/flask-tags/flask-1.0.4/flask/app.py', 380, 380)"
395,breaks in linear flow,"('/home/toffer/Repos/flask-tags/flask-1.0.4/flask/app.py', 557, 557)"
396,breaks in linear flow,"('/home/toffer/Repos/flask-tags/flask-1.0.4/flask/app.py', 584, 584)"
397,breaks in linear flow,"('/home/toffer/Repos/flask-tags/flask-1.0.4/flask/app.py', 586, 586)"
398,breaks in linear flow,"('/home/toffer/Repos/flask-tags/flask-1.0.4/flask/app.py', 599, 599)"
399,breaks in linear flow,"('/home/toffer/Repos/flask-tags/flask-1.0.4/flask/app.py', 612, 612)"
400,breaks in linear flow,"('/home/toffer/Repos/flask-tags/flask-1.0.4/flask/app.py', 663, 663)"
401,breaks in linear flow,"('/home/toffer/Repos/flask-tags/flask-1.0.4/flask/app.py', 679, 679)"
402,breaks in linear flow,"('/home/toffer/Repos/flask-tags/flask-1.0.4/flask/app.py', 730, 730)"
403,breaks in linear flow,"('/home/toffer/Repos/flask-tags/flask-1.0.4/flask/app.py', 733, 733)"
404,breaks in linear flow,"('/home/toffer/Repos/flask-tags/flask-1.0.4/flask/app.py', 770, 770)"
405,breaks in linear flow,"('/home/toffer/Repos/flask-tags/flask-1.0.4/flask/app.py', 787, 787)"
406,breaks in linear flow,"('/home/toffer/Repos/flask-tags/flask-1.0.4/flask/app.py', 789, 789)"
407,breaks in linear flow,"('/home/toffer/Repos/flask-tags/flask-1.0.4/flask/app.py', 792, 792)"
408,breaks in linear flow,"('/home/toffer/Repos/flask-tags/flask-1.0.4/flask/app.py', 807, 807)"
409,breaks in linear flow,"('/home/toffer/Repos/flask-tags/flask-1.0.4/flask/app.py', 905, 905)"
410,breaks in linear flow,"('/home/toffer/Repos/flask-tags/flask-1.0.4/flask/app.py', 910, 910)"
411,breaks in linear flow,"('/home/toffer/Repos/flask-tags/flask-1.0.4/flask/app.py', 914, 914)"
412,breaks in linear flow,"('/home/toffer/Repos/flask-tags/flask-1.0.4/flask/app.py', 921, 921)"
413,breaks in linear flow,"('/home/toffer/Repos/flask-tags/flask-1.0.4/flask/app.py', 929, 929)"
414,breaks in linear flow,"('/home/toffer/Repos/flask-tags/flask-1.0.4/flask/app.py', 1003, 1003)"
415,breaks in linear flow,"('/home/toffer/Repos/flask-tags/flask-1.0.4/flask/app.py', 1019, 1019)"
416,breaks in linear flow,"('/home/toffer/Repos/flask-tags/flask-1.0.4/flask/app.py', 1103, 1103)"
417,breaks in linear flow,"('/home/toffer/Repos/flask-tags/flask-1.0.4/flask/app.py', 1180, 1180)"
418,breaks in linear flow,"('/home/toffer/Repos/flask-tags/flask-1.0.4/flask/app.py', 1188, 1188)"
419,breaks in linear flow,"('/home/toffer/Repos/flask-tags/flask-1.0.4/flask/app.py', 1190, 1190)"
420,breaks in linear flow,"('/home/toffer/Repos/flask-tags/flask-1.0.4/flask/app.py', 1200, 1200)"
421,breaks in linear flow,"('/home/toffer/Repos/flask-tags/flask-1.0.4/flask/app.py', 1204, 1204)"
422,breaks in linear flow,"('/home/toffer/Repos/flask-tags/flask-1.0.4/flask/app.py', 1205, 1205)"
423,breaks in linear flow,"('/home/toffer/Repos/flask-tags/flask-1.0.4/flask/app.py', 1218, 1218)"
424,breaks in linear flow,"('/home/toffer/Repos/flask-tags/flask-1.0.4/flask/app.py', 1220, 1220)"
425,breaks in linear flow,"('/home/toffer/Repos/flask-tags/flask-1.0.4/flask/app.py', 1280, 1280)"
426,breaks in linear flow,"('/home/toffer/Repos/flask-tags/flask-1.0.4/flask/app.py', 1287, 1287)"
427,breaks in linear flow,"('/home/toffer/Repos/flask-tags/flask-1.0.4/flask/app.py', 1344, 1344)"
428,breaks in linear flow,"('/home/toffer/Repos/flask-tags/flask-1.0.4/flask/app.py', 1353, 1353)"
429,breaks in linear flow,"('/home/toffer/Repos/flask-tags/flask-1.0.4/flask/app.py', 1621, 1621)"
430,breaks in linear flow,"('/home/toffer/Repos/flask-tags/flask-1.0.4/flask/app.py', 1627, 1627)"
431,breaks in linear flow,"('/home/toffer/Repos/flask-tags/flask-1.0.4/flask/app.py', 1628, 1628)"
432,breaks in linear flow,"('/home/toffer/Repos/flask-tags/flask-1.0.4/flask/app.py', 1630, 1630)"
433,breaks in linear flow,"('/home/toffer/Repos/flask-tags/flask-1.0.4/flask/app.py', 1633, 1633)"
434,breaks in linear flow,"('/home/toffer/Repos/flask-tags/flask-1.0.4/flask/app.py', 1655, 1655)"
435,breaks in linear flow,"('/home/toffer/Repos/flask-tags/flask-1.0.4/flask/app.py', 1661, 1661)"
436,breaks in linear flow,"('/home/toffer/Repos/flask-tags/flask-1.0.4/flask/app.py', 1665, 1665)"
437,breaks in linear flow,"('/home/toffer/Repos/flask-tags/flask-1.0.4/flask/app.py', 1686, 1686)"
438,breaks in linear flow,"('/home/toffer/Repos/flask-tags/flask-1.0.4/flask/app.py', 1692, 1692)"
439,breaks in linear flow,"('/home/toffer/Repos/flask-tags/flask-1.0.4/flask/app.py', 1698, 1698)"
440,breaks in linear flow,"('/home/toffer/Repos/flask-tags/flask-1.0.4/flask/app.py', 1725, 1725)"
441,breaks in linear flow,"('/home/toffer/Repos/flask-tags/flask-1.0.4/flask/app.py', 1726, 1726)"
442,breaks in linear flow,"('/home/toffer/Repos/flask-tags/flask-1.0.4/flask/app.py', 1732, 1732)"
443,breaks in linear flow,"('/home/toffer/Repos/flask-tags/flask-1.0.4/flask/app.py', 1737, 1737)"
444,breaks in linear flow,"('/home/toffer/Repos/flask-tags/flask-1.0.4/flask/app.py', 1742, 1742)"
445,breaks in linear flow,"('/home/toffer/Repos/flask-tags/flask-1.0.4/flask/app.py', 1760, 1760)"
446,breaks in linear flow,"('/home/toffer/Repos/flask-tags/flask-1.0.4/flask/app.py', 1765, 1765)"
447,breaks in linear flow,"('/home/toffer/Repos/flask-tags/flask-1.0.4/flask/app.py', 1771, 1771)"
448,breaks in linear flow,"('/home/toffer/Repos/flask-tags/flask-1.0.4/flask/app.py', 1796, 1796)"
449,breaks in linear flow,"('/home/toffer/Repos/flask-tags/flask-1.0.4/flask/app.py', 1815, 1815)"
450,breaks in linear flow,"('/home/toffer/Repos/flask-tags/flask-1.0.4/flask/app.py', 1820, 1820)"
451,breaks in linear flow,"('/home/toffer/Repos/flask-tags/flask-1.0.4/flask/app.py', 1837, 1837)"
452,breaks in linear flow,"('/home/toffer/Repos/flask-tags/flask-1.0.4/flask/app.py', 1839, 1839)"
453,breaks in linear flow,"('/home/toffer/Repos/flask-tags/flask-1.0.4/flask/app.py', 1860, 1860)"
454,breaks in linear flow,"('/home/toffer/Repos/flask-tags/flask-1.0.4/flask/app.py', 1861, 1861)"
455,breaks in linear flow,"('/home/toffer/Repos/flask-tags/flask-1.0.4/flask/app.py', 1874, 1874)"
456,breaks in linear flow,"('/home/toffer/Repos/flask-tags/flask-1.0.4/flask/app.py', 1877, 1877)"
457,breaks in linear flow,"('/home/toffer/Repos/flask-tags/flask-1.0.4/flask/app.py', 1879, 1879)"
458,breaks in linear flow,"('/home/toffer/Repos/flask-tags/flask-1.0.4/flask/app.py', 1891, 1891)"
459,breaks in linear flow,"('/home/toffer/Repos/flask-tags/flask-1.0.4/flask/app.py', 1898, 1898)"
460,breaks in linear flow,"('/home/toffer/Repos/flask-tags/flask-1.0.4/flask/app.py', 1900, 1900)"
461,breaks in linear flow,"('/home/toffer/Repos/flask-tags/flask-1.0.4/flask/app.py', 1959, 1959)"
462,breaks in linear flow,"('/home/toffer/Repos/flask-tags/flask-1.0.4/flask/app.py', 1963, 1963)"
463,breaks in linear flow,"('/home/toffer/Repos/flask-tags/flask-1.0.4/flask/app.py', 1967, 1967)"
464,breaks in linear flow,"('/home/toffer/Repos/flask-tags/flask-1.0.4/flask/app.py', 1980, 1980)"
465,breaks in linear flow,"('/home/toffer/Repos/flask-tags/flask-1.0.4/flask/app.py', 1988, 1988)"
466,breaks in linear flow,"('/home/toffer/Repos/flask-tags/flask-1.0.4/flask/app.py', 1989, 1989)"
467,breaks in linear flow,"('/home/toffer/Repos/flask-tags/flask-1.0.4/flask/app.py', 2000, 2000)"
468,breaks in linear flow,"('/home/toffer/Repos/flask-tags/flask-1.0.4/flask/app.py', 2010, 2010)"
469,breaks in linear flow,"('/home/toffer/Repos/flask-tags/flask-1.0.4/flask/app.py', 2011, 2011)"
470,breaks in linear flow,"('/home/toffer/Repos/flask-tags/flask-1.0.4/flask/app.py', 2017, 2017)"
471,breaks in linear flow,"('/home/toffer/Repos/flask-tags/flask-1.0.4/flask/app.py', 2037, 2037)"
472,breaks in linear flow,"('/home/toffer/Repos/flask-tags/flask-1.0.4/flask/app.py', 2049, 2049)"
473,breaks in linear flow,"('/home/toffer/Repos/flask-tags/flask-1.0.4/flask/app.py', 2063, 2063)"
474,breaks in linear flow,"('/home/toffer/Repos/flask-tags/flask-1.0.4/flask/app.py', 2066, 2066)"
475,breaks in linear flow,"('/home/toffer/Repos/flask-tags/flask-1.0.4/flask/app.py', 2073, 2073)"
476,breaks in linear flow,"('/home/toffer/Repos/flask-tags/flask-1.0.4/flask/app.py', 2076, 2076)"
477,breaks in linear flow,"('/home/toffer/Repos/flask-tags/flask-1.0.4/flask/app.py', 2078, 2078)"
478,breaks in linear flow,"('/home/toffer/Repos/flask-tags/flask-1.0.4/flask/app.py', 2085, 2085)"
479,breaks in linear flow,"('/home/toffer/Repos/flask-tags/flask-1.0.4/flask/app.py', 2103, 2103)"
480,breaks in linear flow,"('/home/toffer/Repos/flask-tags/flask-1.0.4/flask/app.py', 2105, 2105)"
481,breaks in linear flow,"('/home/toffer/Repos/flask-tags/flask-1.0.4/flask/app.py', 2109, 2109)"
482,breaks in linear flow,"('/home/toffer/Repos/flask-tags/flask-1.0.4/flask/app.py', 2111, 2111)"
483,breaks in linear flow,"('/home/toffer/Repos/flask-tags/flask-1.0.4/flask/app.py', 2113, 2113)"
484,breaks in linear flow,"('/home/toffer/Repos/flask-tags/flask-1.0.4/flask/app.py', 2132, 2132)"
485,breaks in linear flow,"('/home/toffer/Repos/flask-tags/flask-1.0.4/flask/app.py', 2134, 2134)"
486,breaks in linear flow,"('/home/toffer/Repos/flask-tags/flask-1.0.4/flask/app.py', 2136, 2136)"
487,breaks in linear flow,"('/home/toffer/Repos/flask-tags/flask-1.0.4/flask/app.py', 2138, 2138)"
488,breaks in linear flow,"('/home/toffer/Repos/flask-tags/flask-1.0.4/flask/app.py', 2163, 2163)"
489,breaks in linear flow,"('/home/toffer/Repos/flask-tags/flask-1.0.4/flask/app.py', 2167, 2167)"
490,breaks in linear flow,"('/home/toffer/Repos/flask-tags/flask-1.0.4/flask/app.py', 2169, 2169)"
491,breaks in linear flow,"('/home/toffer/Repos/flask-tags/flask-1.0.4/flask/app.py', 2188, 2188)"
492,breaks in linear flow,"('/home/toffer/Repos/flask-tags/flask-1.0.4/flask/app.py', 2190, 2190)"
493,breaks in linear flow,"('/home/toffer/Repos/flask-tags/flask-1.0.4/flask/app.py', 2318, 2318)"
494,breaks in linear flow,"('/home/toffer/Repos/flask-tags/flask-1.0.4/flask/app.py', 2321, 2321)"
495,breaks in linear flow,"('/home/toffer/Repos/flask-tags/flask-1.0.4/flask/app.py', 2326, 2326)"
496,breaks in linear flow,"('/home/toffer/Repos/flask-tags/flask-1.0.4/flask/cli.py', 36, 36)"
497,breaks in linear flow,"('/home/toffer/Repos/flask-tags/flask-1.0.4/flask/cli.py', 51, 51)"
498,breaks in linear flow,"('/home/toffer/Repos/flask-tags/flask-1.0.4/flask/cli.py', 54, 54)"
499,breaks in linear flow,"('/home/toffer/Repos/flask-tags/flask-1.0.4/flask/cli.py', 62, 62)"
500,breaks in linear flow,"('/home/toffer/Repos/flask-tags/flask-1.0.4/flask/cli.py', 72, 72)"
501,breaks in linear flow,"('/home/toffer/Repos/flask-tags/flask-1.0.4/flask/cli.py', 75, 75)"
502,breaks in linear flow,"('/home/toffer/Repos/flask-tags/flask-1.0.4/flask/cli.py', 79, 79)"
503,breaks in linear flow,"('/home/toffer/Repos/flask-tags/flask-1.0.4/flask/cli.py', 81, 81)"
504,breaks in linear flow,"('/home/toffer/Repos/flask-tags/flask-1.0.4/flask/cli.py', 82, 82)"
505,breaks in linear flow,"('/home/toffer/Repos/flask-tags/flask-1.0.4/flask/cli.py', 110, 110)"
506,breaks in linear flow,"('/home/toffer/Repos/flask-tags/flask-1.0.4/flask/cli.py', 131, 131)"
507,breaks in linear flow,"('/home/toffer/Repos/flask-tags/flask-1.0.4/flask/cli.py', 132, 132)"
508,breaks in linear flow,"('/home/toffer/Repos/flask-tags/flask-1.0.4/flask/cli.py', 153, 153)"
509,breaks in linear flow,"('/home/toffer/Repos/flask-tags/flask-1.0.4/flask/cli.py', 163, 163)"
510,breaks in linear flow,"('/home/toffer/Repos/flask-tags/flask-1.0.4/flask/cli.py', 166, 166)"
511,breaks in linear flow,"('/home/toffer/Repos/flask-tags/flask-1.0.4/flask/cli.py', 167, 167)"
512,breaks in linear flow,"('/home/toffer/Repos/flask-tags/flask-1.0.4/flask/cli.py', 170, 170)"
513,breaks in linear flow,"('/home/toffer/Repos/flask-tags/flask-1.0.4/flask/cli.py', 180, 180)"
514,breaks in linear flow,"('/home/toffer/Repos/flask-tags/flask-1.0.4/flask/cli.py', 181, 181)"
515,breaks in linear flow,"('/home/toffer/Repos/flask-tags/flask-1.0.4/flask/cli.py', 193, 193)"
516,breaks in linear flow,"('/home/toffer/Repos/flask-tags/flask-1.0.4/flask/cli.py', 210, 210)"
517,breaks in linear flow,"('/home/toffer/Repos/flask-tags/flask-1.0.4/flask/cli.py', 213, 213)"
518,breaks in linear flow,"('/home/toffer/Repos/flask-tags/flask-1.0.4/flask/cli.py', 219, 219)"
519,breaks in linear flow,"('/home/toffer/Repos/flask-tags/flask-1.0.4/flask/cli.py', 223, 223)"
520,breaks in linear flow,"('/home/toffer/Repos/flask-tags/flask-1.0.4/flask/cli.py', 224, 224)"
521,breaks in linear flow,"('/home/toffer/Repos/flask-tags/flask-1.0.4/flask/cli.py', 226, 226)"
522,breaks in linear flow,"('/home/toffer/Repos/flask-tags/flask-1.0.4/flask/cli.py', 237, 237)"
523,breaks in linear flow,"('/home/toffer/Repos/flask-tags/flask-1.0.4/flask/cli.py', 240, 240)"
524,breaks in linear flow,"('/home/toffer/Repos/flask-tags/flask-1.0.4/flask/cli.py', 254, 254)"
525,breaks in linear flow,"('/home/toffer/Repos/flask-tags/flask-1.0.4/flask/cli.py', 261, 261)"
526,breaks in linear flow,"('/home/toffer/Repos/flask-tags/flask-1.0.4/flask/cli.py', 299, 299)"
527,breaks in linear flow,"('/home/toffer/Repos/flask-tags/flask-1.0.4/flask/cli.py', 310, 310)"
528,breaks in linear flow,"('/home/toffer/Repos/flask-tags/flask-1.0.4/flask/cli.py', 318, 318)"
529,breaks in linear flow,"('/home/toffer/Repos/flask-tags/flask-1.0.4/flask/cli.py', 330, 330)"
530,breaks in linear flow,"('/home/toffer/Repos/flask-tags/flask-1.0.4/flask/cli.py', 334, 334)"
531,breaks in linear flow,"('/home/toffer/Repos/flask-tags/flask-1.0.4/flask/cli.py', 370, 370)"
532,breaks in linear flow,"('/home/toffer/Repos/flask-tags/flask-1.0.4/flask/cli.py', 375, 375)"
533,breaks in linear flow,"('/home/toffer/Repos/flask-tags/flask-1.0.4/flask/cli.py', 378, 378)"
534,breaks in linear flow,"('/home/toffer/Repos/flask-tags/flask-1.0.4/flask/cli.py', 383, 383)"
535,breaks in linear flow,"('/home/toffer/Repos/flask-tags/flask-1.0.4/flask/cli.py', 388, 388)"
536,breaks in linear flow,"('/home/toffer/Repos/flask-tags/flask-1.0.4/flask/cli.py', 389, 389)"
537,breaks in linear flow,"('/home/toffer/Repos/flask-tags/flask-1.0.4/flask/cli.py', 391, 391)"
538,breaks in linear flow,"('/home/toffer/Repos/flask-tags/flask-1.0.4/flask/cli.py', 398, 398)"
539,breaks in linear flow,"('/home/toffer/Repos/flask-tags/flask-1.0.4/flask/cli.py', 438, 438)"
540,breaks in linear flow,"('/home/toffer/Repos/flask-tags/flask-1.0.4/flask/cli.py', 482, 482)"
541,breaks in linear flow,"('/home/toffer/Repos/flask-tags/flask-1.0.4/flask/cli.py', 490, 490)"
542,breaks in linear flow,"('/home/toffer/Repos/flask-tags/flask-1.0.4/flask/cli.py', 498, 498)"
543,breaks in linear flow,"('/home/toffer/Repos/flask-tags/flask-1.0.4/flask/cli.py', 502, 502)"
544,breaks in linear flow,"('/home/toffer/Repos/flask-tags/flask-1.0.4/flask/cli.py', 506, 506)"
545,breaks in linear flow,"('/home/toffer/Repos/flask-tags/flask-1.0.4/flask/cli.py', 521, 521)"
546,breaks in linear flow,"('/home/toffer/Repos/flask-tags/flask-1.0.4/flask/cli.py', 527, 527)"
547,breaks in linear flow,"('/home/toffer/Repos/flask-tags/flask-1.0.4/flask/cli.py', 529, 529)"
548,breaks in linear flow,"('/home/toffer/Repos/flask-tags/flask-1.0.4/flask/cli.py', 541, 541)"
549,breaks in linear flow,"('/home/toffer/Repos/flask-tags/flask-1.0.4/flask/cli.py', 558, 558)"
550,breaks in linear flow,"('/home/toffer/Repos/flask-tags/flask-1.0.4/flask/cli.py', 563, 563)"
551,breaks in linear flow,"('/home/toffer/Repos/flask-tags/flask-1.0.4/flask/cli.py', 598, 598)"
552,breaks in linear flow,"('/home/toffer/Repos/flask-tags/flask-1.0.4/flask/cli.py', 599, 599)"
553,breaks in linear flow,"('/home/toffer/Repos/flask-tags/flask-1.0.4/flask/cli.py', 606, 606)"
554,breaks in linear flow,"('/home/toffer/Repos/flask-tags/flask-1.0.4/flask/cli.py', 611, 611)"
555,breaks in linear flow,"('/home/toffer/Repos/flask-tags/flask-1.0.4/flask/cli.py', 614, 614)"
556,breaks in linear flow,"('/home/toffer/Repos/flask-tags/flask-1.0.4/flask/cli.py', 615, 615)"
557,breaks in linear flow,"('/home/toffer/Repos/flask-tags/flask-1.0.4/flask/cli.py', 617, 617)"
558,breaks in linear flow,"('/home/toffer/Repos/flask-tags/flask-1.0.4/flask/cli.py', 622, 622)"
559,breaks in linear flow,"('/home/toffer/Repos/flask-tags/flask-1.0.4/flask/cli.py', 632, 632)"
560,breaks in linear flow,"('/home/toffer/Repos/flask-tags/flask-1.0.4/flask/cli.py', 635, 635)"
561,breaks in linear flow,"('/home/toffer/Repos/flask-tags/flask-1.0.4/flask/cli.py', 638, 638)"
562,breaks in linear flow,"('/home/toffer/Repos/flask-tags/flask-1.0.4/flask/cli.py', 645, 645)"
563,breaks in linear flow,"('/home/toffer/Repos/flask-tags/flask-1.0.4/flask/cli.py', 651, 651)"
564,breaks in linear flow,"('/home/toffer/Repos/flask-tags/flask-1.0.4/flask/cli.py', 670, 670)"
565,breaks in linear flow,"('/home/toffer/Repos/flask-tags/flask-1.0.4/flask/cli.py', 673, 673)"
566,breaks in linear flow,"('/home/toffer/Repos/flask-tags/flask-1.0.4/flask/cli.py', 676, 676)"
567,breaks in linear flow,"('/home/toffer/Repos/flask-tags/flask-1.0.4/flask/cli.py', 685, 685)"
568,breaks in linear flow,"('/home/toffer/Repos/flask-tags/flask-1.0.4/flask/cli.py', 686, 686)"
569,breaks in linear flow,"('/home/toffer/Repos/flask-tags/flask-1.0.4/flask/cli.py', 689, 689)"
570,breaks in linear flow,"('/home/toffer/Repos/flask-tags/flask-1.0.4/flask/cli.py', 702, 702)"
571,breaks in linear flow,"('/home/toffer/Repos/flask-tags/flask-1.0.4/flask/cli.py', 707, 707)"
572,breaks in linear flow,"('/home/toffer/Repos/flask-tags/flask-1.0.4/flask/cli.py', 708, 708)"
573,breaks in linear flow,"('/home/toffer/Repos/flask-tags/flask-1.0.4/flask/cli.py', 713, 713)"
574,breaks in linear flow,"('/home/toffer/Repos/flask-tags/flask-1.0.4/flask/cli.py', 718, 718)"
575,breaks in linear flow,"('/home/toffer/Repos/flask-tags/flask-1.0.4/flask/cli.py', 726, 726)"
576,breaks in linear flow,"('/home/toffer/Repos/flask-tags/flask-1.0.4/flask/cli.py', 769, 769)"
577,breaks in linear flow,"('/home/toffer/Repos/flask-tags/flask-1.0.4/flask/cli.py', 772, 772)"
578,breaks in linear flow,"('/home/toffer/Repos/flask-tags/flask-1.0.4/flask/cli.py', 775, 775)"
579,breaks in linear flow,"('/home/toffer/Repos/flask-tags/flask-1.0.4/flask/cli.py', 811, 811)"
580,breaks in linear flow,"('/home/toffer/Repos/flask-tags/flask-1.0.4/flask/cli.py', 840, 840)"
581,breaks in linear flow,"('/home/toffer/Repos/flask-tags/flask-1.0.4/flask/cli.py', 846, 846)"
582,breaks in linear flow,"('/home/toffer/Repos/flask-tags/flask-1.0.4/flask/cli.py', 867, 867)"
583,breaks in linear flow,"('/home/toffer/Repos/flask-tags/flask-1.0.4/flask/cli.py', 892, 892)"
584,breaks in linear flow,"('/home/toffer/Repos/flask-tags/flask-1.0.4/flask/cli.py', 895, 895)"
585,breaks in linear flow,"('/home/toffer/Repos/flask-tags/flask-1.0.4/flask/cli.py', 909, 909)"
586,breaks in linear flow,"('/home/toffer/Repos/flask-tags/flask-1.0.4/flask/wrappers.py', 65, 65)"
587,breaks in linear flow,"('/home/toffer/Repos/flask-tags/flask-1.0.4/flask/wrappers.py', 68, 68)"
588,breaks in linear flow,"('/home/toffer/Repos/flask-tags/flask-1.0.4/flask/wrappers.py', 75, 75)"
589,breaks in linear flow,"('/home/toffer/Repos/flask-tags/flask-1.0.4/flask/wrappers.py', 76, 76)"
590,breaks in linear flow,"('/home/toffer/Repos/flask-tags/flask-1.0.4/flask/wrappers.py', 78, 78)"
591,breaks in linear flow,"('/home/toffer/Repos/flask-tags/flask-1.0.4/flask/wrappers.py', 83, 83)"
592,breaks in linear flow,"('/home/toffer/Repos/flask-tags/flask-1.0.4/flask/wrappers.py', 87, 87)"
593,breaks in linear flow,"('/home/toffer/Repos/flask-tags/flask-1.0.4/flask/wrappers.py', 105, 105)"
594,breaks in linear flow,"('/home/toffer/Repos/flask-tags/flask-1.0.4/flask/wrappers.py', 148, 148)"
595,breaks in linear flow,"('/home/toffer/Repos/flask-tags/flask-1.0.4/flask/wrappers.py', 158, 158)"
596,breaks in linear flow,"('/home/toffer/Repos/flask-tags/flask-1.0.4/flask/wrappers.py', 164, 164)"
597,breaks in linear flow,"('/home/toffer/Repos/flask-tags/flask-1.0.4/flask/wrappers.py', 172, 172)"
598,breaks in linear flow,"('/home/toffer/Repos/flask-tags/flask-1.0.4/flask/wrappers.py', 212, 212)"
599,breaks in linear flow,"('/home/toffer/Repos/flask-tags/flask-1.0.4/flask/testing.py', 54, 54)"
600,breaks in linear flow,"('/home/toffer/Repos/flask-tags/flask-1.0.4/flask/testing.py', 58, 58)"
601,breaks in linear flow,"('/home/toffer/Repos/flask-tags/flask-1.0.4/flask/testing.py', 61, 61)"
602,breaks in linear flow,"('/home/toffer/Repos/flask-tags/flask-1.0.4/flask/testing.py', 72, 72)"
603,breaks in linear flow,"('/home/toffer/Repos/flask-tags/flask-1.0.4/flask/testing.py', 77, 77)"
604,breaks in linear flow,"('/home/toffer/Repos/flask-tags/flask-1.0.4/flask/testing.py', 81, 81)"
605,breaks in linear flow,"('/home/toffer/Repos/flask-tags/flask-1.0.4/flask/testing.py', 129, 129)"
606,breaks in linear flow,"('/home/toffer/Repos/flask-tags/flask-1.0.4/flask/testing.py', 139, 139)"
607,breaks in linear flow,"('/home/toffer/Repos/flask-tags/flask-1.0.4/flask/testing.py', 157, 157)"
608,breaks in linear flow,"('/home/toffer/Repos/flask-tags/flask-1.0.4/flask/testing.py', 167, 167)"
609,breaks in linear flow,"('/home/toffer/Repos/flask-tags/flask-1.0.4/flask/testing.py', 173, 173)"
610,breaks in linear flow,"('/home/toffer/Repos/flask-tags/flask-1.0.4/flask/testing.py', 200, 200)"
611,breaks in linear flow,"('/home/toffer/Repos/flask-tags/flask-1.0.4/flask/testing.py', 212, 212)"
612,breaks in linear flow,"('/home/toffer/Repos/flask-tags/flask-1.0.4/flask/testing.py', 240, 240)"
613,breaks in linear flow,"('/home/toffer/Repos/flask-tags/flask-1.0.4/flask/testing.py', 243, 243)"
614,breaks in linear flow,"('/home/toffer/Repos/flask-tags/flask-1.0.4/flask/debughelpers.py', 41, 41)"
615,breaks in linear flow,"('/home/toffer/Repos/flask-tags/flask-1.0.4/flask/debughelpers.py', 64, 64)"
616,breaks in linear flow,"('/home/toffer/Repos/flask-tags/flask-1.0.4/flask/debughelpers.py', 88, 88)"
617,breaks in linear flow,"('/home/toffer/Repos/flask-tags/flask-1.0.4/flask/debughelpers.py', 89, 89)"
618,breaks in linear flow,"('/home/toffer/Repos/flask-tags/flask-1.0.4/flask/debughelpers.py', 99, 99)"
619,breaks in linear flow,"('/home/toffer/Repos/flask-tags/flask-1.0.4/flask/debughelpers.py', 100, 100)"
620,breaks in linear flow,"('/home/toffer/Repos/flask-tags/flask-1.0.4/flask/debughelpers.py', 101, 101)"
621,breaks in linear flow,"('/home/toffer/Repos/flask-tags/flask-1.0.4/flask/debughelpers.py', 102, 102)"
622,breaks in linear flow,"('/home/toffer/Repos/flask-tags/flask-1.0.4/flask/debughelpers.py', 103, 103)"
623,breaks in linear flow,"('/home/toffer/Repos/flask-tags/flask-1.0.4/flask/debughelpers.py', 104, 104)"
624,breaks in linear flow,"('/home/toffer/Repos/flask-tags/flask-1.0.4/flask/debughelpers.py', 106, 106)"
625,breaks in linear flow,"('/home/toffer/Repos/flask-tags/flask-1.0.4/flask/debughelpers.py', 108, 108)"
626,breaks in linear flow,"('/home/toffer/Repos/flask-tags/flask-1.0.4/flask/debughelpers.py', 110, 110)"
627,breaks in linear flow,"('/home/toffer/Repos/flask-tags/flask-1.0.4/flask/debughelpers.py', 120, 120)"
628,breaks in linear flow,"('/home/toffer/Repos/flask-tags/flask-1.0.4/flask/debughelpers.py', 123, 123)"
629,breaks in linear flow,"('/home/toffer/Repos/flask-tags/flask-1.0.4/flask/debughelpers.py', 124, 124)"
630,breaks in linear flow,"('/home/toffer/Repos/flask-tags/flask-1.0.4/flask/debughelpers.py', 135, 135)"
631,breaks in linear flow,"('/home/toffer/Repos/flask-tags/flask-1.0.4/flask/debughelpers.py', 138, 138)"
632,breaks in linear flow,"('/home/toffer/Repos/flask-tags/flask-1.0.4/flask/debughelpers.py', 146, 146)"
633,breaks in linear flow,"('/home/toffer/Repos/flask-tags/flask-1.0.4/flask/debughelpers.py', 153, 153)"
634,breaks in linear flow,"('/home/toffer/Repos/flask-tags/flask-1.0.4/flask/debughelpers.py', 163, 163)"
635,breaks in linear flow,"('/home/toffer/Repos/flask-tags/flask-1.0.4/flask/logging.py', 40, 40)"
636,breaks in linear flow,"('/home/toffer/Repos/flask-tags/flask-1.0.4/flask/logging.py', 41, 41)"
637,breaks in linear flow,"('/home/toffer/Repos/flask-tags/flask-1.0.4/flask/logging.py', 44, 44)"
638,breaks in linear flow,"('/home/toffer/Repos/flask-tags/flask-1.0.4/flask/logging.py', 45, 45)"
639,breaks in linear flow,"('/home/toffer/Repos/flask-tags/flask-1.0.4/flask/logging.py', 72, 72)"
640,breaks in linear flow,"('/home/toffer/Repos/flask-tags/flask-1.0.4/flask/logging.py', 75, 75)"
641,breaks in linear flow,"('/home/toffer/Repos/flask-tags/flask-1.0.4/flask/config.py', 29, 29)"
642,breaks in linear flow,"('/home/toffer/Repos/flask-tags/flask-1.0.4/flask/config.py', 32, 32)"
643,breaks in linear flow,"('/home/toffer/Repos/flask-tags/flask-1.0.4/flask/config.py', 101, 101)"
644,breaks in linear flow,"('/home/toffer/Repos/flask-tags/flask-1.0.4/flask/config.py', 102, 102)"
645,breaks in linear flow,"('/home/toffer/Repos/flask-tags/flask-1.0.4/flask/config.py', 131, 131)"
646,breaks in linear flow,"('/home/toffer/Repos/flask-tags/flask-1.0.4/flask/config.py', 132, 132)"
647,breaks in linear flow,"('/home/toffer/Repos/flask-tags/flask-1.0.4/flask/config.py', 173, 173)"
648,breaks in linear flow,"('/home/toffer/Repos/flask-tags/flask-1.0.4/flask/config.py', 175, 175)"
649,breaks in linear flow,"('/home/toffer/Repos/flask-tags/flask-1.0.4/flask/config.py', 176, 176)"
650,breaks in linear flow,"('/home/toffer/Repos/flask-tags/flask-1.0.4/flask/config.py', 197, 197)"
651,breaks in linear flow,"('/home/toffer/Repos/flask-tags/flask-1.0.4/flask/config.py', 198, 198)"
652,breaks in linear flow,"('/home/toffer/Repos/flask-tags/flask-1.0.4/flask/config.py', 211, 211)"
653,breaks in linear flow,"('/home/toffer/Repos/flask-tags/flask-1.0.4/flask/config.py', 212, 212)"
654,breaks in linear flow,"('/home/toffer/Repos/flask-tags/flask-1.0.4/flask/config.py', 221, 221)"
655,breaks in linear flow,"('/home/toffer/Repos/flask-tags/flask-1.0.4/flask/config.py', 222, 222)"
656,breaks in linear flow,"('/home/toffer/Repos/flask-tags/flask-1.0.4/flask/config.py', 223, 223)"
657,breaks in linear flow,"('/home/toffer/Repos/flask-tags/flask-1.0.4/flask/config.py', 256, 256)"
658,breaks in linear flow,"('/home/toffer/Repos/flask-tags/flask-1.0.4/flask/config.py', 257, 257)"
659,breaks in linear flow,"('/home/toffer/Repos/flask-tags/flask-1.0.4/flask/config.py', 258, 258)"
660,breaks in linear flow,"('/home/toffer/Repos/flask-tags/flask-1.0.4/flask/config.py', 259, 259)"
661,breaks in linear flow,"('/home/toffer/Repos/flask-tags/flask-1.0.4/flask/config.py', 263, 263)"
662,breaks in linear flow,"('/home/toffer/Repos/flask-tags/flask-1.0.4/flask/views.py', 90, 90)"
663,breaks in linear flow,"('/home/toffer/Repos/flask-tags/flask-1.0.4/flask/views.py', 93, 93)"
664,breaks in linear flow,"('/home/toffer/Repos/flask-tags/flask-1.0.4/flask/views.py', 118, 118)"
665,breaks in linear flow,"('/home/toffer/Repos/flask-tags/flask-1.0.4/flask/views.py', 121, 121)"
666,breaks in linear flow,"('/home/toffer/Repos/flask-tags/flask-1.0.4/flask/views.py', 122, 122)"
667,breaks in linear flow,"('/home/toffer/Repos/flask-tags/flask-1.0.4/flask/views.py', 129, 129)"
668,breaks in linear flow,"('/home/toffer/Repos/flask-tags/flask-1.0.4/flask/views.py', 154, 154)"
669,breaks in linear flow,"('/home/toffer/Repos/flask-tags/flask-1.0.4/flask/signals.py', 17, 17)"
670,breaks in linear flow,"('/home/toffer/Repos/flask-tags/flask-1.0.4/flask/_compat.py', 20, 20)"
671,breaks in linear flow,"('/home/toffer/Repos/flask-tags/flask-1.0.4/flask/_compat.py', 34, 34)"
672,breaks in linear flow,"('/home/toffer/Repos/flask-tags/flask-1.0.4/flask/_compat.py', 84, 84)"
673,breaks in linear flow,"('/home/toffer/Repos/flask-tags/flask-1.0.4/flask/_compat.py', 89, 89)"
674,breaks in linear flow,"('/home/toffer/Repos/flask-tags/flask-1.0.4/flask/_compat.py', 96, 96)"
675,breaks in linear flow,"('/home/toffer/Repos/flask-tags/flask-1.0.4/flask/_compat.py', 98, 98)"
676,breaks in linear flow,"('/home/toffer/Repos/flask-tags/flask-1.0.4/flask/_compat.py', 100, 100)"
677,breaks in linear flow,"('/home/toffer/Repos/flask-tags/flask-1.0.4/flask/json/tag.py', 243, 243)"
678,breaks in linear flow,"('/home/toffer/Repos/flask-tags/flask-1.0.4/flask/json/tag.py', 263, 263)"
679,breaks in linear flow,"('/home/toffer/Repos/flask-tags/flask-1.0.4/flask/json/tag.py', 264, 264)"
680,breaks in linear flow,"('/home/toffer/Repos/flask-tags/flask-1.0.4/flask/json/tag.py', 269, 269)"
681,breaks in linear flow,"('/home/toffer/Repos/flask-tags/flask-1.0.4/flask/json/tag.py', 276, 276)"
682,breaks in linear flow,"('/home/toffer/Repos/flask-tags/flask-1.0.4/flask/json/tag.py', 277, 277)"
683,breaks in linear flow,"('/home/toffer/Repos/flask-tags/flask-1.0.4/flask/json/tag.py', 284, 284)"
684,breaks in linear flow,"('/home/toffer/Repos/flask-tags/flask-1.0.4/flask/json/tag.py', 289, 289)"
685,breaks in linear flow,"('/home/toffer/Repos/flask-tags/flask-1.0.4/flask/json/__init__.py', 35, 35)"
686,breaks in linear flow,"('/home/toffer/Repos/flask-tags/flask-1.0.4/flask/json/__init__.py', 43, 43)"
687,breaks in linear flow,"('/home/toffer/Repos/flask-tags/flask-1.0.4/flask/json/__init__.py', 73, 73)"
688,breaks in linear flow,"('/home/toffer/Repos/flask-tags/flask-1.0.4/flask/json/__init__.py', 75, 75)"
689,breaks in linear flow,"('/home/toffer/Repos/flask-tags/flask-1.0.4/flask/json/__init__.py', 77, 77)"
690,breaks in linear flow,"('/home/toffer/Repos/flask-tags/flask-1.0.4/flask/json/__init__.py', 79, 79)"
691,breaks in linear flow,"('/home/toffer/Repos/flask-tags/flask-1.0.4/flask/json/__init__.py', 94, 94)"
692,breaks in linear flow,"('/home/toffer/Repos/flask-tags/flask-1.0.4/flask/json/__init__.py', 97, 97)"
693,breaks in linear flow,"('/home/toffer/Repos/flask-tags/flask-1.0.4/flask/json/__init__.py', 103, 103)"
694,breaks in linear flow,"('/home/toffer/Repos/flask-tags/flask-1.0.4/flask/json/__init__.py', 114, 114)"
695,breaks in linear flow,"('/home/toffer/Repos/flask-tags/flask-1.0.4/flask/json/__init__.py', 117, 117)"
696,breaks in linear flow,"('/home/toffer/Repos/flask-tags/flask-1.0.4/flask/json/__init__.py', 140, 140)"
697,breaks in linear flow,"('/home/toffer/Repos/flask-tags/flask-1.0.4/flask/json/__init__.py', 143, 143)"
698,breaks in linear flow,"('/home/toffer/Repos/flask-tags/flask-1.0.4/flask/json/__init__.py', 146, 146)"
699,breaks in linear flow,"('/home/toffer/Repos/flask-tags/flask-1.0.4/flask/json/__init__.py', 149, 149)"
700,breaks in linear flow,"('/home/toffer/Repos/flask-tags/flask-1.0.4/flask/json/__init__.py', 152, 152)"
701,breaks in linear flow,"('/home/toffer/Repos/flask-tags/flask-1.0.4/flask/json/__init__.py', 153, 153)"
702,breaks in linear flow,"('/home/toffer/Repos/flask-tags/flask-1.0.4/flask/json/__init__.py', 156, 156)"
703,breaks in linear flow,"('/home/toffer/Repos/flask-tags/flask-1.0.4/flask/json/__init__.py', 159, 159)"
704,breaks in linear flow,"('/home/toffer/Repos/flask-tags/flask-1.0.4/flask/json/__init__.py', 162, 162)"
705,breaks in linear flow,"('/home/toffer/Repos/flask-tags/flask-1.0.4/flask/json/__init__.py', 165, 165)"
706,breaks in linear flow,"('/home/toffer/Repos/flask-tags/flask-1.0.4/flask/json/__init__.py', 195, 195)"
707,breaks in linear flow,"('/home/toffer/Repos/flask-tags/flask-1.0.4/flask/json/__init__.py', 204, 204)"
708,breaks in linear flow,"('/home/toffer/Repos/flask-tags/flask-1.0.4/flask/json/__init__.py', 231, 231)"
709,breaks in linear flow,"('/home/toffer/Repos/flask-tags/flask-1.0.4/flask/json/__init__.py', 233, 233)"
710,breaks in linear flow,"('/home/toffer/Repos/flask-tags/flask-1.0.4/flask/json/__init__.py', 242, 242)"
711,breaks in linear flow,"('/home/toffer/Repos/flask-tags/flask-1.0.4/flask/json/__init__.py', 277, 277)"
712,breaks in linear flow,"('/home/toffer/Repos/flask-tags/flask-1.0.4/flask/json/__init__.py', 339, 339)"
713,breaks in linear flow,"('/home/toffer/Repos/flask-tags/flask-1.0.4/flask/json/__init__.py', 343, 343)"
714,breaks in linear flow,"('/home/toffer/Repos/flask-tags/flask-1.0.4/examples/tutorial/flaskr/__init__.py', 16, 16)"
715,breaks in linear flow,"('/home/toffer/Repos/flask-tags/flask-1.0.4/examples/tutorial/flaskr/__init__.py', 26, 26)"
716,breaks in linear flow,"('/home/toffer/Repos/flask-tags/flask-1.0.4/examples/tutorial/flaskr/auth.py', 17, 17)"
717,breaks in linear flow,"('/home/toffer/Repos/flask-tags/flask-1.0.4/examples/tutorial/flaskr/auth.py', 31, 31)"
718,breaks in linear flow,"('/home/toffer/Repos/flask-tags/flask-1.0.4/examples/tutorial/flaskr/auth.py', 46, 46)"
719,breaks in linear flow,"('/home/toffer/Repos/flask-tags/flask-1.0.4/examples/tutorial/flaskr/auth.py', 52, 52)"
720,breaks in linear flow,"('/home/toffer/Repos/flask-tags/flask-1.0.4/examples/tutorial/flaskr/auth.py', 61, 61)"
721,breaks in linear flow,"('/home/toffer/Repos/flask-tags/flask-1.0.4/examples/tutorial/flaskr/auth.py', 79, 79)"
722,breaks in linear flow,"('/home/toffer/Repos/flask-tags/flask-1.0.4/examples/tutorial/flaskr/auth.py', 88, 88)"
723,breaks in linear flow,"('/home/toffer/Repos/flask-tags/flask-1.0.4/examples/tutorial/flaskr/auth.py', 93, 93)"
724,breaks in linear flow,"('/home/toffer/Repos/flask-tags/flask-1.0.4/examples/tutorial/flaskr/blog.py', 43, 43)"
725,breaks in linear flow,"('/home/toffer/Repos/flask-tags/flask-1.0.4/examples/tutorial/flaskr/blog.py', 46, 46)"
726,breaks in linear flow,"('/home/toffer/Repos/flask-tags/flask-1.0.4/examples/tutorial/flaskr/blog.py', 56, 56)"
727,breaks in linear flow,"('/home/toffer/Repos/flask-tags/flask-1.0.4/examples/tutorial/flaskr/blog.py', 61, 61)"
728,breaks in linear flow,"('/home/toffer/Repos/flask-tags/flask-1.0.4/examples/tutorial/flaskr/blog.py', 64, 64)"
729,breaks in linear flow,"('/home/toffer/Repos/flask-tags/flask-1.0.4/examples/tutorial/flaskr/blog.py', 85, 85)"
730,breaks in linear flow,"('/home/toffer/Repos/flask-tags/flask-1.0.4/examples/tutorial/flaskr/blog.py', 90, 90)"
731,breaks in linear flow,"('/home/toffer/Repos/flask-tags/flask-1.0.4/examples/tutorial/flaskr/blog.py', 93, 93)"
732,breaks in linear flow,"('/home/toffer/Repos/flask-tags/flask-1.0.4/examples/tutorial/flaskr/db.py', 13, 13)"
733,breaks in linear flow,"('/home/toffer/Repos/flask-tags/flask-1.0.4/examples/tutorial/flaskr/db.py', 29, 29)"
734,recursion,"('/home/toffer/Repos/flask-tags/flask-1.0.4/tests/test_basic.py', 576, 576)"
735,recursion,"('/home/toffer/Repos/flask-tags/flask-1.0.4/tests/test_views.py', 51, 51)"
