,type,file_start_end
0,method length,"('/home/toffer/Repos/flask-tags/flask-0.3/flask.py', 171, 204)"
1,method length,"('/home/toffer/Repos/flask-tags/flask-0.3/flask.py', 276, 304)"
2,method length,"('/home/toffer/Repos/flask-tags/flask-0.3/flask.py', 308, 376)"
3,method length,"('/home/toffer/Repos/flask-tags/flask-0.3/flask.py', 720, 747)"
4,method length,"('/home/toffer/Repos/flask-tags/flask-0.3/flask.py', 855, 939)"
5,method length,"('/home/toffer/Repos/flask-tags/flask-0.3/flask.py', 1054, 1096)"
6,method length,"('/home/toffer/Repos/flask-tags/flask-0.3/flask.py', 1098, 1166)"
7,method length,"('/home/toffer/Repos/flask-tags/flask-0.3/flask.py', 1269, 1299)"
8,method length,"('/home/toffer/Repos/flask-tags/flask-0.3/flask.py', 1339, 1367)"
9,method length,"('/home/toffer/Repos/flask-tags/flask-0.3/flask.py', 1369, 1406)"
10,method length,"('/home/toffer/Repos/flask-tags/flask-0.3/tests/flask_tests.py', 193, 220)"
11,method length,"('/home/toffer/Repos/flask-tags/flask-0.3/tests/flask_tests.py', 472, 505)"
12,method length,"('/home/toffer/Repos/flask-tags/flask-0.3/tests/flask_tests.py', 562, 595)"
13,method length,"('/home/toffer/Repos/flask-tags/flask-0.3/tests/flask_tests.py', 623, 649)"
14,method length,"('/home/toffer/Repos/flask-tags/flask-0.3/examples/minitwit/minitwit_tests.py', 107, 145)"
15,file length,"('/home/toffer/Repos/flask-tags/flask-0.3/flask.py', -1, -1)"
16,file length,"('/home/toffer/Repos/flask-tags/flask-0.3/tests/flask_tests.py', -1, -1)"
17,argument count,"('/home/toffer/Repos/flask-tags/flask-0.3/flask.py', 553, 553)"
18,argument count,"('/home/toffer/Repos/flask-tags/flask-0.3/flask.py', 1054, 1054)"
19,argument count,"('/home/toffer/Repos/flask-tags/flask-0.3/examples/minitwit/minitwit_tests.py', 32, 32)"
20,method count,"('/home/toffer/Repos/flask-tags/flask-0.3/flask.py', 66, 1416)"
21,method count,"('/home/toffer/Repos/flask-tags/flask-0.3/tests/flask_tests.py', 36, 735)"
22,Return Statements,"('/home/toffer/Repos/flask-tags/flask-0.3/tests/flask_tests.py', 507, 528)"
23,breaks in linear flow,"('/home/toffer/Repos/flask-tags/flask-0.3/flask.py', 33, 33)"
24,breaks in linear flow,"('/home/toffer/Repos/flask-tags/flask-0.3/flask.py', 36, 36)"
25,breaks in linear flow,"('/home/toffer/Repos/flask-tags/flask-0.3/flask.py', 50, 50)"
26,breaks in linear flow,"('/home/toffer/Repos/flask-tags/flask-0.3/flask.py', 68, 68)"
27,breaks in linear flow,"('/home/toffer/Repos/flask-tags/flask-0.3/flask.py', 76, 76)"
28,breaks in linear flow,"('/home/toffer/Repos/flask-tags/flask-0.3/flask.py', 78, 78)"
29,breaks in linear flow,"('/home/toffer/Repos/flask-tags/flask-0.3/flask.py', 140, 140)"
30,breaks in linear flow,"('/home/toffer/Repos/flask-tags/flask-0.3/flask.py', 148, 148)"
31,breaks in linear flow,"('/home/toffer/Repos/flask-tags/flask-0.3/flask.py', 167, 167)"
32,breaks in linear flow,"('/home/toffer/Repos/flask-tags/flask-0.3/flask.py', 197, 197)"
33,breaks in linear flow,"('/home/toffer/Repos/flask-tags/flask-0.3/flask.py', 199, 199)"
34,breaks in linear flow,"('/home/toffer/Repos/flask-tags/flask-0.3/flask.py', 269, 269)"
35,breaks in linear flow,"('/home/toffer/Repos/flask-tags/flask-0.3/flask.py', 271, 271)"
36,breaks in linear flow,"('/home/toffer/Repos/flask-tags/flask-0.3/flask.py', 301, 301)"
37,breaks in linear flow,"('/home/toffer/Repos/flask-tags/flask-0.3/flask.py', 342, 342)"
38,breaks in linear flow,"('/home/toffer/Repos/flask-tags/flask-0.3/flask.py', 348, 348)"
39,breaks in linear flow,"('/home/toffer/Repos/flask-tags/flask-0.3/flask.py', 350, 350)"
40,breaks in linear flow,"('/home/toffer/Repos/flask-tags/flask-0.3/flask.py', 352, 352)"
41,breaks in linear flow,"('/home/toffer/Repos/flask-tags/flask-0.3/flask.py', 356, 356)"
42,breaks in linear flow,"('/home/toffer/Repos/flask-tags/flask-0.3/flask.py', 357, 357)"
43,breaks in linear flow,"('/home/toffer/Repos/flask-tags/flask-0.3/flask.py', 358, 358)"
44,breaks in linear flow,"('/home/toffer/Repos/flask-tags/flask-0.3/flask.py', 365, 365)"
45,breaks in linear flow,"('/home/toffer/Repos/flask-tags/flask-0.3/flask.py', 366, 366)"
46,breaks in linear flow,"('/home/toffer/Repos/flask-tags/flask-0.3/flask.py', 371, 371)"
47,breaks in linear flow,"('/home/toffer/Repos/flask-tags/flask-0.3/flask.py', 418, 418)"
48,breaks in linear flow,"('/home/toffer/Repos/flask-tags/flask-0.3/flask.py', 426, 426)"
49,breaks in linear flow,"('/home/toffer/Repos/flask-tags/flask-0.3/flask.py', 432, 432)"
50,breaks in linear flow,"('/home/toffer/Repos/flask-tags/flask-0.3/flask.py', 435, 435)"
51,breaks in linear flow,"('/home/toffer/Repos/flask-tags/flask-0.3/flask.py', 474, 474)"
52,breaks in linear flow,"('/home/toffer/Repos/flask-tags/flask-0.3/flask.py', 535, 535)"
53,breaks in linear flow,"('/home/toffer/Repos/flask-tags/flask-0.3/flask.py', 559, 559)"
54,breaks in linear flow,"('/home/toffer/Repos/flask-tags/flask-0.3/flask.py', 626, 626)"
55,breaks in linear flow,"('/home/toffer/Repos/flask-tags/flask-0.3/flask.py', 695, 695)"
56,breaks in linear flow,"('/home/toffer/Repos/flask-tags/flask-0.3/flask.py', 696, 696)"
57,breaks in linear flow,"('/home/toffer/Repos/flask-tags/flask-0.3/flask.py', 743, 743)"
58,breaks in linear flow,"('/home/toffer/Repos/flask-tags/flask-0.3/flask.py', 745, 745)"
59,breaks in linear flow,"('/home/toffer/Repos/flask-tags/flask-0.3/flask.py', 746, 746)"
60,breaks in linear flow,"('/home/toffer/Repos/flask-tags/flask-0.3/flask.py', 919, 919)"
61,breaks in linear flow,"('/home/toffer/Repos/flask-tags/flask-0.3/flask.py', 922, 922)"
62,breaks in linear flow,"('/home/toffer/Repos/flask-tags/flask-0.3/flask.py', 957, 957)"
63,breaks in linear flow,"('/home/toffer/Repos/flask-tags/flask-0.3/flask.py', 972, 972)"
64,breaks in linear flow,"('/home/toffer/Repos/flask-tags/flask-0.3/flask.py', 985, 985)"
65,breaks in linear flow,"('/home/toffer/Repos/flask-tags/flask-0.3/flask.py', 987, 987)"
66,breaks in linear flow,"('/home/toffer/Repos/flask-tags/flask-0.3/flask.py', 1003, 1003)"
67,breaks in linear flow,"('/home/toffer/Repos/flask-tags/flask-0.3/flask.py', 1024, 1024)"
68,breaks in linear flow,"('/home/toffer/Repos/flask-tags/flask-0.3/flask.py', 1038, 1038)"
69,breaks in linear flow,"('/home/toffer/Repos/flask-tags/flask-0.3/flask.py', 1051, 1051)"
70,breaks in linear flow,"('/home/toffer/Repos/flask-tags/flask-0.3/flask.py', 1088, 1088)"
71,breaks in linear flow,"('/home/toffer/Repos/flask-tags/flask-0.3/flask.py', 1095, 1095)"
72,breaks in linear flow,"('/home/toffer/Repos/flask-tags/flask-0.3/flask.py', 1231, 1231)"
73,breaks in linear flow,"('/home/toffer/Repos/flask-tags/flask-0.3/flask.py', 1245, 1245)"
74,breaks in linear flow,"('/home/toffer/Repos/flask-tags/flask-0.3/flask.py', 1251, 1251)"
75,breaks in linear flow,"('/home/toffer/Repos/flask-tags/flask-0.3/flask.py', 1263, 1263)"
76,breaks in linear flow,"('/home/toffer/Repos/flask-tags/flask-0.3/flask.py', 1266, 1266)"
77,breaks in linear flow,"('/home/toffer/Repos/flask-tags/flask-0.3/flask.py', 1291, 1291)"
78,breaks in linear flow,"('/home/toffer/Repos/flask-tags/flask-0.3/flask.py', 1293, 1293)"
79,breaks in linear flow,"('/home/toffer/Repos/flask-tags/flask-0.3/flask.py', 1295, 1295)"
80,breaks in linear flow,"('/home/toffer/Repos/flask-tags/flask-0.3/flask.py', 1297, 1297)"
81,breaks in linear flow,"('/home/toffer/Repos/flask-tags/flask-0.3/flask.py', 1310, 1310)"
82,breaks in linear flow,"('/home/toffer/Repos/flask-tags/flask-0.3/flask.py', 1312, 1312)"
83,breaks in linear flow,"('/home/toffer/Repos/flask-tags/flask-0.3/flask.py', 1314, 1314)"
84,breaks in linear flow,"('/home/toffer/Repos/flask-tags/flask-0.3/flask.py', 1328, 1328)"
85,breaks in linear flow,"('/home/toffer/Repos/flask-tags/flask-0.3/flask.py', 1331, 1331)"
86,breaks in linear flow,"('/home/toffer/Repos/flask-tags/flask-0.3/flask.py', 1333, 1333)"
87,breaks in linear flow,"('/home/toffer/Repos/flask-tags/flask-0.3/flask.py', 1335, 1335)"
88,breaks in linear flow,"('/home/toffer/Repos/flask-tags/flask-0.3/flask.py', 1361, 1361)"
89,breaks in linear flow,"('/home/toffer/Repos/flask-tags/flask-0.3/flask.py', 1365, 1365)"
90,breaks in linear flow,"('/home/toffer/Repos/flask-tags/flask-0.3/flask.py', 1429, 1429)"
91,breaks in linear flow,"('/home/toffer/Repos/flask-tags/flask-0.3/docs/conf.py', 52, 52)"
92,breaks in linear flow,"('/home/toffer/Repos/flask-tags/flask-0.3/tests/flask_tests.py', 73, 73)"
93,breaks in linear flow,"('/home/toffer/Repos/flask-tags/flask-0.3/tests/flask_tests.py', 148, 148)"
94,breaks in linear flow,"('/home/toffer/Repos/flask-tags/flask-0.3/tests/flask_tests.py', 327, 327)"
95,breaks in linear flow,"('/home/toffer/Repos/flask-tags/flask-0.3/tests/flask_tests.py', 346, 346)"
96,breaks in linear flow,"('/home/toffer/Repos/flask-tags/flask-0.3/tests/flask_tests.py', 646, 646)"
97,breaks in linear flow,"('/home/toffer/Repos/flask-tags/flask-0.3/tests/flask_tests.py', 675, 675)"
98,breaks in linear flow,"('/home/toffer/Repos/flask-tags/flask-0.3/tests/flask_tests.py', 679, 679)"
99,breaks in linear flow,"('/home/toffer/Repos/flask-tags/flask-0.3/tests/flask_tests.py', 688, 688)"
100,breaks in linear flow,"('/home/toffer/Repos/flask-tags/flask-0.3/tests/flask_tests.py', 732, 732)"
101,breaks in linear flow,"('/home/toffer/Repos/flask-tags/flask-0.3/tests/flask_tests.py', 739, 739)"
102,breaks in linear flow,"('/home/toffer/Repos/flask-tags/flask-0.3/examples/jqueryexample/jqueryexample.py', 28, 28)"
103,breaks in linear flow,"('/home/toffer/Repos/flask-tags/flask-0.3/examples/flaskr/flaskr.py', 66, 66)"
104,breaks in linear flow,"('/home/toffer/Repos/flask-tags/flask-0.3/examples/flaskr/flaskr.py', 78, 78)"
105,breaks in linear flow,"('/home/toffer/Repos/flask-tags/flask-0.3/examples/flaskr/flaskr.py', 79, 79)"
106,breaks in linear flow,"('/home/toffer/Repos/flask-tags/flask-0.3/examples/flaskr/flaskr.py', 97, 97)"
107,breaks in linear flow,"('/home/toffer/Repos/flask-tags/flask-0.3/examples/flaskr/flaskr_tests.py', 73, 73)"
108,breaks in linear flow,"('/home/toffer/Repos/flask-tags/flask-0.3/examples/minitwit/minitwit.py', 80, 80)"
109,breaks in linear flow,"('/home/toffer/Repos/flask-tags/flask-0.3/examples/minitwit/minitwit.py', 98, 98)"
110,breaks in linear flow,"('/home/toffer/Repos/flask-tags/flask-0.3/examples/minitwit/minitwit.py', 124, 124)"
111,breaks in linear flow,"('/home/toffer/Repos/flask-tags/flask-0.3/examples/minitwit/minitwit.py', 127, 127)"
112,breaks in linear flow,"('/home/toffer/Repos/flask-tags/flask-0.3/examples/minitwit/minitwit.py', 143, 143)"
113,breaks in linear flow,"('/home/toffer/Repos/flask-tags/flask-0.3/examples/minitwit/minitwit.py', 146, 146)"
114,breaks in linear flow,"('/home/toffer/Repos/flask-tags/flask-0.3/examples/minitwit/minitwit.py', 158, 158)"
115,breaks in linear flow,"('/home/toffer/Repos/flask-tags/flask-0.3/examples/minitwit/minitwit.py', 161, 161)"
116,breaks in linear flow,"('/home/toffer/Repos/flask-tags/flask-0.3/examples/minitwit/minitwit.py', 173, 173)"
117,breaks in linear flow,"('/home/toffer/Repos/flask-tags/flask-0.3/examples/minitwit/minitwit.py', 175, 175)"
118,breaks in linear flow,"('/home/toffer/Repos/flask-tags/flask-0.3/examples/minitwit/minitwit.py', 187, 187)"
119,breaks in linear flow,"('/home/toffer/Repos/flask-tags/flask-0.3/examples/minitwit/minitwit.py', 190, 190)"
120,breaks in linear flow,"('/home/toffer/Repos/flask-tags/flask-0.3/examples/minitwit/minitwit.py', 193, 193)"
121,breaks in linear flow,"('/home/toffer/Repos/flask-tags/flask-0.3/examples/minitwit/minitwit.py', 208, 208)"
122,breaks in linear flow,"('/home/toffer/Repos/flask-tags/flask-0.3/examples/minitwit/minitwit.py', 211, 211)"
123,breaks in linear flow,"('/home/toffer/Repos/flask-tags/flask-0.3/examples/minitwit/minitwit.py', 212, 212)"
124,breaks in linear flow,"('/home/toffer/Repos/flask-tags/flask-0.3/examples/minitwit/minitwit.py', 247, 247)"
125,breaks in linear flow,"('/home/toffer/Repos/flask-tags/flask-0.3/examples/minitwit/minitwit_tests.py', 34, 34)"
126,breaks in linear flow,"('/home/toffer/Repos/flask-tags/flask-0.3/examples/minitwit/minitwit_tests.py', 36, 36)"
127,breaks in linear flow,"('/home/toffer/Repos/flask-tags/flask-0.3/examples/minitwit/minitwit_tests.py', 65, 65)"
128,breaks in linear flow,"('/home/toffer/Repos/flask-tags/flask-0.3/examples/minitwit/minitwit_tests.py', 148, 148)"
