,type,file_start_end
0,method length,"('/home/toffer/Repos/flask-tags/flask-1.1.3/tests/test_helpers.py', 285, 318)"
1,method length,"('/home/toffer/Repos/flask-tags/flask-1.1.3/tests/test_helpers.py', 320, 358)"
2,method length,"('/home/toffer/Repos/flask-tags/flask-1.1.3/tests/test_helpers.py', 378, 446)"
3,method length,"('/home/toffer/Repos/flask-tags/flask-1.1.3/tests/test_helpers.py', 492, 544)"
4,method length,"('/home/toffer/Repos/flask-tags/flask-1.1.3/tests/test_helpers.py', 559, 618)"
5,method length,"('/home/toffer/Repos/flask-tags/flask-1.1.3/tests/test_helpers.py', 649, 686)"
6,method length,"('/home/toffer/Repos/flask-tags/flask-1.1.3/tests/test_helpers.py', 720, 764)"
7,method length,"('/home/toffer/Repos/flask-tags/flask-1.1.3/tests/test_helpers.py', 904, 933)"
8,method length,"('/home/toffer/Repos/flask-tags/flask-1.1.3/tests/conftest.py', 102, 130)"
9,method length,"('/home/toffer/Repos/flask-tags/flask-1.1.3/tests/conftest.py', 160, 194)"
10,method length,"('/home/toffer/Repos/flask-tags/flask-1.1.3/tests/conftest.py', 164, 192)"
11,method length,"('/home/toffer/Repos/flask-tags/flask-1.1.3/tests/test_cli.py', 56, 148)"
12,method length,"('/home/toffer/Repos/flask-tags/flask-1.1.3/tests/test_cli.py', 279, 326)"
13,method length,"('/home/toffer/Repos/flask-tags/flask-1.1.3/tests/test_cli.py', 344, 371)"
14,method length,"('/home/toffer/Repos/flask-tags/flask-1.1.3/tests/test_cli.py', 618, 658)"
15,method length,"('/home/toffer/Repos/flask-tags/flask-1.1.3/tests/test_basic.py', 75, 118)"
16,method length,"('/home/toffer/Repos/flask-tags/flask-1.1.3/tests/test_basic.py', 152, 185)"
17,method length,"('/home/toffer/Repos/flask-tags/flask-1.1.3/tests/test_basic.py', 405, 434)"
18,method length,"('/home/toffer/Repos/flask-tags/flask-1.1.3/tests/test_basic.py', 451, 479)"
19,method length,"('/home/toffer/Repos/flask-tags/flask-1.1.3/tests/test_basic.py', 482, 520)"
20,method length,"('/home/toffer/Repos/flask-tags/flask-1.1.3/tests/test_basic.py', 523, 575)"
21,method length,"('/home/toffer/Repos/flask-tags/flask-1.1.3/tests/test_basic.py', 593, 665)"
22,method length,"('/home/toffer/Repos/flask-tags/flask-1.1.3/tests/test_basic.py', 771, 806)"
23,method length,"('/home/toffer/Repos/flask-tags/flask-1.1.3/tests/test_basic.py', 809, 844)"
24,method length,"('/home/toffer/Repos/flask-tags/flask-1.1.3/tests/test_basic.py', 847, 882)"
25,method length,"('/home/toffer/Repos/flask-tags/flask-1.1.3/tests/test_basic.py', 958, 987)"
26,method length,"('/home/toffer/Repos/flask-tags/flask-1.1.3/tests/test_basic.py', 990, 1020)"
27,method length,"('/home/toffer/Repos/flask-tags/flask-1.1.3/tests/test_basic.py', 1023, 1051)"
28,method length,"('/home/toffer/Repos/flask-tags/flask-1.1.3/tests/test_basic.py', 1112, 1192)"
29,method length,"('/home/toffer/Repos/flask-tags/flask-1.1.3/tests/test_basic.py', 1195, 1235)"
30,method length,"('/home/toffer/Repos/flask-tags/flask-1.1.3/tests/test_basic.py', 1475, 1514)"
31,method length,"('/home/toffer/Repos/flask-tags/flask-1.1.3/tests/test_basic.py', 1579, 1605)"
32,method length,"('/home/toffer/Repos/flask-tags/flask-1.1.3/tests/test_basic.py', 1769, 1798)"
33,method length,"('/home/toffer/Repos/flask-tags/flask-1.1.3/tests/test_basic.py', 1961, 1988)"
34,method length,"('/home/toffer/Repos/flask-tags/flask-1.1.3/tests/test_signals.py', 71, 113)"
35,method length,"('/home/toffer/Repos/flask-tags/flask-1.1.3/tests/test_views.py', 111, 148)"
36,method length,"('/home/toffer/Repos/flask-tags/flask-1.1.3/tests/test_reqctx.py', 69, 107)"
37,method length,"('/home/toffer/Repos/flask-tags/flask-1.1.3/tests/test_reqctx.py', 153, 180)"
38,method length,"('/home/toffer/Repos/flask-tags/flask-1.1.3/tests/test_testing.py', 164, 191)"
39,method length,"('/home/toffer/Repos/flask-tags/flask-1.1.3/tests/test_testing.py', 238, 267)"
40,method length,"('/home/toffer/Repos/flask-tags/flask-1.1.3/tests/test_blueprints.py', 21, 56)"
41,method length,"('/home/toffer/Repos/flask-tags/flask-1.1.3/tests/test_blueprints.py', 59, 90)"
42,method length,"('/home/toffer/Repos/flask-tags/flask-1.1.3/tests/test_blueprints.py', 189, 233)"
43,method length,"('/home/toffer/Repos/flask-tags/flask-1.1.3/tests/test_blueprints.py', 322, 351)"
44,method length,"('/home/toffer/Repos/flask-tags/flask-1.1.3/tests/test_blueprints.py', 354, 412)"
45,method length,"('/home/toffer/Repos/flask-tags/flask-1.1.3/tests/test_blueprints.py', 704, 741)"
46,method length,"('/home/toffer/Repos/flask-tags/flask-1.1.3/tests/test_blueprints.py', 765, 793)"
47,method length,"('/home/toffer/Repos/flask-tags/flask-1.1.3/tests/test_blueprints.py', 796, 836)"
48,method length,"('/home/toffer/Repos/flask-tags/flask-1.1.3/tests/test_templating.py', 363, 391)"
49,method length,"('/home/toffer/Repos/flask-tags/flask-1.1.3/tests/test_templating.py', 409, 442)"
50,method length,"('/home/toffer/Repos/flask-tags/flask-1.1.3/tests/test_user_error_handler.py', 18, 52)"
51,method length,"('/home/toffer/Repos/flask-tags/flask-1.1.3/tests/test_user_error_handler.py', 55, 91)"
52,method length,"('/home/toffer/Repos/flask-tags/flask-1.1.3/tests/test_user_error_handler.py', 94, 127)"
53,method length,"('/home/toffer/Repos/flask-tags/flask-1.1.3/tests/test_user_error_handler.py', 157, 208)"
54,method length,"('/home/toffer/Repos/flask-tags/flask-1.1.3/examples/tutorial/flaskr/__init__.py', 6, 50)"
55,method length,"('/home/toffer/Repos/flask-tags/flask-1.1.3/examples/tutorial/flaskr/auth.py', 47, 81)"
56,method length,"('/home/toffer/Repos/flask-tags/flask-1.1.3/examples/tutorial/flaskr/blog.py', 28, 57)"
57,method length,"('/home/toffer/Repos/flask-tags/flask-1.1.3/src/flask/blueprints.py', 29, 63)"
58,method length,"('/home/toffer/Repos/flask-tags/flask-1.1.3/src/flask/blueprints.py', 233, 270)"
59,method length,"('/home/toffer/Repos/flask-tags/flask-1.1.3/src/flask/sessions.py', 176, 232)"
60,method length,"('/home/toffer/Repos/flask-tags/flask-1.1.3/src/flask/sessions.py', 353, 388)"
61,method length,"('/home/toffer/Repos/flask-tags/flask-1.1.3/src/flask/ctx.py', 123, 160)"
62,method length,"('/home/toffer/Repos/flask-tags/flask-1.1.3/src/flask/ctx.py', 163, 192)"
63,method length,"('/home/toffer/Repos/flask-tags/flask-1.1.3/src/flask/ctx.py', 285, 315)"
64,method length,"('/home/toffer/Repos/flask-tags/flask-1.1.3/src/flask/ctx.py', 355, 396)"
65,method length,"('/home/toffer/Repos/flask-tags/flask-1.1.3/src/flask/ctx.py', 398, 443)"
66,method length,"('/home/toffer/Repos/flask-tags/flask-1.1.3/src/flask/helpers.py', 101, 174)"
67,method length,"('/home/toffer/Repos/flask-tags/flask-1.1.3/src/flask/helpers.py', 177, 223)"
68,method length,"('/home/toffer/Repos/flask-tags/flask-1.1.3/src/flask/helpers.py', 226, 374)"
69,method length,"('/home/toffer/Repos/flask-tags/flask-1.1.3/src/flask/helpers.py', 399, 426)"
70,method length,"('/home/toffer/Repos/flask-tags/flask-1.1.3/src/flask/helpers.py', 429, 466)"
71,method length,"('/home/toffer/Repos/flask-tags/flask-1.1.3/src/flask/helpers.py', 478, 693)"
72,method length,"('/home/toffer/Repos/flask-tags/flask-1.1.3/src/flask/helpers.py', 696, 730)"
73,method length,"('/home/toffer/Repos/flask-tags/flask-1.1.3/src/flask/helpers.py', 733, 771)"
74,method length,"('/home/toffer/Repos/flask-tags/flask-1.1.3/src/flask/helpers.py', 774, 819)"
75,method length,"('/home/toffer/Repos/flask-tags/flask-1.1.3/src/flask/helpers.py', 850, 905)"
76,method length,"('/home/toffer/Repos/flask-tags/flask-1.1.3/src/flask/helpers.py', 1087, 1114)"
77,method length,"('/home/toffer/Repos/flask-tags/flask-1.1.3/src/flask/helpers.py', 1128, 1155)"
78,method length,"('/home/toffer/Repos/flask-tags/flask-1.1.3/src/flask/app.py', 414, 610)"
79,method length,"('/home/toffer/Repos/flask-tags/flask-1.1.3/src/flask/app.py', 761, 794)"
80,method length,"('/home/toffer/Repos/flask-tags/flask-1.1.3/src/flask/app.py', 889, 995)"
81,method length,"('/home/toffer/Repos/flask-tags/flask-1.1.3/src/flask/app.py', 997, 1051)"
82,method length,"('/home/toffer/Repos/flask-tags/flask-1.1.3/src/flask/app.py', 1135, 1168)"
83,method length,"('/home/toffer/Repos/flask-tags/flask-1.1.3/src/flask/app.py', 1185, 1286)"
84,method length,"('/home/toffer/Repos/flask-tags/flask-1.1.3/src/flask/app.py', 1288, 1318)"
85,method length,"('/home/toffer/Repos/flask-tags/flask-1.1.3/src/flask/app.py', 1360, 1394)"
86,method length,"('/home/toffer/Repos/flask-tags/flask-1.1.3/src/flask/app.py', 1576, 1612)"
87,method length,"('/home/toffer/Repos/flask-tags/flask-1.1.3/src/flask/app.py', 1615, 1645)"
88,method length,"('/home/toffer/Repos/flask-tags/flask-1.1.3/src/flask/app.py', 1713, 1744)"
89,method length,"('/home/toffer/Repos/flask-tags/flask-1.1.3/src/flask/app.py', 1746, 1779)"
90,method length,"('/home/toffer/Repos/flask-tags/flask-1.1.3/src/flask/app.py', 1781, 1822)"
91,method length,"('/home/toffer/Repos/flask-tags/flask-1.1.3/src/flask/app.py', 1824, 1881)"
92,method length,"('/home/toffer/Repos/flask-tags/flask-1.1.3/src/flask/app.py', 2029, 2145)"
93,method length,"('/home/toffer/Repos/flask-tags/flask-1.1.3/src/flask/app.py', 2147, 2183)"
94,method length,"('/home/toffer/Repos/flask-tags/flask-1.1.3/src/flask/app.py', 2272, 2301)"
95,method length,"('/home/toffer/Repos/flask-tags/flask-1.1.3/src/flask/app.py', 2361, 2415)"
96,method length,"('/home/toffer/Repos/flask-tags/flask-1.1.3/src/flask/app.py', 2417, 2458)"
97,method length,"('/home/toffer/Repos/flask-tags/flask-1.1.3/src/flask/cli.py', 52, 100)"
98,method length,"('/home/toffer/Repos/flask-tags/flask-1.1.3/src/flask/cli.py', 148, 204)"
99,method length,"('/home/toffer/Repos/flask-tags/flask-1.1.3/src/flask/cli.py', 207, 233)"
100,method length,"('/home/toffer/Repos/flask-tags/flask-1.1.3/src/flask/cli.py', 368, 410)"
101,method length,"('/home/toffer/Repos/flask-tags/flask-1.1.3/src/flask/cli.py', 596, 654)"
102,method length,"('/home/toffer/Repos/flask-tags/flask-1.1.3/src/flask/cli.py', 657, 683)"
103,method length,"('/home/toffer/Repos/flask-tags/flask-1.1.3/src/flask/cli.py', 697, 729)"
104,method length,"('/home/toffer/Repos/flask-tags/flask-1.1.3/src/flask/cli.py', 732, 764)"
105,method length,"('/home/toffer/Repos/flask-tags/flask-1.1.3/src/flask/cli.py', 827, 861)"
106,method length,"('/home/toffer/Repos/flask-tags/flask-1.1.3/src/flask/cli.py', 866, 896)"
107,method length,"('/home/toffer/Repos/flask-tags/flask-1.1.3/src/flask/cli.py', 912, 942)"
108,method length,"('/home/toffer/Repos/flask-tags/flask-1.1.3/src/flask/testing.py', 56, 86)"
109,method length,"('/home/toffer/Repos/flask-tags/flask-1.1.3/src/flask/testing.py', 140, 190)"
110,method length,"('/home/toffer/Repos/flask-tags/flask-1.1.3/src/flask/testing.py', 192, 228)"
111,method length,"('/home/toffer/Repos/flask-tags/flask-1.1.3/src/flask/debughelpers.py', 124, 169)"
112,method length,"('/home/toffer/Repos/flask-tags/flask-1.1.3/src/flask/logging.py', 74, 109)"
113,method length,"('/home/toffer/Repos/flask-tags/flask-1.1.3/src/flask/config.py', 113, 139)"
114,method length,"('/home/toffer/Repos/flask-tags/flask-1.1.3/src/flask/config.py', 141, 177)"
115,method length,"('/home/toffer/Repos/flask-tags/flask-1.1.3/src/flask/config.py', 227, 266)"
116,method length,"('/home/toffer/Repos/flask-tags/flask-1.1.3/src/flask/views.py', 77, 108)"
117,method length,"('/home/toffer/Repos/flask-tags/flask-1.1.3/src/flask/json/tag.py', 255, 281)"
118,method length,"('/home/toffer/Repos/flask-tags/flask-1.1.3/src/flask/json/__init__.py', 73, 100)"
119,method length,"('/home/toffer/Repos/flask-tags/flask-1.1.3/src/flask/json/__init__.py', 145, 185)"
120,method length,"('/home/toffer/Repos/flask-tags/flask-1.1.3/src/flask/json/__init__.py', 188, 214)"
121,method length,"('/home/toffer/Repos/flask-tags/flask-1.1.3/src/flask/json/__init__.py', 226, 253)"
122,method length,"('/home/toffer/Repos/flask-tags/flask-1.1.3/src/flask/json/__init__.py', 264, 298)"
123,method length,"('/home/toffer/Repos/flask-tags/flask-1.1.3/src/flask/json/__init__.py', 306, 372)"
124,file length,"('/home/toffer/Repos/flask-tags/flask-1.1.3/tests/test_helpers.py', -1, -1)"
125,file length,"('/home/toffer/Repos/flask-tags/flask-1.1.3/tests/test_cli.py', -1, -1)"
126,file length,"('/home/toffer/Repos/flask-tags/flask-1.1.3/tests/test_basic.py', -1, -1)"
127,file length,"('/home/toffer/Repos/flask-tags/flask-1.1.3/tests/test_testing.py', -1, -1)"
128,file length,"('/home/toffer/Repos/flask-tags/flask-1.1.3/tests/test_blueprints.py', -1, -1)"
129,file length,"('/home/toffer/Repos/flask-tags/flask-1.1.3/tests/test_templating.py', -1, -1)"
130,file length,"('/home/toffer/Repos/flask-tags/flask-1.1.3/src/flask/blueprints.py', -1, -1)"
131,file length,"('/home/toffer/Repos/flask-tags/flask-1.1.3/src/flask/sessions.py', -1, -1)"
132,file length,"('/home/toffer/Repos/flask-tags/flask-1.1.3/src/flask/ctx.py', -1, -1)"
133,file length,"('/home/toffer/Repos/flask-tags/flask-1.1.3/src/flask/helpers.py', -1, -1)"
134,file length,"('/home/toffer/Repos/flask-tags/flask-1.1.3/src/flask/app.py', -1, -1)"
135,file length,"('/home/toffer/Repos/flask-tags/flask-1.1.3/src/flask/cli.py', -1, -1)"
136,file length,"('/home/toffer/Repos/flask-tags/flask-1.1.3/src/flask/json/__init__.py', -1, -1)"
137,argument count,"('/home/toffer/Repos/flask-tags/flask-1.1.3/docs/conf.py', 67, 67)"
138,argument count,"('/home/toffer/Repos/flask-tags/flask-1.1.3/tests/test_helpers.py', 134, 134)"
139,argument count,"('/home/toffer/Repos/flask-tags/flask-1.1.3/tests/test_helpers.py', 1002, 1004)"
140,argument count,"('/home/toffer/Repos/flask-tags/flask-1.1.3/tests/test_helpers.py', 1021, 1021)"
141,argument count,"('/home/toffer/Repos/flask-tags/flask-1.1.3/tests/test_basic.py', 1544, 1546)"
142,argument count,"('/home/toffer/Repos/flask-tags/flask-1.1.3/tests/test_basic.py', 1928, 1928)"
143,argument count,"('/home/toffer/Repos/flask-tags/flask-1.1.3/tests/test_basic.py', 1949, 1951)"
144,argument count,"('/home/toffer/Repos/flask-tags/flask-1.1.3/tests/test_instance_config.py', 69, 71)"
145,argument count,"('/home/toffer/Repos/flask-tags/flask-1.1.3/tests/test_instance_config.py', 82, 84)"
146,argument count,"('/home/toffer/Repos/flask-tags/flask-1.1.3/tests/test_instance_config.py', 100, 102)"
147,argument count,"('/home/toffer/Repos/flask-tags/flask-1.1.3/tests/test_blueprints.py', 133, 133)"
148,argument count,"('/home/toffer/Repos/flask-tags/flask-1.1.3/src/flask/blueprints.py', 28, 28)"
149,argument count,"('/home/toffer/Repos/flask-tags/flask-1.1.3/src/flask/blueprints.py', 65, 65)"
150,argument count,"('/home/toffer/Repos/flask-tags/flask-1.1.3/src/flask/blueprints.py', 168, 180)"
151,argument count,"('/home/toffer/Repos/flask-tags/flask-1.1.3/src/flask/blueprints.py', 284, 284)"
152,argument count,"('/home/toffer/Repos/flask-tags/flask-1.1.3/src/flask/ctx.py', 285, 285)"
153,argument count,"('/home/toffer/Repos/flask-tags/flask-1.1.3/src/flask/helpers.py', 469, 478)"
154,argument count,"('/home/toffer/Repos/flask-tags/flask-1.1.3/src/flask/app.py', 402, 414)"
155,argument count,"('/home/toffer/Repos/flask-tags/flask-1.1.3/src/flask/app.py', 889, 889)"
156,argument count,"('/home/toffer/Repos/flask-tags/flask-1.1.3/src/flask/app.py', 1178, 1185)"
157,argument count,"('/home/toffer/Repos/flask-tags/flask-1.1.3/src/flask/cli.py', 487, 495)"
158,argument count,"('/home/toffer/Repos/flask-tags/flask-1.1.3/src/flask/cli.py', 825, 827)"
159,argument count,"('/home/toffer/Repos/flask-tags/flask-1.1.3/src/flask/testing.py', 47, 56)"
160,method count,"('/home/toffer/Repos/flask-tags/flask-1.1.3/tests/test_appctx.py', 16, 210)"
161,method count,"('/home/toffer/Repos/flask-tags/flask-1.1.3/tests/test_helpers.py', 33, 1049)"
162,method count,"('/home/toffer/Repos/flask-tags/flask-1.1.3/tests/test_cli.py', 45, 666)"
163,method count,"('/home/toffer/Repos/flask-tags/flask-1.1.3/tests/test_basic.py', 30, 1977)"
164,method count,"('/home/toffer/Repos/flask-tags/flask-1.1.3/tests/test_signals.py', 25, 195)"
165,method count,"('/home/toffer/Repos/flask-tags/flask-1.1.3/tests/test_views.py', 17, 242)"
166,method count,"('/home/toffer/Repos/flask-tags/flask-1.1.3/tests/test_reqctx.py', 22, 281)"
167,method count,"('/home/toffer/Repos/flask-tags/flask-1.1.3/tests/test_testing.py', 30, 438)"
168,method count,"('/home/toffer/Repos/flask-tags/flask-1.1.3/tests/test_blueprints.py', 21, 857)"
169,method count,"('/home/toffer/Repos/flask-tags/flask-1.1.3/tests/test_templating.py', 20, 452)"
170,method count,"('/home/toffer/Repos/flask-tags/flask-1.1.3/tests/test_user_error_handler.py', 18, 283)"
171,method count,"('/home/toffer/Repos/flask-tags/flask-1.1.3/src/flask/blueprints.py', 28, 568)"
172,method count,"('/home/toffer/Repos/flask-tags/flask-1.1.3/src/flask/sessions.py', 29, 387)"
173,method count,"('/home/toffer/Repos/flask-tags/flask-1.1.3/src/flask/ctx.py', 48, 474)"
174,method count,"('/home/toffer/Repos/flask-tags/flask-1.1.3/src/flask/helpers.py', 56, 1154)"
175,method count,"('/home/toffer/Repos/flask-tags/flask-1.1.3/src/flask/app.py', 76, 2466)"
176,method count,"('/home/toffer/Repos/flask-tags/flask-1.1.3/src/flask/cli.py', 52, 966)"
177,method count,"('/home/toffer/Repos/flask-tags/flask-1.1.3/src/flask/json/tag.py', 68, 308)"
178,Return Statements,"('/home/toffer/Repos/flask-tags/flask-1.1.3/tests/test_helpers.py', 285, 318)"
179,Return Statements,"('/home/toffer/Repos/flask-tags/flask-1.1.3/tests/test_helpers.py', 320, 358)"
180,Return Statements,"('/home/toffer/Repos/flask-tags/flask-1.1.3/tests/test_cli.py', 56, 148)"
181,Return Statements,"('/home/toffer/Repos/flask-tags/flask-1.1.3/tests/test_basic.py', 523, 575)"
182,Return Statements,"('/home/toffer/Repos/flask-tags/flask-1.1.3/tests/test_basic.py', 587, 665)"
183,Return Statements,"('/home/toffer/Repos/flask-tags/flask-1.1.3/tests/test_basic.py', 1112, 1192)"
184,Return Statements,"('/home/toffer/Repos/flask-tags/flask-1.1.3/tests/test_blueprints.py', 322, 351)"
185,Return Statements,"('/home/toffer/Repos/flask-tags/flask-1.1.3/tests/test_user_error_handler.py', 157, 208)"
186,Return Statements,"('/home/toffer/Repos/flask-tags/flask-1.1.3/src/flask/helpers.py', 850, 905)"
187,Return Statements,"('/home/toffer/Repos/flask-tags/flask-1.1.3/src/flask/json/__init__.py', 73, 100)"
188,Return Statements,"('/home/toffer/Repos/flask-tags/flask-1.1.3/src/flask/json/__init__.py', 145, 185)"
189,nested controlflow,"('/home/toffer/Repos/flask-tags/flask-1.1.3/src/flask/cli.py', 382, 395)"
190,breaks in linear flow,"('/home/toffer/Repos/flask-tags/flask-1.1.3/docs/conf.py', 72, 72)"
191,breaks in linear flow,"('/home/toffer/Repos/flask-tags/flask-1.1.3/docs/conf.py', 78, 78)"
192,breaks in linear flow,"('/home/toffer/Repos/flask-tags/flask-1.1.3/docs/conf.py', 83, 83)"
193,breaks in linear flow,"('/home/toffer/Repos/flask-tags/flask-1.1.3/tests/test_appctx.py', 74, 74)"
194,breaks in linear flow,"('/home/toffer/Repos/flask-tags/flask-1.1.3/tests/test_appctx.py', 93, 93)"
195,breaks in linear flow,"('/home/toffer/Repos/flask-tags/flask-1.1.3/tests/test_appctx.py', 216, 216)"
196,breaks in linear flow,"('/home/toffer/Repos/flask-tags/flask-1.1.3/tests/test_helpers.py', 39, 39)"
197,breaks in linear flow,"('/home/toffer/Repos/flask-tags/flask-1.1.3/tests/test_helpers.py', 183, 183)"
198,breaks in linear flow,"('/home/toffer/Repos/flask-tags/flask-1.1.3/tests/test_helpers.py', 210, 210)"
199,breaks in linear flow,"('/home/toffer/Repos/flask-tags/flask-1.1.3/tests/test_helpers.py', 222, 222)"
200,breaks in linear flow,"('/home/toffer/Repos/flask-tags/flask-1.1.3/tests/test_helpers.py', 292, 292)"
201,breaks in linear flow,"('/home/toffer/Repos/flask-tags/flask-1.1.3/tests/test_helpers.py', 302, 302)"
202,breaks in linear flow,"('/home/toffer/Repos/flask-tags/flask-1.1.3/tests/test_helpers.py', 327, 327)"
203,breaks in linear flow,"('/home/toffer/Repos/flask-tags/flask-1.1.3/tests/test_helpers.py', 338, 338)"
204,breaks in linear flow,"('/home/toffer/Repos/flask-tags/flask-1.1.3/tests/test_helpers.py', 445, 445)"
205,breaks in linear flow,"('/home/toffer/Repos/flask-tags/flask-1.1.3/tests/test_helpers.py', 712, 712)"
206,breaks in linear flow,"('/home/toffer/Repos/flask-tags/flask-1.1.3/tests/test_helpers.py', 789, 789)"
207,breaks in linear flow,"('/home/toffer/Repos/flask-tags/flask-1.1.3/tests/test_helpers.py', 840, 840)"
208,breaks in linear flow,"('/home/toffer/Repos/flask-tags/flask-1.1.3/tests/test_helpers.py', 872, 872)"
209,breaks in linear flow,"('/home/toffer/Repos/flask-tags/flask-1.1.3/tests/test_helpers.py', 970, 970)"
210,breaks in linear flow,"('/home/toffer/Repos/flask-tags/flask-1.1.3/tests/test_helpers.py', 986, 986)"
211,breaks in linear flow,"('/home/toffer/Repos/flask-tags/flask-1.1.3/tests/test_helpers.py', 1006, 1006)"
212,breaks in linear flow,"('/home/toffer/Repos/flask-tags/flask-1.1.3/tests/conftest.py', 36, 36)"
213,breaks in linear flow,"('/home/toffer/Repos/flask-tags/flask-1.1.3/tests/conftest.py', 37, 37)"
214,breaks in linear flow,"('/home/toffer/Repos/flask-tags/flask-1.1.3/tests/conftest.py', 96, 96)"
215,breaks in linear flow,"('/home/toffer/Repos/flask-tags/flask-1.1.3/tests/conftest.py', 112, 112)"
216,breaks in linear flow,"('/home/toffer/Repos/flask-tags/flask-1.1.3/tests/conftest.py', 120, 120)"
217,breaks in linear flow,"('/home/toffer/Repos/flask-tags/flask-1.1.3/tests/conftest.py', 165, 165)"
218,breaks in linear flow,"('/home/toffer/Repos/flask-tags/flask-1.1.3/tests/test_regression.py', 41, 41)"
219,breaks in linear flow,"('/home/toffer/Repos/flask-tags/flask-1.1.3/tests/test_regression.py', 64, 64)"
220,breaks in linear flow,"('/home/toffer/Repos/flask-tags/flask-1.1.3/tests/test_regression.py', 66, 66)"
221,breaks in linear flow,"('/home/toffer/Repos/flask-tags/flask-1.1.3/tests/test_cli.py', 465, 465)"
222,breaks in linear flow,"('/home/toffer/Repos/flask-tags/flask-1.1.3/tests/test_cli.py', 509, 509)"
223,breaks in linear flow,"('/home/toffer/Repos/flask-tags/flask-1.1.3/tests/test_cli.py', 531, 531)"
224,breaks in linear flow,"('/home/toffer/Repos/flask-tags/flask-1.1.3/tests/test_cli.py', 593, 593)"
225,breaks in linear flow,"('/home/toffer/Repos/flask-tags/flask-1.1.3/tests/test_cli.py', 598, 598)"
226,breaks in linear flow,"('/home/toffer/Repos/flask-tags/flask-1.1.3/tests/test_basic.py', 96, 96)"
227,breaks in linear flow,"('/home/toffer/Repos/flask-tags/flask-1.1.3/tests/test_basic.py', 113, 113)"
228,breaks in linear flow,"('/home/toffer/Repos/flask-tags/flask-1.1.3/tests/test_basic.py', 562, 562)"
229,breaks in linear flow,"('/home/toffer/Repos/flask-tags/flask-1.1.3/tests/test_basic.py', 784, 784)"
230,breaks in linear flow,"('/home/toffer/Repos/flask-tags/flask-1.1.3/tests/test_basic.py', 796, 796)"
231,breaks in linear flow,"('/home/toffer/Repos/flask-tags/flask-1.1.3/tests/test_basic.py', 1070, 1070)"
232,breaks in linear flow,"('/home/toffer/Repos/flask-tags/flask-1.1.3/tests/test_basic.py', 1075, 1075)"
233,breaks in linear flow,"('/home/toffer/Repos/flask-tags/flask-1.1.3/tests/test_basic.py', 1087, 1087)"
234,breaks in linear flow,"('/home/toffer/Repos/flask-tags/flask-1.1.3/tests/test_basic.py', 1340, 1340)"
235,breaks in linear flow,"('/home/toffer/Repos/flask-tags/flask-1.1.3/tests/test_basic.py', 1344, 1344)"
236,breaks in linear flow,"('/home/toffer/Repos/flask-tags/flask-1.1.3/tests/test_basic.py', 1501, 1501)"
237,breaks in linear flow,"('/home/toffer/Repos/flask-tags/flask-1.1.3/tests/test_basic.py', 1523, 1523)"
238,breaks in linear flow,"('/home/toffer/Repos/flask-tags/flask-1.1.3/tests/test_basic.py', 1534, 1534)"
239,breaks in linear flow,"('/home/toffer/Repos/flask-tags/flask-1.1.3/tests/test_basic.py', 1582, 1582)"
240,breaks in linear flow,"('/home/toffer/Repos/flask-tags/flask-1.1.3/tests/test_basic.py', 1757, 1757)"
241,breaks in linear flow,"('/home/toffer/Repos/flask-tags/flask-1.1.3/tests/test_signals.py', 15, 15)"
242,breaks in linear flow,"('/home/toffer/Repos/flask-tags/flask-1.1.3/tests/test_reqctx.py', 18, 18)"
243,breaks in linear flow,"('/home/toffer/Repos/flask-tags/flask-1.1.3/tests/test_reqctx.py', 45, 45)"
244,breaks in linear flow,"('/home/toffer/Repos/flask-tags/flask-1.1.3/tests/test_reqctx.py', 64, 64)"
245,breaks in linear flow,"('/home/toffer/Repos/flask-tags/flask-1.1.3/tests/test_config.py', 200, 200)"
246,breaks in linear flow,"('/home/toffer/Repos/flask-tags/flask-1.1.3/tests/test_logging.py', 40, 40)"
247,breaks in linear flow,"('/home/toffer/Repos/flask-tags/flask-1.1.3/tests/test_instance_config.py', 127, 127)"
248,breaks in linear flow,"('/home/toffer/Repos/flask-tags/flask-1.1.3/tests/test_testing.py', 26, 26)"
249,breaks in linear flow,"('/home/toffer/Repos/flask-tags/flask-1.1.3/tests/test_testing.py', 167, 167)"
250,breaks in linear flow,"('/home/toffer/Repos/flask-tags/flask-1.1.3/tests/test_testing.py', 187, 187)"
251,breaks in linear flow,"('/home/toffer/Repos/flask-tags/flask-1.1.3/tests/test_testing.py', 264, 264)"
252,breaks in linear flow,"('/home/toffer/Repos/flask-tags/flask-1.1.3/tests/test_blueprints.py', 211, 211)"
253,breaks in linear flow,"('/home/toffer/Repos/flask-tags/flask-1.1.3/tests/test_blueprints.py', 249, 249)"
254,breaks in linear flow,"('/home/toffer/Repos/flask-tags/flask-1.1.3/tests/test_blueprints.py', 367, 367)"
255,breaks in linear flow,"('/home/toffer/Repos/flask-tags/flask-1.1.3/tests/test_blueprints.py', 378, 378)"
256,breaks in linear flow,"('/home/toffer/Repos/flask-tags/flask-1.1.3/tests/test_user_error_handler.py', 32, 32)"
257,breaks in linear flow,"('/home/toffer/Repos/flask-tags/flask-1.1.3/tests/test_user_error_handler.py', 241, 241)"
258,breaks in linear flow,"('/home/toffer/Repos/flask-tags/flask-1.1.3/examples/tutorial/flaskr/__init__.py', 16, 16)"
259,breaks in linear flow,"('/home/toffer/Repos/flask-tags/flask-1.1.3/examples/tutorial/flaskr/__init__.py', 26, 26)"
260,breaks in linear flow,"('/home/toffer/Repos/flask-tags/flask-1.1.3/examples/tutorial/flaskr/auth.py', 24, 24)"
261,breaks in linear flow,"('/home/toffer/Repos/flask-tags/flask-1.1.3/examples/tutorial/flaskr/auth.py', 38, 38)"
262,breaks in linear flow,"('/home/toffer/Repos/flask-tags/flask-1.1.3/examples/tutorial/flaskr/auth.py', 53, 53)"
263,breaks in linear flow,"('/home/toffer/Repos/flask-tags/flask-1.1.3/examples/tutorial/flaskr/auth.py', 59, 59)"
264,breaks in linear flow,"('/home/toffer/Repos/flask-tags/flask-1.1.3/examples/tutorial/flaskr/auth.py', 69, 69)"
265,breaks in linear flow,"('/home/toffer/Repos/flask-tags/flask-1.1.3/examples/tutorial/flaskr/auth.py', 87, 87)"
266,breaks in linear flow,"('/home/toffer/Repos/flask-tags/flask-1.1.3/examples/tutorial/flaskr/auth.py', 96, 96)"
267,breaks in linear flow,"('/home/toffer/Repos/flask-tags/flask-1.1.3/examples/tutorial/flaskr/auth.py', 101, 101)"
268,breaks in linear flow,"('/home/toffer/Repos/flask-tags/flask-1.1.3/examples/tutorial/flaskr/blog.py', 51, 51)"
269,breaks in linear flow,"('/home/toffer/Repos/flask-tags/flask-1.1.3/examples/tutorial/flaskr/blog.py', 54, 54)"
270,breaks in linear flow,"('/home/toffer/Repos/flask-tags/flask-1.1.3/examples/tutorial/flaskr/blog.py', 64, 64)"
271,breaks in linear flow,"('/home/toffer/Repos/flask-tags/flask-1.1.3/examples/tutorial/flaskr/blog.py', 69, 69)"
272,breaks in linear flow,"('/home/toffer/Repos/flask-tags/flask-1.1.3/examples/tutorial/flaskr/blog.py', 72, 72)"
273,breaks in linear flow,"('/home/toffer/Repos/flask-tags/flask-1.1.3/examples/tutorial/flaskr/blog.py', 92, 92)"
274,breaks in linear flow,"('/home/toffer/Repos/flask-tags/flask-1.1.3/examples/tutorial/flaskr/blog.py', 97, 97)"
275,breaks in linear flow,"('/home/toffer/Repos/flask-tags/flask-1.1.3/examples/tutorial/flaskr/blog.py', 100, 100)"
276,breaks in linear flow,"('/home/toffer/Repos/flask-tags/flask-1.1.3/examples/tutorial/flaskr/db.py', 14, 14)"
277,breaks in linear flow,"('/home/toffer/Repos/flask-tags/flask-1.1.3/examples/tutorial/flaskr/db.py', 29, 29)"
278,breaks in linear flow,"('/home/toffer/Repos/flask-tags/flask-1.1.3/src/flask/blueprints.py', 46, 46)"
279,breaks in linear flow,"('/home/toffer/Repos/flask-tags/flask-1.1.3/src/flask/blueprints.py', 54, 54)"
280,breaks in linear flow,"('/home/toffer/Repos/flask-tags/flask-1.1.3/src/flask/blueprints.py', 70, 70)"
281,breaks in linear flow,"('/home/toffer/Repos/flask-tags/flask-1.1.3/src/flask/blueprints.py', 71, 71)"
282,breaks in linear flow,"('/home/toffer/Repos/flask-tags/flask-1.1.3/src/flask/blueprints.py', 76, 76)"
283,breaks in linear flow,"('/home/toffer/Repos/flask-tags/flask-1.1.3/src/flask/blueprints.py', 79, 79)"
284,breaks in linear flow,"('/home/toffer/Repos/flask-tags/flask-1.1.3/src/flask/blueprints.py', 190, 190)"
285,breaks in linear flow,"('/home/toffer/Repos/flask-tags/flask-1.1.3/src/flask/blueprints.py', 201, 201)"
286,breaks in linear flow,"('/home/toffer/Repos/flask-tags/flask-1.1.3/src/flask/blueprints.py', 221, 221)"
287,breaks in linear flow,"('/home/toffer/Repos/flask-tags/flask-1.1.3/src/flask/blueprints.py', 248, 248)"
288,breaks in linear flow,"('/home/toffer/Repos/flask-tags/flask-1.1.3/src/flask/blueprints.py', 255, 255)"
289,breaks in linear flow,"('/home/toffer/Repos/flask-tags/flask-1.1.3/src/flask/blueprints.py', 260, 260)"
290,breaks in linear flow,"('/home/toffer/Repos/flask-tags/flask-1.1.3/src/flask/blueprints.py', 263, 263)"
291,breaks in linear flow,"('/home/toffer/Repos/flask-tags/flask-1.1.3/src/flask/blueprints.py', 288, 288)"
292,breaks in linear flow,"('/home/toffer/Repos/flask-tags/flask-1.1.3/src/flask/blueprints.py', 290, 290)"
293,breaks in linear flow,"('/home/toffer/Repos/flask-tags/flask-1.1.3/src/flask/globals.py', 37, 37)"
294,breaks in linear flow,"('/home/toffer/Repos/flask-tags/flask-1.1.3/src/flask/globals.py', 44, 44)"
295,breaks in linear flow,"('/home/toffer/Repos/flask-tags/flask-1.1.3/src/flask/globals.py', 51, 51)"
296,breaks in linear flow,"('/home/toffer/Repos/flask-tags/flask-1.1.3/src/flask/__main__.py', 12, 12)"
297,breaks in linear flow,"('/home/toffer/Repos/flask-tags/flask-1.1.3/src/flask/sessions.py', 190, 190)"
298,breaks in linear flow,"('/home/toffer/Repos/flask-tags/flask-1.1.3/src/flask/sessions.py', 196, 196)"
299,breaks in linear flow,"('/home/toffer/Repos/flask-tags/flask-1.1.3/src/flask/sessions.py', 204, 204)"
300,breaks in linear flow,"('/home/toffer/Repos/flask-tags/flask-1.1.3/src/flask/sessions.py', 218, 218)"
301,breaks in linear flow,"('/home/toffer/Repos/flask-tags/flask-1.1.3/src/flask/sessions.py', 228, 228)"
302,breaks in linear flow,"('/home/toffer/Repos/flask-tags/flask-1.1.3/src/flask/sessions.py', 268, 268)"
303,breaks in linear flow,"('/home/toffer/Repos/flask-tags/flask-1.1.3/src/flask/sessions.py', 327, 327)"
304,breaks in linear flow,"('/home/toffer/Repos/flask-tags/flask-1.1.3/src/flask/sessions.py', 341, 341)"
305,breaks in linear flow,"('/home/toffer/Repos/flask-tags/flask-1.1.3/src/flask/sessions.py', 344, 344)"
306,breaks in linear flow,"('/home/toffer/Repos/flask-tags/flask-1.1.3/src/flask/sessions.py', 350, 350)"
307,breaks in linear flow,"('/home/toffer/Repos/flask-tags/flask-1.1.3/src/flask/sessions.py', 359, 359)"
308,breaks in linear flow,"('/home/toffer/Repos/flask-tags/flask-1.1.3/src/flask/sessions.py', 360, 360)"
309,breaks in linear flow,"('/home/toffer/Repos/flask-tags/flask-1.1.3/src/flask/sessions.py', 368, 368)"
310,breaks in linear flow,"('/home/toffer/Repos/flask-tags/flask-1.1.3/src/flask/sessions.py', 371, 371)"
311,breaks in linear flow,"('/home/toffer/Repos/flask-tags/flask-1.1.3/src/flask/templating.py', 28, 28)"
312,breaks in linear flow,"('/home/toffer/Repos/flask-tags/flask-1.1.3/src/flask/templating.py', 30, 30)"
313,breaks in linear flow,"('/home/toffer/Repos/flask-tags/flask-1.1.3/src/flask/templating.py', 43, 43)"
314,breaks in linear flow,"('/home/toffer/Repos/flask-tags/flask-1.1.3/src/flask/templating.py', 58, 58)"
315,breaks in linear flow,"('/home/toffer/Repos/flask-tags/flask-1.1.3/src/flask/templating.py', 66, 66)"
316,breaks in linear flow,"('/home/toffer/Repos/flask-tags/flask-1.1.3/src/flask/templating.py', 69, 69)"
317,breaks in linear flow,"('/home/toffer/Repos/flask-tags/flask-1.1.3/src/flask/templating.py', 71, 71)"
318,breaks in linear flow,"('/home/toffer/Repos/flask-tags/flask-1.1.3/src/flask/templating.py', 79, 79)"
319,breaks in linear flow,"('/home/toffer/Repos/flask-tags/flask-1.1.3/src/flask/templating.py', 84, 84)"
320,breaks in linear flow,"('/home/toffer/Repos/flask-tags/flask-1.1.3/src/flask/templating.py', 87, 87)"
321,breaks in linear flow,"('/home/toffer/Repos/flask-tags/flask-1.1.3/src/flask/templating.py', 88, 88)"
322,breaks in linear flow,"('/home/toffer/Repos/flask-tags/flask-1.1.3/src/flask/templating.py', 93, 93)"
323,breaks in linear flow,"('/home/toffer/Repos/flask-tags/flask-1.1.3/src/flask/templating.py', 96, 96)"
324,breaks in linear flow,"('/home/toffer/Repos/flask-tags/flask-1.1.3/src/flask/templating.py', 98, 98)"
325,breaks in linear flow,"('/home/toffer/Repos/flask-tags/flask-1.1.3/src/flask/templating.py', 104, 104)"
326,breaks in linear flow,"('/home/toffer/Repos/flask-tags/flask-1.1.3/src/flask/templating.py', 107, 107)"
327,breaks in linear flow,"('/home/toffer/Repos/flask-tags/flask-1.1.3/src/flask/templating.py', 109, 109)"
328,breaks in linear flow,"('/home/toffer/Repos/flask-tags/flask-1.1.3/src/flask/templating.py', 110, 110)"
329,breaks in linear flow,"('/home/toffer/Repos/flask-tags/flask-1.1.3/src/flask/ctx.py', 68, 68)"
330,breaks in linear flow,"('/home/toffer/Repos/flask-tags/flask-1.1.3/src/flask/ctx.py', 93, 93)"
331,breaks in linear flow,"('/home/toffer/Repos/flask-tags/flask-1.1.3/src/flask/ctx.py', 148, 148)"
332,breaks in linear flow,"('/home/toffer/Repos/flask-tags/flask-1.1.3/src/flask/ctx.py', 226, 226)"
333,breaks in linear flow,"('/home/toffer/Repos/flask-tags/flask-1.1.3/src/flask/ctx.py', 235, 235)"
334,breaks in linear flow,"('/home/toffer/Repos/flask-tags/flask-1.1.3/src/flask/ctx.py', 236, 236)"
335,breaks in linear flow,"('/home/toffer/Repos/flask-tags/flask-1.1.3/src/flask/ctx.py', 251, 251)"
336,breaks in linear flow,"('/home/toffer/Repos/flask-tags/flask-1.1.3/src/flask/ctx.py', 287, 287)"
337,breaks in linear flow,"('/home/toffer/Repos/flask-tags/flask-1.1.3/src/flask/ctx.py', 293, 293)"
338,breaks in linear flow,"('/home/toffer/Repos/flask-tags/flask-1.1.3/src/flask/ctx.py', 352, 352)"
339,breaks in linear flow,"('/home/toffer/Repos/flask-tags/flask-1.1.3/src/flask/ctx.py', 366, 366)"
340,breaks in linear flow,"('/home/toffer/Repos/flask-tags/flask-1.1.3/src/flask/ctx.py', 372, 372)"
341,breaks in linear flow,"('/home/toffer/Repos/flask-tags/flask-1.1.3/src/flask/ctx.py', 379, 379)"
342,breaks in linear flow,"('/home/toffer/Repos/flask-tags/flask-1.1.3/src/flask/ctx.py', 388, 388)"
343,breaks in linear flow,"('/home/toffer/Repos/flask-tags/flask-1.1.3/src/flask/ctx.py', 392, 392)"
344,breaks in linear flow,"('/home/toffer/Repos/flask-tags/flask-1.1.3/src/flask/ctx.py', 395, 395)"
345,breaks in linear flow,"('/home/toffer/Repos/flask-tags/flask-1.1.3/src/flask/ctx.py', 410, 410)"
346,breaks in linear flow,"('/home/toffer/Repos/flask-tags/flask-1.1.3/src/flask/ctx.py', 413, 413)"
347,breaks in linear flow,"('/home/toffer/Repos/flask-tags/flask-1.1.3/src/flask/ctx.py', 421, 421)"
348,breaks in linear flow,"('/home/toffer/Repos/flask-tags/flask-1.1.3/src/flask/ctx.py', 425, 425)"
349,breaks in linear flow,"('/home/toffer/Repos/flask-tags/flask-1.1.3/src/flask/ctx.py', 433, 433)"
350,breaks in linear flow,"('/home/toffer/Repos/flask-tags/flask-1.1.3/src/flask/ctx.py', 437, 437)"
351,breaks in linear flow,"('/home/toffer/Repos/flask-tags/flask-1.1.3/src/flask/ctx.py', 446, 446)"
352,breaks in linear flow,"('/home/toffer/Repos/flask-tags/flask-1.1.3/src/flask/ctx.py', 466, 466)"
353,breaks in linear flow,"('/home/toffer/Repos/flask-tags/flask-1.1.3/src/flask/helpers.py', 72, 72)"
354,breaks in linear flow,"('/home/toffer/Repos/flask-tags/flask-1.1.3/src/flask/helpers.py', 87, 87)"
355,breaks in linear flow,"('/home/toffer/Repos/flask-tags/flask-1.1.3/src/flask/helpers.py', 137, 137)"
356,breaks in linear flow,"('/home/toffer/Repos/flask-tags/flask-1.1.3/src/flask/helpers.py', 147, 147)"
357,breaks in linear flow,"('/home/toffer/Repos/flask-tags/flask-1.1.3/src/flask/helpers.py', 162, 162)"
358,breaks in linear flow,"('/home/toffer/Repos/flask-tags/flask-1.1.3/src/flask/helpers.py', 165, 165)"
359,breaks in linear flow,"('/home/toffer/Repos/flask-tags/flask-1.1.3/src/flask/helpers.py', 219, 219)"
360,breaks in linear flow,"('/home/toffer/Repos/flask-tags/flask-1.1.3/src/flask/helpers.py', 221, 221)"
361,breaks in linear flow,"('/home/toffer/Repos/flask-tags/flask-1.1.3/src/flask/helpers.py', 305, 305)"
362,breaks in linear flow,"('/home/toffer/Repos/flask-tags/flask-1.1.3/src/flask/helpers.py', 314, 314)"
363,breaks in linear flow,"('/home/toffer/Repos/flask-tags/flask-1.1.3/src/flask/helpers.py', 318, 318)"
364,breaks in linear flow,"('/home/toffer/Repos/flask-tags/flask-1.1.3/src/flask/helpers.py', 319, 319)"
365,breaks in linear flow,"('/home/toffer/Repos/flask-tags/flask-1.1.3/src/flask/helpers.py', 331, 331)"
366,breaks in linear flow,"('/home/toffer/Repos/flask-tags/flask-1.1.3/src/flask/helpers.py', 349, 349)"
367,breaks in linear flow,"('/home/toffer/Repos/flask-tags/flask-1.1.3/src/flask/helpers.py', 350, 350)"
368,breaks in linear flow,"('/home/toffer/Repos/flask-tags/flask-1.1.3/src/flask/helpers.py', 361, 361)"
369,breaks in linear flow,"('/home/toffer/Repos/flask-tags/flask-1.1.3/src/flask/helpers.py', 363, 363)"
370,breaks in linear flow,"('/home/toffer/Repos/flask-tags/flask-1.1.3/src/flask/helpers.py', 372, 372)"
371,breaks in linear flow,"('/home/toffer/Repos/flask-tags/flask-1.1.3/src/flask/helpers.py', 458, 458)"
372,breaks in linear flow,"('/home/toffer/Repos/flask-tags/flask-1.1.3/src/flask/helpers.py', 462, 462)"
373,breaks in linear flow,"('/home/toffer/Repos/flask-tags/flask-1.1.3/src/flask/helpers.py', 464, 464)"
374,breaks in linear flow,"('/home/toffer/Repos/flask-tags/flask-1.1.3/src/flask/helpers.py', 570, 570)"
375,breaks in linear flow,"('/home/toffer/Repos/flask-tags/flask-1.1.3/src/flask/helpers.py', 573, 573)"
376,breaks in linear flow,"('/home/toffer/Repos/flask-tags/flask-1.1.3/src/flask/helpers.py', 575, 575)"
377,breaks in linear flow,"('/home/toffer/Repos/flask-tags/flask-1.1.3/src/flask/helpers.py', 578, 578)"
378,breaks in linear flow,"('/home/toffer/Repos/flask-tags/flask-1.1.3/src/flask/helpers.py', 584, 584)"
379,breaks in linear flow,"('/home/toffer/Repos/flask-tags/flask-1.1.3/src/flask/helpers.py', 585, 585)"
380,breaks in linear flow,"('/home/toffer/Repos/flask-tags/flask-1.1.3/src/flask/helpers.py', 591, 591)"
381,breaks in linear flow,"('/home/toffer/Repos/flask-tags/flask-1.1.3/src/flask/helpers.py', 599, 599)"
382,breaks in linear flow,"('/home/toffer/Repos/flask-tags/flask-1.1.3/src/flask/helpers.py', 600, 600)"
383,breaks in linear flow,"('/home/toffer/Repos/flask-tags/flask-1.1.3/src/flask/helpers.py', 603, 603)"
384,breaks in linear flow,"('/home/toffer/Repos/flask-tags/flask-1.1.3/src/flask/helpers.py', 608, 608)"
385,breaks in linear flow,"('/home/toffer/Repos/flask-tags/flask-1.1.3/src/flask/helpers.py', 620, 620)"
386,breaks in linear flow,"('/home/toffer/Repos/flask-tags/flask-1.1.3/src/flask/helpers.py', 621, 621)"
387,breaks in linear flow,"('/home/toffer/Repos/flask-tags/flask-1.1.3/src/flask/helpers.py', 628, 628)"
388,breaks in linear flow,"('/home/toffer/Repos/flask-tags/flask-1.1.3/src/flask/helpers.py', 636, 636)"
389,breaks in linear flow,"('/home/toffer/Repos/flask-tags/flask-1.1.3/src/flask/helpers.py', 646, 646)"
390,breaks in linear flow,"('/home/toffer/Repos/flask-tags/flask-1.1.3/src/flask/helpers.py', 652, 652)"
391,breaks in linear flow,"('/home/toffer/Repos/flask-tags/flask-1.1.3/src/flask/helpers.py', 654, 654)"
392,breaks in linear flow,"('/home/toffer/Repos/flask-tags/flask-1.1.3/src/flask/helpers.py', 658, 658)"
393,breaks in linear flow,"('/home/toffer/Repos/flask-tags/flask-1.1.3/src/flask/helpers.py', 675, 675)"
394,breaks in linear flow,"('/home/toffer/Repos/flask-tags/flask-1.1.3/src/flask/helpers.py', 682, 682)"
395,breaks in linear flow,"('/home/toffer/Repos/flask-tags/flask-1.1.3/src/flask/helpers.py', 685, 685)"
396,breaks in linear flow,"('/home/toffer/Repos/flask-tags/flask-1.1.3/src/flask/helpers.py', 686, 686)"
397,breaks in linear flow,"('/home/toffer/Repos/flask-tags/flask-1.1.3/src/flask/helpers.py', 691, 691)"
398,breaks in linear flow,"('/home/toffer/Repos/flask-tags/flask-1.1.3/src/flask/helpers.py', 716, 716)"
399,breaks in linear flow,"('/home/toffer/Repos/flask-tags/flask-1.1.3/src/flask/helpers.py', 717, 717)"
400,breaks in linear flow,"('/home/toffer/Repos/flask-tags/flask-1.1.3/src/flask/helpers.py', 720, 720)"
401,breaks in linear flow,"('/home/toffer/Repos/flask-tags/flask-1.1.3/src/flask/helpers.py', 763, 763)"
402,breaks in linear flow,"('/home/toffer/Repos/flask-tags/flask-1.1.3/src/flask/helpers.py', 766, 766)"
403,breaks in linear flow,"('/home/toffer/Repos/flask-tags/flask-1.1.3/src/flask/helpers.py', 768, 768)"
404,breaks in linear flow,"('/home/toffer/Repos/flask-tags/flask-1.1.3/src/flask/helpers.py', 782, 782)"
405,breaks in linear flow,"('/home/toffer/Repos/flask-tags/flask-1.1.3/src/flask/helpers.py', 791, 791)"
406,breaks in linear flow,"('/home/toffer/Repos/flask-tags/flask-1.1.3/src/flask/helpers.py', 796, 796)"
407,breaks in linear flow,"('/home/toffer/Repos/flask-tags/flask-1.1.3/src/flask/helpers.py', 807, 807)"
408,breaks in linear flow,"('/home/toffer/Repos/flask-tags/flask-1.1.3/src/flask/helpers.py', 828, 828)"
409,breaks in linear flow,"('/home/toffer/Repos/flask-tags/flask-1.1.3/src/flask/helpers.py', 852, 852)"
410,breaks in linear flow,"('/home/toffer/Repos/flask-tags/flask-1.1.3/src/flask/helpers.py', 857, 857)"
411,breaks in linear flow,"('/home/toffer/Repos/flask-tags/flask-1.1.3/src/flask/helpers.py', 864, 864)"
412,breaks in linear flow,"('/home/toffer/Repos/flask-tags/flask-1.1.3/src/flask/helpers.py', 868, 868)"
413,breaks in linear flow,"('/home/toffer/Repos/flask-tags/flask-1.1.3/src/flask/helpers.py', 879, 879)"
414,breaks in linear flow,"('/home/toffer/Repos/flask-tags/flask-1.1.3/src/flask/helpers.py', 884, 884)"
415,breaks in linear flow,"('/home/toffer/Repos/flask-tags/flask-1.1.3/src/flask/helpers.py', 902, 902)"
416,breaks in linear flow,"('/home/toffer/Repos/flask-tags/flask-1.1.3/src/flask/helpers.py', 920, 920)"
417,breaks in linear flow,"('/home/toffer/Repos/flask-tags/flask-1.1.3/src/flask/helpers.py', 925, 925)"
418,breaks in linear flow,"('/home/toffer/Repos/flask-tags/flask-1.1.3/src/flask/helpers.py', 952, 952)"
419,breaks in linear flow,"('/home/toffer/Repos/flask-tags/flask-1.1.3/src/flask/helpers.py', 956, 956)"
420,breaks in linear flow,"('/home/toffer/Repos/flask-tags/flask-1.1.3/src/flask/helpers.py', 979, 979)"
421,breaks in linear flow,"('/home/toffer/Repos/flask-tags/flask-1.1.3/src/flask/helpers.py', 998, 998)"
422,breaks in linear flow,"('/home/toffer/Repos/flask-tags/flask-1.1.3/src/flask/helpers.py', 1003, 1003)"
423,breaks in linear flow,"('/home/toffer/Repos/flask-tags/flask-1.1.3/src/flask/helpers.py', 1014, 1014)"
424,breaks in linear flow,"('/home/toffer/Repos/flask-tags/flask-1.1.3/src/flask/helpers.py', 1017, 1017)"
425,breaks in linear flow,"('/home/toffer/Repos/flask-tags/flask-1.1.3/src/flask/helpers.py', 1023, 1023)"
426,breaks in linear flow,"('/home/toffer/Repos/flask-tags/flask-1.1.3/src/flask/helpers.py', 1043, 1043)"
427,breaks in linear flow,"('/home/toffer/Repos/flask-tags/flask-1.1.3/src/flask/helpers.py', 1078, 1078)"
428,breaks in linear flow,"('/home/toffer/Repos/flask-tags/flask-1.1.3/src/flask/helpers.py', 1111, 1111)"
429,breaks in linear flow,"('/home/toffer/Repos/flask-tags/flask-1.1.3/src/flask/helpers.py', 1140, 1140)"
430,breaks in linear flow,"('/home/toffer/Repos/flask-tags/flask-1.1.3/src/flask/helpers.py', 1144, 1144)"
431,breaks in linear flow,"('/home/toffer/Repos/flask-tags/flask-1.1.3/src/flask/helpers.py', 1147, 1147)"
432,breaks in linear flow,"('/home/toffer/Repos/flask-tags/flask-1.1.3/src/flask/helpers.py', 1150, 1150)"
433,breaks in linear flow,"('/home/toffer/Repos/flask-tags/flask-1.1.3/src/flask/app.py', 77, 77)"
434,breaks in linear flow,"('/home/toffer/Repos/flask-tags/flask-1.1.3/src/flask/app.py', 88, 88)"
435,breaks in linear flow,"('/home/toffer/Repos/flask-tags/flask-1.1.3/src/flask/app.py', 422, 422)"
436,breaks in linear flow,"('/home/toffer/Repos/flask-tags/flask-1.1.3/src/flask/app.py', 597, 597)"
437,breaks in linear flow,"('/home/toffer/Repos/flask-tags/flask-1.1.3/src/flask/app.py', 622, 622)"
438,breaks in linear flow,"('/home/toffer/Repos/flask-tags/flask-1.1.3/src/flask/app.py', 624, 624)"
439,breaks in linear flow,"('/home/toffer/Repos/flask-tags/flask-1.1.3/src/flask/app.py', 637, 637)"
440,breaks in linear flow,"('/home/toffer/Repos/flask-tags/flask-1.1.3/src/flask/app.py', 650, 650)"
441,breaks in linear flow,"('/home/toffer/Repos/flask-tags/flask-1.1.3/src/flask/app.py', 710, 710)"
442,breaks in linear flow,"('/home/toffer/Repos/flask-tags/flask-1.1.3/src/flask/app.py', 726, 726)"
443,breaks in linear flow,"('/home/toffer/Repos/flask-tags/flask-1.1.3/src/flask/app.py', 775, 775)"
444,breaks in linear flow,"('/home/toffer/Repos/flask-tags/flask-1.1.3/src/flask/app.py', 778, 778)"
445,breaks in linear flow,"('/home/toffer/Repos/flask-tags/flask-1.1.3/src/flask/app.py', 815, 815)"
446,breaks in linear flow,"('/home/toffer/Repos/flask-tags/flask-1.1.3/src/flask/app.py', 832, 832)"
447,breaks in linear flow,"('/home/toffer/Repos/flask-tags/flask-1.1.3/src/flask/app.py', 834, 834)"
448,breaks in linear flow,"('/home/toffer/Repos/flask-tags/flask-1.1.3/src/flask/app.py', 837, 837)"
449,breaks in linear flow,"('/home/toffer/Repos/flask-tags/flask-1.1.3/src/flask/app.py', 852, 852)"
450,breaks in linear flow,"('/home/toffer/Repos/flask-tags/flask-1.1.3/src/flask/app.py', 949, 949)"
451,breaks in linear flow,"('/home/toffer/Repos/flask-tags/flask-1.1.3/src/flask/app.py', 955, 955)"
452,breaks in linear flow,"('/home/toffer/Repos/flask-tags/flask-1.1.3/src/flask/app.py', 959, 959)"
453,breaks in linear flow,"('/home/toffer/Repos/flask-tags/flask-1.1.3/src/flask/app.py', 966, 966)"
454,breaks in linear flow,"('/home/toffer/Repos/flask-tags/flask-1.1.3/src/flask/app.py', 974, 974)"
455,breaks in linear flow,"('/home/toffer/Repos/flask-tags/flask-1.1.3/src/flask/app.py', 1049, 1049)"
456,breaks in linear flow,"('/home/toffer/Repos/flask-tags/flask-1.1.3/src/flask/app.py', 1065, 1065)"
457,breaks in linear flow,"('/home/toffer/Repos/flask-tags/flask-1.1.3/src/flask/app.py', 1156, 1156)"
458,breaks in linear flow,"('/home/toffer/Repos/flask-tags/flask-1.1.3/src/flask/app.py', 1238, 1238)"
459,breaks in linear flow,"('/home/toffer/Repos/flask-tags/flask-1.1.3/src/flask/app.py', 1246, 1246)"
460,breaks in linear flow,"('/home/toffer/Repos/flask-tags/flask-1.1.3/src/flask/app.py', 1248, 1248)"
461,breaks in linear flow,"('/home/toffer/Repos/flask-tags/flask-1.1.3/src/flask/app.py', 1260, 1260)"
462,breaks in linear flow,"('/home/toffer/Repos/flask-tags/flask-1.1.3/src/flask/app.py', 1265, 1265)"
463,breaks in linear flow,"('/home/toffer/Repos/flask-tags/flask-1.1.3/src/flask/app.py', 1266, 1266)"
464,breaks in linear flow,"('/home/toffer/Repos/flask-tags/flask-1.1.3/src/flask/app.py', 1279, 1279)"
465,breaks in linear flow,"('/home/toffer/Repos/flask-tags/flask-1.1.3/src/flask/app.py', 1281, 1281)"
466,breaks in linear flow,"('/home/toffer/Repos/flask-tags/flask-1.1.3/src/flask/app.py', 1347, 1347)"
467,breaks in linear flow,"('/home/toffer/Repos/flask-tags/flask-1.1.3/src/flask/app.py', 1354, 1354)"
468,breaks in linear flow,"('/home/toffer/Repos/flask-tags/flask-1.1.3/src/flask/app.py', 1413, 1413)"
469,breaks in linear flow,"('/home/toffer/Repos/flask-tags/flask-1.1.3/src/flask/app.py', 1422, 1422)"
470,breaks in linear flow,"('/home/toffer/Repos/flask-tags/flask-1.1.3/src/flask/app.py', 1696, 1696)"
471,breaks in linear flow,"('/home/toffer/Repos/flask-tags/flask-1.1.3/src/flask/app.py', 1704, 1704)"
472,breaks in linear flow,"('/home/toffer/Repos/flask-tags/flask-1.1.3/src/flask/app.py', 1705, 1705)"
473,breaks in linear flow,"('/home/toffer/Repos/flask-tags/flask-1.1.3/src/flask/app.py', 1707, 1707)"
474,breaks in linear flow,"('/home/toffer/Repos/flask-tags/flask-1.1.3/src/flask/app.py', 1710, 1710)"
475,breaks in linear flow,"('/home/toffer/Repos/flask-tags/flask-1.1.3/src/flask/app.py', 1732, 1732)"
476,breaks in linear flow,"('/home/toffer/Repos/flask-tags/flask-1.1.3/src/flask/app.py', 1738, 1738)"
477,breaks in linear flow,"('/home/toffer/Repos/flask-tags/flask-1.1.3/src/flask/app.py', 1742, 1742)"
478,breaks in linear flow,"('/home/toffer/Repos/flask-tags/flask-1.1.3/src/flask/app.py', 1763, 1763)"
479,breaks in linear flow,"('/home/toffer/Repos/flask-tags/flask-1.1.3/src/flask/app.py', 1769, 1769)"
480,breaks in linear flow,"('/home/toffer/Repos/flask-tags/flask-1.1.3/src/flask/app.py', 1776, 1776)"
481,breaks in linear flow,"('/home/toffer/Repos/flask-tags/flask-1.1.3/src/flask/app.py', 1803, 1803)"
482,breaks in linear flow,"('/home/toffer/Repos/flask-tags/flask-1.1.3/src/flask/app.py', 1804, 1804)"
483,breaks in linear flow,"('/home/toffer/Repos/flask-tags/flask-1.1.3/src/flask/app.py', 1810, 1810)"
484,breaks in linear flow,"('/home/toffer/Repos/flask-tags/flask-1.1.3/src/flask/app.py', 1815, 1815)"
485,breaks in linear flow,"('/home/toffer/Repos/flask-tags/flask-1.1.3/src/flask/app.py', 1820, 1820)"
486,breaks in linear flow,"('/home/toffer/Repos/flask-tags/flask-1.1.3/src/flask/app.py', 1861, 1861)"
487,breaks in linear flow,"('/home/toffer/Repos/flask-tags/flask-1.1.3/src/flask/app.py', 1866, 1866)"
488,breaks in linear flow,"('/home/toffer/Repos/flask-tags/flask-1.1.3/src/flask/app.py', 1878, 1878)"
489,breaks in linear flow,"('/home/toffer/Repos/flask-tags/flask-1.1.3/src/flask/app.py', 1903, 1903)"
490,breaks in linear flow,"('/home/toffer/Repos/flask-tags/flask-1.1.3/src/flask/app.py', 1925, 1925)"
491,breaks in linear flow,"('/home/toffer/Repos/flask-tags/flask-1.1.3/src/flask/app.py', 1930, 1930)"
492,breaks in linear flow,"('/home/toffer/Repos/flask-tags/flask-1.1.3/src/flask/app.py', 1949, 1949)"
493,breaks in linear flow,"('/home/toffer/Repos/flask-tags/flask-1.1.3/src/flask/app.py', 1951, 1951)"
494,breaks in linear flow,"('/home/toffer/Repos/flask-tags/flask-1.1.3/src/flask/app.py', 1972, 1972)"
495,breaks in linear flow,"('/home/toffer/Repos/flask-tags/flask-1.1.3/src/flask/app.py', 1973, 1973)"
496,breaks in linear flow,"('/home/toffer/Repos/flask-tags/flask-1.1.3/src/flask/app.py', 1987, 1987)"
497,breaks in linear flow,"('/home/toffer/Repos/flask-tags/flask-1.1.3/src/flask/app.py', 1990, 1990)"
498,breaks in linear flow,"('/home/toffer/Repos/flask-tags/flask-1.1.3/src/flask/app.py', 1992, 1992)"
499,breaks in linear flow,"('/home/toffer/Repos/flask-tags/flask-1.1.3/src/flask/app.py', 2004, 2004)"
500,breaks in linear flow,"('/home/toffer/Repos/flask-tags/flask-1.1.3/src/flask/app.py', 2011, 2011)"
501,breaks in linear flow,"('/home/toffer/Repos/flask-tags/flask-1.1.3/src/flask/app.py', 2013, 2013)"
502,breaks in linear flow,"('/home/toffer/Repos/flask-tags/flask-1.1.3/src/flask/app.py', 2075, 2075)"
503,breaks in linear flow,"('/home/toffer/Repos/flask-tags/flask-1.1.3/src/flask/app.py', 2079, 2079)"
504,breaks in linear flow,"('/home/toffer/Repos/flask-tags/flask-1.1.3/src/flask/app.py', 2083, 2083)"
505,breaks in linear flow,"('/home/toffer/Repos/flask-tags/flask-1.1.3/src/flask/app.py', 2096, 2096)"
506,breaks in linear flow,"('/home/toffer/Repos/flask-tags/flask-1.1.3/src/flask/app.py', 2104, 2104)"
507,breaks in linear flow,"('/home/toffer/Repos/flask-tags/flask-1.1.3/src/flask/app.py', 2105, 2105)"
508,breaks in linear flow,"('/home/toffer/Repos/flask-tags/flask-1.1.3/src/flask/app.py', 2118, 2118)"
509,breaks in linear flow,"('/home/toffer/Repos/flask-tags/flask-1.1.3/src/flask/app.py', 2135, 2135)"
510,breaks in linear flow,"('/home/toffer/Repos/flask-tags/flask-1.1.3/src/flask/app.py', 2136, 2136)"
511,breaks in linear flow,"('/home/toffer/Repos/flask-tags/flask-1.1.3/src/flask/app.py', 2142, 2142)"
512,breaks in linear flow,"('/home/toffer/Repos/flask-tags/flask-1.1.3/src/flask/app.py', 2162, 2162)"
513,breaks in linear flow,"('/home/toffer/Repos/flask-tags/flask-1.1.3/src/flask/app.py', 2178, 2178)"
514,breaks in linear flow,"('/home/toffer/Repos/flask-tags/flask-1.1.3/src/flask/app.py', 2193, 2193)"
515,breaks in linear flow,"('/home/toffer/Repos/flask-tags/flask-1.1.3/src/flask/app.py', 2196, 2196)"
516,breaks in linear flow,"('/home/toffer/Repos/flask-tags/flask-1.1.3/src/flask/app.py', 2203, 2203)"
517,breaks in linear flow,"('/home/toffer/Repos/flask-tags/flask-1.1.3/src/flask/app.py', 2206, 2206)"
518,breaks in linear flow,"('/home/toffer/Repos/flask-tags/flask-1.1.3/src/flask/app.py', 2208, 2208)"
519,breaks in linear flow,"('/home/toffer/Repos/flask-tags/flask-1.1.3/src/flask/app.py', 2215, 2215)"
520,breaks in linear flow,"('/home/toffer/Repos/flask-tags/flask-1.1.3/src/flask/app.py', 2233, 2233)"
521,breaks in linear flow,"('/home/toffer/Repos/flask-tags/flask-1.1.3/src/flask/app.py', 2235, 2235)"
522,breaks in linear flow,"('/home/toffer/Repos/flask-tags/flask-1.1.3/src/flask/app.py', 2239, 2239)"
523,breaks in linear flow,"('/home/toffer/Repos/flask-tags/flask-1.1.3/src/flask/app.py', 2241, 2241)"
524,breaks in linear flow,"('/home/toffer/Repos/flask-tags/flask-1.1.3/src/flask/app.py', 2243, 2243)"
525,breaks in linear flow,"('/home/toffer/Repos/flask-tags/flask-1.1.3/src/flask/app.py', 2262, 2262)"
526,breaks in linear flow,"('/home/toffer/Repos/flask-tags/flask-1.1.3/src/flask/app.py', 2264, 2264)"
527,breaks in linear flow,"('/home/toffer/Repos/flask-tags/flask-1.1.3/src/flask/app.py', 2266, 2266)"
528,breaks in linear flow,"('/home/toffer/Repos/flask-tags/flask-1.1.3/src/flask/app.py', 2268, 2268)"
529,breaks in linear flow,"('/home/toffer/Repos/flask-tags/flask-1.1.3/src/flask/app.py', 2293, 2293)"
530,breaks in linear flow,"('/home/toffer/Repos/flask-tags/flask-1.1.3/src/flask/app.py', 2297, 2297)"
531,breaks in linear flow,"('/home/toffer/Repos/flask-tags/flask-1.1.3/src/flask/app.py', 2299, 2299)"
532,breaks in linear flow,"('/home/toffer/Repos/flask-tags/flask-1.1.3/src/flask/app.py', 2318, 2318)"
533,breaks in linear flow,"('/home/toffer/Repos/flask-tags/flask-1.1.3/src/flask/app.py', 2320, 2320)"
534,breaks in linear flow,"('/home/toffer/Repos/flask-tags/flask-1.1.3/src/flask/app.py', 2448, 2448)"
535,breaks in linear flow,"('/home/toffer/Repos/flask-tags/flask-1.1.3/src/flask/app.py', 2451, 2451)"
536,breaks in linear flow,"('/home/toffer/Repos/flask-tags/flask-1.1.3/src/flask/app.py', 2456, 2456)"
537,breaks in linear flow,"('/home/toffer/Repos/flask-tags/flask-1.1.3/src/flask/cli.py', 39, 39)"
538,breaks in linear flow,"('/home/toffer/Repos/flask-tags/flask-1.1.3/src/flask/cli.py', 44, 44)"
539,breaks in linear flow,"('/home/toffer/Repos/flask-tags/flask-1.1.3/src/flask/cli.py', 59, 59)"
540,breaks in linear flow,"('/home/toffer/Repos/flask-tags/flask-1.1.3/src/flask/cli.py', 62, 62)"
541,breaks in linear flow,"('/home/toffer/Repos/flask-tags/flask-1.1.3/src/flask/cli.py', 68, 68)"
542,breaks in linear flow,"('/home/toffer/Repos/flask-tags/flask-1.1.3/src/flask/cli.py', 78, 78)"
543,breaks in linear flow,"('/home/toffer/Repos/flask-tags/flask-1.1.3/src/flask/cli.py', 81, 81)"
544,breaks in linear flow,"('/home/toffer/Repos/flask-tags/flask-1.1.3/src/flask/cli.py', 85, 85)"
545,breaks in linear flow,"('/home/toffer/Repos/flask-tags/flask-1.1.3/src/flask/cli.py', 87, 87)"
546,breaks in linear flow,"('/home/toffer/Repos/flask-tags/flask-1.1.3/src/flask/cli.py', 88, 88)"
547,breaks in linear flow,"('/home/toffer/Repos/flask-tags/flask-1.1.3/src/flask/cli.py', 112, 112)"
548,breaks in linear flow,"('/home/toffer/Repos/flask-tags/flask-1.1.3/src/flask/cli.py', 133, 133)"
549,breaks in linear flow,"('/home/toffer/Repos/flask-tags/flask-1.1.3/src/flask/cli.py', 134, 134)"
550,breaks in linear flow,"('/home/toffer/Repos/flask-tags/flask-1.1.3/src/flask/cli.py', 158, 158)"
551,breaks in linear flow,"('/home/toffer/Repos/flask-tags/flask-1.1.3/src/flask/cli.py', 168, 168)"
552,breaks in linear flow,"('/home/toffer/Repos/flask-tags/flask-1.1.3/src/flask/cli.py', 171, 171)"
553,breaks in linear flow,"('/home/toffer/Repos/flask-tags/flask-1.1.3/src/flask/cli.py', 172, 172)"
554,breaks in linear flow,"('/home/toffer/Repos/flask-tags/flask-1.1.3/src/flask/cli.py', 175, 175)"
555,breaks in linear flow,"('/home/toffer/Repos/flask-tags/flask-1.1.3/src/flask/cli.py', 185, 185)"
556,breaks in linear flow,"('/home/toffer/Repos/flask-tags/flask-1.1.3/src/flask/cli.py', 186, 186)"
557,breaks in linear flow,"('/home/toffer/Repos/flask-tags/flask-1.1.3/src/flask/cli.py', 198, 198)"
558,breaks in linear flow,"('/home/toffer/Repos/flask-tags/flask-1.1.3/src/flask/cli.py', 214, 214)"
559,breaks in linear flow,"('/home/toffer/Repos/flask-tags/flask-1.1.3/src/flask/cli.py', 217, 217)"
560,breaks in linear flow,"('/home/toffer/Repos/flask-tags/flask-1.1.3/src/flask/cli.py', 223, 223)"
561,breaks in linear flow,"('/home/toffer/Repos/flask-tags/flask-1.1.3/src/flask/cli.py', 227, 227)"
562,breaks in linear flow,"('/home/toffer/Repos/flask-tags/flask-1.1.3/src/flask/cli.py', 228, 228)"
563,breaks in linear flow,"('/home/toffer/Repos/flask-tags/flask-1.1.3/src/flask/cli.py', 230, 230)"
564,breaks in linear flow,"('/home/toffer/Repos/flask-tags/flask-1.1.3/src/flask/cli.py', 241, 241)"
565,breaks in linear flow,"('/home/toffer/Repos/flask-tags/flask-1.1.3/src/flask/cli.py', 244, 244)"
566,breaks in linear flow,"('/home/toffer/Repos/flask-tags/flask-1.1.3/src/flask/cli.py', 256, 256)"
567,breaks in linear flow,"('/home/toffer/Repos/flask-tags/flask-1.1.3/src/flask/cli.py', 263, 263)"
568,breaks in linear flow,"('/home/toffer/Repos/flask-tags/flask-1.1.3/src/flask/cli.py', 304, 304)"
569,breaks in linear flow,"('/home/toffer/Repos/flask-tags/flask-1.1.3/src/flask/cli.py', 315, 315)"
570,breaks in linear flow,"('/home/toffer/Repos/flask-tags/flask-1.1.3/src/flask/cli.py', 324, 324)"
571,breaks in linear flow,"('/home/toffer/Repos/flask-tags/flask-1.1.3/src/flask/cli.py', 336, 336)"
572,breaks in linear flow,"('/home/toffer/Repos/flask-tags/flask-1.1.3/src/flask/cli.py', 340, 340)"
573,breaks in linear flow,"('/home/toffer/Repos/flask-tags/flask-1.1.3/src/flask/cli.py', 375, 375)"
574,breaks in linear flow,"('/home/toffer/Repos/flask-tags/flask-1.1.3/src/flask/cli.py', 380, 380)"
575,breaks in linear flow,"('/home/toffer/Repos/flask-tags/flask-1.1.3/src/flask/cli.py', 383, 383)"
576,breaks in linear flow,"('/home/toffer/Repos/flask-tags/flask-1.1.3/src/flask/cli.py', 390, 390)"
577,breaks in linear flow,"('/home/toffer/Repos/flask-tags/flask-1.1.3/src/flask/cli.py', 394, 394)"
578,breaks in linear flow,"('/home/toffer/Repos/flask-tags/flask-1.1.3/src/flask/cli.py', 395, 395)"
579,breaks in linear flow,"('/home/toffer/Repos/flask-tags/flask-1.1.3/src/flask/cli.py', 397, 397)"
580,breaks in linear flow,"('/home/toffer/Repos/flask-tags/flask-1.1.3/src/flask/cli.py', 404, 404)"
581,breaks in linear flow,"('/home/toffer/Repos/flask-tags/flask-1.1.3/src/flask/cli.py', 447, 447)"
582,breaks in linear flow,"('/home/toffer/Repos/flask-tags/flask-1.1.3/src/flask/cli.py', 498, 498)"
583,breaks in linear flow,"('/home/toffer/Repos/flask-tags/flask-1.1.3/src/flask/cli.py', 506, 506)"
584,breaks in linear flow,"('/home/toffer/Repos/flask-tags/flask-1.1.3/src/flask/cli.py', 514, 514)"
585,breaks in linear flow,"('/home/toffer/Repos/flask-tags/flask-1.1.3/src/flask/cli.py', 518, 518)"
586,breaks in linear flow,"('/home/toffer/Repos/flask-tags/flask-1.1.3/src/flask/cli.py', 522, 522)"
587,breaks in linear flow,"('/home/toffer/Repos/flask-tags/flask-1.1.3/src/flask/cli.py', 537, 537)"
588,breaks in linear flow,"('/home/toffer/Repos/flask-tags/flask-1.1.3/src/flask/cli.py', 543, 543)"
589,breaks in linear flow,"('/home/toffer/Repos/flask-tags/flask-1.1.3/src/flask/cli.py', 545, 545)"
590,breaks in linear flow,"('/home/toffer/Repos/flask-tags/flask-1.1.3/src/flask/cli.py', 557, 557)"
591,breaks in linear flow,"('/home/toffer/Repos/flask-tags/flask-1.1.3/src/flask/cli.py', 574, 574)"
592,breaks in linear flow,"('/home/toffer/Repos/flask-tags/flask-1.1.3/src/flask/cli.py', 579, 579)"
593,breaks in linear flow,"('/home/toffer/Repos/flask-tags/flask-1.1.3/src/flask/cli.py', 619, 619)"
594,breaks in linear flow,"('/home/toffer/Repos/flask-tags/flask-1.1.3/src/flask/cli.py', 620, 620)"
595,breaks in linear flow,"('/home/toffer/Repos/flask-tags/flask-1.1.3/src/flask/cli.py', 632, 632)"
596,breaks in linear flow,"('/home/toffer/Repos/flask-tags/flask-1.1.3/src/flask/cli.py', 633, 633)"
597,breaks in linear flow,"('/home/toffer/Repos/flask-tags/flask-1.1.3/src/flask/cli.py', 640, 640)"
598,breaks in linear flow,"('/home/toffer/Repos/flask-tags/flask-1.1.3/src/flask/cli.py', 643, 643)"
599,breaks in linear flow,"('/home/toffer/Repos/flask-tags/flask-1.1.3/src/flask/cli.py', 644, 644)"
600,breaks in linear flow,"('/home/toffer/Repos/flask-tags/flask-1.1.3/src/flask/cli.py', 646, 646)"
601,breaks in linear flow,"('/home/toffer/Repos/flask-tags/flask-1.1.3/src/flask/cli.py', 651, 651)"
602,breaks in linear flow,"('/home/toffer/Repos/flask-tags/flask-1.1.3/src/flask/cli.py', 661, 661)"
603,breaks in linear flow,"('/home/toffer/Repos/flask-tags/flask-1.1.3/src/flask/cli.py', 664, 664)"
604,breaks in linear flow,"('/home/toffer/Repos/flask-tags/flask-1.1.3/src/flask/cli.py', 667, 667)"
605,breaks in linear flow,"('/home/toffer/Repos/flask-tags/flask-1.1.3/src/flask/cli.py', 674, 674)"
606,breaks in linear flow,"('/home/toffer/Repos/flask-tags/flask-1.1.3/src/flask/cli.py', 682, 682)"
607,breaks in linear flow,"('/home/toffer/Repos/flask-tags/flask-1.1.3/src/flask/cli.py', 698, 698)"
608,breaks in linear flow,"('/home/toffer/Repos/flask-tags/flask-1.1.3/src/flask/cli.py', 707, 707)"
609,breaks in linear flow,"('/home/toffer/Repos/flask-tags/flask-1.1.3/src/flask/cli.py', 710, 710)"
610,breaks in linear flow,"('/home/toffer/Repos/flask-tags/flask-1.1.3/src/flask/cli.py', 713, 713)"
611,breaks in linear flow,"('/home/toffer/Repos/flask-tags/flask-1.1.3/src/flask/cli.py', 722, 722)"
612,breaks in linear flow,"('/home/toffer/Repos/flask-tags/flask-1.1.3/src/flask/cli.py', 723, 723)"
613,breaks in linear flow,"('/home/toffer/Repos/flask-tags/flask-1.1.3/src/flask/cli.py', 726, 726)"
614,breaks in linear flow,"('/home/toffer/Repos/flask-tags/flask-1.1.3/src/flask/cli.py', 739, 739)"
615,breaks in linear flow,"('/home/toffer/Repos/flask-tags/flask-1.1.3/src/flask/cli.py', 744, 744)"
616,breaks in linear flow,"('/home/toffer/Repos/flask-tags/flask-1.1.3/src/flask/cli.py', 745, 745)"
617,breaks in linear flow,"('/home/toffer/Repos/flask-tags/flask-1.1.3/src/flask/cli.py', 750, 750)"
618,breaks in linear flow,"('/home/toffer/Repos/flask-tags/flask-1.1.3/src/flask/cli.py', 755, 755)"
619,breaks in linear flow,"('/home/toffer/Repos/flask-tags/flask-1.1.3/src/flask/cli.py', 761, 761)"
620,breaks in linear flow,"('/home/toffer/Repos/flask-tags/flask-1.1.3/src/flask/cli.py', 838, 838)"
621,breaks in linear flow,"('/home/toffer/Repos/flask-tags/flask-1.1.3/src/flask/cli.py', 841, 841)"
622,breaks in linear flow,"('/home/toffer/Repos/flask-tags/flask-1.1.3/src/flask/cli.py', 844, 844)"
623,breaks in linear flow,"('/home/toffer/Repos/flask-tags/flask-1.1.3/src/flask/cli.py', 890, 890)"
624,breaks in linear flow,"('/home/toffer/Repos/flask-tags/flask-1.1.3/src/flask/cli.py', 916, 916)"
625,breaks in linear flow,"('/home/toffer/Repos/flask-tags/flask-1.1.3/src/flask/cli.py', 922, 922)"
626,breaks in linear flow,"('/home/toffer/Repos/flask-tags/flask-1.1.3/src/flask/cli.py', 941, 941)"
627,breaks in linear flow,"('/home/toffer/Repos/flask-tags/flask-1.1.3/src/flask/cli.py', 970, 970)"
628,breaks in linear flow,"('/home/toffer/Repos/flask-tags/flask-1.1.3/src/flask/wrappers.py', 24, 24)"
629,breaks in linear flow,"('/home/toffer/Repos/flask-tags/flask-1.1.3/src/flask/wrappers.py', 68, 68)"
630,breaks in linear flow,"('/home/toffer/Repos/flask-tags/flask-1.1.3/src/flask/wrappers.py', 78, 78)"
631,breaks in linear flow,"('/home/toffer/Repos/flask-tags/flask-1.1.3/src/flask/wrappers.py', 84, 84)"
632,breaks in linear flow,"('/home/toffer/Repos/flask-tags/flask-1.1.3/src/flask/wrappers.py', 92, 92)"
633,breaks in linear flow,"('/home/toffer/Repos/flask-tags/flask-1.1.3/src/flask/wrappers.py', 133, 133)"
634,breaks in linear flow,"('/home/toffer/Repos/flask-tags/flask-1.1.3/src/flask/testing.py', 63, 63)"
635,breaks in linear flow,"('/home/toffer/Repos/flask-tags/flask-1.1.3/src/flask/testing.py', 67, 67)"
636,breaks in linear flow,"('/home/toffer/Repos/flask-tags/flask-1.1.3/src/flask/testing.py', 70, 70)"
637,breaks in linear flow,"('/home/toffer/Repos/flask-tags/flask-1.1.3/src/flask/testing.py', 81, 81)"
638,breaks in linear flow,"('/home/toffer/Repos/flask-tags/flask-1.1.3/src/flask/testing.py', 157, 157)"
639,breaks in linear flow,"('/home/toffer/Repos/flask-tags/flask-1.1.3/src/flask/testing.py', 168, 168)"
640,breaks in linear flow,"('/home/toffer/Repos/flask-tags/flask-1.1.3/src/flask/testing.py', 187, 187)"
641,breaks in linear flow,"('/home/toffer/Repos/flask-tags/flask-1.1.3/src/flask/testing.py', 197, 197)"
642,breaks in linear flow,"('/home/toffer/Repos/flask-tags/flask-1.1.3/src/flask/testing.py', 204, 204)"
643,breaks in linear flow,"('/home/toffer/Repos/flask-tags/flask-1.1.3/src/flask/testing.py', 231, 231)"
644,breaks in linear flow,"('/home/toffer/Repos/flask-tags/flask-1.1.3/src/flask/testing.py', 243, 243)"
645,breaks in linear flow,"('/home/toffer/Repos/flask-tags/flask-1.1.3/src/flask/testing.py', 246, 246)"
646,breaks in linear flow,"('/home/toffer/Repos/flask-tags/flask-1.1.3/src/flask/testing.py', 249, 249)"
647,breaks in linear flow,"('/home/toffer/Repos/flask-tags/flask-1.1.3/src/flask/testing.py', 277, 277)"
648,breaks in linear flow,"('/home/toffer/Repos/flask-tags/flask-1.1.3/src/flask/testing.py', 280, 280)"
649,breaks in linear flow,"('/home/toffer/Repos/flask-tags/flask-1.1.3/src/flask/debughelpers.py', 43, 43)"
650,breaks in linear flow,"('/home/toffer/Repos/flask-tags/flask-1.1.3/src/flask/debughelpers.py', 69, 69)"
651,breaks in linear flow,"('/home/toffer/Repos/flask-tags/flask-1.1.3/src/flask/debughelpers.py', 97, 97)"
652,breaks in linear flow,"('/home/toffer/Repos/flask-tags/flask-1.1.3/src/flask/debughelpers.py', 98, 98)"
653,breaks in linear flow,"('/home/toffer/Repos/flask-tags/flask-1.1.3/src/flask/debughelpers.py', 109, 109)"
654,breaks in linear flow,"('/home/toffer/Repos/flask-tags/flask-1.1.3/src/flask/debughelpers.py', 110, 110)"
655,breaks in linear flow,"('/home/toffer/Repos/flask-tags/flask-1.1.3/src/flask/debughelpers.py', 111, 111)"
656,breaks in linear flow,"('/home/toffer/Repos/flask-tags/flask-1.1.3/src/flask/debughelpers.py', 112, 112)"
657,breaks in linear flow,"('/home/toffer/Repos/flask-tags/flask-1.1.3/src/flask/debughelpers.py', 113, 113)"
658,breaks in linear flow,"('/home/toffer/Repos/flask-tags/flask-1.1.3/src/flask/debughelpers.py', 114, 114)"
659,breaks in linear flow,"('/home/toffer/Repos/flask-tags/flask-1.1.3/src/flask/debughelpers.py', 116, 116)"
660,breaks in linear flow,"('/home/toffer/Repos/flask-tags/flask-1.1.3/src/flask/debughelpers.py', 118, 118)"
661,breaks in linear flow,"('/home/toffer/Repos/flask-tags/flask-1.1.3/src/flask/debughelpers.py', 120, 120)"
662,breaks in linear flow,"('/home/toffer/Repos/flask-tags/flask-1.1.3/src/flask/debughelpers.py', 130, 130)"
663,breaks in linear flow,"('/home/toffer/Repos/flask-tags/flask-1.1.3/src/flask/debughelpers.py', 133, 133)"
664,breaks in linear flow,"('/home/toffer/Repos/flask-tags/flask-1.1.3/src/flask/debughelpers.py', 134, 134)"
665,breaks in linear flow,"('/home/toffer/Repos/flask-tags/flask-1.1.3/src/flask/debughelpers.py', 143, 143)"
666,breaks in linear flow,"('/home/toffer/Repos/flask-tags/flask-1.1.3/src/flask/debughelpers.py', 146, 146)"
667,breaks in linear flow,"('/home/toffer/Repos/flask-tags/flask-1.1.3/src/flask/debughelpers.py', 154, 154)"
668,breaks in linear flow,"('/home/toffer/Repos/flask-tags/flask-1.1.3/src/flask/debughelpers.py', 161, 161)"
669,breaks in linear flow,"('/home/toffer/Repos/flask-tags/flask-1.1.3/src/flask/debughelpers.py', 173, 173)"
670,breaks in linear flow,"('/home/toffer/Repos/flask-tags/flask-1.1.3/src/flask/logging.py', 40, 40)"
671,breaks in linear flow,"('/home/toffer/Repos/flask-tags/flask-1.1.3/src/flask/logging.py', 41, 41)"
672,breaks in linear flow,"('/home/toffer/Repos/flask-tags/flask-1.1.3/src/flask/logging.py', 44, 44)"
673,breaks in linear flow,"('/home/toffer/Repos/flask-tags/flask-1.1.3/src/flask/logging.py', 45, 45)"
674,breaks in linear flow,"('/home/toffer/Repos/flask-tags/flask-1.1.3/src/flask/logging.py', 91, 91)"
675,breaks in linear flow,"('/home/toffer/Repos/flask-tags/flask-1.1.3/src/flask/logging.py', 94, 94)"
676,breaks in linear flow,"('/home/toffer/Repos/flask-tags/flask-1.1.3/src/flask/logging.py', 101, 101)"
677,breaks in linear flow,"('/home/toffer/Repos/flask-tags/flask-1.1.3/src/flask/logging.py', 103, 103)"
678,breaks in linear flow,"('/home/toffer/Repos/flask-tags/flask-1.1.3/src/flask/logging.py', 106, 106)"
679,breaks in linear flow,"('/home/toffer/Repos/flask-tags/flask-1.1.3/src/flask/config.py', 30, 30)"
680,breaks in linear flow,"('/home/toffer/Repos/flask-tags/flask-1.1.3/src/flask/config.py', 33, 33)"
681,breaks in linear flow,"('/home/toffer/Repos/flask-tags/flask-1.1.3/src/flask/config.py', 102, 102)"
682,breaks in linear flow,"('/home/toffer/Repos/flask-tags/flask-1.1.3/src/flask/config.py', 103, 103)"
683,breaks in linear flow,"('/home/toffer/Repos/flask-tags/flask-1.1.3/src/flask/config.py', 133, 133)"
684,breaks in linear flow,"('/home/toffer/Repos/flask-tags/flask-1.1.3/src/flask/config.py', 134, 134)"
685,breaks in linear flow,"('/home/toffer/Repos/flask-tags/flask-1.1.3/src/flask/config.py', 173, 173)"
686,breaks in linear flow,"('/home/toffer/Repos/flask-tags/flask-1.1.3/src/flask/config.py', 175, 175)"
687,breaks in linear flow,"('/home/toffer/Repos/flask-tags/flask-1.1.3/src/flask/config.py', 176, 176)"
688,breaks in linear flow,"('/home/toffer/Repos/flask-tags/flask-1.1.3/src/flask/config.py', 197, 197)"
689,breaks in linear flow,"('/home/toffer/Repos/flask-tags/flask-1.1.3/src/flask/config.py', 198, 198)"
690,breaks in linear flow,"('/home/toffer/Repos/flask-tags/flask-1.1.3/src/flask/config.py', 211, 211)"
691,breaks in linear flow,"('/home/toffer/Repos/flask-tags/flask-1.1.3/src/flask/config.py', 212, 212)"
692,breaks in linear flow,"('/home/toffer/Repos/flask-tags/flask-1.1.3/src/flask/config.py', 221, 221)"
693,breaks in linear flow,"('/home/toffer/Repos/flask-tags/flask-1.1.3/src/flask/config.py', 222, 222)"
694,breaks in linear flow,"('/home/toffer/Repos/flask-tags/flask-1.1.3/src/flask/config.py', 223, 223)"
695,breaks in linear flow,"('/home/toffer/Repos/flask-tags/flask-1.1.3/src/flask/config.py', 256, 256)"
696,breaks in linear flow,"('/home/toffer/Repos/flask-tags/flask-1.1.3/src/flask/config.py', 257, 257)"
697,breaks in linear flow,"('/home/toffer/Repos/flask-tags/flask-1.1.3/src/flask/config.py', 258, 258)"
698,breaks in linear flow,"('/home/toffer/Repos/flask-tags/flask-1.1.3/src/flask/config.py', 259, 259)"
699,breaks in linear flow,"('/home/toffer/Repos/flask-tags/flask-1.1.3/src/flask/config.py', 263, 263)"
700,breaks in linear flow,"('/home/toffer/Repos/flask-tags/flask-1.1.3/src/flask/views.py', 91, 91)"
701,breaks in linear flow,"('/home/toffer/Repos/flask-tags/flask-1.1.3/src/flask/views.py', 94, 94)"
702,breaks in linear flow,"('/home/toffer/Repos/flask-tags/flask-1.1.3/src/flask/views.py', 119, 119)"
703,breaks in linear flow,"('/home/toffer/Repos/flask-tags/flask-1.1.3/src/flask/views.py', 122, 122)"
704,breaks in linear flow,"('/home/toffer/Repos/flask-tags/flask-1.1.3/src/flask/views.py', 123, 123)"
705,breaks in linear flow,"('/home/toffer/Repos/flask-tags/flask-1.1.3/src/flask/views.py', 126, 126)"
706,breaks in linear flow,"('/home/toffer/Repos/flask-tags/flask-1.1.3/src/flask/views.py', 127, 127)"
707,breaks in linear flow,"('/home/toffer/Repos/flask-tags/flask-1.1.3/src/flask/views.py', 134, 134)"
708,breaks in linear flow,"('/home/toffer/Repos/flask-tags/flask-1.1.3/src/flask/views.py', 159, 159)"
709,breaks in linear flow,"('/home/toffer/Repos/flask-tags/flask-1.1.3/src/flask/signals.py', 16, 16)"
710,breaks in linear flow,"('/home/toffer/Repos/flask-tags/flask-1.1.3/src/flask/_compat.py', 22, 22)"
711,breaks in linear flow,"('/home/toffer/Repos/flask-tags/flask-1.1.3/src/flask/_compat.py', 27, 27)"
712,breaks in linear flow,"('/home/toffer/Repos/flask-tags/flask-1.1.3/src/flask/_compat.py', 37, 37)"
713,breaks in linear flow,"('/home/toffer/Repos/flask-tags/flask-1.1.3/src/flask/_compat.py', 84, 84)"
714,breaks in linear flow,"('/home/toffer/Repos/flask-tags/flask-1.1.3/src/flask/_compat.py', 91, 91)"
715,breaks in linear flow,"('/home/toffer/Repos/flask-tags/flask-1.1.3/src/flask/_compat.py', 99, 99)"
716,breaks in linear flow,"('/home/toffer/Repos/flask-tags/flask-1.1.3/src/flask/_compat.py', 103, 103)"
717,breaks in linear flow,"('/home/toffer/Repos/flask-tags/flask-1.1.3/src/flask/_compat.py', 105, 105)"
718,breaks in linear flow,"('/home/toffer/Repos/flask-tags/flask-1.1.3/src/flask/_compat.py', 111, 111)"
719,breaks in linear flow,"('/home/toffer/Repos/flask-tags/flask-1.1.3/src/flask/json/tag.py', 252, 252)"
720,breaks in linear flow,"('/home/toffer/Repos/flask-tags/flask-1.1.3/src/flask/json/tag.py', 272, 272)"
721,breaks in linear flow,"('/home/toffer/Repos/flask-tags/flask-1.1.3/src/flask/json/tag.py', 273, 273)"
722,breaks in linear flow,"('/home/toffer/Repos/flask-tags/flask-1.1.3/src/flask/json/tag.py', 278, 278)"
723,breaks in linear flow,"('/home/toffer/Repos/flask-tags/flask-1.1.3/src/flask/json/tag.py', 285, 285)"
724,breaks in linear flow,"('/home/toffer/Repos/flask-tags/flask-1.1.3/src/flask/json/tag.py', 286, 286)"
725,breaks in linear flow,"('/home/toffer/Repos/flask-tags/flask-1.1.3/src/flask/json/tag.py', 293, 293)"
726,breaks in linear flow,"('/home/toffer/Repos/flask-tags/flask-1.1.3/src/flask/json/tag.py', 298, 298)"
727,breaks in linear flow,"('/home/toffer/Repos/flask-tags/flask-1.1.3/src/flask/json/__init__.py', 26, 26)"
728,breaks in linear flow,"('/home/toffer/Repos/flask-tags/flask-1.1.3/src/flask/json/__init__.py', 48, 48)"
729,breaks in linear flow,"('/home/toffer/Repos/flask-tags/flask-1.1.3/src/flask/json/__init__.py', 56, 56)"
730,breaks in linear flow,"('/home/toffer/Repos/flask-tags/flask-1.1.3/src/flask/json/__init__.py', 90, 90)"
731,breaks in linear flow,"('/home/toffer/Repos/flask-tags/flask-1.1.3/src/flask/json/__init__.py', 92, 92)"
732,breaks in linear flow,"('/home/toffer/Repos/flask-tags/flask-1.1.3/src/flask/json/__init__.py', 94, 94)"
733,breaks in linear flow,"('/home/toffer/Repos/flask-tags/flask-1.1.3/src/flask/json/__init__.py', 96, 96)"
734,breaks in linear flow,"('/home/toffer/Repos/flask-tags/flask-1.1.3/src/flask/json/__init__.py', 98, 98)"
735,breaks in linear flow,"('/home/toffer/Repos/flask-tags/flask-1.1.3/src/flask/json/__init__.py', 113, 113)"
736,breaks in linear flow,"('/home/toffer/Repos/flask-tags/flask-1.1.3/src/flask/json/__init__.py', 116, 116)"
737,breaks in linear flow,"('/home/toffer/Repos/flask-tags/flask-1.1.3/src/flask/json/__init__.py', 122, 122)"
738,breaks in linear flow,"('/home/toffer/Repos/flask-tags/flask-1.1.3/src/flask/json/__init__.py', 133, 133)"
739,breaks in linear flow,"('/home/toffer/Repos/flask-tags/flask-1.1.3/src/flask/json/__init__.py', 136, 136)"
740,breaks in linear flow,"('/home/toffer/Repos/flask-tags/flask-1.1.3/src/flask/json/__init__.py', 157, 157)"
741,breaks in linear flow,"('/home/toffer/Repos/flask-tags/flask-1.1.3/src/flask/json/__init__.py', 160, 160)"
742,breaks in linear flow,"('/home/toffer/Repos/flask-tags/flask-1.1.3/src/flask/json/__init__.py', 163, 163)"
743,breaks in linear flow,"('/home/toffer/Repos/flask-tags/flask-1.1.3/src/flask/json/__init__.py', 166, 166)"
744,breaks in linear flow,"('/home/toffer/Repos/flask-tags/flask-1.1.3/src/flask/json/__init__.py', 169, 169)"
745,breaks in linear flow,"('/home/toffer/Repos/flask-tags/flask-1.1.3/src/flask/json/__init__.py', 170, 170)"
746,breaks in linear flow,"('/home/toffer/Repos/flask-tags/flask-1.1.3/src/flask/json/__init__.py', 173, 173)"
747,breaks in linear flow,"('/home/toffer/Repos/flask-tags/flask-1.1.3/src/flask/json/__init__.py', 176, 176)"
748,breaks in linear flow,"('/home/toffer/Repos/flask-tags/flask-1.1.3/src/flask/json/__init__.py', 179, 179)"
749,breaks in linear flow,"('/home/toffer/Repos/flask-tags/flask-1.1.3/src/flask/json/__init__.py', 182, 182)"
750,breaks in linear flow,"('/home/toffer/Repos/flask-tags/flask-1.1.3/src/flask/json/__init__.py', 212, 212)"
751,breaks in linear flow,"('/home/toffer/Repos/flask-tags/flask-1.1.3/src/flask/json/__init__.py', 221, 221)"
752,breaks in linear flow,"('/home/toffer/Repos/flask-tags/flask-1.1.3/src/flask/json/__init__.py', 248, 248)"
753,breaks in linear flow,"('/home/toffer/Repos/flask-tags/flask-1.1.3/src/flask/json/__init__.py', 250, 250)"
754,breaks in linear flow,"('/home/toffer/Repos/flask-tags/flask-1.1.3/src/flask/json/__init__.py', 259, 259)"
755,breaks in linear flow,"('/home/toffer/Repos/flask-tags/flask-1.1.3/src/flask/json/__init__.py', 296, 296)"
756,breaks in linear flow,"('/home/toffer/Repos/flask-tags/flask-1.1.3/src/flask/json/__init__.py', 358, 358)"
757,breaks in linear flow,"('/home/toffer/Repos/flask-tags/flask-1.1.3/src/flask/json/__init__.py', 362, 362)"
758,recursion,"('/home/toffer/Repos/flask-tags/flask-1.1.3/tests/test_basic.py', 569, 569)"
759,recursion,"('/home/toffer/Repos/flask-tags/flask-1.1.3/tests/test_views.py', 48, 48)"
760,recursion,"('/home/toffer/Repos/flask-tags/flask-1.1.3/src/flask/templating.py', 77, 77)"
