,type,file_start_end
0,method length,"('/home/toffer/Repos/flask-tags/flask-1.0/tests/test_helpers.py', 276, 307)"
1,method length,"('/home/toffer/Repos/flask-tags/flask-1.0/tests/test_helpers.py', 309, 345)"
2,method length,"('/home/toffer/Repos/flask-tags/flask-1.0/tests/test_helpers.py', 365, 433)"
3,method length,"('/home/toffer/Repos/flask-tags/flask-1.0/tests/test_helpers.py', 476, 528)"
4,method length,"('/home/toffer/Repos/flask-tags/flask-1.0/tests/test_helpers.py', 534, 587)"
5,method length,"('/home/toffer/Repos/flask-tags/flask-1.0/tests/test_helpers.py', 605, 639)"
6,method length,"('/home/toffer/Repos/flask-tags/flask-1.0/tests/test_helpers.py', 654, 692)"
7,method length,"('/home/toffer/Repos/flask-tags/flask-1.0/tests/test_helpers.py', 822, 852)"
8,method length,"('/home/toffer/Repos/flask-tags/flask-1.0/tests/conftest.py', 105, 133)"
9,method length,"('/home/toffer/Repos/flask-tags/flask-1.0/tests/conftest.py', 162, 190)"
10,method length,"('/home/toffer/Repos/flask-tags/flask-1.0/tests/test_cli.py', 50, 142)"
11,method length,"('/home/toffer/Repos/flask-tags/flask-1.0/tests/test_cli.py', 261, 292)"
12,method length,"('/home/toffer/Repos/flask-tags/flask-1.0/tests/test_cli.py', 310, 337)"
13,method length,"('/home/toffer/Repos/flask-tags/flask-1.0/tests/test_basic.py', 73, 114)"
14,method length,"('/home/toffer/Repos/flask-tags/flask-1.0/tests/test_basic.py', 147, 179)"
15,method length,"('/home/toffer/Repos/flask-tags/flask-1.0/tests/test_basic.py', 412, 441)"
16,method length,"('/home/toffer/Repos/flask-tags/flask-1.0/tests/test_basic.py', 458, 486)"
17,method length,"('/home/toffer/Repos/flask-tags/flask-1.0/tests/test_basic.py', 489, 527)"
18,method length,"('/home/toffer/Repos/flask-tags/flask-1.0/tests/test_basic.py', 530, 582)"
19,method length,"('/home/toffer/Repos/flask-tags/flask-1.0/tests/test_basic.py', 600, 671)"
20,method length,"('/home/toffer/Repos/flask-tags/flask-1.0/tests/test_basic.py', 777, 812)"
21,method length,"('/home/toffer/Repos/flask-tags/flask-1.0/tests/test_basic.py', 815, 850)"
22,method length,"('/home/toffer/Repos/flask-tags/flask-1.0/tests/test_basic.py', 853, 888)"
23,method length,"('/home/toffer/Repos/flask-tags/flask-1.0/tests/test_basic.py', 964, 993)"
24,method length,"('/home/toffer/Repos/flask-tags/flask-1.0/tests/test_basic.py', 996, 1026)"
25,method length,"('/home/toffer/Repos/flask-tags/flask-1.0/tests/test_basic.py', 1104, 1178)"
26,method length,"('/home/toffer/Repos/flask-tags/flask-1.0/tests/test_basic.py', 1181, 1221)"
27,method length,"('/home/toffer/Repos/flask-tags/flask-1.0/tests/test_basic.py', 1432, 1487)"
28,method length,"('/home/toffer/Repos/flask-tags/flask-1.0/tests/test_basic.py', 1740, 1769)"
29,method length,"('/home/toffer/Repos/flask-tags/flask-1.0/tests/test_basic.py', 1922, 1949)"
30,method length,"('/home/toffer/Repos/flask-tags/flask-1.0/tests/test_signals.py', 73, 110)"
31,method length,"('/home/toffer/Repos/flask-tags/flask-1.0/tests/test_views.py', 114, 151)"
32,method length,"('/home/toffer/Repos/flask-tags/flask-1.0/tests/test_reqctx.py', 70, 107)"
33,method length,"('/home/toffer/Repos/flask-tags/flask-1.0/tests/test_config.py', 49, 75)"
34,method length,"('/home/toffer/Repos/flask-tags/flask-1.0/tests/test_testing.py', 139, 166)"
35,method length,"('/home/toffer/Repos/flask-tags/flask-1.0/tests/test_testing.py', 213, 242)"
36,method length,"('/home/toffer/Repos/flask-tags/flask-1.0/tests/test_blueprints.py', 21, 56)"
37,method length,"('/home/toffer/Repos/flask-tags/flask-1.0/tests/test_blueprints.py', 59, 90)"
38,method length,"('/home/toffer/Repos/flask-tags/flask-1.0/tests/test_blueprints.py', 175, 215)"
39,method length,"('/home/toffer/Repos/flask-tags/flask-1.0/tests/test_blueprints.py', 303, 332)"
40,method length,"('/home/toffer/Repos/flask-tags/flask-1.0/tests/test_blueprints.py', 335, 392)"
41,method length,"('/home/toffer/Repos/flask-tags/flask-1.0/tests/test_blueprints.py', 683, 720)"
42,method length,"('/home/toffer/Repos/flask-tags/flask-1.0/tests/test_blueprints.py', 744, 772)"
43,method length,"('/home/toffer/Repos/flask-tags/flask-1.0/tests/test_blueprints.py', 775, 815)"
44,method length,"('/home/toffer/Repos/flask-tags/flask-1.0/tests/test_templating.py', 357, 385)"
45,method length,"('/home/toffer/Repos/flask-tags/flask-1.0/tests/test_templating.py', 402, 432)"
46,method length,"('/home/toffer/Repos/flask-tags/flask-1.0/tests/test_user_error_handler.py', 46, 82)"
47,method length,"('/home/toffer/Repos/flask-tags/flask-1.0/tests/test_user_error_handler.py', 85, 118)"
48,method length,"('/home/toffer/Repos/flask-tags/flask-1.0/tests/test_user_error_handler.py', 148, 193)"
49,method length,"('/home/toffer/Repos/flask-tags/flask-1.0/flask/blueprints.py', 25, 63)"
50,method length,"('/home/toffer/Repos/flask-tags/flask-1.0/flask/sessions.py', 173, 229)"
51,method length,"('/home/toffer/Repos/flask-tags/flask-1.0/flask/sessions.py', 348, 385)"
52,method length,"('/home/toffer/Repos/flask-tags/flask-1.0/flask/ctx.py', 121, 153)"
53,method length,"('/home/toffer/Repos/flask-tags/flask-1.0/flask/ctx.py', 156, 185)"
54,method length,"('/home/toffer/Repos/flask-tags/flask-1.0/flask/ctx.py', 279, 307)"
55,method length,"('/home/toffer/Repos/flask-tags/flask-1.0/flask/ctx.py', 341, 381)"
56,method length,"('/home/toffer/Repos/flask-tags/flask-1.0/flask/ctx.py', 383, 426)"
57,method length,"('/home/toffer/Repos/flask-tags/flask-1.0/flask/helpers.py', 80, 149)"
58,method length,"('/home/toffer/Repos/flask-tags/flask-1.0/flask/helpers.py', 152, 198)"
59,method length,"('/home/toffer/Repos/flask-tags/flask-1.0/flask/helpers.py', 201, 345)"
60,method length,"('/home/toffer/Repos/flask-tags/flask-1.0/flask/helpers.py', 371, 397)"
61,method length,"('/home/toffer/Repos/flask-tags/flask-1.0/flask/helpers.py', 400, 436)"
62,method length,"('/home/toffer/Repos/flask-tags/flask-1.0/flask/helpers.py', 441, 622)"
63,method length,"('/home/toffer/Repos/flask-tags/flask-1.0/flask/helpers.py', 625, 659)"
64,method length,"('/home/toffer/Repos/flask-tags/flask-1.0/flask/helpers.py', 662, 698)"
65,method length,"('/home/toffer/Repos/flask-tags/flask-1.0/flask/helpers.py', 701, 744)"
66,method length,"('/home/toffer/Repos/flask-tags/flask-1.0/flask/helpers.py', 770, 822)"
67,method length,"('/home/toffer/Repos/flask-tags/flask-1.0/flask/helpers.py', 1002, 1029)"
68,method length,"('/home/toffer/Repos/flask-tags/flask-1.0/flask/app.py', 363, 569)"
69,method length,"('/home/toffer/Repos/flask-tags/flask-1.0/flask/app.py', 714, 746)"
70,method length,"('/home/toffer/Repos/flask-tags/flask-1.0/flask/app.py', 842, 946)"
71,method length,"('/home/toffer/Repos/flask-tags/flask-1.0/flask/app.py', 948, 1002)"
72,method length,"('/home/toffer/Repos/flask-tags/flask-1.0/flask/app.py', 1079, 1113)"
73,method length,"('/home/toffer/Repos/flask-tags/flask-1.0/flask/app.py', 1124, 1220)"
74,method length,"('/home/toffer/Repos/flask-tags/flask-1.0/flask/app.py', 1222, 1250)"
75,method length,"('/home/toffer/Repos/flask-tags/flask-1.0/flask/app.py', 1284, 1316)"
76,method length,"('/home/toffer/Repos/flask-tags/flask-1.0/flask/app.py', 1492, 1528)"
77,method length,"('/home/toffer/Repos/flask-tags/flask-1.0/flask/app.py', 1531, 1561)"
78,method length,"('/home/toffer/Repos/flask-tags/flask-1.0/flask/app.py', 1644, 1670)"
79,method length,"('/home/toffer/Repos/flask-tags/flask-1.0/flask/app.py', 1672, 1711)"
80,method length,"('/home/toffer/Repos/flask-tags/flask-1.0/flask/app.py', 1713, 1740)"
81,method length,"('/home/toffer/Repos/flask-tags/flask-1.0/flask/app.py', 1883, 1987)"
82,method length,"('/home/toffer/Repos/flask-tags/flask-1.0/flask/app.py', 1989, 2020)"
83,method length,"('/home/toffer/Repos/flask-tags/flask-1.0/flask/app.py', 2109, 2138)"
84,method length,"('/home/toffer/Repos/flask-tags/flask-1.0/flask/app.py', 2198, 2252)"
85,method length,"('/home/toffer/Repos/flask-tags/flask-1.0/flask/app.py', 2254, 2295)"
86,method length,"('/home/toffer/Repos/flask-tags/flask-1.0/flask/cli.py', 43, 97)"
87,method length,"('/home/toffer/Repos/flask-tags/flask-1.0/flask/cli.py', 143, 200)"
88,method length,"('/home/toffer/Repos/flask-tags/flask-1.0/flask/cli.py', 354, 397)"
89,method length,"('/home/toffer/Repos/flask-tags/flask-1.0/flask/cli.py', 567, 614)"
90,method length,"('/home/toffer/Repos/flask-tags/flask-1.0/flask/cli.py', 684, 720)"
91,method length,"('/home/toffer/Repos/flask-tags/flask-1.0/flask/cli.py', 777, 806)"
92,method length,"('/home/toffer/Repos/flask-tags/flask-1.0/flask/cli.py', 825, 853)"
93,method length,"('/home/toffer/Repos/flask-tags/flask-1.0/flask/wrappers.py', 52, 90)"
94,method length,"('/home/toffer/Repos/flask-tags/flask-1.0/flask/testing.py', 27, 88)"
95,method length,"('/home/toffer/Repos/flask-tags/flask-1.0/flask/testing.py', 116, 164)"
96,method length,"('/home/toffer/Repos/flask-tags/flask-1.0/flask/testing.py', 166, 201)"
97,method length,"('/home/toffer/Repos/flask-tags/flask-1.0/flask/debughelpers.py', 114, 159)"
98,method length,"('/home/toffer/Repos/flask-tags/flask-1.0/flask/config.py', 111, 139)"
99,method length,"('/home/toffer/Repos/flask-tags/flask-1.0/flask/config.py', 141, 173)"
100,method length,"('/home/toffer/Repos/flask-tags/flask-1.0/flask/config.py', 223, 262)"
101,method length,"('/home/toffer/Repos/flask-tags/flask-1.0/flask/views.py', 77, 107)"
102,method length,"('/home/toffer/Repos/flask-tags/flask-1.0/flask/json/tag.py', 246, 272)"
103,method length,"('/home/toffer/Repos/flask-tags/flask-1.0/flask/json/__init__.py', 124, 164)"
104,method length,"('/home/toffer/Repos/flask-tags/flask-1.0/flask/json/__init__.py', 217, 249)"
105,method length,"('/home/toffer/Repos/flask-tags/flask-1.0/flask/json/__init__.py', 257, 323)"
106,method length,"('/home/toffer/Repos/flask-tags/flask-1.0/scripts/make-release.py', 13, 43)"
107,method length,"('/home/toffer/Repos/flask-tags/flask-1.0/scripts/make-release.py', 122, 160)"
108,method length,"('/home/toffer/Repos/flask-tags/flask-1.0/examples/tutorial/flaskr/__init__.py', 6, 48)"
109,method length,"('/home/toffer/Repos/flask-tags/flask-1.0/examples/tutorial/flaskr/auth.py', 40, 73)"
110,file length,"('/home/toffer/Repos/flask-tags/flask-1.0/tests/test_helpers.py', -1, -1)"
111,file length,"('/home/toffer/Repos/flask-tags/flask-1.0/tests/test_cli.py', -1, -1)"
112,file length,"('/home/toffer/Repos/flask-tags/flask-1.0/tests/test_basic.py', -1, -1)"
113,file length,"('/home/toffer/Repos/flask-tags/flask-1.0/tests/test_testing.py', -1, -1)"
114,file length,"('/home/toffer/Repos/flask-tags/flask-1.0/tests/test_blueprints.py', -1, -1)"
115,file length,"('/home/toffer/Repos/flask-tags/flask-1.0/tests/test_templating.py', -1, -1)"
116,file length,"('/home/toffer/Repos/flask-tags/flask-1.0/flask/blueprints.py', -1, -1)"
117,file length,"('/home/toffer/Repos/flask-tags/flask-1.0/flask/sessions.py', -1, -1)"
118,file length,"('/home/toffer/Repos/flask-tags/flask-1.0/flask/ctx.py', -1, -1)"
119,file length,"('/home/toffer/Repos/flask-tags/flask-1.0/flask/helpers.py', -1, -1)"
120,file length,"('/home/toffer/Repos/flask-tags/flask-1.0/flask/app.py', -1, -1)"
121,file length,"('/home/toffer/Repos/flask-tags/flask-1.0/flask/cli.py', -1, -1)"
122,argument count,"('/home/toffer/Repos/flask-tags/flask-1.0/docs/conf.py', 124, 124)"
123,argument count,"('/home/toffer/Repos/flask-tags/flask-1.0/docs/conf.py', 131, 131)"
124,argument count,"('/home/toffer/Repos/flask-tags/flask-1.0/docs/conf.py', 142, 144)"
125,argument count,"('/home/toffer/Repos/flask-tags/flask-1.0/tests/test_helpers.py', 143, 143)"
126,argument count,"('/home/toffer/Repos/flask-tags/flask-1.0/tests/test_helpers.py', 918, 918)"
127,argument count,"('/home/toffer/Repos/flask-tags/flask-1.0/tests/test_helpers.py', 932, 932)"
128,argument count,"('/home/toffer/Repos/flask-tags/flask-1.0/tests/test_basic.py', 1518, 1519)"
129,argument count,"('/home/toffer/Repos/flask-tags/flask-1.0/tests/test_basic.py', 1897, 1897)"
130,argument count,"('/home/toffer/Repos/flask-tags/flask-1.0/tests/test_basic.py', 1912, 1912)"
131,argument count,"('/home/toffer/Repos/flask-tags/flask-1.0/tests/test_instance_config.py', 65, 66)"
132,argument count,"('/home/toffer/Repos/flask-tags/flask-1.0/tests/test_instance_config.py', 78, 80)"
133,argument count,"('/home/toffer/Repos/flask-tags/flask-1.0/tests/test_instance_config.py', 94, 96)"
134,argument count,"('/home/toffer/Repos/flask-tags/flask-1.0/flask/blueprints.py', 24, 24)"
135,argument count,"('/home/toffer/Repos/flask-tags/flask-1.0/flask/blueprints.py', 65, 65)"
136,argument count,"('/home/toffer/Repos/flask-tags/flask-1.0/flask/blueprints.py', 117, 120)"
137,argument count,"('/home/toffer/Repos/flask-tags/flask-1.0/flask/blueprints.py', 198, 198)"
138,argument count,"('/home/toffer/Repos/flask-tags/flask-1.0/flask/helpers.py', 439, 441)"
139,argument count,"('/home/toffer/Repos/flask-tags/flask-1.0/flask/app.py', 351, 363)"
140,argument count,"('/home/toffer/Repos/flask-tags/flask-1.0/flask/app.py', 841, 842)"
141,argument count,"('/home/toffer/Repos/flask-tags/flask-1.0/flask/app.py', 1123, 1124)"
142,argument count,"('/home/toffer/Repos/flask-tags/flask-1.0/flask/cli.py', 468, 469)"
143,argument count,"('/home/toffer/Repos/flask-tags/flask-1.0/flask/cli.py', 746, 747)"
144,argument count,"('/home/toffer/Repos/flask-tags/flask-1.0/flask/testing.py', 24, 27)"
145,method count,"('/home/toffer/Repos/flask-tags/flask-1.0/tests/test_appctx.py', 17, 209)"
146,method count,"('/home/toffer/Repos/flask-tags/flask-1.0/tests/test_helpers.py', 30, 946)"
147,method count,"('/home/toffer/Repos/flask-tags/flask-1.0/tests/test_cli.py', 40, 532)"
148,method count,"('/home/toffer/Repos/flask-tags/flask-1.0/tests/test_basic.py', 28, 1938)"
149,method count,"('/home/toffer/Repos/flask-tags/flask-1.0/tests/test_signals.py', 27, 192)"
150,method count,"('/home/toffer/Repos/flask-tags/flask-1.0/tests/test_views.py', 20, 229)"
151,method count,"('/home/toffer/Repos/flask-tags/flask-1.0/tests/test_reqctx.py', 23, 221)"
152,method count,"('/home/toffer/Repos/flask-tags/flask-1.0/tests/test_testing.py', 23, 380)"
153,method count,"('/home/toffer/Repos/flask-tags/flask-1.0/tests/test_blueprints.py', 21, 836)"
154,method count,"('/home/toffer/Repos/flask-tags/flask-1.0/tests/test_templating.py', 20, 442)"
155,method count,"('/home/toffer/Repos/flask-tags/flask-1.0/tests/test_user_error_handler.py', 19, 184)"
156,method count,"('/home/toffer/Repos/flask-tags/flask-1.0/flask/blueprints.py', 24, 446)"
157,method count,"('/home/toffer/Repos/flask-tags/flask-1.0/flask/sessions.py', 28, 384)"
158,method count,"('/home/toffer/Repos/flask-tags/flask-1.0/flask/ctx.py', 46, 456)"
159,method count,"('/home/toffer/Repos/flask-tags/flask-1.0/flask/helpers.py', 49, 1028)"
160,method count,"('/home/toffer/Repos/flask-tags/flask-1.0/flask/app.py', 45, 2306)"
161,method count,"('/home/toffer/Repos/flask-tags/flask-1.0/flask/cli.py', 43, 890)"
162,method count,"('/home/toffer/Repos/flask-tags/flask-1.0/flask/json/tag.py', 65, 299)"
163,Return Statements,"('/home/toffer/Repos/flask-tags/flask-1.0/tests/test_helpers.py', 276, 307)"
164,Return Statements,"('/home/toffer/Repos/flask-tags/flask-1.0/tests/test_helpers.py', 309, 345)"
165,Return Statements,"('/home/toffer/Repos/flask-tags/flask-1.0/tests/test_cli.py', 50, 142)"
166,Return Statements,"('/home/toffer/Repos/flask-tags/flask-1.0/tests/test_basic.py', 530, 582)"
167,Return Statements,"('/home/toffer/Repos/flask-tags/flask-1.0/tests/test_basic.py', 594, 671)"
168,Return Statements,"('/home/toffer/Repos/flask-tags/flask-1.0/tests/test_basic.py', 1104, 1178)"
169,Return Statements,"('/home/toffer/Repos/flask-tags/flask-1.0/tests/test_blueprints.py', 303, 332)"
170,Return Statements,"('/home/toffer/Repos/flask-tags/flask-1.0/flask/json/__init__.py', 56, 81)"
171,Return Statements,"('/home/toffer/Repos/flask-tags/flask-1.0/flask/json/__init__.py', 124, 164)"
172,nested controlflow,"('/home/toffer/Repos/flask-tags/flask-1.0/flask/cli.py', 368, 380)"
173,breaks in linear flow,"('/home/toffer/Repos/flask-tags/flask-1.0/docs/conf.py', 127, 127)"
174,breaks in linear flow,"('/home/toffer/Repos/flask-tags/flask-1.0/docs/conf.py', 133, 133)"
175,breaks in linear flow,"('/home/toffer/Repos/flask-tags/flask-1.0/docs/conf.py', 149, 149)"
176,breaks in linear flow,"('/home/toffer/Repos/flask-tags/flask-1.0/docs/conf.py', 155, 155)"
177,breaks in linear flow,"('/home/toffer/Repos/flask-tags/flask-1.0/docs/conf.py', 160, 160)"
178,breaks in linear flow,"('/home/toffer/Repos/flask-tags/flask-1.0/tests/test_appctx.py', 75, 75)"
179,breaks in linear flow,"('/home/toffer/Repos/flask-tags/flask-1.0/tests/test_appctx.py', 94, 94)"
180,breaks in linear flow,"('/home/toffer/Repos/flask-tags/flask-1.0/tests/test_appctx.py', 215, 215)"
181,breaks in linear flow,"('/home/toffer/Repos/flask-tags/flask-1.0/tests/test_helpers.py', 35, 35)"
182,breaks in linear flow,"('/home/toffer/Repos/flask-tags/flask-1.0/tests/test_helpers.py', 183, 183)"
183,breaks in linear flow,"('/home/toffer/Repos/flask-tags/flask-1.0/tests/test_helpers.py', 204, 204)"
184,breaks in linear flow,"('/home/toffer/Repos/flask-tags/flask-1.0/tests/test_helpers.py', 216, 216)"
185,breaks in linear flow,"('/home/toffer/Repos/flask-tags/flask-1.0/tests/test_helpers.py', 283, 283)"
186,breaks in linear flow,"('/home/toffer/Repos/flask-tags/flask-1.0/tests/test_helpers.py', 293, 293)"
187,breaks in linear flow,"('/home/toffer/Repos/flask-tags/flask-1.0/tests/test_helpers.py', 316, 316)"
188,breaks in linear flow,"('/home/toffer/Repos/flask-tags/flask-1.0/tests/test_helpers.py', 327, 327)"
189,breaks in linear flow,"('/home/toffer/Repos/flask-tags/flask-1.0/tests/test_helpers.py', 362, 362)"
190,breaks in linear flow,"('/home/toffer/Repos/flask-tags/flask-1.0/tests/test_helpers.py', 432, 432)"
191,breaks in linear flow,"('/home/toffer/Repos/flask-tags/flask-1.0/tests/test_helpers.py', 753, 753)"
192,breaks in linear flow,"('/home/toffer/Repos/flask-tags/flask-1.0/tests/test_helpers.py', 788, 788)"
193,breaks in linear flow,"('/home/toffer/Repos/flask-tags/flask-1.0/tests/test_helpers.py', 889, 889)"
194,breaks in linear flow,"('/home/toffer/Repos/flask-tags/flask-1.0/tests/test_helpers.py', 905, 905)"
195,breaks in linear flow,"('/home/toffer/Repos/flask-tags/flask-1.0/tests/test_helpers.py', 920, 920)"
196,breaks in linear flow,"('/home/toffer/Repos/flask-tags/flask-1.0/tests/conftest.py', 38, 38)"
197,breaks in linear flow,"('/home/toffer/Repos/flask-tags/flask-1.0/tests/conftest.py', 39, 39)"
198,breaks in linear flow,"('/home/toffer/Repos/flask-tags/flask-1.0/tests/conftest.py', 99, 99)"
199,breaks in linear flow,"('/home/toffer/Repos/flask-tags/flask-1.0/tests/conftest.py', 115, 115)"
200,breaks in linear flow,"('/home/toffer/Repos/flask-tags/flask-1.0/tests/conftest.py', 123, 123)"
201,breaks in linear flow,"('/home/toffer/Repos/flask-tags/flask-1.0/tests/conftest.py', 167, 167)"
202,breaks in linear flow,"('/home/toffer/Repos/flask-tags/flask-1.0/tests/test_regression.py', 43, 43)"
203,breaks in linear flow,"('/home/toffer/Repos/flask-tags/flask-1.0/tests/test_regression.py', 66, 66)"
204,breaks in linear flow,"('/home/toffer/Repos/flask-tags/flask-1.0/tests/test_regression.py', 69, 69)"
205,breaks in linear flow,"('/home/toffer/Repos/flask-tags/flask-1.0/tests/test_cli.py', 398, 398)"
206,breaks in linear flow,"('/home/toffer/Repos/flask-tags/flask-1.0/tests/test_cli.py', 442, 442)"
207,breaks in linear flow,"('/home/toffer/Repos/flask-tags/flask-1.0/tests/test_cli.py', 461, 461)"
208,breaks in linear flow,"('/home/toffer/Repos/flask-tags/flask-1.0/tests/test_cli.py', 516, 516)"
209,breaks in linear flow,"('/home/toffer/Repos/flask-tags/flask-1.0/tests/test_cli.py', 521, 521)"
210,breaks in linear flow,"('/home/toffer/Repos/flask-tags/flask-1.0/tests/test_basic.py', 92, 92)"
211,breaks in linear flow,"('/home/toffer/Repos/flask-tags/flask-1.0/tests/test_basic.py', 109, 109)"
212,breaks in linear flow,"('/home/toffer/Repos/flask-tags/flask-1.0/tests/test_basic.py', 569, 569)"
213,breaks in linear flow,"('/home/toffer/Repos/flask-tags/flask-1.0/tests/test_basic.py', 790, 790)"
214,breaks in linear flow,"('/home/toffer/Repos/flask-tags/flask-1.0/tests/test_basic.py', 802, 802)"
215,breaks in linear flow,"('/home/toffer/Repos/flask-tags/flask-1.0/tests/test_basic.py', 1063, 1063)"
216,breaks in linear flow,"('/home/toffer/Repos/flask-tags/flask-1.0/tests/test_basic.py', 1068, 1068)"
217,breaks in linear flow,"('/home/toffer/Repos/flask-tags/flask-1.0/tests/test_basic.py', 1080, 1080)"
218,breaks in linear flow,"('/home/toffer/Repos/flask-tags/flask-1.0/tests/test_basic.py', 1323, 1323)"
219,breaks in linear flow,"('/home/toffer/Repos/flask-tags/flask-1.0/tests/test_basic.py', 1327, 1327)"
220,breaks in linear flow,"('/home/toffer/Repos/flask-tags/flask-1.0/tests/test_basic.py', 1465, 1465)"
221,breaks in linear flow,"('/home/toffer/Repos/flask-tags/flask-1.0/tests/test_basic.py', 1478, 1478)"
222,breaks in linear flow,"('/home/toffer/Repos/flask-tags/flask-1.0/tests/test_basic.py', 1497, 1497)"
223,breaks in linear flow,"('/home/toffer/Repos/flask-tags/flask-1.0/tests/test_basic.py', 1508, 1508)"
224,breaks in linear flow,"('/home/toffer/Repos/flask-tags/flask-1.0/tests/test_basic.py', 1556, 1556)"
225,breaks in linear flow,"('/home/toffer/Repos/flask-tags/flask-1.0/tests/test_basic.py', 1728, 1728)"
226,breaks in linear flow,"('/home/toffer/Repos/flask-tags/flask-1.0/tests/test_signals.py', 16, 16)"
227,breaks in linear flow,"('/home/toffer/Repos/flask-tags/flask-1.0/tests/test_reqctx.py', 19, 19)"
228,breaks in linear flow,"('/home/toffer/Repos/flask-tags/flask-1.0/tests/test_reqctx.py', 46, 46)"
229,breaks in linear flow,"('/home/toffer/Repos/flask-tags/flask-1.0/tests/test_reqctx.py', 65, 65)"
230,breaks in linear flow,"('/home/toffer/Repos/flask-tags/flask-1.0/tests/test_reqctx.py', 94, 94)"
231,breaks in linear flow,"('/home/toffer/Repos/flask-tags/flask-1.0/tests/test_config.py', 205, 205)"
232,breaks in linear flow,"('/home/toffer/Repos/flask-tags/flask-1.0/tests/test_logging.py', 41, 41)"
233,breaks in linear flow,"('/home/toffer/Repos/flask-tags/flask-1.0/tests/test_instance_config.py', 118, 118)"
234,breaks in linear flow,"('/home/toffer/Repos/flask-tags/flask-1.0/tests/test_testing.py', 142, 142)"
235,breaks in linear flow,"('/home/toffer/Repos/flask-tags/flask-1.0/tests/test_testing.py', 162, 162)"
236,breaks in linear flow,"('/home/toffer/Repos/flask-tags/flask-1.0/tests/test_testing.py', 239, 239)"
237,breaks in linear flow,"('/home/toffer/Repos/flask-tags/flask-1.0/tests/test_blueprints.py', 196, 196)"
238,breaks in linear flow,"('/home/toffer/Repos/flask-tags/flask-1.0/tests/test_blueprints.py', 231, 231)"
239,breaks in linear flow,"('/home/toffer/Repos/flask-tags/flask-1.0/tests/test_blueprints.py', 346, 346)"
240,breaks in linear flow,"('/home/toffer/Repos/flask-tags/flask-1.0/tests/test_blueprints.py', 355, 355)"
241,breaks in linear flow,"('/home/toffer/Repos/flask-tags/flask-1.0/flask/blueprints.py', 42, 42)"
242,breaks in linear flow,"('/home/toffer/Repos/flask-tags/flask-1.0/flask/blueprints.py', 50, 50)"
243,breaks in linear flow,"('/home/toffer/Repos/flask-tags/flask-1.0/flask/blueprints.py', 55, 55)"
244,breaks in linear flow,"('/home/toffer/Repos/flask-tags/flask-1.0/flask/blueprints.py', 70, 70)"
245,breaks in linear flow,"('/home/toffer/Repos/flask-tags/flask-1.0/flask/blueprints.py', 73, 73)"
246,breaks in linear flow,"('/home/toffer/Repos/flask-tags/flask-1.0/flask/blueprints.py', 76, 76)"
247,breaks in linear flow,"('/home/toffer/Repos/flask-tags/flask-1.0/flask/blueprints.py', 129, 129)"
248,breaks in linear flow,"('/home/toffer/Repos/flask-tags/flask-1.0/flask/blueprints.py', 139, 139)"
249,breaks in linear flow,"('/home/toffer/Repos/flask-tags/flask-1.0/flask/blueprints.py', 153, 153)"
250,breaks in linear flow,"('/home/toffer/Repos/flask-tags/flask-1.0/flask/blueprints.py', 179, 179)"
251,breaks in linear flow,"('/home/toffer/Repos/flask-tags/flask-1.0/flask/blueprints.py', 185, 185)"
252,breaks in linear flow,"('/home/toffer/Repos/flask-tags/flask-1.0/flask/blueprints.py', 202, 202)"
253,breaks in linear flow,"('/home/toffer/Repos/flask-tags/flask-1.0/flask/blueprints.py', 204, 204)"
254,breaks in linear flow,"('/home/toffer/Repos/flask-tags/flask-1.0/flask/globals.py', 36, 36)"
255,breaks in linear flow,"('/home/toffer/Repos/flask-tags/flask-1.0/flask/globals.py', 43, 43)"
256,breaks in linear flow,"('/home/toffer/Repos/flask-tags/flask-1.0/flask/globals.py', 50, 50)"
257,breaks in linear flow,"('/home/toffer/Repos/flask-tags/flask-1.0/flask/__main__.py', 12, 12)"
258,breaks in linear flow,"('/home/toffer/Repos/flask-tags/flask-1.0/flask/sessions.py', 187, 187)"
259,breaks in linear flow,"('/home/toffer/Repos/flask-tags/flask-1.0/flask/sessions.py', 193, 193)"
260,breaks in linear flow,"('/home/toffer/Repos/flask-tags/flask-1.0/flask/sessions.py', 201, 201)"
261,breaks in linear flow,"('/home/toffer/Repos/flask-tags/flask-1.0/flask/sessions.py', 215, 215)"
262,breaks in linear flow,"('/home/toffer/Repos/flask-tags/flask-1.0/flask/sessions.py', 225, 225)"
263,breaks in linear flow,"('/home/toffer/Repos/flask-tags/flask-1.0/flask/sessions.py', 266, 266)"
264,breaks in linear flow,"('/home/toffer/Repos/flask-tags/flask-1.0/flask/sessions.py', 324, 324)"
265,breaks in linear flow,"('/home/toffer/Repos/flask-tags/flask-1.0/flask/sessions.py', 336, 336)"
266,breaks in linear flow,"('/home/toffer/Repos/flask-tags/flask-1.0/flask/sessions.py', 339, 339)"
267,breaks in linear flow,"('/home/toffer/Repos/flask-tags/flask-1.0/flask/sessions.py', 345, 345)"
268,breaks in linear flow,"('/home/toffer/Repos/flask-tags/flask-1.0/flask/sessions.py', 354, 354)"
269,breaks in linear flow,"('/home/toffer/Repos/flask-tags/flask-1.0/flask/sessions.py', 355, 355)"
270,breaks in linear flow,"('/home/toffer/Repos/flask-tags/flask-1.0/flask/sessions.py', 365, 365)"
271,breaks in linear flow,"('/home/toffer/Repos/flask-tags/flask-1.0/flask/sessions.py', 368, 368)"
272,breaks in linear flow,"('/home/toffer/Repos/flask-tags/flask-1.0/flask/templating.py', 26, 26)"
273,breaks in linear flow,"('/home/toffer/Repos/flask-tags/flask-1.0/flask/templating.py', 28, 28)"
274,breaks in linear flow,"('/home/toffer/Repos/flask-tags/flask-1.0/flask/templating.py', 41, 41)"
275,breaks in linear flow,"('/home/toffer/Repos/flask-tags/flask-1.0/flask/templating.py', 56, 56)"
276,breaks in linear flow,"('/home/toffer/Repos/flask-tags/flask-1.0/flask/templating.py', 64, 64)"
277,breaks in linear flow,"('/home/toffer/Repos/flask-tags/flask-1.0/flask/templating.py', 67, 67)"
278,breaks in linear flow,"('/home/toffer/Repos/flask-tags/flask-1.0/flask/templating.py', 69, 69)"
279,breaks in linear flow,"('/home/toffer/Repos/flask-tags/flask-1.0/flask/templating.py', 76, 76)"
280,breaks in linear flow,"('/home/toffer/Repos/flask-tags/flask-1.0/flask/templating.py', 81, 81)"
281,breaks in linear flow,"('/home/toffer/Repos/flask-tags/flask-1.0/flask/templating.py', 84, 84)"
282,breaks in linear flow,"('/home/toffer/Repos/flask-tags/flask-1.0/flask/templating.py', 85, 85)"
283,breaks in linear flow,"('/home/toffer/Repos/flask-tags/flask-1.0/flask/templating.py', 90, 90)"
284,breaks in linear flow,"('/home/toffer/Repos/flask-tags/flask-1.0/flask/templating.py', 93, 93)"
285,breaks in linear flow,"('/home/toffer/Repos/flask-tags/flask-1.0/flask/templating.py', 95, 95)"
286,breaks in linear flow,"('/home/toffer/Repos/flask-tags/flask-1.0/flask/templating.py', 101, 101)"
287,breaks in linear flow,"('/home/toffer/Repos/flask-tags/flask-1.0/flask/templating.py', 104, 104)"
288,breaks in linear flow,"('/home/toffer/Repos/flask-tags/flask-1.0/flask/templating.py', 106, 106)"
289,breaks in linear flow,"('/home/toffer/Repos/flask-tags/flask-1.0/flask/templating.py', 107, 107)"
290,breaks in linear flow,"('/home/toffer/Repos/flask-tags/flask-1.0/flask/ctx.py', 66, 66)"
291,breaks in linear flow,"('/home/toffer/Repos/flask-tags/flask-1.0/flask/ctx.py', 91, 91)"
292,breaks in linear flow,"('/home/toffer/Repos/flask-tags/flask-1.0/flask/ctx.py', 145, 145)"
293,breaks in linear flow,"('/home/toffer/Repos/flask-tags/flask-1.0/flask/ctx.py', 219, 219)"
294,breaks in linear flow,"('/home/toffer/Repos/flask-tags/flask-1.0/flask/ctx.py', 228, 228)"
295,breaks in linear flow,"('/home/toffer/Repos/flask-tags/flask-1.0/flask/ctx.py', 229, 229)"
296,breaks in linear flow,"('/home/toffer/Repos/flask-tags/flask-1.0/flask/ctx.py', 245, 245)"
297,breaks in linear flow,"('/home/toffer/Repos/flask-tags/flask-1.0/flask/ctx.py', 281, 281)"
298,breaks in linear flow,"('/home/toffer/Repos/flask-tags/flask-1.0/flask/ctx.py', 338, 338)"
299,breaks in linear flow,"('/home/toffer/Repos/flask-tags/flask-1.0/flask/ctx.py', 352, 352)"
300,breaks in linear flow,"('/home/toffer/Repos/flask-tags/flask-1.0/flask/ctx.py', 358, 358)"
301,breaks in linear flow,"('/home/toffer/Repos/flask-tags/flask-1.0/flask/ctx.py', 365, 365)"
302,breaks in linear flow,"('/home/toffer/Repos/flask-tags/flask-1.0/flask/ctx.py', 374, 374)"
303,breaks in linear flow,"('/home/toffer/Repos/flask-tags/flask-1.0/flask/ctx.py', 380, 380)"
304,breaks in linear flow,"('/home/toffer/Repos/flask-tags/flask-1.0/flask/ctx.py', 395, 395)"
305,breaks in linear flow,"('/home/toffer/Repos/flask-tags/flask-1.0/flask/ctx.py', 398, 398)"
306,breaks in linear flow,"('/home/toffer/Repos/flask-tags/flask-1.0/flask/ctx.py', 406, 406)"
307,breaks in linear flow,"('/home/toffer/Repos/flask-tags/flask-1.0/flask/ctx.py', 410, 410)"
308,breaks in linear flow,"('/home/toffer/Repos/flask-tags/flask-1.0/flask/ctx.py', 418, 418)"
309,breaks in linear flow,"('/home/toffer/Repos/flask-tags/flask-1.0/flask/ctx.py', 422, 422)"
310,breaks in linear flow,"('/home/toffer/Repos/flask-tags/flask-1.0/flask/ctx.py', 429, 429)"
311,breaks in linear flow,"('/home/toffer/Repos/flask-tags/flask-1.0/flask/ctx.py', 448, 448)"
312,breaks in linear flow,"('/home/toffer/Repos/flask-tags/flask-1.0/flask/helpers.py', 65, 65)"
313,breaks in linear flow,"('/home/toffer/Repos/flask-tags/flask-1.0/flask/helpers.py', 116, 116)"
314,breaks in linear flow,"('/home/toffer/Repos/flask-tags/flask-1.0/flask/helpers.py', 124, 124)"
315,breaks in linear flow,"('/home/toffer/Repos/flask-tags/flask-1.0/flask/helpers.py', 137, 137)"
316,breaks in linear flow,"('/home/toffer/Repos/flask-tags/flask-1.0/flask/helpers.py', 140, 140)"
317,breaks in linear flow,"('/home/toffer/Repos/flask-tags/flask-1.0/flask/helpers.py', 194, 194)"
318,breaks in linear flow,"('/home/toffer/Repos/flask-tags/flask-1.0/flask/helpers.py', 196, 196)"
319,breaks in linear flow,"('/home/toffer/Repos/flask-tags/flask-1.0/flask/helpers.py', 277, 277)"
320,breaks in linear flow,"('/home/toffer/Repos/flask-tags/flask-1.0/flask/helpers.py', 286, 286)"
321,breaks in linear flow,"('/home/toffer/Repos/flask-tags/flask-1.0/flask/helpers.py', 290, 290)"
322,breaks in linear flow,"('/home/toffer/Repos/flask-tags/flask-1.0/flask/helpers.py', 291, 291)"
323,breaks in linear flow,"('/home/toffer/Repos/flask-tags/flask-1.0/flask/helpers.py', 303, 303)"
324,breaks in linear flow,"('/home/toffer/Repos/flask-tags/flask-1.0/flask/helpers.py', 321, 321)"
325,breaks in linear flow,"('/home/toffer/Repos/flask-tags/flask-1.0/flask/helpers.py', 322, 322)"
326,breaks in linear flow,"('/home/toffer/Repos/flask-tags/flask-1.0/flask/helpers.py', 332, 332)"
327,breaks in linear flow,"('/home/toffer/Repos/flask-tags/flask-1.0/flask/helpers.py', 334, 334)"
328,breaks in linear flow,"('/home/toffer/Repos/flask-tags/flask-1.0/flask/helpers.py', 343, 343)"
329,breaks in linear flow,"('/home/toffer/Repos/flask-tags/flask-1.0/flask/helpers.py', 429, 429)"
330,breaks in linear flow,"('/home/toffer/Repos/flask-tags/flask-1.0/flask/helpers.py', 432, 432)"
331,breaks in linear flow,"('/home/toffer/Repos/flask-tags/flask-1.0/flask/helpers.py', 434, 434)"
332,breaks in linear flow,"('/home/toffer/Repos/flask-tags/flask-1.0/flask/helpers.py', 522, 522)"
333,breaks in linear flow,"('/home/toffer/Repos/flask-tags/flask-1.0/flask/helpers.py', 524, 524)"
334,breaks in linear flow,"('/home/toffer/Repos/flask-tags/flask-1.0/flask/helpers.py', 527, 527)"
335,breaks in linear flow,"('/home/toffer/Repos/flask-tags/flask-1.0/flask/helpers.py', 533, 533)"
336,breaks in linear flow,"('/home/toffer/Repos/flask-tags/flask-1.0/flask/helpers.py', 534, 534)"
337,breaks in linear flow,"('/home/toffer/Repos/flask-tags/flask-1.0/flask/helpers.py', 538, 538)"
338,breaks in linear flow,"('/home/toffer/Repos/flask-tags/flask-1.0/flask/helpers.py', 546, 546)"
339,breaks in linear flow,"('/home/toffer/Repos/flask-tags/flask-1.0/flask/helpers.py', 547, 547)"
340,breaks in linear flow,"('/home/toffer/Repos/flask-tags/flask-1.0/flask/helpers.py', 553, 553)"
341,breaks in linear flow,"('/home/toffer/Repos/flask-tags/flask-1.0/flask/helpers.py', 564, 564)"
342,breaks in linear flow,"('/home/toffer/Repos/flask-tags/flask-1.0/flask/helpers.py', 565, 565)"
343,breaks in linear flow,"('/home/toffer/Repos/flask-tags/flask-1.0/flask/helpers.py', 572, 572)"
344,breaks in linear flow,"('/home/toffer/Repos/flask-tags/flask-1.0/flask/helpers.py', 582, 582)"
345,breaks in linear flow,"('/home/toffer/Repos/flask-tags/flask-1.0/flask/helpers.py', 588, 588)"
346,breaks in linear flow,"('/home/toffer/Repos/flask-tags/flask-1.0/flask/helpers.py', 590, 590)"
347,breaks in linear flow,"('/home/toffer/Repos/flask-tags/flask-1.0/flask/helpers.py', 594, 594)"
348,breaks in linear flow,"('/home/toffer/Repos/flask-tags/flask-1.0/flask/helpers.py', 606, 606)"
349,breaks in linear flow,"('/home/toffer/Repos/flask-tags/flask-1.0/flask/helpers.py', 610, 610)"
350,breaks in linear flow,"('/home/toffer/Repos/flask-tags/flask-1.0/flask/helpers.py', 614, 614)"
351,breaks in linear flow,"('/home/toffer/Repos/flask-tags/flask-1.0/flask/helpers.py', 615, 615)"
352,breaks in linear flow,"('/home/toffer/Repos/flask-tags/flask-1.0/flask/helpers.py', 620, 620)"
353,breaks in linear flow,"('/home/toffer/Repos/flask-tags/flask-1.0/flask/helpers.py', 645, 645)"
354,breaks in linear flow,"('/home/toffer/Repos/flask-tags/flask-1.0/flask/helpers.py', 646, 646)"
355,breaks in linear flow,"('/home/toffer/Repos/flask-tags/flask-1.0/flask/helpers.py', 649, 649)"
356,breaks in linear flow,"('/home/toffer/Repos/flask-tags/flask-1.0/flask/helpers.py', 690, 690)"
357,breaks in linear flow,"('/home/toffer/Repos/flask-tags/flask-1.0/flask/helpers.py', 693, 693)"
358,breaks in linear flow,"('/home/toffer/Repos/flask-tags/flask-1.0/flask/helpers.py', 695, 695)"
359,breaks in linear flow,"('/home/toffer/Repos/flask-tags/flask-1.0/flask/helpers.py', 709, 709)"
360,breaks in linear flow,"('/home/toffer/Repos/flask-tags/flask-1.0/flask/helpers.py', 718, 718)"
361,breaks in linear flow,"('/home/toffer/Repos/flask-tags/flask-1.0/flask/helpers.py', 723, 723)"
362,breaks in linear flow,"('/home/toffer/Repos/flask-tags/flask-1.0/flask/helpers.py', 734, 734)"
363,breaks in linear flow,"('/home/toffer/Repos/flask-tags/flask-1.0/flask/helpers.py', 753, 753)"
364,breaks in linear flow,"('/home/toffer/Repos/flask-tags/flask-1.0/flask/helpers.py', 780, 780)"
365,breaks in linear flow,"('/home/toffer/Repos/flask-tags/flask-1.0/flask/helpers.py', 785, 785)"
366,breaks in linear flow,"('/home/toffer/Repos/flask-tags/flask-1.0/flask/helpers.py', 803, 803)"
367,breaks in linear flow,"('/home/toffer/Repos/flask-tags/flask-1.0/flask/helpers.py', 809, 809)"
368,breaks in linear flow,"('/home/toffer/Repos/flask-tags/flask-1.0/flask/helpers.py', 814, 814)"
369,breaks in linear flow,"('/home/toffer/Repos/flask-tags/flask-1.0/flask/helpers.py', 841, 841)"
370,breaks in linear flow,"('/home/toffer/Repos/flask-tags/flask-1.0/flask/helpers.py', 845, 845)"
371,breaks in linear flow,"('/home/toffer/Repos/flask-tags/flask-1.0/flask/helpers.py', 868, 868)"
372,breaks in linear flow,"('/home/toffer/Repos/flask-tags/flask-1.0/flask/helpers.py', 876, 876)"
373,breaks in linear flow,"('/home/toffer/Repos/flask-tags/flask-1.0/flask/helpers.py', 889, 889)"
374,breaks in linear flow,"('/home/toffer/Repos/flask-tags/flask-1.0/flask/helpers.py', 892, 892)"
375,breaks in linear flow,"('/home/toffer/Repos/flask-tags/flask-1.0/flask/helpers.py', 919, 919)"
376,breaks in linear flow,"('/home/toffer/Repos/flask-tags/flask-1.0/flask/helpers.py', 955, 955)"
377,breaks in linear flow,"('/home/toffer/Repos/flask-tags/flask-1.0/flask/helpers.py', 986, 986)"
378,breaks in linear flow,"('/home/toffer/Repos/flask-tags/flask-1.0/flask/helpers.py', 1014, 1014)"
379,breaks in linear flow,"('/home/toffer/Repos/flask-tags/flask-1.0/flask/helpers.py', 1018, 1018)"
380,breaks in linear flow,"('/home/toffer/Repos/flask-tags/flask-1.0/flask/helpers.py', 1021, 1021)"
381,breaks in linear flow,"('/home/toffer/Repos/flask-tags/flask-1.0/flask/helpers.py', 1024, 1024)"
382,breaks in linear flow,"('/home/toffer/Repos/flask-tags/flask-1.0/flask/app.py', 46, 46)"
383,breaks in linear flow,"('/home/toffer/Repos/flask-tags/flask-1.0/flask/app.py', 56, 56)"
384,breaks in linear flow,"('/home/toffer/Repos/flask-tags/flask-1.0/flask/app.py', 371, 371)"
385,breaks in linear flow,"('/home/toffer/Repos/flask-tags/flask-1.0/flask/app.py', 374, 374)"
386,breaks in linear flow,"('/home/toffer/Repos/flask-tags/flask-1.0/flask/app.py', 377, 377)"
387,breaks in linear flow,"('/home/toffer/Repos/flask-tags/flask-1.0/flask/app.py', 554, 554)"
388,breaks in linear flow,"('/home/toffer/Repos/flask-tags/flask-1.0/flask/app.py', 581, 581)"
389,breaks in linear flow,"('/home/toffer/Repos/flask-tags/flask-1.0/flask/app.py', 583, 583)"
390,breaks in linear flow,"('/home/toffer/Repos/flask-tags/flask-1.0/flask/app.py', 596, 596)"
391,breaks in linear flow,"('/home/toffer/Repos/flask-tags/flask-1.0/flask/app.py', 609, 609)"
392,breaks in linear flow,"('/home/toffer/Repos/flask-tags/flask-1.0/flask/app.py', 660, 660)"
393,breaks in linear flow,"('/home/toffer/Repos/flask-tags/flask-1.0/flask/app.py', 676, 676)"
394,breaks in linear flow,"('/home/toffer/Repos/flask-tags/flask-1.0/flask/app.py', 727, 727)"
395,breaks in linear flow,"('/home/toffer/Repos/flask-tags/flask-1.0/flask/app.py', 730, 730)"
396,breaks in linear flow,"('/home/toffer/Repos/flask-tags/flask-1.0/flask/app.py', 767, 767)"
397,breaks in linear flow,"('/home/toffer/Repos/flask-tags/flask-1.0/flask/app.py', 784, 784)"
398,breaks in linear flow,"('/home/toffer/Repos/flask-tags/flask-1.0/flask/app.py', 786, 786)"
399,breaks in linear flow,"('/home/toffer/Repos/flask-tags/flask-1.0/flask/app.py', 789, 789)"
400,breaks in linear flow,"('/home/toffer/Repos/flask-tags/flask-1.0/flask/app.py', 804, 804)"
401,breaks in linear flow,"('/home/toffer/Repos/flask-tags/flask-1.0/flask/app.py', 902, 902)"
402,breaks in linear flow,"('/home/toffer/Repos/flask-tags/flask-1.0/flask/app.py', 907, 907)"
403,breaks in linear flow,"('/home/toffer/Repos/flask-tags/flask-1.0/flask/app.py', 911, 911)"
404,breaks in linear flow,"('/home/toffer/Repos/flask-tags/flask-1.0/flask/app.py', 918, 918)"
405,breaks in linear flow,"('/home/toffer/Repos/flask-tags/flask-1.0/flask/app.py', 926, 926)"
406,breaks in linear flow,"('/home/toffer/Repos/flask-tags/flask-1.0/flask/app.py', 1000, 1000)"
407,breaks in linear flow,"('/home/toffer/Repos/flask-tags/flask-1.0/flask/app.py', 1016, 1016)"
408,breaks in linear flow,"('/home/toffer/Repos/flask-tags/flask-1.0/flask/app.py', 1100, 1100)"
409,breaks in linear flow,"('/home/toffer/Repos/flask-tags/flask-1.0/flask/app.py', 1177, 1177)"
410,breaks in linear flow,"('/home/toffer/Repos/flask-tags/flask-1.0/flask/app.py', 1185, 1185)"
411,breaks in linear flow,"('/home/toffer/Repos/flask-tags/flask-1.0/flask/app.py', 1187, 1187)"
412,breaks in linear flow,"('/home/toffer/Repos/flask-tags/flask-1.0/flask/app.py', 1197, 1197)"
413,breaks in linear flow,"('/home/toffer/Repos/flask-tags/flask-1.0/flask/app.py', 1201, 1201)"
414,breaks in linear flow,"('/home/toffer/Repos/flask-tags/flask-1.0/flask/app.py', 1202, 1202)"
415,breaks in linear flow,"('/home/toffer/Repos/flask-tags/flask-1.0/flask/app.py', 1215, 1215)"
416,breaks in linear flow,"('/home/toffer/Repos/flask-tags/flask-1.0/flask/app.py', 1217, 1217)"
417,breaks in linear flow,"('/home/toffer/Repos/flask-tags/flask-1.0/flask/app.py', 1271, 1271)"
418,breaks in linear flow,"('/home/toffer/Repos/flask-tags/flask-1.0/flask/app.py', 1278, 1278)"
419,breaks in linear flow,"('/home/toffer/Repos/flask-tags/flask-1.0/flask/app.py', 1335, 1335)"
420,breaks in linear flow,"('/home/toffer/Repos/flask-tags/flask-1.0/flask/app.py', 1344, 1344)"
421,breaks in linear flow,"('/home/toffer/Repos/flask-tags/flask-1.0/flask/app.py', 1612, 1612)"
422,breaks in linear flow,"('/home/toffer/Repos/flask-tags/flask-1.0/flask/app.py', 1618, 1618)"
423,breaks in linear flow,"('/home/toffer/Repos/flask-tags/flask-1.0/flask/app.py', 1619, 1619)"
424,breaks in linear flow,"('/home/toffer/Repos/flask-tags/flask-1.0/flask/app.py', 1621, 1621)"
425,breaks in linear flow,"('/home/toffer/Repos/flask-tags/flask-1.0/flask/app.py', 1624, 1624)"
426,breaks in linear flow,"('/home/toffer/Repos/flask-tags/flask-1.0/flask/app.py', 1636, 1636)"
427,breaks in linear flow,"('/home/toffer/Repos/flask-tags/flask-1.0/flask/app.py', 1640, 1640)"
428,breaks in linear flow,"('/home/toffer/Repos/flask-tags/flask-1.0/flask/app.py', 1661, 1661)"
429,breaks in linear flow,"('/home/toffer/Repos/flask-tags/flask-1.0/flask/app.py', 1667, 1667)"
430,breaks in linear flow,"('/home/toffer/Repos/flask-tags/flask-1.0/flask/app.py', 1696, 1696)"
431,breaks in linear flow,"('/home/toffer/Repos/flask-tags/flask-1.0/flask/app.py', 1704, 1704)"
432,breaks in linear flow,"('/home/toffer/Repos/flask-tags/flask-1.0/flask/app.py', 1709, 1709)"
433,breaks in linear flow,"('/home/toffer/Repos/flask-tags/flask-1.0/flask/app.py', 1727, 1727)"
434,breaks in linear flow,"('/home/toffer/Repos/flask-tags/flask-1.0/flask/app.py', 1732, 1732)"
435,breaks in linear flow,"('/home/toffer/Repos/flask-tags/flask-1.0/flask/app.py', 1738, 1738)"
436,breaks in linear flow,"('/home/toffer/Repos/flask-tags/flask-1.0/flask/app.py', 1763, 1763)"
437,breaks in linear flow,"('/home/toffer/Repos/flask-tags/flask-1.0/flask/app.py', 1782, 1782)"
438,breaks in linear flow,"('/home/toffer/Repos/flask-tags/flask-1.0/flask/app.py', 1787, 1787)"
439,breaks in linear flow,"('/home/toffer/Repos/flask-tags/flask-1.0/flask/app.py', 1804, 1804)"
440,breaks in linear flow,"('/home/toffer/Repos/flask-tags/flask-1.0/flask/app.py', 1806, 1806)"
441,breaks in linear flow,"('/home/toffer/Repos/flask-tags/flask-1.0/flask/app.py', 1827, 1827)"
442,breaks in linear flow,"('/home/toffer/Repos/flask-tags/flask-1.0/flask/app.py', 1828, 1828)"
443,breaks in linear flow,"('/home/toffer/Repos/flask-tags/flask-1.0/flask/app.py', 1841, 1841)"
444,breaks in linear flow,"('/home/toffer/Repos/flask-tags/flask-1.0/flask/app.py', 1844, 1844)"
445,breaks in linear flow,"('/home/toffer/Repos/flask-tags/flask-1.0/flask/app.py', 1846, 1846)"
446,breaks in linear flow,"('/home/toffer/Repos/flask-tags/flask-1.0/flask/app.py', 1858, 1858)"
447,breaks in linear flow,"('/home/toffer/Repos/flask-tags/flask-1.0/flask/app.py', 1865, 1865)"
448,breaks in linear flow,"('/home/toffer/Repos/flask-tags/flask-1.0/flask/app.py', 1867, 1867)"
449,breaks in linear flow,"('/home/toffer/Repos/flask-tags/flask-1.0/flask/app.py', 1926, 1926)"
450,breaks in linear flow,"('/home/toffer/Repos/flask-tags/flask-1.0/flask/app.py', 1930, 1930)"
451,breaks in linear flow,"('/home/toffer/Repos/flask-tags/flask-1.0/flask/app.py', 1934, 1934)"
452,breaks in linear flow,"('/home/toffer/Repos/flask-tags/flask-1.0/flask/app.py', 1947, 1947)"
453,breaks in linear flow,"('/home/toffer/Repos/flask-tags/flask-1.0/flask/app.py', 1955, 1955)"
454,breaks in linear flow,"('/home/toffer/Repos/flask-tags/flask-1.0/flask/app.py', 1956, 1956)"
455,breaks in linear flow,"('/home/toffer/Repos/flask-tags/flask-1.0/flask/app.py', 1967, 1967)"
456,breaks in linear flow,"('/home/toffer/Repos/flask-tags/flask-1.0/flask/app.py', 1977, 1977)"
457,breaks in linear flow,"('/home/toffer/Repos/flask-tags/flask-1.0/flask/app.py', 1978, 1978)"
458,breaks in linear flow,"('/home/toffer/Repos/flask-tags/flask-1.0/flask/app.py', 1984, 1984)"
459,breaks in linear flow,"('/home/toffer/Repos/flask-tags/flask-1.0/flask/app.py', 2004, 2004)"
460,breaks in linear flow,"('/home/toffer/Repos/flask-tags/flask-1.0/flask/app.py', 2016, 2016)"
461,breaks in linear flow,"('/home/toffer/Repos/flask-tags/flask-1.0/flask/app.py', 2030, 2030)"
462,breaks in linear flow,"('/home/toffer/Repos/flask-tags/flask-1.0/flask/app.py', 2033, 2033)"
463,breaks in linear flow,"('/home/toffer/Repos/flask-tags/flask-1.0/flask/app.py', 2040, 2040)"
464,breaks in linear flow,"('/home/toffer/Repos/flask-tags/flask-1.0/flask/app.py', 2043, 2043)"
465,breaks in linear flow,"('/home/toffer/Repos/flask-tags/flask-1.0/flask/app.py', 2045, 2045)"
466,breaks in linear flow,"('/home/toffer/Repos/flask-tags/flask-1.0/flask/app.py', 2052, 2052)"
467,breaks in linear flow,"('/home/toffer/Repos/flask-tags/flask-1.0/flask/app.py', 2070, 2070)"
468,breaks in linear flow,"('/home/toffer/Repos/flask-tags/flask-1.0/flask/app.py', 2072, 2072)"
469,breaks in linear flow,"('/home/toffer/Repos/flask-tags/flask-1.0/flask/app.py', 2076, 2076)"
470,breaks in linear flow,"('/home/toffer/Repos/flask-tags/flask-1.0/flask/app.py', 2078, 2078)"
471,breaks in linear flow,"('/home/toffer/Repos/flask-tags/flask-1.0/flask/app.py', 2080, 2080)"
472,breaks in linear flow,"('/home/toffer/Repos/flask-tags/flask-1.0/flask/app.py', 2099, 2099)"
473,breaks in linear flow,"('/home/toffer/Repos/flask-tags/flask-1.0/flask/app.py', 2101, 2101)"
474,breaks in linear flow,"('/home/toffer/Repos/flask-tags/flask-1.0/flask/app.py', 2103, 2103)"
475,breaks in linear flow,"('/home/toffer/Repos/flask-tags/flask-1.0/flask/app.py', 2105, 2105)"
476,breaks in linear flow,"('/home/toffer/Repos/flask-tags/flask-1.0/flask/app.py', 2130, 2130)"
477,breaks in linear flow,"('/home/toffer/Repos/flask-tags/flask-1.0/flask/app.py', 2134, 2134)"
478,breaks in linear flow,"('/home/toffer/Repos/flask-tags/flask-1.0/flask/app.py', 2136, 2136)"
479,breaks in linear flow,"('/home/toffer/Repos/flask-tags/flask-1.0/flask/app.py', 2155, 2155)"
480,breaks in linear flow,"('/home/toffer/Repos/flask-tags/flask-1.0/flask/app.py', 2157, 2157)"
481,breaks in linear flow,"('/home/toffer/Repos/flask-tags/flask-1.0/flask/app.py', 2285, 2285)"
482,breaks in linear flow,"('/home/toffer/Repos/flask-tags/flask-1.0/flask/app.py', 2288, 2288)"
483,breaks in linear flow,"('/home/toffer/Repos/flask-tags/flask-1.0/flask/app.py', 2293, 2293)"
484,breaks in linear flow,"('/home/toffer/Repos/flask-tags/flask-1.0/flask/cli.py', 35, 35)"
485,breaks in linear flow,"('/home/toffer/Repos/flask-tags/flask-1.0/flask/cli.py', 50, 50)"
486,breaks in linear flow,"('/home/toffer/Repos/flask-tags/flask-1.0/flask/cli.py', 53, 53)"
487,breaks in linear flow,"('/home/toffer/Repos/flask-tags/flask-1.0/flask/cli.py', 61, 61)"
488,breaks in linear flow,"('/home/toffer/Repos/flask-tags/flask-1.0/flask/cli.py', 71, 71)"
489,breaks in linear flow,"('/home/toffer/Repos/flask-tags/flask-1.0/flask/cli.py', 74, 74)"
490,breaks in linear flow,"('/home/toffer/Repos/flask-tags/flask-1.0/flask/cli.py', 78, 78)"
491,breaks in linear flow,"('/home/toffer/Repos/flask-tags/flask-1.0/flask/cli.py', 80, 80)"
492,breaks in linear flow,"('/home/toffer/Repos/flask-tags/flask-1.0/flask/cli.py', 81, 81)"
493,breaks in linear flow,"('/home/toffer/Repos/flask-tags/flask-1.0/flask/cli.py', 109, 109)"
494,breaks in linear flow,"('/home/toffer/Repos/flask-tags/flask-1.0/flask/cli.py', 130, 130)"
495,breaks in linear flow,"('/home/toffer/Repos/flask-tags/flask-1.0/flask/cli.py', 131, 131)"
496,breaks in linear flow,"('/home/toffer/Repos/flask-tags/flask-1.0/flask/cli.py', 152, 152)"
497,breaks in linear flow,"('/home/toffer/Repos/flask-tags/flask-1.0/flask/cli.py', 162, 162)"
498,breaks in linear flow,"('/home/toffer/Repos/flask-tags/flask-1.0/flask/cli.py', 165, 165)"
499,breaks in linear flow,"('/home/toffer/Repos/flask-tags/flask-1.0/flask/cli.py', 166, 166)"
500,breaks in linear flow,"('/home/toffer/Repos/flask-tags/flask-1.0/flask/cli.py', 169, 169)"
501,breaks in linear flow,"('/home/toffer/Repos/flask-tags/flask-1.0/flask/cli.py', 179, 179)"
502,breaks in linear flow,"('/home/toffer/Repos/flask-tags/flask-1.0/flask/cli.py', 180, 180)"
503,breaks in linear flow,"('/home/toffer/Repos/flask-tags/flask-1.0/flask/cli.py', 192, 192)"
504,breaks in linear flow,"('/home/toffer/Repos/flask-tags/flask-1.0/flask/cli.py', 209, 209)"
505,breaks in linear flow,"('/home/toffer/Repos/flask-tags/flask-1.0/flask/cli.py', 212, 212)"
506,breaks in linear flow,"('/home/toffer/Repos/flask-tags/flask-1.0/flask/cli.py', 218, 218)"
507,breaks in linear flow,"('/home/toffer/Repos/flask-tags/flask-1.0/flask/cli.py', 222, 222)"
508,breaks in linear flow,"('/home/toffer/Repos/flask-tags/flask-1.0/flask/cli.py', 223, 223)"
509,breaks in linear flow,"('/home/toffer/Repos/flask-tags/flask-1.0/flask/cli.py', 225, 225)"
510,breaks in linear flow,"('/home/toffer/Repos/flask-tags/flask-1.0/flask/cli.py', 236, 236)"
511,breaks in linear flow,"('/home/toffer/Repos/flask-tags/flask-1.0/flask/cli.py', 239, 239)"
512,breaks in linear flow,"('/home/toffer/Repos/flask-tags/flask-1.0/flask/cli.py', 253, 253)"
513,breaks in linear flow,"('/home/toffer/Repos/flask-tags/flask-1.0/flask/cli.py', 260, 260)"
514,breaks in linear flow,"('/home/toffer/Repos/flask-tags/flask-1.0/flask/cli.py', 292, 292)"
515,breaks in linear flow,"('/home/toffer/Repos/flask-tags/flask-1.0/flask/cli.py', 303, 303)"
516,breaks in linear flow,"('/home/toffer/Repos/flask-tags/flask-1.0/flask/cli.py', 311, 311)"
517,breaks in linear flow,"('/home/toffer/Repos/flask-tags/flask-1.0/flask/cli.py', 323, 323)"
518,breaks in linear flow,"('/home/toffer/Repos/flask-tags/flask-1.0/flask/cli.py', 327, 327)"
519,breaks in linear flow,"('/home/toffer/Repos/flask-tags/flask-1.0/flask/cli.py', 361, 361)"
520,breaks in linear flow,"('/home/toffer/Repos/flask-tags/flask-1.0/flask/cli.py', 366, 366)"
521,breaks in linear flow,"('/home/toffer/Repos/flask-tags/flask-1.0/flask/cli.py', 369, 369)"
522,breaks in linear flow,"('/home/toffer/Repos/flask-tags/flask-1.0/flask/cli.py', 374, 374)"
523,breaks in linear flow,"('/home/toffer/Repos/flask-tags/flask-1.0/flask/cli.py', 379, 379)"
524,breaks in linear flow,"('/home/toffer/Repos/flask-tags/flask-1.0/flask/cli.py', 380, 380)"
525,breaks in linear flow,"('/home/toffer/Repos/flask-tags/flask-1.0/flask/cli.py', 382, 382)"
526,breaks in linear flow,"('/home/toffer/Repos/flask-tags/flask-1.0/flask/cli.py', 393, 393)"
527,breaks in linear flow,"('/home/toffer/Repos/flask-tags/flask-1.0/flask/cli.py', 431, 431)"
528,breaks in linear flow,"('/home/toffer/Repos/flask-tags/flask-1.0/flask/cli.py', 472, 472)"
529,breaks in linear flow,"('/home/toffer/Repos/flask-tags/flask-1.0/flask/cli.py', 479, 479)"
530,breaks in linear flow,"('/home/toffer/Repos/flask-tags/flask-1.0/flask/cli.py', 487, 487)"
531,breaks in linear flow,"('/home/toffer/Repos/flask-tags/flask-1.0/flask/cli.py', 491, 491)"
532,breaks in linear flow,"('/home/toffer/Repos/flask-tags/flask-1.0/flask/cli.py', 495, 495)"
533,breaks in linear flow,"('/home/toffer/Repos/flask-tags/flask-1.0/flask/cli.py', 510, 510)"
534,breaks in linear flow,"('/home/toffer/Repos/flask-tags/flask-1.0/flask/cli.py', 516, 516)"
535,breaks in linear flow,"('/home/toffer/Repos/flask-tags/flask-1.0/flask/cli.py', 518, 518)"
536,breaks in linear flow,"('/home/toffer/Repos/flask-tags/flask-1.0/flask/cli.py', 530, 530)"
537,breaks in linear flow,"('/home/toffer/Repos/flask-tags/flask-1.0/flask/cli.py', 547, 547)"
538,breaks in linear flow,"('/home/toffer/Repos/flask-tags/flask-1.0/flask/cli.py', 552, 552)"
539,breaks in linear flow,"('/home/toffer/Repos/flask-tags/flask-1.0/flask/cli.py', 587, 587)"
540,breaks in linear flow,"('/home/toffer/Repos/flask-tags/flask-1.0/flask/cli.py', 588, 588)"
541,breaks in linear flow,"('/home/toffer/Repos/flask-tags/flask-1.0/flask/cli.py', 595, 595)"
542,breaks in linear flow,"('/home/toffer/Repos/flask-tags/flask-1.0/flask/cli.py', 600, 600)"
543,breaks in linear flow,"('/home/toffer/Repos/flask-tags/flask-1.0/flask/cli.py', 603, 603)"
544,breaks in linear flow,"('/home/toffer/Repos/flask-tags/flask-1.0/flask/cli.py', 604, 604)"
545,breaks in linear flow,"('/home/toffer/Repos/flask-tags/flask-1.0/flask/cli.py', 606, 606)"
546,breaks in linear flow,"('/home/toffer/Repos/flask-tags/flask-1.0/flask/cli.py', 611, 611)"
547,breaks in linear flow,"('/home/toffer/Repos/flask-tags/flask-1.0/flask/cli.py', 621, 621)"
548,breaks in linear flow,"('/home/toffer/Repos/flask-tags/flask-1.0/flask/cli.py', 624, 624)"
549,breaks in linear flow,"('/home/toffer/Repos/flask-tags/flask-1.0/flask/cli.py', 627, 627)"
550,breaks in linear flow,"('/home/toffer/Repos/flask-tags/flask-1.0/flask/cli.py', 634, 634)"
551,breaks in linear flow,"('/home/toffer/Repos/flask-tags/flask-1.0/flask/cli.py', 640, 640)"
552,breaks in linear flow,"('/home/toffer/Repos/flask-tags/flask-1.0/flask/cli.py', 659, 659)"
553,breaks in linear flow,"('/home/toffer/Repos/flask-tags/flask-1.0/flask/cli.py', 662, 662)"
554,breaks in linear flow,"('/home/toffer/Repos/flask-tags/flask-1.0/flask/cli.py', 665, 665)"
555,breaks in linear flow,"('/home/toffer/Repos/flask-tags/flask-1.0/flask/cli.py', 674, 674)"
556,breaks in linear flow,"('/home/toffer/Repos/flask-tags/flask-1.0/flask/cli.py', 675, 675)"
557,breaks in linear flow,"('/home/toffer/Repos/flask-tags/flask-1.0/flask/cli.py', 678, 678)"
558,breaks in linear flow,"('/home/toffer/Repos/flask-tags/flask-1.0/flask/cli.py', 691, 691)"
559,breaks in linear flow,"('/home/toffer/Repos/flask-tags/flask-1.0/flask/cli.py', 696, 696)"
560,breaks in linear flow,"('/home/toffer/Repos/flask-tags/flask-1.0/flask/cli.py', 697, 697)"
561,breaks in linear flow,"('/home/toffer/Repos/flask-tags/flask-1.0/flask/cli.py', 702, 702)"
562,breaks in linear flow,"('/home/toffer/Repos/flask-tags/flask-1.0/flask/cli.py', 707, 707)"
563,breaks in linear flow,"('/home/toffer/Repos/flask-tags/flask-1.0/flask/cli.py', 715, 715)"
564,breaks in linear flow,"('/home/toffer/Repos/flask-tags/flask-1.0/flask/cli.py', 758, 758)"
565,breaks in linear flow,"('/home/toffer/Repos/flask-tags/flask-1.0/flask/cli.py', 761, 761)"
566,breaks in linear flow,"('/home/toffer/Repos/flask-tags/flask-1.0/flask/cli.py', 764, 764)"
567,breaks in linear flow,"('/home/toffer/Repos/flask-tags/flask-1.0/flask/cli.py', 800, 800)"
568,breaks in linear flow,"('/home/toffer/Repos/flask-tags/flask-1.0/flask/cli.py', 831, 831)"
569,breaks in linear flow,"('/home/toffer/Repos/flask-tags/flask-1.0/flask/cli.py', 852, 852)"
570,breaks in linear flow,"('/home/toffer/Repos/flask-tags/flask-1.0/flask/cli.py', 877, 877)"
571,breaks in linear flow,"('/home/toffer/Repos/flask-tags/flask-1.0/flask/cli.py', 880, 880)"
572,breaks in linear flow,"('/home/toffer/Repos/flask-tags/flask-1.0/flask/cli.py', 894, 894)"
573,breaks in linear flow,"('/home/toffer/Repos/flask-tags/flask-1.0/flask/wrappers.py', 65, 65)"
574,breaks in linear flow,"('/home/toffer/Repos/flask-tags/flask-1.0/flask/wrappers.py', 68, 68)"
575,breaks in linear flow,"('/home/toffer/Repos/flask-tags/flask-1.0/flask/wrappers.py', 75, 75)"
576,breaks in linear flow,"('/home/toffer/Repos/flask-tags/flask-1.0/flask/wrappers.py', 76, 76)"
577,breaks in linear flow,"('/home/toffer/Repos/flask-tags/flask-1.0/flask/wrappers.py', 78, 78)"
578,breaks in linear flow,"('/home/toffer/Repos/flask-tags/flask-1.0/flask/wrappers.py', 83, 83)"
579,breaks in linear flow,"('/home/toffer/Repos/flask-tags/flask-1.0/flask/wrappers.py', 87, 87)"
580,breaks in linear flow,"('/home/toffer/Repos/flask-tags/flask-1.0/flask/wrappers.py', 105, 105)"
581,breaks in linear flow,"('/home/toffer/Repos/flask-tags/flask-1.0/flask/wrappers.py', 148, 148)"
582,breaks in linear flow,"('/home/toffer/Repos/flask-tags/flask-1.0/flask/wrappers.py', 158, 158)"
583,breaks in linear flow,"('/home/toffer/Repos/flask-tags/flask-1.0/flask/wrappers.py', 164, 164)"
584,breaks in linear flow,"('/home/toffer/Repos/flask-tags/flask-1.0/flask/wrappers.py', 172, 172)"
585,breaks in linear flow,"('/home/toffer/Repos/flask-tags/flask-1.0/flask/wrappers.py', 212, 212)"
586,breaks in linear flow,"('/home/toffer/Repos/flask-tags/flask-1.0/flask/testing.py', 54, 54)"
587,breaks in linear flow,"('/home/toffer/Repos/flask-tags/flask-1.0/flask/testing.py', 58, 58)"
588,breaks in linear flow,"('/home/toffer/Repos/flask-tags/flask-1.0/flask/testing.py', 61, 61)"
589,breaks in linear flow,"('/home/toffer/Repos/flask-tags/flask-1.0/flask/testing.py', 72, 72)"
590,breaks in linear flow,"('/home/toffer/Repos/flask-tags/flask-1.0/flask/testing.py', 76, 76)"
591,breaks in linear flow,"('/home/toffer/Repos/flask-tags/flask-1.0/flask/testing.py', 85, 85)"
592,breaks in linear flow,"('/home/toffer/Repos/flask-tags/flask-1.0/flask/testing.py', 133, 133)"
593,breaks in linear flow,"('/home/toffer/Repos/flask-tags/flask-1.0/flask/testing.py', 143, 143)"
594,breaks in linear flow,"('/home/toffer/Repos/flask-tags/flask-1.0/flask/testing.py', 161, 161)"
595,breaks in linear flow,"('/home/toffer/Repos/flask-tags/flask-1.0/flask/testing.py', 171, 171)"
596,breaks in linear flow,"('/home/toffer/Repos/flask-tags/flask-1.0/flask/testing.py', 177, 177)"
597,breaks in linear flow,"('/home/toffer/Repos/flask-tags/flask-1.0/flask/testing.py', 204, 204)"
598,breaks in linear flow,"('/home/toffer/Repos/flask-tags/flask-1.0/flask/testing.py', 216, 216)"
599,breaks in linear flow,"('/home/toffer/Repos/flask-tags/flask-1.0/flask/testing.py', 244, 244)"
600,breaks in linear flow,"('/home/toffer/Repos/flask-tags/flask-1.0/flask/testing.py', 247, 247)"
601,breaks in linear flow,"('/home/toffer/Repos/flask-tags/flask-1.0/flask/debughelpers.py', 41, 41)"
602,breaks in linear flow,"('/home/toffer/Repos/flask-tags/flask-1.0/flask/debughelpers.py', 64, 64)"
603,breaks in linear flow,"('/home/toffer/Repos/flask-tags/flask-1.0/flask/debughelpers.py', 88, 88)"
604,breaks in linear flow,"('/home/toffer/Repos/flask-tags/flask-1.0/flask/debughelpers.py', 89, 89)"
605,breaks in linear flow,"('/home/toffer/Repos/flask-tags/flask-1.0/flask/debughelpers.py', 99, 99)"
606,breaks in linear flow,"('/home/toffer/Repos/flask-tags/flask-1.0/flask/debughelpers.py', 100, 100)"
607,breaks in linear flow,"('/home/toffer/Repos/flask-tags/flask-1.0/flask/debughelpers.py', 101, 101)"
608,breaks in linear flow,"('/home/toffer/Repos/flask-tags/flask-1.0/flask/debughelpers.py', 102, 102)"
609,breaks in linear flow,"('/home/toffer/Repos/flask-tags/flask-1.0/flask/debughelpers.py', 103, 103)"
610,breaks in linear flow,"('/home/toffer/Repos/flask-tags/flask-1.0/flask/debughelpers.py', 104, 104)"
611,breaks in linear flow,"('/home/toffer/Repos/flask-tags/flask-1.0/flask/debughelpers.py', 106, 106)"
612,breaks in linear flow,"('/home/toffer/Repos/flask-tags/flask-1.0/flask/debughelpers.py', 108, 108)"
613,breaks in linear flow,"('/home/toffer/Repos/flask-tags/flask-1.0/flask/debughelpers.py', 110, 110)"
614,breaks in linear flow,"('/home/toffer/Repos/flask-tags/flask-1.0/flask/debughelpers.py', 120, 120)"
615,breaks in linear flow,"('/home/toffer/Repos/flask-tags/flask-1.0/flask/debughelpers.py', 123, 123)"
616,breaks in linear flow,"('/home/toffer/Repos/flask-tags/flask-1.0/flask/debughelpers.py', 124, 124)"
617,breaks in linear flow,"('/home/toffer/Repos/flask-tags/flask-1.0/flask/debughelpers.py', 135, 135)"
618,breaks in linear flow,"('/home/toffer/Repos/flask-tags/flask-1.0/flask/debughelpers.py', 138, 138)"
619,breaks in linear flow,"('/home/toffer/Repos/flask-tags/flask-1.0/flask/debughelpers.py', 146, 146)"
620,breaks in linear flow,"('/home/toffer/Repos/flask-tags/flask-1.0/flask/debughelpers.py', 153, 153)"
621,breaks in linear flow,"('/home/toffer/Repos/flask-tags/flask-1.0/flask/debughelpers.py', 163, 163)"
622,breaks in linear flow,"('/home/toffer/Repos/flask-tags/flask-1.0/flask/logging.py', 40, 40)"
623,breaks in linear flow,"('/home/toffer/Repos/flask-tags/flask-1.0/flask/logging.py', 41, 41)"
624,breaks in linear flow,"('/home/toffer/Repos/flask-tags/flask-1.0/flask/logging.py', 44, 44)"
625,breaks in linear flow,"('/home/toffer/Repos/flask-tags/flask-1.0/flask/logging.py', 45, 45)"
626,breaks in linear flow,"('/home/toffer/Repos/flask-tags/flask-1.0/flask/logging.py', 72, 72)"
627,breaks in linear flow,"('/home/toffer/Repos/flask-tags/flask-1.0/flask/logging.py', 75, 75)"
628,breaks in linear flow,"('/home/toffer/Repos/flask-tags/flask-1.0/flask/config.py', 29, 29)"
629,breaks in linear flow,"('/home/toffer/Repos/flask-tags/flask-1.0/flask/config.py', 32, 32)"
630,breaks in linear flow,"('/home/toffer/Repos/flask-tags/flask-1.0/flask/config.py', 101, 101)"
631,breaks in linear flow,"('/home/toffer/Repos/flask-tags/flask-1.0/flask/config.py', 102, 102)"
632,breaks in linear flow,"('/home/toffer/Repos/flask-tags/flask-1.0/flask/config.py', 131, 131)"
633,breaks in linear flow,"('/home/toffer/Repos/flask-tags/flask-1.0/flask/config.py', 132, 132)"
634,breaks in linear flow,"('/home/toffer/Repos/flask-tags/flask-1.0/flask/config.py', 169, 169)"
635,breaks in linear flow,"('/home/toffer/Repos/flask-tags/flask-1.0/flask/config.py', 171, 171)"
636,breaks in linear flow,"('/home/toffer/Repos/flask-tags/flask-1.0/flask/config.py', 172, 172)"
637,breaks in linear flow,"('/home/toffer/Repos/flask-tags/flask-1.0/flask/config.py', 193, 193)"
638,breaks in linear flow,"('/home/toffer/Repos/flask-tags/flask-1.0/flask/config.py', 194, 194)"
639,breaks in linear flow,"('/home/toffer/Repos/flask-tags/flask-1.0/flask/config.py', 207, 207)"
640,breaks in linear flow,"('/home/toffer/Repos/flask-tags/flask-1.0/flask/config.py', 208, 208)"
641,breaks in linear flow,"('/home/toffer/Repos/flask-tags/flask-1.0/flask/config.py', 217, 217)"
642,breaks in linear flow,"('/home/toffer/Repos/flask-tags/flask-1.0/flask/config.py', 218, 218)"
643,breaks in linear flow,"('/home/toffer/Repos/flask-tags/flask-1.0/flask/config.py', 219, 219)"
644,breaks in linear flow,"('/home/toffer/Repos/flask-tags/flask-1.0/flask/config.py', 252, 252)"
645,breaks in linear flow,"('/home/toffer/Repos/flask-tags/flask-1.0/flask/config.py', 253, 253)"
646,breaks in linear flow,"('/home/toffer/Repos/flask-tags/flask-1.0/flask/config.py', 254, 254)"
647,breaks in linear flow,"('/home/toffer/Repos/flask-tags/flask-1.0/flask/config.py', 255, 255)"
648,breaks in linear flow,"('/home/toffer/Repos/flask-tags/flask-1.0/flask/config.py', 259, 259)"
649,breaks in linear flow,"('/home/toffer/Repos/flask-tags/flask-1.0/flask/views.py', 90, 90)"
650,breaks in linear flow,"('/home/toffer/Repos/flask-tags/flask-1.0/flask/views.py', 93, 93)"
651,breaks in linear flow,"('/home/toffer/Repos/flask-tags/flask-1.0/flask/views.py', 118, 118)"
652,breaks in linear flow,"('/home/toffer/Repos/flask-tags/flask-1.0/flask/views.py', 121, 121)"
653,breaks in linear flow,"('/home/toffer/Repos/flask-tags/flask-1.0/flask/views.py', 122, 122)"
654,breaks in linear flow,"('/home/toffer/Repos/flask-tags/flask-1.0/flask/views.py', 129, 129)"
655,breaks in linear flow,"('/home/toffer/Repos/flask-tags/flask-1.0/flask/views.py', 154, 154)"
656,breaks in linear flow,"('/home/toffer/Repos/flask-tags/flask-1.0/flask/signals.py', 17, 17)"
657,breaks in linear flow,"('/home/toffer/Repos/flask-tags/flask-1.0/flask/_compat.py', 20, 20)"
658,breaks in linear flow,"('/home/toffer/Repos/flask-tags/flask-1.0/flask/_compat.py', 33, 33)"
659,breaks in linear flow,"('/home/toffer/Repos/flask-tags/flask-1.0/flask/_compat.py', 82, 82)"
660,breaks in linear flow,"('/home/toffer/Repos/flask-tags/flask-1.0/flask/_compat.py', 87, 87)"
661,breaks in linear flow,"('/home/toffer/Repos/flask-tags/flask-1.0/flask/_compat.py', 94, 94)"
662,breaks in linear flow,"('/home/toffer/Repos/flask-tags/flask-1.0/flask/_compat.py', 96, 96)"
663,breaks in linear flow,"('/home/toffer/Repos/flask-tags/flask-1.0/flask/_compat.py', 98, 98)"
664,breaks in linear flow,"('/home/toffer/Repos/flask-tags/flask-1.0/flask/json/tag.py', 243, 243)"
665,breaks in linear flow,"('/home/toffer/Repos/flask-tags/flask-1.0/flask/json/tag.py', 263, 263)"
666,breaks in linear flow,"('/home/toffer/Repos/flask-tags/flask-1.0/flask/json/tag.py', 264, 264)"
667,breaks in linear flow,"('/home/toffer/Repos/flask-tags/flask-1.0/flask/json/tag.py', 269, 269)"
668,breaks in linear flow,"('/home/toffer/Repos/flask-tags/flask-1.0/flask/json/tag.py', 276, 276)"
669,breaks in linear flow,"('/home/toffer/Repos/flask-tags/flask-1.0/flask/json/tag.py', 277, 277)"
670,breaks in linear flow,"('/home/toffer/Repos/flask-tags/flask-1.0/flask/json/tag.py', 284, 284)"
671,breaks in linear flow,"('/home/toffer/Repos/flask-tags/flask-1.0/flask/json/tag.py', 289, 289)"
672,breaks in linear flow,"('/home/toffer/Repos/flask-tags/flask-1.0/flask/json/__init__.py', 35, 35)"
673,breaks in linear flow,"('/home/toffer/Repos/flask-tags/flask-1.0/flask/json/__init__.py', 43, 43)"
674,breaks in linear flow,"('/home/toffer/Repos/flask-tags/flask-1.0/flask/json/__init__.py', 73, 73)"
675,breaks in linear flow,"('/home/toffer/Repos/flask-tags/flask-1.0/flask/json/__init__.py', 75, 75)"
676,breaks in linear flow,"('/home/toffer/Repos/flask-tags/flask-1.0/flask/json/__init__.py', 77, 77)"
677,breaks in linear flow,"('/home/toffer/Repos/flask-tags/flask-1.0/flask/json/__init__.py', 79, 79)"
678,breaks in linear flow,"('/home/toffer/Repos/flask-tags/flask-1.0/flask/json/__init__.py', 94, 94)"
679,breaks in linear flow,"('/home/toffer/Repos/flask-tags/flask-1.0/flask/json/__init__.py', 102, 102)"
680,breaks in linear flow,"('/home/toffer/Repos/flask-tags/flask-1.0/flask/json/__init__.py', 113, 113)"
681,breaks in linear flow,"('/home/toffer/Repos/flask-tags/flask-1.0/flask/json/__init__.py', 136, 136)"
682,breaks in linear flow,"('/home/toffer/Repos/flask-tags/flask-1.0/flask/json/__init__.py', 139, 139)"
683,breaks in linear flow,"('/home/toffer/Repos/flask-tags/flask-1.0/flask/json/__init__.py', 142, 142)"
684,breaks in linear flow,"('/home/toffer/Repos/flask-tags/flask-1.0/flask/json/__init__.py', 145, 145)"
685,breaks in linear flow,"('/home/toffer/Repos/flask-tags/flask-1.0/flask/json/__init__.py', 148, 148)"
686,breaks in linear flow,"('/home/toffer/Repos/flask-tags/flask-1.0/flask/json/__init__.py', 149, 149)"
687,breaks in linear flow,"('/home/toffer/Repos/flask-tags/flask-1.0/flask/json/__init__.py', 152, 152)"
688,breaks in linear flow,"('/home/toffer/Repos/flask-tags/flask-1.0/flask/json/__init__.py', 155, 155)"
689,breaks in linear flow,"('/home/toffer/Repos/flask-tags/flask-1.0/flask/json/__init__.py', 158, 158)"
690,breaks in linear flow,"('/home/toffer/Repos/flask-tags/flask-1.0/flask/json/__init__.py', 161, 161)"
691,breaks in linear flow,"('/home/toffer/Repos/flask-tags/flask-1.0/flask/json/__init__.py', 180, 180)"
692,breaks in linear flow,"('/home/toffer/Repos/flask-tags/flask-1.0/flask/json/__init__.py', 189, 189)"
693,breaks in linear flow,"('/home/toffer/Repos/flask-tags/flask-1.0/flask/json/__init__.py', 200, 200)"
694,breaks in linear flow,"('/home/toffer/Repos/flask-tags/flask-1.0/flask/json/__init__.py', 202, 202)"
695,breaks in linear flow,"('/home/toffer/Repos/flask-tags/flask-1.0/flask/json/__init__.py', 212, 212)"
696,breaks in linear flow,"('/home/toffer/Repos/flask-tags/flask-1.0/flask/json/__init__.py', 247, 247)"
697,breaks in linear flow,"('/home/toffer/Repos/flask-tags/flask-1.0/flask/json/__init__.py', 309, 309)"
698,breaks in linear flow,"('/home/toffer/Repos/flask-tags/flask-1.0/flask/json/__init__.py', 313, 313)"
699,breaks in linear flow,"('/home/toffer/Repos/flask-tags/flask-1.0/scripts/make-release.py', 16, 16)"
700,breaks in linear flow,"('/home/toffer/Repos/flask-tags/flask-1.0/scripts/make-release.py', 19, 19)"
701,breaks in linear flow,"('/home/toffer/Repos/flask-tags/flask-1.0/scripts/make-release.py', 20, 20)"
702,breaks in linear flow,"('/home/toffer/Repos/flask-tags/flask-1.0/scripts/make-release.py', 24, 24)"
703,breaks in linear flow,"('/home/toffer/Repos/flask-tags/flask-1.0/scripts/make-release.py', 25, 25)"
704,breaks in linear flow,"('/home/toffer/Repos/flask-tags/flask-1.0/scripts/make-release.py', 27, 27)"
705,breaks in linear flow,"('/home/toffer/Repos/flask-tags/flask-1.0/scripts/make-release.py', 30, 30)"
706,breaks in linear flow,"('/home/toffer/Repos/flask-tags/flask-1.0/scripts/make-release.py', 31, 31)"
707,breaks in linear flow,"('/home/toffer/Repos/flask-tags/flask-1.0/scripts/make-release.py', 39, 39)"
708,breaks in linear flow,"('/home/toffer/Repos/flask-tags/flask-1.0/scripts/make-release.py', 40, 40)"
709,breaks in linear flow,"('/home/toffer/Repos/flask-tags/flask-1.0/scripts/make-release.py', 49, 49)"
710,breaks in linear flow,"('/home/toffer/Repos/flask-tags/flask-1.0/scripts/make-release.py', 76, 76)"
711,breaks in linear flow,"('/home/toffer/Repos/flask-tags/flask-1.0/scripts/make-release.py', 127, 127)"
712,breaks in linear flow,"('/home/toffer/Repos/flask-tags/flask-1.0/scripts/make-release.py', 139, 139)"
713,breaks in linear flow,"('/home/toffer/Repos/flask-tags/flask-1.0/scripts/make-release.py', 142, 142)"
714,breaks in linear flow,"('/home/toffer/Repos/flask-tags/flask-1.0/scripts/make-release.py', 148, 148)"
715,breaks in linear flow,"('/home/toffer/Repos/flask-tags/flask-1.0/scripts/make-release.py', 153, 153)"
716,breaks in linear flow,"('/home/toffer/Repos/flask-tags/flask-1.0/scripts/make-release.py', 163, 163)"
717,breaks in linear flow,"('/home/toffer/Repos/flask-tags/flask-1.0/examples/tutorial/flaskr/__init__.py', 16, 16)"
718,breaks in linear flow,"('/home/toffer/Repos/flask-tags/flask-1.0/examples/tutorial/flaskr/__init__.py', 26, 26)"
719,breaks in linear flow,"('/home/toffer/Repos/flask-tags/flask-1.0/examples/tutorial/flaskr/auth.py', 17, 17)"
720,breaks in linear flow,"('/home/toffer/Repos/flask-tags/flask-1.0/examples/tutorial/flaskr/auth.py', 31, 31)"
721,breaks in linear flow,"('/home/toffer/Repos/flask-tags/flask-1.0/examples/tutorial/flaskr/auth.py', 46, 46)"
722,breaks in linear flow,"('/home/toffer/Repos/flask-tags/flask-1.0/examples/tutorial/flaskr/auth.py', 52, 52)"
723,breaks in linear flow,"('/home/toffer/Repos/flask-tags/flask-1.0/examples/tutorial/flaskr/auth.py', 61, 61)"
724,breaks in linear flow,"('/home/toffer/Repos/flask-tags/flask-1.0/examples/tutorial/flaskr/auth.py', 79, 79)"
725,breaks in linear flow,"('/home/toffer/Repos/flask-tags/flask-1.0/examples/tutorial/flaskr/auth.py', 88, 88)"
726,breaks in linear flow,"('/home/toffer/Repos/flask-tags/flask-1.0/examples/tutorial/flaskr/auth.py', 93, 93)"
727,breaks in linear flow,"('/home/toffer/Repos/flask-tags/flask-1.0/examples/tutorial/flaskr/blog.py', 43, 43)"
728,breaks in linear flow,"('/home/toffer/Repos/flask-tags/flask-1.0/examples/tutorial/flaskr/blog.py', 46, 46)"
729,breaks in linear flow,"('/home/toffer/Repos/flask-tags/flask-1.0/examples/tutorial/flaskr/blog.py', 56, 56)"
730,breaks in linear flow,"('/home/toffer/Repos/flask-tags/flask-1.0/examples/tutorial/flaskr/blog.py', 61, 61)"
731,breaks in linear flow,"('/home/toffer/Repos/flask-tags/flask-1.0/examples/tutorial/flaskr/blog.py', 64, 64)"
732,breaks in linear flow,"('/home/toffer/Repos/flask-tags/flask-1.0/examples/tutorial/flaskr/blog.py', 85, 85)"
733,breaks in linear flow,"('/home/toffer/Repos/flask-tags/flask-1.0/examples/tutorial/flaskr/blog.py', 90, 90)"
734,breaks in linear flow,"('/home/toffer/Repos/flask-tags/flask-1.0/examples/tutorial/flaskr/blog.py', 93, 93)"
735,breaks in linear flow,"('/home/toffer/Repos/flask-tags/flask-1.0/examples/tutorial/flaskr/db.py', 13, 13)"
736,breaks in linear flow,"('/home/toffer/Repos/flask-tags/flask-1.0/examples/tutorial/flaskr/db.py', 29, 29)"
737,recursion,"('/home/toffer/Repos/flask-tags/flask-1.0/tests/test_basic.py', 576, 576)"
738,recursion,"('/home/toffer/Repos/flask-tags/flask-1.0/tests/test_views.py', 51, 51)"
739,recursion,"('/home/toffer/Repos/flask-tags/flask-1.0/scripts/make-release.py', 133, 136)"
740,recursion,"('/home/toffer/Repos/flask-tags/flask-1.0/scripts/make-release.py', 156, 156)"
