type,file,start,end
argument_count,docs/conf.py,143,143
argument_count,docs/conf.py,125,125
argument_count,docs/conf.py,132,132
method_complexity,examples/tutorial/flaskr/auth.py,40,74
method_complexity,examples/tutorial/flaskr/auth.py,77,102
method_complexity,examples/tutorial/flaskr/blog.py,54,77
method_complexity,examples/tutorial/flaskr/blog.py,81,105
method_lines,flask/app.py,353,572
method_complexity,flask/app.py,1606,1628
similar-code,flask/app.py,1479,1491
method_complexity,flask/app.py,1125,1223
method_complexity,flask/app.py,2044,2063
similar-code,flask/app.py,1452,1464
similar-code,flask/app.py,2078,2079
similar-code,flask/app.py,1420,1438
argument_count,flask/app.py,353,353
similar-code,flask/app.py,2107,2108
similar-code,flask/app.py,1493,1530
similar-code,flask/app.py,1408,1418
similar-code,flask/app.py,1580,1595
method_complexity,flask/app.py,2064,2090
similar-code,flask/app.py,788,789
similar-code,flask/app.py,2084,2085
argument_count,flask/app.py,843,843
similar-code,flask/app.py,1355,1371
argument_count,flask/app.py,1125,1125
similar-code,flask/app.py,1373,1381
similar-code,flask/app.py,2142,2143
method_complexity,flask/app.py,843,949
file_lines,flask/app.py,1,2315
