type,file,start,end
argument_count,docs/conf.py,68,68
method_complexity,docs/conf.py,68,94
method_complexity,examples/tutorial/flaskr/auth.py,47,82
method_complexity,examples/tutorial/flaskr/auth.py,85,110
method_complexity,examples/tutorial/flaskr/blog.py,88,111
method_complexity,examples/tutorial/flaskr/blog.py,62,84
method_complexity,src/flask/app.py,733,759
method_complexity,src/flask/app.py,805,926
method_complexity,src/flask/app.py,1616,1719
argument_count,src/flask/app.py,805,805
argument_count,src/flask/app.py,385,385
file_lines,src/flask/app.py,1,2075
argument_count,src/flask/app.py,1032,1032
method_count,src/flask/app.py,100,1089
method_complexity,src/flask/app.py,1254,1275
method_complexity,src/flask/app.py,1032,1089
argument_count,src/flask/blueprints.py,171,171
method_complexity,src/flask/blueprints.py,77,106
file_lines,src/flask/blueprints.py,1,542
argument_count,src/flask/blueprints.py,353,353
file_lines,src/flask/cli.py,1,994
argument_count,src/flask/cli.py,499,499
argument_count,src/flask/cli.py,825,825
method_complexity,src/flask/config.py,222,264
method_complexity,src/flask/ctx.py,394,432
method_complexity,src/flask/ctx.py,354,393
file_lines,src/flask/ctx.py,1,460
file_lines,src/flask/helpers.py,1,801
argument_count,src/flask/helpers.py,438,438
argument_count,src/flask/helpers.py,490,490
