type,file,start,end
argument_count,docs/flaskdocext.py,8,8
identical-code,examples/flaskr/flaskr.py,36,41
similar-code,examples/flaskr/flaskr_tests.py,26,29
method_complexity,examples/minitwit/minitwit.py,185,203
identical-code,examples/minitwit/minitwit.py,39,44
method_complexity,examples/minitwit/minitwit.py,206,232
similar-code,examples/minitwit/minitwit.py,140,152
similar-code,examples/minitwit/minitwit.py,155,167
similar-code,examples/minitwit/minitwit_tests.py,25,28
method_lines,examples/minitwit/minitwit_tests.py,107,146
method_complexity,flask/app.py,859,948
method_complexity,flask/app.py,1382,1404
method_complexity,flask/app.py,1517,1542
method_complexity,flask/app.py,287,482
method_complexity,flask/app.py,1405,1461
argument_count,flask/app.py,287,287
similar-code,flask/app.py,1536,1537
similar-code,flask/app.py,1190,1197
method_lines,flask/app.py,287,482
similar-code,flask/app.py,1181,1188
similar-code,flask/app.py,1104,1114
similar-code,flask/app.py,1116,1144
method_complexity,flask/app.py,1498,1516
similar-code,flask/app.py,688,689
similar-code,flask/app.py,1089,1093
file_lines,flask/app.py,1,1701
method_count,flask/app.py,67,1702
similar-code,flask/app.py,1530,1531
similar-code,flask/blueprints.py,236,243
similar-code,flask/blueprints.py,221,227
