type,file,start,end
argument_count,docs/flaskdocext.py,8,8
identical-code,examples/flaskr/flaskr.py,36,41
similar-code,examples/flaskr/flaskr_tests.py,26,29
method_complexity,examples/minitwit/minitwit.py,206,232
similar-code,examples/minitwit/minitwit.py,155,167
method_complexity,examples/minitwit/minitwit.py,185,203
identical-code,examples/minitwit/minitwit.py,39,44
similar-code,examples/minitwit/minitwit.py,140,152
similar-code,examples/minitwit/minitwit_tests.py,25,28
method_lines,examples/minitwit/minitwit_tests.py,107,146
similar-code,flask/app.py,1025,1029
method_complexity,flask/app.py,1365,1390
similar-code,flask/app.py,1052,1077
method_complexity,flask/app.py,812,894
similar-code,flask/app.py,1040,1050
method_count,flask/app.py,67,1519
similar-code,flask/app.py,1378,1379
similar-code,flask/app.py,1085,1092
file_lines,flask/app.py,1,1518
method_complexity,flask/app.py,273,451
similar-code,flask/app.py,657,658
argument_count,flask/app.py,273,273
method_complexity,flask/app.py,1286,1308
similar-code,flask/app.py,1094,1101
similar-code,flask/app.py,1384,1385
file_lines,flask/blueprints.py,1,321
similar-code,flask/blueprints.py,249,255
similar-code,flask/blueprints.py,212,219
similar-code,flask/blueprints.py,292,297
similar-code,flask/blueprints.py,197,203
