type,file,start,end
argument_count,docs/conf.py,67,67
method_complexity,docs/conf.py,67,93
method_complexity,examples/tutorial/flaskr/auth.py,47,82
method_complexity,examples/tutorial/flaskr/auth.py,85,110
method_complexity,examples/tutorial/flaskr/blog.py,62,84
method_complexity,examples/tutorial/flaskr/blog.py,88,111
similar-code,src/flask/app.py,1488,1498
similar-code,src/flask/app.py,2262,2263
method_complexity,src/flask/app.py,2199,2218
method_count,src/flask/app.py,103,2468
file_lines,src/flask/app.py,1,2467
similar-code,src/flask/app.py,1662,1677
method_lines,src/flask/app.py,402,611
similar-code,src/flask/app.py,1500,1520
similar-code,src/flask/app.py,1451,1459
argument_count,src/flask/app.py,889,889
similar-code,src/flask/app.py,1575,1612
similar-code,src/flask/app.py,2297,2298
method_complexity,src/flask/app.py,1688,1712
similar-code,src/flask/app.py,1679,1686
method_complexity,src/flask/app.py,889,996
method_complexity,src/flask/app.py,1781,1823
method_complexity,src/flask/app.py,1996,2018
method_complexity,src/flask/app.py,2219,2245
similar-code,src/flask/app.py,1534,1546
similar-code,src/flask/app.py,834,835
similar-code,src/flask/app.py,1431,1449
similar-code,src/flask/app.py,2239,2240
similar-code,src/flask/app.py,1522,1532
argument_count,src/flask/app.py,1178,1178
