type,file,start,end
argument_count,docs/conf.py,69,69
method_complexity,docs/conf.py,69,95
method_complexity,examples/tutorial/flaskr/auth.py,47,82
method_complexity,examples/tutorial/flaskr/auth.py,85,110
method_complexity,examples/tutorial/flaskr/blog.py,88,111
method_complexity,examples/tutorial/flaskr/blog.py,62,84
method_complexity,src/flask/app.py,732,759
argument_count,src/flask/app.py,1038,1038
argument_count,src/flask/app.py,805,805
method_complexity,src/flask/app.py,805,926
method_complexity,src/flask/app.py,1268,1292
file_lines,src/flask/app.py,1,2091
method_complexity,src/flask/app.py,1038,1095
method_count,src/flask/app.py,98,1095
argument_count,src/flask/app.py,384,384
method_complexity,src/flask/app.py,1633,1736
argument_count,src/flask/blueprints.py,175,175
method_complexity,src/flask/blueprints.py,271,320
argument_count,src/flask/blueprints.py,403,403
method_complexity,src/flask/blueprints.py,80,110
file_lines,src/flask/blueprints.py,1,609
argument_count,src/flask/cli.py,830,830
file_lines,src/flask/cli.py,1,999
argument_count,src/flask/cli.py,504,504
method_complexity,src/flask/config.py,251,293
method_complexity,src/flask/ctx.py,381,422
method_complexity,src/flask/ctx.py,423,461
file_lines,src/flask/ctx.py,1,489
file_lines,src/flask/helpers.py,1,836
method_complexity,src/flask/helpers.py,705,751
