type,file,start,end
method_complexity,docs/conf.py,69,95
argument_count,docs/conf.py,69,69
method_complexity,examples/tutorial/flaskr/auth.py,47,82
method_complexity,examples/tutorial/flaskr/auth.py,85,110
method_complexity,examples/tutorial/flaskr/blog.py,62,84
method_complexity,examples/tutorial/flaskr/blog.py,88,111
method_complexity,src/flask/app.py,732,759
file_lines,src/flask/app.py,1,2095
method_complexity,src/flask/app.py,1268,1290
argument_count,src/flask/app.py,805,805
method_complexity,src/flask/app.py,1038,1095
method_complexity,src/flask/app.py,1633,1740
argument_count,src/flask/app.py,1038,1038
method_complexity,src/flask/app.py,805,926
argument_count,src/flask/app.py,384,384
method_count,src/flask/app.py,98,1095
file_lines,src/flask/blueprints.py,1,597
argument_count,src/flask/blueprints.py,393,393
argument_count,src/flask/blueprints.py,175,175
method_complexity,src/flask/blueprints.py,80,110
argument_count,src/flask/cli.py,818,818
file_lines,src/flask/cli.py,1,989
argument_count,src/flask/cli.py,486,486
file_lines,src/flask/config.py,1,337
method_complexity,src/flask/config.py,293,335
method_complexity,src/flask/config.py,101,164
method_complexity,src/flask/ctx.py,444,482
file_lines,src/flask/ctx.py,1,513
method_complexity,src/flask/ctx.py,402,443
file_lines,src/flask/helpers.py,1,790
