type,file,start,end
method_complexity,docs/conf.py,66,92
argument_count,docs/conf.py,66,66
method_complexity,examples/tutorial/flaskr/auth.py,77,102
method_complexity,examples/tutorial/flaskr/auth.py,40,74
method_complexity,examples/tutorial/flaskr/blog.py,81,105
method_complexity,examples/tutorial/flaskr/blog.py,54,77
argument_count,flask/app.py,844,844
method_complexity,flask/app.py,844,950
similar-code,flask/app.py,789,790
similar-code,flask/app.py,1427,1445
method_complexity,flask/app.py,1883,1905
method_complexity,flask/app.py,2069,2088
similar-code,flask/app.py,1362,1378
argument_count,flask/app.py,1126,1126
method_count,flask/app.py,71,2341
similar-code,flask/app.py,1380,1388
similar-code,flask/app.py,1415,1425
similar-code,flask/app.py,1486,1498
similar-code,flask/app.py,1604,1611
similar-code,flask/app.py,2132,2133
method_complexity,flask/app.py,2089,2115
similar-code,flask/app.py,2103,2104
method_complexity,flask/app.py,1613,1635
method_lines,flask/app.py,354,573
file_lines,flask/app.py,1,2340
method_complexity,flask/app.py,1126,1224
similar-code,flask/app.py,1587,1602
similar-code,flask/app.py,1447,1457
similar-code,flask/app.py,1390,1413
similar-code,flask/app.py,2167,2168
