type,file,start,end
argument_count,docs/conf.py,66,66
method_complexity,docs/conf.py,66,92
method_complexity,examples/tutorial/flaskr/auth.py,85,110
method_complexity,examples/tutorial/flaskr/auth.py,47,82
method_complexity,examples/tutorial/flaskr/blog.py,88,111
method_complexity,examples/tutorial/flaskr/blog.py,62,84
argument_count,src/flask/app.py,402,402
method_complexity,src/flask/app.py,2218,2244
similar-code,src/flask/app.py,1533,1545
method_complexity,src/flask/app.py,889,996
method_count,src/flask/app.py,103,2467
similar-code,src/flask/app.py,1499,1519
similar-code,src/flask/app.py,1430,1448
similar-code,src/flask/app.py,2296,2297
method_complexity,src/flask/app.py,1780,1822
method_complexity,src/flask/app.py,2198,2217
method_lines,src/flask/app.py,402,611
method_complexity,src/flask/app.py,1687,1711
method_complexity,src/flask/app.py,1995,2017
similar-code,src/flask/app.py,2232,2233
file_lines,src/flask/app.py,1,2466
similar-code,src/flask/app.py,1661,1676
similar-code,src/flask/app.py,2238,2239
similar-code,src/flask/app.py,834,835
similar-code,src/flask/app.py,1460,1485
similar-code,src/flask/app.py,1678,1685
similar-code,src/flask/app.py,1521,1531
method_complexity,src/flask/app.py,2028,2145
similar-code,src/flask/app.py,2261,2262
argument_count,src/flask/app.py,1177,1177
