type,file,start,end
method_complexity,docs/conf.py,75,101
argument_count,docs/conf.py,75,75
method_complexity,examples/tutorial/flaskr/auth.py,40,74
method_complexity,examples/tutorial/flaskr/auth.py,77,102
method_complexity,examples/tutorial/flaskr/blog.py,81,105
method_complexity,examples/tutorial/flaskr/blog.py,54,77
similar-code,flask/app.py,1480,1492
similar-code,flask/app.py,2126,2127
method_complexity,flask/app.py,2063,2082
similar-code,flask/app.py,1581,1596
argument_count,flask/app.py,844,844
method_complexity,flask/app.py,2083,2109
similar-code,flask/app.py,1453,1465
similar-code,flask/app.py,1409,1419
similar-code,flask/app.py,1441,1451
method_complexity,flask/app.py,1126,1224
method_complexity,flask/app.py,1697,1739
method_count,flask/app.py,71,2335
similar-code,flask/app.py,789,790
method_complexity,flask/app.py,1607,1629
method_lines,flask/app.py,354,573
similar-code,flask/app.py,2097,2098
similar-code,flask/app.py,1421,1439
similar-code,flask/app.py,1374,1382
method_complexity,flask/app.py,844,950
similar-code,flask/app.py,2103,2104
argument_count,flask/app.py,354,354
method_complexity,flask/app.py,1877,1899
method_complexity,flask/app.py,1910,2015
argument_count,flask/app.py,1126,1126
