type,file,start,end
argument_count,docs/conf.py,69,69
method_complexity,docs/conf.py,69,95
method_complexity,examples/tutorial/flaskr/auth.py,85,110
method_complexity,examples/tutorial/flaskr/auth.py,47,82
method_complexity,examples/tutorial/flaskr/blog.py,88,111
method_complexity,examples/tutorial/flaskr/blog.py,62,84
similar-code,src/flask/__init__.py,49,58
similar-code,src/flask/__init__.py,60,69
argument_count,src/flask/app.py,1002,1002
method_complexity,src/flask/app.py,1002,1132
method_complexity,src/flask/app.py,908,935
argument_count,src/flask/app.py,491,491
method_complexity,src/flask/app.py,1613,1665
method_complexity,src/flask/app.py,1852,1975
method_complexity,src/flask/app.py,1990,2115
method_complexity,src/flask/app.py,1488,1510
argument_count,src/flask/app.py,1852,1852
argument_count,src/flask/app.py,1244,1244
method_count,src/flask/app.py,109,1301
method_complexity,src/flask/app.py,1736,1762
file_lines,src/flask/app.py,1,2486
method_complexity,src/flask/app.py,1244,1301
argument_count,src/flask/blueprints.py,414,414
argument_count,src/flask/blueprints.py,188,188
file_lines,src/flask/blueprints.py,1,647
method_complexity,src/flask/blueprints.py,88,118
argument_count,src/flask/cli.py,510,510
file_lines,src/flask/cli.py,1,1058
argument_count,src/flask/cli.py,884,884
argument_count,src/flask/cli.py,612,612
