type,file,start,end
method_complexity,docs/conf.py,69,95
argument_count,docs/conf.py,69,69
method_complexity,examples/tutorial/flaskr/auth.py,85,110
method_complexity,examples/tutorial/flaskr/auth.py,47,82
method_complexity,examples/tutorial/flaskr/blog.py,88,111
method_complexity,examples/tutorial/flaskr/blog.py,62,84
similar-code,src/flask/__init__.py,60,69
similar-code,src/flask/__init__.py,49,58
argument_count,src/flask/app.py,553,553
method_complexity,src/flask/app.py,1914,2037
method_count,src/flask/app.py,110,1363
method_complexity,src/flask/app.py,1064,1194
method_complexity,src/flask/app.py,2052,2177
argument_count,src/flask/app.py,1064,1064
method_complexity,src/flask/app.py,970,997
method_complexity,src/flask/app.py,1550,1572
argument_count,src/flask/app.py,1306,1306
argument_count,src/flask/app.py,1914,1914
method_complexity,src/flask/app.py,1675,1727
file_lines,src/flask/app.py,1,2548
method_complexity,src/flask/app.py,1306,1363
method_complexity,src/flask/app.py,1798,1824
method_complexity,src/flask/blueprints.py,89,119
argument_count,src/flask/blueprints.py,473,473
file_lines,src/flask/blueprints.py,1,706
argument_count,src/flask/blueprints.py,247,247
argument_count,src/flask/cli.py,510,510
argument_count,src/flask/cli.py,612,612
file_lines,src/flask/cli.py,1,1051
argument_count,src/flask/cli.py,877,877
