type,file,start,end
argument_count,docs/conf.py,142,142
argument_count,docs/conf.py,124,124
argument_count,docs/conf.py,131,131
method_complexity,examples/tutorial/flaskr/auth.py,40,74
method_complexity,examples/tutorial/flaskr/auth.py,77,102
method_complexity,examples/tutorial/flaskr/blog.py,81,105
method_complexity,examples/tutorial/flaskr/blog.py,54,77
similar-code,flask/app.py,1578,1593
similar-code,flask/app.py,2070,2071
similar-code,flask/app.py,1381,1404
similar-code,flask/app.py,1438,1448
method_complexity,flask/app.py,2036,2055
similar-code,flask/app.py,1353,1369
method_lines,flask/app.py,351,570
similar-code,flask/app.py,1450,1462
similar-code,flask/app.py,2099,2100
similar-code,flask/app.py,1418,1436
similar-code,flask/app.py,2134,2135
similar-code,flask/app.py,786,787
method_complexity,flask/app.py,1883,1988
similar-code,flask/app.py,2076,2077
similar-code,flask/app.py,1406,1416
argument_count,flask/app.py,351,351
argument_count,flask/app.py,841,841
argument_count,flask/app.py,1123,1123
method_complexity,flask/app.py,841,947
method_complexity,flask/app.py,2056,2082
file_lines,flask/app.py,1,2307
method_complexity,flask/app.py,1850,1872
similar-code,flask/app.py,1491,1528
