type,file,start,end
method_complexity,docs/conf.py,69,95
argument_count,docs/conf.py,69,69
method_complexity,examples/tutorial/flaskr/auth.py,85,110
method_complexity,examples/tutorial/flaskr/auth.py,47,82
method_complexity,examples/tutorial/flaskr/blog.py,62,84
method_complexity,examples/tutorial/flaskr/blog.py,88,111
argument_count,src/flask/app.py,1032,1032
method_complexity,src/flask/app.py,799,920
method_complexity,src/flask/app.py,1032,1089
method_complexity,src/flask/app.py,1262,1284
argument_count,src/flask/app.py,799,799
file_lines,src/flask/app.py,1,2091
method_complexity,src/flask/app.py,1627,1736
argument_count,src/flask/app.py,378,378
method_complexity,src/flask/app.py,726,753
method_count,src/flask/app.py,92,1089
argument_count,src/flask/blueprints.py,165,165
argument_count,src/flask/blueprints.py,383,383
method_complexity,src/flask/blueprints.py,70,100
file_lines,src/flask/blueprints.py,1,591
argument_count,src/flask/cli.py,466,466
argument_count,src/flask/cli.py,819,819
file_lines,src/flask/cli.py,1,990
method_complexity,src/flask/config.py,101,164
file_lines,src/flask/config.py,1,337
method_complexity,src/flask/config.py,293,335
method_complexity,src/flask/ctx.py,444,482
file_lines,src/flask/ctx.py,1,513
method_complexity,src/flask/ctx.py,402,443
method_complexity,src/flask/helpers.py,64,141
