type,file,start,end
argument_count,docs/conf.py,69,69
method_complexity,docs/conf.py,69,95
method_complexity,examples/tutorial/flaskr/auth.py,85,110
method_complexity,examples/tutorial/flaskr/auth.py,47,82
method_complexity,examples/tutorial/flaskr/blog.py,88,111
method_complexity,examples/tutorial/flaskr/blog.py,62,84
similar-code,src/flask/__init__.py,68,78
similar-code,src/flask/__init__.py,46,55
similar-code,src/flask/__init__.py,80,90
similar-code,src/flask/__init__.py,57,66
method_complexity,src/flask/app.py,786,908
argument_count,src/flask/app.py,1593,1593
file_lines,src/flask/app.py,1,2228
method_complexity,src/flask/app.py,726,753
argument_count,src/flask/app.py,1020,1020
method_complexity,src/flask/app.py,1020,1077
argument_count,src/flask/app.py,786,786
method_complexity,src/flask/app.py,1363,1415
method_complexity,src/flask/app.py,1238,1260
method_count,src/flask/app.py,105,1077
method_complexity,src/flask/app.py,1593,1717
method_complexity,src/flask/app.py,1732,1857
argument_count,src/flask/app.py,367,367
argument_count,src/flask/blueprints.py,408,408
method_complexity,src/flask/blueprints.py,85,115
argument_count,src/flask/blueprints.py,172,172
file_lines,src/flask/blueprints.py,1,624
argument_count,src/flask/cli.py,877,877
file_lines,src/flask/cli.py,1,1054
argument_count,src/flask/cli.py,510,510
