type,file,start,end
method_complexity,docs/conf.py,69,95
argument_count,docs/conf.py,69,69
method_complexity,examples/tutorial/flaskr/auth.py,85,110
method_complexity,examples/tutorial/flaskr/auth.py,47,82
method_complexity,examples/tutorial/flaskr/blog.py,62,84
method_complexity,examples/tutorial/flaskr/blog.py,88,111
argument_count,src/flask/app.py,387,387
file_lines,src/flask/app.py,1,2088
method_complexity,src/flask/app.py,1268,1289
method_count,src/flask/app.py,102,1097
method_complexity,src/flask/app.py,807,928
argument_count,src/flask/app.py,807,807
method_complexity,src/flask/app.py,735,761
argument_count,src/flask/app.py,1040,1040
method_complexity,src/flask/app.py,1630,1733
method_complexity,src/flask/app.py,1040,1097
argument_count,src/flask/blueprints.py,173,173
method_complexity,src/flask/blueprints.py,78,108
method_complexity,src/flask/blueprints.py,269,319
file_lines,src/flask/blueprints.py,1,603
argument_count,src/flask/blueprints.py,399,399
argument_count,src/flask/cli.py,499,499
argument_count,src/flask/cli.py,825,825
file_lines,src/flask/cli.py,1,994
method_complexity,src/flask/config.py,247,289
method_complexity,src/flask/ctx.py,372,413
file_lines,src/flask/ctx.py,1,480
method_complexity,src/flask/ctx.py,414,452
method_complexity,src/flask/helpers.py,194,343
argument_count,src/flask/helpers.py,496,496
