type,file,start,end
argument_count,docs/conf.py,143,143
argument_count,docs/conf.py,132,132
argument_count,docs/conf.py,125,125
method_complexity,examples/tutorial/flaskr/auth.py,40,74
method_complexity,examples/tutorial/flaskr/auth.py,77,102
method_complexity,examples/tutorial/flaskr/blog.py,54,77
method_complexity,examples/tutorial/flaskr/blog.py,81,105
similar-code,flask/app.py,1597,1604
similar-code,flask/app.py,788,789
similar-code,flask/app.py,1440,1450
file_lines,flask/app.py,1,2315
method_complexity,flask/app.py,1858,1880
method_complexity,flask/app.py,2044,2063
similar-code,flask/app.py,1408,1418
argument_count,flask/app.py,353,353
similar-code,flask/app.py,1493,1530
similar-code,flask/app.py,2107,2108
method_lines,flask/app.py,353,572
method_complexity,flask/app.py,1891,1996
method_complexity,flask/app.py,843,949
similar-code,flask/app.py,1420,1438
similar-code,flask/app.py,1373,1381
similar-code,flask/app.py,2142,2143
similar-code,flask/app.py,1355,1371
method_complexity,flask/app.py,1125,1223
similar-code,flask/app.py,1580,1595
similar-code,flask/app.py,1383,1406
method_complexity,flask/app.py,1606,1628
argument_count,flask/app.py,1125,1125
similar-code,flask/app.py,1452,1464
