type,file,start,end
argument_count,docs/conf.py,68,68
method_complexity,docs/conf.py,68,94
method_complexity,examples/tutorial/flaskr/auth.py,47,82
method_complexity,examples/tutorial/flaskr/auth.py,85,110
method_complexity,examples/tutorial/flaskr/blog.py,62,84
method_complexity,examples/tutorial/flaskr/blog.py,88,111
argument_count,src/flask/app.py,1000,1000
method_complexity,src/flask/app.py,712,736
method_count,src/flask/app.py,81,1059
argument_count,src/flask/app.py,782,782
argument_count,src/flask/app.py,366,366
method_complexity,src/flask/app.py,782,896
method_complexity,src/flask/app.py,1000,1059
method_complexity,src/flask/app.py,1218,1238
method_complexity,src/flask/app.py,1535,1640
file_lines,src/flask/app.py,1,1977
argument_count,src/flask/blueprints.py,143,143
method_complexity,src/flask/blueprints.py,265,273
file_lines,src/flask/blueprints.py,1,518
method_complexity,src/flask/blueprints.py,55,78
argument_count,src/flask/blueprints.py,330,330
argument_count,src/flask/cli.py,499,499
argument_count,src/flask/cli.py,825,825
file_lines,src/flask/cli.py,1,984
method_complexity,src/flask/config.py,199,221
method_complexity,src/flask/config.py,222,262
method_complexity,src/flask/ctx.py,338,377
method_complexity,src/flask/ctx.py,378,416
file_lines,src/flask/ctx.py,1,442
similar-code,src/flask/globals.py,31,35
