type,file,start,end
argument_count,docs/conf.py,69,69
method_complexity,docs/conf.py,69,95
method_complexity,examples/tutorial/flaskr/auth.py,85,110
method_complexity,examples/tutorial/flaskr/auth.py,47,82
method_complexity,examples/tutorial/flaskr/blog.py,88,111
method_complexity,examples/tutorial/flaskr/blog.py,62,84
similar-code,src/flask/__init__.py,60,69
similar-code,src/flask/__init__.py,49,58
method_complexity,src/flask/app.py,2055,2180
argument_count,src/flask/app.py,1917,1917
method_complexity,src/flask/app.py,1067,1197
argument_count,src/flask/app.py,1309,1309
argument_count,src/flask/app.py,553,553
file_lines,src/flask/app.py,1,2551
method_complexity,src/flask/app.py,1309,1366
argument_count,src/flask/app.py,1067,1067
method_complexity,src/flask/app.py,1678,1730
method_count,src/flask/app.py,110,1366
method_complexity,src/flask/app.py,1553,1575
method_complexity,src/flask/app.py,1801,1827
method_complexity,src/flask/app.py,973,1000
method_complexity,src/flask/app.py,1917,2040
argument_count,src/flask/blueprints.py,473,473
argument_count,src/flask/blueprints.py,247,247
method_complexity,src/flask/blueprints.py,89,119
file_lines,src/flask/blueprints.py,1,712
argument_count,src/flask/cli.py,612,612
argument_count,src/flask/cli.py,510,510
argument_count,src/flask/cli.py,877,877
file_lines,src/flask/cli.py,1,1054
